trip_code,brand,headline,ship,date_from,date_to,nights,region,route_name,ports,detail_url,first_seen,last_seen
BE03270429,AIDA,3 Nächte - Minikreuzfahrt nach Dänemark ab Kiel 1,AIDAbella,2027-04-29,2027-05-02,3,NO,NOKEL03N,Kiel → Fredericia → Kopenhagen → Kiel,,2026-10-08,2026-10-08
BE03270506,AIDA,3 Nächte - Minikreuzfahrt nach Dänemark & Schweden ab Kiel,AIDAbella,2027-05-06,2027-05-09,3,NO,NOKEL03N,Kiel → Arhus → Göteborg → Kiel,,2026-10-08,2026-10-08
BE03270829,AIDA,3 Nächte - Minikreuzfahrt nach Dänemark & Schweden ab Kiel,AIDAbella,2027-08-29,2027-09-01,3,NO,NOKEL03N,Kiel → Arhus → Göteborg → Kiel,,2026-10-08,2026-10-08
BE03270909,AIDA,3 Nächte - Minikreuzfahrt nach Dänemark ab Kiel 1,AIDAbella,2027-09-09,2027-09-12,3,NO,NOKEL03N,Kiel → Fredericia → Kopenhagen → Kiel,,2026-10-08,2026-10-08
BE03270920,AIDA,3 Nächte - Minikreuzfahrt nach Dänemark ab Kiel 1,AIDAbella,2027-09-20,2027-09-23,3,NO,NOKEL03N,Kiel → Fredericia → Kopenhagen → Kiel,,2026-10-08,2026-10-08
BE03270923,AIDA,3 Nächte - Minikreuzfahrt nach Dänemark & Schweden ab Kiel,AIDAbella,2027-09-23,2027-09-26,3,NO,NOKEL03N,Kiel → Arhus → Göteborg → Kiel,,2026-10-08,2026-10-08
BE03271007,AIDA,3 Nächte - Minikreuzfahrt nach Dänemark & Schweden ab Kiel,AIDAbella,2027-10-07,2027-10-10,3,NO,NOKEL03N,Kiel → Arhus → Göteborg → Kiel,,2026-10-08,2026-10-08
BE04270425,AIDA,4 Nächte - Kurzreise Norwegen & Dänemark ab Kiel 1,AIDAbella,2027-04-25,2027-04-29,4,NO,NOKEL04N,Kiel → Arhus → Oslo → Kiel,,2026-10-08,2026-10-08
BE04270502,AIDA,4 Nächte - Kurzreise Norwegen & Dänemark ab Kiel 2,AIDAbella,2027-05-02,2027-05-06,4,NO,NOKEL04N,Kiel → Kristiansand → Kopenhagen → Kiel,,2026-10-08,2026-10-08
BE04270514,AIDA,4 Nächte - Kurzreise Norwegen & Dänemark ab Kiel 1,AIDAbella,2027-05-14,2027-05-18,4,NO,NOKEL04N,Kiel → Arhus → Oslo → Kiel,,2026-10-08,2026-10-08
BE04270901,AIDA,4 Nächte - Kurzreise Norwegen & Dänemark ab Kiel 2,AIDAbella,2027-09-01,2027-09-05,4,NO,NOKEL04N,Kiel → Kristiansand → Kopenhagen → Kiel,,2026-10-08,2026-10-08
BE04270905,AIDA,4 Nächte - Kurzreise Norwegen & Dänemark ab Kiel 1,AIDAbella,2027-09-05,2027-09-09,4,NO,NOKEL04N,Kiel → Arhus → Oslo → Kiel,,2026-10-08,2026-10-08
BE04270912,AIDA,4 Nächte - Kurzreise Norwegen & Dänemark ab Kiel 2,AIDAbella,2027-09-12,2027-09-16,4,NO,NOKEL04N,Kiel → Kristiansand → Kopenhagen → Kiel,,2026-10-08,2026-10-08
BE04270916,AIDA,4 Nächte - Kurzreise Norwegen & Dänemark ab Kiel 1,AIDAbella,2027-09-16,2027-09-20,4,NO,NOKEL04N,Kiel → Arhus → Oslo → Kiel,,2026-10-08,2026-10-08
BE04270926,AIDA,4 Nächte - Kurzreise Norwegen & Dänemark ab Kiel 1,AIDAbella,2027-09-26,2027-09-30,4,NO,NOKEL04N,Kiel → Arhus → Oslo → Kiel,,2026-10-08,2026-10-08
BE04271003,AIDA,4 Nächte - Kurzreise Norwegen & Dänemark ab Kiel 2,AIDAbella,2027-10-03,2027-10-07,4,NO,NOKEL04N,Kiel → Kristiansand → Kopenhagen → Kiel,,2026-10-08,2026-10-08
BE04271024,AIDA,4 Nächte - Kurzreise Norwegen & Dänemark ab Kiel 1,AIDAbella,2027-10-24,2027-10-28,4,NO,NOKEL04N,Kiel → Arhus → Oslo → Kiel,,2026-10-08,2026-10-08
BE04271028,AIDA,4 Nächte - Kurzreise Norwegen & Dänemark ab Kiel 2,AIDAbella,2027-10-28,2027-11-01,4,NO,NOKEL04N,Kiel → Kristiansand → Kopenhagen → Kiel,,2026-10-08,2026-10-08
BE05270509,AIDA,5 Nächte - Kurzreise nach Südnorwegen ab Kiel,AIDAbella,2027-05-09,2027-05-14,5,NO,NOKEL05N,Kiel → Stavanger → Kristiansand → Arhus → Kiel,,2026-10-08,2026-10-08
BE05281010,AIDA,5 Nächte - Kurzreise Metropolen ab Hamburg,AIDAbella,2028-10-10,2028-10-15,5,NO,NOHAM05W,Hamburg → Ijmuiden → Dover/london → Cherbourg → Hamburg,,2026-10-08,2026-10-08
BE06270920,AIDA,6 Nächte - Dänemark ab Kiel,AIDAbella,2027-09-20,2027-09-26,6,NO,NOKEL06N,Kiel → Fredericia → Kopenhagen → Kiel → Arhus → Göteborg → Kiel,,2026-10-08,2026-10-08
BE07270822,AIDA,"7 Nächte - Schweden, Polen & Dänemark ab Kiel",AIDAbella,2027-08-22,2027-08-29,7,BA,BAKEL07C,Kiel → Danzig/gdynia → Kopenhagen → Göteborg → Arhus → Kiel,,2026-10-08,2026-10-08
BE07270829,AIDA,7 Nächte - Skandinavien ab Kiel,AIDAbella,2027-08-29,2027-09-05,7,NO,NOKEL07N,Kiel → Arhus → Göteborg → Kiel → Kristiansand → Kopenhagen → Kiel,,2026-10-08,2026-10-08
BE07270905,AIDA,7 Nächte - Skandinavien mit Oslo ab Kiel,AIDAbella,2027-09-05,2027-09-12,7,NO,NOKEL07N,Kiel → Oslo → Skagen → Kiel → Fredericia → Kopenhagen → Kiel,,2026-10-08,2026-10-08
BE07271003,AIDA,7 Nächte - Skandinavien ab Kiel,AIDAbella,2027-10-03,2027-10-10,7,NO,NOKEL07N,Kiel → Arhus → Göteborg → Kiel → Kristiansand → Kopenhagen → Kiel,,2026-10-08,2026-10-08
BE07280421,AIDA,7 Nächte - Schottische Highlights ab Hamburg 1,AIDAbella,2028-04-21,2028-04-28,7,NO,NOHAM07U,"Hamburg → Newcastle Upon Tyne → Newhaven, Scotland → Kirkwall → Invergordon → Hamburg",,2026-10-08,2026-10-08
BE07280428,AIDA,7 Nächte - Schottische Highlights ab Hamburg 1,AIDAbella,2028-04-28,2028-05-05,7,NO,NOHAM07U,"Hamburg → Newcastle Upon Tyne → Newhaven, Scotland → Kirkwall → Invergordon → Hamburg",,2026-10-08,2026-10-08
BE07281015,AIDA,7 Nächte - Schottische Highlights ab Hamburg 1,AIDAbella,2028-10-15,2028-10-22,7,NO,NOHAM07U,"Hamburg → Newcastle Upon Tyne → Newhaven, Scotland → Kirkwall → Invergordon → Hamburg",,2026-10-08,2026-10-08
BE08270912,AIDA,8 Nächte - Norwegen & Dänemark ab Kiel 1,AIDAbella,2027-09-12,2027-09-20,8,NO,NOKEL08N,Kiel → Kristiansand → Kopenhagen → Kiel → Oslo → Skagen → Kiel,,2026-10-08,2026-10-08
BE08271024,AIDA,8 Nächte - Norwegen & Dänemark ab Kiel 1,AIDAbella,2027-10-24,2027-11-01,8,NO,NOKEL08N,Kiel → Kristiansand → Kopenhagen → Kiel → Oslo → Skagen → Kiel,,2026-10-08,2026-10-08
BE08280401,AIDA,8 Nächte - Schottische Highlights ab Hamburg 2,AIDAbella,2028-04-01,2028-04-09,8,NO,NOHAM09U,"Hamburg → Newcastle Upon Tyne → Newhaven, Scotland → Kirkwall → Stornoway → Invergordon → Aberdeen → Hamburg",,2026-10-08,2026-10-08
BE09280505,AIDA,9 Nächte - Großbritannien & Norwegen ab Hamburg,AIDAbella,2028-05-05,2028-05-14,9,NO,NOHAM09U,Hamburg → Newcastle Upon Tyne → Invergordon → Lerwick/shetland Inseln → Bergen → Skjolden → Stavanger → Hamburg,,2026-10-08,2026-10-08
BE09280526,AIDA,9 Nächte - Großbritannien & Irland ab Hamburg,AIDAbella,2028-05-26,2028-06-04,9,NO,NOHAM09U,"Hamburg → Portsmouth → Falmouth → Cork / Cobh → Dublin/dún Laoghaire → Fishguard → Portland, Uk → Hamburg",,2026-10-08,2026-10-08
BE09280616,AIDA,9 Nächte - Königreich Großbritannien ab Hamburg 2,AIDAbella,2028-06-16,2028-06-25,9,NO,NOHAM09U,"Hamburg → Kirkwall → Portree → Glasgow / Greenock → Liverpool → Fishguard → Portland, Uk → Hamburg",,2026-10-08,2026-10-08
BE09280707,AIDA,9 Nächte - Großbritannien & Irland ab Hamburg,AIDAbella,2028-07-07,2028-07-16,9,NO,NOHAM09U,"Hamburg → Portsmouth → Falmouth → Cork / Cobh → Dublin/dún Laoghaire → Fishguard → Portland, Uk → Hamburg",,2026-10-08,2026-10-08
BE09280728,AIDA,9 Nächte - Schottlands Küsten & Inselwelten ab Hamburg,AIDAbella,2028-07-28,2028-08-06,9,NO,NOHAM09U,Hamburg → Newcastle Upon Tyne → Invergordon → Stornoway → Lerwick/shetland Inseln → Kirkwall → Scrabster → Hamburg,,2026-10-08,2026-10-08
BE09280818,AIDA,9 Nächte - Großbritannien & Irland ab Hamburg,AIDAbella,2028-08-18,2028-08-27,9,NO,NOHAM09U,"Hamburg → Portsmouth → Falmouth → Cork / Cobh → Dublin/dún Laoghaire → Fishguard → Portland, Uk → Hamburg",,2026-10-08,2026-10-08
BE09280908,AIDA,9 Nächte - Schottlands Küsten & Inselwelten ab Hamburg,AIDAbella,2028-09-08,2028-09-17,9,NO,NOHAM09U,Hamburg → Newcastle Upon Tyne → Invergordon → Stornoway → Lerwick/shetland Inseln → Kirkwall → Scrabster → Hamburg,,2026-10-08,2026-10-08
BE09281001,AIDA,9 Nächte - Großbritannien & Irland ab Hamburg,AIDAbella,2028-10-01,2028-10-10,9,NO,NOHAM09U,"Hamburg → Portsmouth → Falmouth → Cork / Cobh → Dublin/dún Laoghaire → Fishguard → Portland, Uk → Hamburg",,2026-10-08,2026-10-08
BE09281022,AIDA,9 Nächte - Von Hamburg über Portugal nach Teneriffa,AIDAbella,2028-10-22,2028-10-31,9,HA,HAMSCT09,Hamburg → Cherbourg → La Coruna → Funchal/madeira → Santa Cruz/la Palma → Santa Cruz de Tenerife,,2026-10-08,2026-10-08
BE11281031,AIDA,11 Nächte - Von Teneriffa über Antigua in die Dom. Republik,AIDAbella,2028-10-31,2028-11-11,11,SC,SCTLRM11,Santa Cruz de Tenerife → St.johns → Philipsburg → Roadtown → Samana → La Romana/dom. Republik,,2026-10-08,2026-10-08
BE12270518,AIDA,12 Nächte - Schärengärten der Ostsee ab Kiel,AIDAbella,2027-05-18,2027-05-30,12,BA,BAKEL12,Kiel → Stockholm → Schärengarten-passage → Tallinn → Schärenmeer-passage → Hamina → Helsinki → Riga → Klaipeda → Karlskrona → Roenne/bornholm → Kiel,,2026-10-08,2026-10-08
BE12280409,AIDA,12 Nächte - Island-Rundreise ab Hamburg,AIDAbella,2028-04-09,2028-04-21,12,NO,NOHAM12N,Hamburg → Invergordon → Island/reykjavik → Island/isafjord → Island/akureyri → Seydisfjordur → Kirkwall → Hamburg,,2026-10-08,2026-10-08
BE12280514,AIDA,12 Nächte - Ärmelkanal & Golf von Biskaya ab Hamburg,AIDAbella,2028-05-14,2028-05-26,12,NO,NOHAM12W,"Hamburg → Portland, Uk → Falmouth → La Coruna → Santander → Bilbao → Bordeaux → Garonne-passage → Cherbourg → Hamburg",,2026-10-08,2026-10-08
BE12280604,AIDA,12 Nächte - Island-Rundreise ab Hamburg,AIDAbella,2028-06-04,2028-06-16,12,NO,NOHAM12N,Hamburg → Invergordon → Island/reykjavik → Island/isafjord → Island/akureyri → Seydisfjordur → Kirkwall → Hamburg,,2026-10-08,2026-10-08
BE12280625,AIDA,12 Nächte - Ärmelkanal & Golf von Biskaya ab Hamburg,AIDAbella,2028-06-25,2028-07-07,12,NO,NOHAM12W,"Hamburg → Portland, Uk → Falmouth → La Coruna → Santander → Bilbao → Bordeaux → Garonne-passage → Cherbourg → Hamburg",,2026-10-08,2026-10-08
BE12280716,AIDA,12 Nächte - Island-Rundreise ab Hamburg,AIDAbella,2028-07-16,2028-07-28,12,NO,NOHAM12N,Hamburg → Invergordon → Island/reykjavik → Island/isafjord → Island/akureyri → Seydisfjordur → Kirkwall → Hamburg,,2026-10-08,2026-10-08
BE12280806,AIDA,12 Nächte - Ärmelkanal & Golf von Biskaya ab Hamburg,AIDAbella,2028-08-06,2028-08-18,12,NO,NOHAM12W,"Hamburg → Portland, Uk → Falmouth → La Coruna → Santander → Bilbao → Bordeaux → Garonne-passage → Cherbourg → Hamburg",,2026-10-08,2026-10-08
BE12280827,AIDA,12 Nächte - Island-Rundreise ab Hamburg,AIDAbella,2028-08-27,2028-09-08,12,NO,NOHAM12N,Hamburg → Invergordon → Island/reykjavik → Island/isafjord → Island/akureyri → Seydisfjordur → Kirkwall → Hamburg,,2026-10-08,2026-10-08
BE13270221,AIDA,13 Nächte - Mittelamerika & Karibische Inseln ab Jamaika,AIDAbella,2027-02-21,2027-03-06,13,CB,CBMBJ13C,Montego Bay/jamaika → Puerto Limon → Colon → Cartagena/kolumbien → La Romana/dom. Republik → St.johns → Basseterre → Philipsburg → Roadtown → Samana → La Romana/dom. Republik,,2026-10-08,2026-10-08
BE14261115,AIDA,14 Nächte - Karibische Inseln ab Barbados,AIDAbella,2026-11-15,2026-11-29,14,CB,CBBGI14I,Bridgetown/barbados → Kralendijk → Willemstad → Oranjestad → La Romana/dom. Republik → St.johns → Basseterre → Philipsburg → Roadtown → Samana → Montego Bay/jamaika,,2026-10-08,2026-10-08
BE14261121,AIDA,14 Nächte - Karibik & Mittelamerika ab Dominikanische Republik,AIDAbella,2026-11-21,2026-12-05,14,CB,CBLRM14C,La Romana/dom. Republik → St.johns → Basseterre → Philipsburg → Roadtown → Samana → Montego Bay/jamaika → Colon → Cartagena/kolumbien → Santa Marta → La Romana/dom. Republik,,2026-10-08,2026-10-08
BE14261129,AIDA,14 Nächte - Karibik & Mittelamerika ab Jamaika,AIDAbella,2026-11-29,2026-12-13,14,CB,CBMBJ14C,Montego Bay/jamaika → Puerto Limon → Colon → Cartagena/kolumbien → La Romana/dom. Republik → St.johns → Basseterre → Philipsburg → Roadtown → Samana → Montego Bay/jamaika,,2026-10-08,2026-10-08
BE14261205,AIDA,14 Nächte - Karibik & Mittelamerika ab Dominikanische Republik,AIDAbella,2026-12-05,2026-12-19,14,CB,CBLRM14C,La Romana/dom. Republik → St.johns → Basseterre → Philipsburg → Roadtown → Samana → Montego Bay/jamaika → Colon → Cartagena/kolumbien → Santa Marta → La Romana/dom. Republik,,2026-10-08,2026-10-08
BE14261213,AIDA,14 Nächte - Mittelamerika & Karibik ab Jamaika,AIDAbella,2026-12-13,2026-12-27,14,CB,CBMBJ14C,Montego Bay/jamaika → Colon → Cartagena/kolumbien → Santa Marta → La Romana/dom. Republik → Philipsburg → Basseterre → St.johns → Rouseau → Castries → Kingstown → Bridgetown/barbados,,2026-10-08,2026-10-08
BE14261219,AIDA,14 Nächte - Karibische Inseln ab Dominikanische Republik 1,AIDAbella,2026-12-19,2027-01-02,14,CB,CBLRM14I,La Romana/dom. Republik → Philipsburg → Basseterre → St.johns → Rouseau → Castries → Kingstown → Bridgetown/barbados → Kralendijk → Willemstad → Oranjestad → La Romana/dom. Republik,,2026-10-08,2026-10-08
BE14261227,AIDA,14 Nächte - Karibische Inseln ab Barbados,AIDAbella,2026-12-27,2027-01-10,14,CB,CBBGI14I,Bridgetown/barbados → Kralendijk → Willemstad → Oranjestad → La Romana/dom. Republik → St.johns → Basseterre → Philipsburg → Roadtown → Samana → Montego Bay/jamaika,,2026-10-08,2026-10-08
BE14270102,AIDA,14 Nächte - Karibik & Mittelamerika ab Dominikanische Republik,AIDAbella,2027-01-02,2027-01-16,14,CB,CBLRM14C,La Romana/dom. Republik → St.johns → Basseterre → Philipsburg → Roadtown → Samana → Montego Bay/jamaika → Colon → Cartagena/kolumbien → Santa Marta → La Romana/dom. Republik,,2026-10-08,2026-10-08
BE14270110,AIDA,14 Nächte - Karibik & Mittelamerika ab Jamaika,AIDAbella,2027-01-10,2027-01-24,14,CB,CBMBJ14C,Montego Bay/jamaika → Puerto Limon → Colon → Cartagena/kolumbien → La Romana/dom. Republik → St.johns → Basseterre → Philipsburg → Roadtown → Samana → Montego Bay/jamaika,,2026-10-08,2026-10-08
BE14270116,AIDA,14 Nächte - Karibik & Mittelamerika ab Dominikanische Republik,AIDAbella,2027-01-16,2027-01-30,14,CB,CBLRM14C,La Romana/dom. Republik → St.johns → Basseterre → Philipsburg → Roadtown → Samana → Montego Bay/jamaika → Colon → Cartagena/kolumbien → Santa Marta → La Romana/dom. Republik,,2026-10-08,2026-10-08
BE14270124,AIDA,14 Nächte - Mittelamerika & Karibik ab Jamaika,AIDAbella,2027-01-24,2027-02-07,14,CB,CBMBJ14C,Montego Bay/jamaika → Colon → Cartagena/kolumbien → Santa Marta → La Romana/dom. Republik → Philipsburg → Basseterre → St.johns → Rouseau → Castries → Kingstown → Bridgetown/barbados,,2026-10-08,2026-10-08
BE14270130,AIDA,14 Nächte - Karibische Inseln ab Dominikanische Republik 1,AIDAbella,2027-01-30,2027-02-13,14,CB,CBLRM14I,La Romana/dom. Republik → Philipsburg → Basseterre → St.johns → Rouseau → Castries → Kingstown → Bridgetown/barbados → Kralendijk → Willemstad → Oranjestad → La Romana/dom. Republik,,2026-10-08,2026-10-08
BE14270207,AIDA,14 Nächte - Karibische Inseln ab Barbados,AIDAbella,2027-02-07,2027-02-21,14,CB,CBBGI14I,Bridgetown/barbados → Kralendijk → Willemstad → Oranjestad → La Romana/dom. Republik → St.johns → Basseterre → Philipsburg → Roadtown → Samana → Montego Bay/jamaika,,2026-10-08,2026-10-08
BE14270213,AIDA,14 Nächte - Karibik & Mittelamerika ab Dominikanische Republik,AIDAbella,2027-02-13,2027-02-27,14,CB,CBLRM14C,La Romana/dom. Republik → St.johns → Basseterre → Philipsburg → Roadtown → Samana → Montego Bay/jamaika → Colon → Cartagena/kolumbien → Santa Marta → La Romana/dom. Republik,,2026-10-08,2026-10-08
BE14270227,AIDA,14 Nächte - Karibische Inseln ab Dominikanische Republik 2,AIDAbella,2027-02-27,2027-03-13,14,CB,CBLRM14I,La Romana/dom. Republik → St.johns → Basseterre → Philipsburg → Roadtown → Samana → La Romana/dom. Republik → Santa Marta → Willemstad → Oranjestad → La Romana/dom. Republik,,2026-10-08,2026-10-08
BE14270306,AIDA,14 Nächte - Karibische Inseln ab Dominikanische Republik 2,AIDAbella,2027-03-06,2027-03-20,14,CB,CBLRM14I,La Romana/dom. Republik → St.johns → Basseterre → Philipsburg → Roadtown → Samana → La Romana/dom. Republik → Santa Marta → Willemstad → Oranjestad → La Romana/dom. Republik,,2026-10-08,2026-10-08
BE14270313,AIDA,14 Nächte - Karibische Inseln ab Dominikanische Republik 2,AIDAbella,2027-03-13,2027-03-27,14,CB,CBLRM14I,La Romana/dom. Republik → St.johns → Basseterre → Philipsburg → Roadtown → Samana → La Romana/dom. Republik → Santa Marta → Willemstad → Oranjestad → La Romana/dom. Republik,,2026-10-08,2026-10-08
BE14270320,AIDA,14 Nächte - Karibische Inseln ab Dominikanische Republik 2,AIDAbella,2027-03-20,2027-04-03,14,CB,CBLRM14I,La Romana/dom. Republik → St.johns → Basseterre → Philipsburg → Roadtown → Samana → La Romana/dom. Republik → Santa Marta → Willemstad → Oranjestad → La Romana/dom. Republik,,2026-10-08,2026-10-08
BE14270403,AIDA,14 Nächte - Von der Dominikanischen Republik nach Lissabon 2,AIDAbella,2027-04-03,2027-04-17,14,LR,LRMLIS14,La Romana/dom. Republik → Castries → Fort de France → Rouseau → Philipsburg → Funchal/madeira → Lissabon,,2026-10-08,2026-10-08
BE14270530,AIDA,14 Nächte - Norwegen mit Lofoten & Nordkap ab Kiel,AIDAbella,2027-05-30,2027-06-13,14,NO,NOKEL14F,Kiel → Göteborg → Molde → Tromsö → Hammerfest → Honningsvag/nordkap → Sortland → Leknes → Bodo → Stavanger → Kiel,,2026-10-08,2026-10-08
BE14270613,AIDA,14 Nächte - Norwegen mit Lofoten & Nordkap ab Kiel,AIDAbella,2027-06-13,2027-06-27,14,NO,NOKEL14F,Kiel → Göteborg → Molde → Tromsö → Hammerfest → Honningsvag/nordkap → Sortland → Leknes → Bodo → Stavanger → Kiel,,2026-10-08,2026-10-08
BE14270627,AIDA,14 Nächte - Großbritannien & Irland ab Kiel,AIDAbella,2027-06-27,2027-07-11,14,NO,NOKEL14U,Kiel → Arhus → Dover/london → Cork / Cobh → Holyhead → Glasgow / Greenock → Oban → Portree → Stornoway → Kirkwall → Göteborg → Kiel,,2026-10-08,2026-10-08
BE14270711,AIDA,14 Nächte - Norwegen mit Lofoten & Nordkap ab Kiel,AIDAbella,2027-07-11,2027-07-25,14,NO,NOKEL14F,Kiel → Göteborg → Molde → Tromsö → Hammerfest → Honningsvag/nordkap → Sortland → Leknes → Bodo → Stavanger → Kiel,,2026-10-08,2026-10-08
BE14270725,AIDA,14 Nächte - Großbritannien & Irland ab Kiel,AIDAbella,2027-07-25,2027-08-08,14,NO,NOKEL14U,Kiel → Arhus → Dover/london → Cork / Cobh → Holyhead → Glasgow / Greenock → Oban → Portree → Stornoway → Kirkwall → Göteborg → Kiel,,2026-10-08,2026-10-08
BE14270808,AIDA,14 Nächte - Norwegen mit Lofoten & Nordkap ab Kiel,AIDAbella,2027-08-08,2027-08-22,14,NO,NOKEL14F,Kiel → Göteborg → Molde → Tromsö → Hammerfest → Honningsvag/nordkap → Sortland → Leknes → Bodo → Stavanger → Kiel,,2026-10-08,2026-10-08
BE14271010,AIDA,14 Nächte - Herbstliche Nordlichter ab Kiel,AIDAbella,2027-10-10,2027-10-24,14,NO,NOKEL14N,Kiel → Haugesund → Leknes → Tromsö → Sortland → Bodo → Bronnoysund → Trondheim → Molde → Göteborg → Kiel,,2026-10-08,2026-10-08
BE14271121,AIDA,14 Nächte - Karibische Inseln ab Barbados,AIDAbella,2027-11-21,2027-12-05,14,CB,CBBGI14I,Bridgetown/barbados → Kralendijk → Willemstad → Oranjestad → La Romana/dom. Republik → St.johns → Basseterre → Philipsburg → Roadtown → Samana → Montego Bay/jamaika,,2026-10-08,2026-10-08
BE14271127,AIDA,14 Nächte - Karibik & Mittelamerika ab Dom. Republik 1,AIDAbella,2027-11-27,2027-12-11,14,CB,CBLRM14C,La Romana/dom. Republik → St.johns → Basseterre → Philipsburg → Roadtown → Samana → Montego Bay/jamaika → Puerto Limon → Colon → Cartagena/kolumbien → La Romana/dom. Republik,,2026-10-08,2026-10-08
BE14271205,AIDA,14 Nächte - Karibische Inseln & Mittelamerika ab Jamaika,AIDAbella,2027-12-05,2027-12-19,14,CB,CBMBJ14C,Montego Bay/jamaika → Puerto Limon → Colon → Cartagena/kolumbien → La Romana/dom. Republik → Philipsburg → Basseterre → St.johns → Rouseau → Castries → Kingstown → Bridgetown/barbados,,2026-10-08,2026-10-08
BE14271211,AIDA,14 Nächte - Karibische Inseln ab Dominikanische Republik 1,AIDAbella,2027-12-11,2027-12-25,14,CB,CBLRM14I,La Romana/dom. Republik → Philipsburg → Basseterre → St.johns → Rouseau → Castries → Kingstown → Bridgetown/barbados → Kralendijk → Willemstad → Oranjestad → La Romana/dom. Republik,,2026-10-08,2026-10-08
BE14271219,AIDA,14 Nächte - Karibische Inseln ab Barbados,AIDAbella,2027-12-19,2028-01-02,14,CB,CBBGI14I,Bridgetown/barbados → Kralendijk → Willemstad → Oranjestad → La Romana/dom. Republik → St.johns → Basseterre → Philipsburg → Roadtown → Samana → Montego Bay/jamaika,,2026-10-08,2026-10-08
BE14271225,AIDA,14 Nächte - Karibik & Mittelamerika ab Dom. Republik 1,AIDAbella,2027-12-25,2028-01-08,14,CB,CBLRM14C,La Romana/dom. Republik → St.johns → Basseterre → Philipsburg → Roadtown → Samana → Montego Bay/jamaika → Puerto Limon → Colon → Cartagena/kolumbien → La Romana/dom. Republik,,2026-10-08,2026-10-08
BE14280102,AIDA,14 Nächte - Mittelamerika & Mexiko ab Jamaika,AIDAbella,2028-01-02,2028-01-16,14,CB,CBMBJ14X,Montego Bay/jamaika → Colon → Cartagena/kolumbien → Santa Marta → La Romana/dom. Republik → Cabo Rojo → Ocho Rios → Grand Cayman → Cozumel → Montego Bay/jamaika,,2026-10-08,2026-10-08
BE14280108,AIDA,14 Nächte - Mexiko & Karibik ab Dominikanische Republik,AIDAbella,2028-01-08,2028-01-22,14,CB,CBLRM14X,La Romana/dom. Republik → Cabo Rojo → Ocho Rios → Grand Cayman → Cozumel → Montego Bay/jamaika → Arroyo Barril (samana) → Roadtown → St.johns → La Romana/dom. Republik,,2026-10-08,2026-10-08
BE14280116,AIDA,14 Nächte - Karibik mit Kleinen Antillen ab Jamaika,AIDAbella,2028-01-16,2028-01-30,14,CB,CBMBJ14I,Montego Bay/jamaika → Arroyo Barril (samana) → Roadtown → St.johns → La Romana/dom. Republik → Philipsburg → Basseterre → St.johns → Rouseau → Pointe A Pitre → Castries → Bridgetown/barbados,,2026-10-08,2026-10-08
BE14280122,AIDA,14 Nächte - Karibische Inseln ab Dominikanische Republik 1,AIDAbella,2028-01-22,2028-02-05,14,CB,CBLRM14I,La Romana/dom. Republik → Philipsburg → Basseterre → St.johns → Rouseau → Castries → Kingstown → Bridgetown/barbados → Kralendijk → Willemstad → Oranjestad → La Romana/dom. Republik,,2026-10-08,2026-10-08
BE14280130,AIDA,14 Nächte - Karibische Inseln ab Barbados,AIDAbella,2028-01-30,2028-02-13,14,CB,CBBGI14I,Bridgetown/barbados → Kralendijk → Willemstad → Oranjestad → La Romana/dom. Republik → St.johns → Basseterre → Philipsburg → Roadtown → Samana → Montego Bay/jamaika,,2026-10-08,2026-10-08
BE14280205,AIDA,14 Nächte - Karibik & Mittelamerika ab Dom. Republik 1,AIDAbella,2028-02-05,2028-02-19,14,CB,CBLRM14C,La Romana/dom. Republik → St.johns → Basseterre → Philipsburg → Roadtown → Samana → Montego Bay/jamaika → Puerto Limon → Colon → Cartagena/kolumbien → La Romana/dom. Republik,,2026-10-08,2026-10-08
BE14280213,AIDA,14 Nächte - Mittelamerika & Mexiko ab Jamaika,AIDAbella,2028-02-13,2028-02-27,14,CB,CBMBJ14X,Montego Bay/jamaika → Colon → Cartagena/kolumbien → Santa Marta → La Romana/dom. Republik → Cabo Rojo → Ocho Rios → Grand Cayman → Cozumel → Montego Bay/jamaika,,2026-10-08,2026-10-08
BE14280219,AIDA,14 Nächte - Mexiko & Karibik ab Dominikanische Republik,AIDAbella,2028-02-19,2028-03-04,14,CB,CBLRM14X,La Romana/dom. Republik → Cabo Rojo → Ocho Rios → Grand Cayman → Cozumel → Montego Bay/jamaika → Arroyo Barril (samana) → Roadtown → St.johns → La Romana/dom. Republik,,2026-10-08,2026-10-08
BE14280227,AIDA,14 Nächte - Karibik mit Kleinen Antillen ab Jamaika 2,AIDAbella,2028-02-27,2028-03-12,14,CB,CBMBJ14I,Montego Bay/jamaika → Ocho Rios → Grand Turk Island → Puerto Plata/amber Cove → Samana → La Romana/dom. Republik → Cabo Rojo → Kralendijk → Willemstad → Oranjestad → Bridgetown/barbados,,2026-10-08,2026-10-08
BE14280917,AIDA,14 Nächte - Herbstliche Nordlichter ab Hamburg,AIDAbella,2028-09-17,2028-10-01,14,NO,NOHAM14N,Hamburg → Bergen → Leknes → Sortland → Alta → Tromsö → Bodo → Haugesund → Hamburg,,2026-10-08,2026-10-08
BE14281111,AIDA,14 Nächte - Karibik & Mittelamerika ab Dom. Republik 1,AIDAbella,2028-11-11,2028-11-25,14,CB,CBLRM14C,La Romana/dom. Republik → St.johns → Basseterre → Philipsburg → Roadtown → Samana → Montego Bay/jamaika → Puerto Limon → Colon → Cartagena/kolumbien → La Romana/dom. Republik,,2026-10-08,2026-10-08
BE14281112,AIDA,14 Nächte - Karibik & Mittelamerika ab Dom. Republik 3,AIDAbella,2028-11-12,2028-11-26,14,CB,CBLRM14C,La Romana/dom. Republik → Ocho Rios → Grand Cayman → Puerto Limon → Colon → Cartagena/kolumbien → Santa Marta → Oranjestad → Willemstad → Kralendijk → La Romana/dom. Republik → Santo Domingo/dom. Republik,,2026-10-08,2026-10-08
BE14281125,AIDA,14 Nächte - Mexiko & Mittelamerika ab Dom. Republik 1,AIDAbella,2028-11-25,2028-12-09,14,CB,CBLRM14X,La Romana/dom. Republik → Santo Domingo/dom. Republik → Montego Bay/jamaika → Grand Cayman → Cozumel → Belize → Roatan (mahogany Bay) → Puerto Limon → Colon → Cartagena/kolumbien → La Romana/dom. Republik,,2026-10-08,2026-10-08
BE14281126,AIDA,14 Nächte - Mexiko & Mittelamerika ab Dom. Republik 2,AIDAbella,2028-11-26,2028-12-10,14,CB,CBSDQ14X,Santo Domingo/dom. Republik → Montego Bay/jamaika → Grand Cayman → Cozumel → Belize → Roatan (mahogany Bay) → Puerto Limon → Colon → Cartagena/kolumbien → La Romana/dom. Republik → Santo Domingo/dom. Republik,,2026-10-08,2026-10-08
BE14281209,AIDA,14 Nächte - Kleine Antillen ab Dom. Republik 1,AIDAbella,2028-12-09,2028-12-23,14,CB,CBLRM14I,La Romana/dom. Republik → Santo Domingo/dom. Republik → Rouseau → Fort de France → Bridgetown/barbados → Castries → Kingstown → St.george's → St.johns → Philipsburg → Roadtown → La Romana/dom. Republik,,2026-10-08,2026-10-08
BE14281210,AIDA,14 Nächte - Kleine Antillen ab Dom. Republik 2,AIDAbella,2028-12-10,2028-12-24,14,CB,CBSDQ14I,Santo Domingo/dom. Republik → Rouseau → Fort de France → Bridgetown/barbados → Castries → Kingstown → St.george's → St.johns → Philipsburg → Roadtown → La Romana/dom. Republik → Santo Domingo/dom. Republik,,2026-10-08,2026-10-08
BE14281223,AIDA,14 Nächte - Mexiko & Mittelamerika ab Dom. Republik 1,AIDAbella,2028-12-23,2029-01-06,14,CB,CBLRM14X,La Romana/dom. Republik → Santo Domingo/dom. Republik → Montego Bay/jamaika → Grand Cayman → Cozumel → Belize → Roatan (mahogany Bay) → Puerto Limon → Colon → Cartagena/kolumbien → La Romana/dom. Republik,,2026-10-08,2026-10-08
BE14281224,AIDA,14 Nächte - Mexiko & Mittelamerika ab Dom. Republik 2,AIDAbella,2028-12-24,2029-01-07,14,CB,CBSDQ14X,Santo Domingo/dom. Republik → Montego Bay/jamaika → Grand Cayman → Cozumel → Belize → Roatan (mahogany Bay) → Puerto Limon → Colon → Cartagena/kolumbien → La Romana/dom. Republik → Santo Domingo/dom. Republik,,2026-10-08,2026-10-08
BE14290106,AIDA,14 Nächte - Mexiko & Mittelamerika ab Dom. Republik 1,AIDAbella,2029-01-06,2029-01-20,14,CB,CBLRM14X,La Romana/dom. Republik → Santo Domingo/dom. Republik → Montego Bay/jamaika → Grand Cayman → Cozumel → Belize → Roatan (mahogany Bay) → Puerto Limon → Colon → Cartagena/kolumbien → La Romana/dom. Republik,,2026-10-08,2026-10-08
BE14290107,AIDA,14 Nächte - Mexiko & Mittelamerika ab Dom. Republik 2,AIDAbella,2029-01-07,2029-01-21,14,CB,CBSDQ14X,Santo Domingo/dom. Republik → Montego Bay/jamaika → Grand Cayman → Cozumel → Belize → Roatan (mahogany Bay) → Puerto Limon → Colon → Cartagena/kolumbien → La Romana/dom. Republik → Santo Domingo/dom. Republik,,2026-10-08,2026-10-08
BE14290120,AIDA,14 Nächte - Kleine Antillen ab Dom. Republik 1,AIDAbella,2029-01-20,2029-02-03,14,CB,CBLRM14I,La Romana/dom. Republik → Santo Domingo/dom. Republik → Rouseau → Fort de France → Bridgetown/barbados → Castries → Kingstown → St.george's → St.johns → Philipsburg → Roadtown → La Romana/dom. Republik,,2026-10-08,2026-10-08
BE14290121,AIDA,14 Nächte - Kleine Antillen ab Dom. Republik 2,AIDAbella,2029-01-21,2029-02-04,14,CB,CBSDQ14I,Santo Domingo/dom. Republik → Rouseau → Fort de France → Bridgetown/barbados → Castries → Kingstown → St.george's → St.johns → Philipsburg → Roadtown → La Romana/dom. Republik → Santo Domingo/dom. Republik,,2026-10-08,2026-10-08
BE14290203,AIDA,14 Nächte - Mexiko & Mittelamerika ab Dom. Republik 1,AIDAbella,2029-02-03,2029-02-17,14,CB,CBLRM14X,La Romana/dom. Republik → Santo Domingo/dom. Republik → Montego Bay/jamaika → Grand Cayman → Cozumel → Belize → Roatan (mahogany Bay) → Puerto Limon → Colon → Cartagena/kolumbien → La Romana/dom. Republik,,2026-10-08,2026-10-08
BE20271101,AIDA,20 Nächte - Von Kiel über die Azoren nach Barbados,AIDAbella,2027-11-01,2027-11-21,20,KE,KELBGI20,Kiel → Skagen → Dover/london → La Coruna → Vigo → Ponta Delgada → St.johns → Basseterre → Rouseau → Castries → Bridgetown/barbados,,2026-10-08,2026-10-08
BE20280312,AIDA,20 Nächte - Von Barbados über die Azoren nach Hamburg,AIDAbella,2028-03-12,2028-04-01,20,BG,BGIHAM20,"Bridgetown/barbados → Castries → Fort de France → Rouseau → St.johns → Ponta Delgada → Porto/leixoes → La Coruna → Portland, Uk → Dover/london → Hamburg",,2026-10-08,2026-10-08
BE21270327,AIDA,21 Nächte - Von der Dominikanischen Republik nach Lissabon 1,AIDAbella,2027-03-27,2027-04-17,21,LR,LRMLIS21,La Romana/dom. Republik → St.johns → Basseterre → Philipsburg → Roadtown → Samana → La Romana/dom. Republik → Castries → Fort de France → Rouseau → Philipsburg → Funchal/madeira → Lissabon,,2026-10-08,2026-10-08
BE22270403,AIDA,22 Nächte - Von der Dominikanischen Republik nach Kiel 3,AIDAbella,2027-04-03,2027-04-25,22,LR,LRMKEL22,"La Romana/dom. Republik → Castries → Fort de France → Rouseau → Philipsburg → Funchal/madeira → Lissabon → Porto/leixoes → La Coruna → Portland, Uk → Dover/london → Göteborg → Kiel",,2026-10-08,2026-10-08
BE26271101,AIDA,26 Nächte - Von Kiel über die Azoren in die Dom. Republik,AIDAbella,2027-11-01,2027-11-27,26,KE,KELLRM26,Kiel → Skagen → Dover/london → La Coruna → Vigo → Ponta Delgada → St.johns → Basseterre → Rouseau → Castries → Bridgetown/barbados → St.george's → Willemstad → Oranjestad → La Romana/dom. Republik,,2026-10-08,2026-10-08
BE28280304,AIDA,28 Nächte - Von der Dom. Republik über die Azoren nach Hamburg,AIDAbella,2028-03-04,2028-04-01,28,LR,LRMHAM28,"La Romana/dom. Republik → Cabo Rojo → Kralendijk → Willemstad → Oranjestad → Bridgetown/barbados → Castries → Fort de France → Rouseau → St.johns → Ponta Delgada → Porto/leixoes → La Coruna → Portland, Uk → Dover/london → Hamburg",,2026-10-08,2026-10-08
BE28281111,AIDA,28 Nächte - Mittelamerika-Rundreise mit Mexiko 1,AIDAbella,2028-11-11,2028-12-09,28,CB,CBLRM28X,La Romana/dom. Republik → Ocho Rios → Grand Cayman → Puerto Limon → Colon → Cartagena/kolumbien → Santa Marta → Oranjestad → Willemstad → Kralendijk → La Romana/dom. Republik → Santo Domingo/dom. Republik → Montego Bay/jamaika → Grand Cayman → Cozumel → Belize → Roatan (mahogany Bay) → Puerto Limon → Colon → Cartagena/kolumbien → La Romana/dom. Republik,,2026-10-08,2026-10-08
BE28281125,AIDA,28 Nächte - Karibik-Rundreise mit Mexiko & Mittelamerika,AIDAbella,2028-11-25,2028-12-23,28,CB,CBLRM28X,La Romana/dom. Republik → Santo Domingo/dom. Republik → Montego Bay/jamaika → Grand Cayman → Cozumel → Belize → Roatan (mahogany Bay) → Puerto Limon → Colon → Cartagena/kolumbien → La Romana/dom. Republik → Santo Domingo/dom. Republik → Rouseau → Fort de France → Bridgetown/barbados → Castries → Kingstown → St.george's → St.johns → Philipsburg → Roadtown → La Romana/dom. Republik,,2026-10-08,2026-10-08
BE28281209,AIDA,28 Nächte - Karibik-Rundreise mit Mexiko & Mittelamerika,AIDAbella,2028-12-09,2029-01-06,28,CB,CBLRM28X,La Romana/dom. Republik → Santo Domingo/dom. Republik → Montego Bay/jamaika → Grand Cayman → Cozumel → Belize → Roatan (mahogany Bay) → Puerto Limon → Colon → Cartagena/kolumbien → La Romana/dom. Republik → Santo Domingo/dom. Republik → Rouseau → Fort de France → Bridgetown/barbados → Castries → Kingstown → St.george's → St.johns → Philipsburg → Roadtown → La Romana/dom. Republik,,2026-10-08,2026-10-08
BE28281223,AIDA,28 Nächte - Mittelamerika-Rundreise mit Mexiko 2,AIDAbella,2028-12-23,2029-01-20,28,CB,CBLRM28X,La Romana/dom. Republik → Santo Domingo/dom. Republik → Montego Bay/jamaika → Grand Cayman → Cozumel → Belize → Roatan (mahogany Bay) → Puerto Limon → Colon → Cartagena/kolumbien → La Romana/dom. Republik → Santo Domingo/dom. Republik → Montego Bay/jamaika → Grand Cayman → Cozumel → Belize → Roatan (mahogany Bay) → Puerto Limon → Colon → Cartagena/kolumbien → La Romana/dom. Republik,,2026-10-08,2026-10-08
BE28290106,AIDA,28 Nächte - Karibik-Rundreise mit Mexiko & Mittelamerika,AIDAbella,2029-01-06,2029-02-03,28,CB,CBLRM28X,La Romana/dom. Republik → Santo Domingo/dom. Republik → Montego Bay/jamaika → Grand Cayman → Cozumel → Belize → Roatan (mahogany Bay) → Puerto Limon → Colon → Cartagena/kolumbien → La Romana/dom. Republik → Santo Domingo/dom. Republik → Rouseau → Fort de France → Bridgetown/barbados → Castries → Kingstown → St.george's → St.johns → Philipsburg → Roadtown → La Romana/dom. Republik,,2026-10-08,2026-10-08
BE28290120,AIDA,28 Nächte - Karibik-Rundreise mit Mexiko & Mittelamerika,AIDAbella,2029-01-20,2029-02-17,28,CB,CBLRM28X,La Romana/dom. Republik → Santo Domingo/dom. Republik → Montego Bay/jamaika → Grand Cayman → Cozumel → Belize → Roatan (mahogany Bay) → Puerto Limon → Colon → Cartagena/kolumbien → La Romana/dom. Republik → Santo Domingo/dom. Republik → Rouseau → Fort de France → Bridgetown/barbados → Castries → Kingstown → St.george's → St.johns → Philipsburg → Roadtown → La Romana/dom. Republik,,2026-10-08,2026-10-08
BE29270327,AIDA,29 Nächte - Von der Dominikanischen Republik nach Kiel 2,AIDAbella,2027-03-27,2027-04-25,29,LR,LRMKEL29,"La Romana/dom. Republik → St.johns → Basseterre → Philipsburg → Roadtown → Samana → La Romana/dom. Republik → Castries → Fort de France → Rouseau → Philipsburg → Funchal/madeira → Lissabon → Porto/leixoes → La Coruna → Portland, Uk → Dover/london → Göteborg → Kiel",,2026-10-08,2026-10-08
BL06270419,AIDA,"6 Nächte - Italien, Korsika & Malta ab Civitavecchia",AIDAblu,2027-04-19,2027-04-25,6,CV,CVVMLA06,Rom/civitavecchia → Ajaccio/korsika → Neapel → Sizilien/palermo → Valletta,,2026-10-08,2026-10-08
BL07261010,AIDA,7 Nächte - Griechenland ab Korfu 1,AIDAblu,2026-10-10,2026-10-17,7,EM,EMCFU07E,Korfu → Santorin → Souda-bucht → Kusadasi → Athen/piräus → Korfu,,2026-10-08,2026-10-08
BL07261017,AIDA,7 Nächte - Mittelmeerinseln ab Korfu,AIDAblu,2026-10-17,2026-10-24,7,EM,EMCFU07W,Korfu → Valletta → Sizilien/catania → Messina → Olympia/katakolon → Argostolion → Korfu,,2026-10-08,2026-10-08
BL07261101,AIDA,7 Nächte - Andalusien & Kanaren ab Barcelona 1,AIDAblu,2026-11-01,2026-11-08,7,BC,BCNLPA07,Barcelona → Gibraltar → Sevilla/cadiz → Puerto del Rosario → Arrecife/lanzarote → Las Palmas/gran Canaria,,2026-10-08,2026-10-08
BL07261106,AIDA,7 Nächte - Kanaren & Madeira ab Fuerteventura,AIDAblu,2026-11-06,2026-11-13,7,CA,CAFUE07,Puerto del Rosario → Arrecife/lanzarote → Las Palmas/gran Canaria → Funchal/madeira → Puerto del Rosario,,2026-10-08,2026-10-08
BL07261108,AIDA,7 Nächte - Feelgood Cruise zu den Kanaren,AIDAblu,2026-11-08,2026-11-15,7,CA,CALPA07,Las Palmas/gran Canaria → Funchal/madeira → Puerto del Rosario → Santa Cruz de Tenerife → Las Palmas/gran Canaria,,2026-10-08,2026-10-08
BL07261113,AIDA,7 Nächte - Kanaren & Marokko ab Fuerteventura,AIDAblu,2026-11-13,2026-11-20,7,CA,CAFUE07S,Puerto del Rosario → Santa Cruz de Tenerife → Las Palmas/gran Canaria → Arrecife/lanzarote → Agadir → Santa Cruz de Tenerife → Puerto del Rosario,,2026-10-08,2026-10-08
BL07261115,AIDA,7 Nächte - Kanaren & Marokko,AIDAblu,2026-11-15,2026-11-22,7,CA,CALPA07S,Las Palmas/gran Canaria → Arrecife/lanzarote → Agadir → Santa Cruz de Tenerife → Puerto del Rosario → San Sebastian → Las Palmas/gran Canaria,,2026-10-08,2026-10-08
BL07261120,AIDA,7 Nächte - Kanaren & Madeira ab Fuerteventura,AIDAblu,2026-11-20,2026-11-27,7,CA,CAFUE07,Puerto del Rosario → Arrecife/lanzarote → Las Palmas/gran Canaria → Funchal/madeira → Puerto del Rosario,,2026-10-08,2026-10-08
BL07261127,AIDA,7 Nächte - Kanaren mit La Gomera ab Fuerteventura,AIDAblu,2026-11-27,2026-12-04,7,CA,CAFUE07G,Puerto del Rosario → Santa Cruz de Tenerife → Las Palmas/gran Canaria → San Sebastian → Santa Cruz/la Palma → Arrecife/lanzarote → Puerto del Rosario,,2026-10-08,2026-10-08
BL07261129,AIDA,7 Nächte - Kanaren mit La Gomera,AIDAblu,2026-11-29,2026-12-06,7,CA,CALPA07G,Las Palmas/gran Canaria → San Sebastian → Santa Cruz/la Palma → Arrecife/lanzarote → Puerto del Rosario → Santa Cruz de Tenerife → Las Palmas/gran Canaria,,2026-10-08,2026-10-08
BL07261204,AIDA,7 Nächte - Kanaren & Madeira ab Fuerteventura,AIDAblu,2026-12-04,2026-12-11,7,CA,CAFUE07,Puerto del Rosario → Arrecife/lanzarote → Las Palmas/gran Canaria → Funchal/madeira → Puerto del Rosario,,2026-10-08,2026-10-08
BL07261211,AIDA,7 Nächte - Kanaren & Marokko ab Fuerteventura,AIDAblu,2026-12-11,2026-12-18,7,CA,CAFUE07S,Puerto del Rosario → Santa Cruz de Tenerife → Las Palmas/gran Canaria → Arrecife/lanzarote → Agadir → Santa Cruz de Tenerife → Puerto del Rosario,,2026-10-08,2026-10-08
BL07261213,AIDA,7 Nächte - Kanaren & Marokko,AIDAblu,2026-12-13,2026-12-20,7,CA,CALPA07S,Las Palmas/gran Canaria → Arrecife/lanzarote → Agadir → Santa Cruz de Tenerife → Puerto del Rosario → San Sebastian → Las Palmas/gran Canaria,,2026-10-08,2026-10-08
BL07261218,AIDA,7 Nächte - Kanaren & Madeira ab Fuerteventura,AIDAblu,2026-12-18,2026-12-25,7,CA,CAFUE07,Puerto del Rosario → Arrecife/lanzarote → Las Palmas/gran Canaria → Funchal/madeira → Puerto del Rosario,,2026-10-08,2026-10-08
BL07261225,AIDA,7 Nächte - Kanaren mit La Gomera ab Fuerteventura,AIDAblu,2026-12-25,2027-01-01,7,CA,CAFUE07G,Puerto del Rosario → Santa Cruz de Tenerife → Las Palmas/gran Canaria → San Sebastian → Santa Cruz/la Palma → Arrecife/lanzarote → Puerto del Rosario,,2026-10-08,2026-10-08
BL07261227,AIDA,7 Nächte - Kanaren mit La Gomera,AIDAblu,2026-12-27,2027-01-03,7,CA,CALPA07G,Las Palmas/gran Canaria → San Sebastian → Santa Cruz/la Palma → Arrecife/lanzarote → Puerto del Rosario → Santa Cruz de Tenerife → Las Palmas/gran Canaria,,2026-10-08,2026-10-08
BL07270101,AIDA,7 Nächte - Kanaren & Madeira ab Fuerteventura,AIDAblu,2027-01-01,2027-01-08,7,CA,CAFUE07,Puerto del Rosario → Arrecife/lanzarote → Las Palmas/gran Canaria → Funchal/madeira → Puerto del Rosario,,2026-10-08,2026-10-08
BL07270108,AIDA,7 Nächte - Kanaren & Marokko ab Fuerteventura,AIDAblu,2027-01-08,2027-01-15,7,CA,CAFUE07S,Puerto del Rosario → Santa Cruz de Tenerife → Las Palmas/gran Canaria → Arrecife/lanzarote → Agadir → Santa Cruz de Tenerife → Puerto del Rosario,,2026-10-08,2026-10-08
BL07270110,AIDA,7 Nächte - Kanaren & Marokko,AIDAblu,2027-01-10,2027-01-17,7,CA,CALPA07S,Las Palmas/gran Canaria → Arrecife/lanzarote → Agadir → Santa Cruz de Tenerife → Puerto del Rosario → San Sebastian → Las Palmas/gran Canaria,,2026-10-08,2026-10-08
BL07270117,AIDA,"7 Nächte - Kanaren, Marokko & Andalusien ab Gran Canaria 2",AIDAblu,2027-01-17,2027-01-24,7,LP,LPAPMI07,Las Palmas/gran Canaria → Arrecife/lanzarote → Casablanca → Sevilla/cadiz → Malaga → Palma,,2026-10-08,2026-10-08
BL07270314,AIDA,7 Nächte - Italien & Malta,AIDAblu,2027-03-14,2027-03-21,7,WM,WMCVV07E,Rom/civitavecchia → Valletta → Sizilien/catania → Sizilien/palermo → Neapel → Olbia/sardinien → Rom/civitavecchia,,2026-10-08,2026-10-08
BL07270321,AIDA,7 Nächte - Italien & Malta,AIDAblu,2027-03-21,2027-03-28,7,WM,WMCVV07E,Rom/civitavecchia → Valletta → Sizilien/catania → Sizilien/palermo → Neapel → Olbia/sardinien → Rom/civitavecchia,,2026-10-08,2026-10-08
BL07270328,AIDA,7 Nächte - Italien & Malta,AIDAblu,2027-03-28,2027-04-04,7,WM,WMCVV07E,Rom/civitavecchia → Valletta → Sizilien/catania → Sizilien/palermo → Neapel → Olbia/sardinien → Rom/civitavecchia,,2026-10-08,2026-10-08
BL07270404,AIDA,7 Nächte - Italien & Malta,AIDAblu,2027-04-04,2027-04-11,7,WM,WMCVV07E,Rom/civitavecchia → Valletta → Sizilien/catania → Sizilien/palermo → Neapel → Olbia/sardinien → Rom/civitavecchia,,2026-10-08,2026-10-08
BL07270501,AIDA,7 Nächte - Griechenland ab Korfu 2,AIDAblu,2027-05-01,2027-05-08,7,EM,EMCFU07E,Korfu → Zakynthos → Rhodos Stadt → Bodrum → Heraklion/kreta → Olympia/katakolon → Korfu,,2026-10-08,2026-10-08
BL07270508,AIDA,7 Nächte - Mittelmeerinseln ab Korfu,AIDAblu,2027-05-08,2027-05-15,7,EM,EMCFU07W,Korfu → Valletta → Sizilien/catania → Messina → Olympia/katakolon → Argostolion → Korfu,,2026-10-08,2026-10-08
BL07270515,AIDA,7 Nächte - Griechenland ab Korfu 1,AIDAblu,2027-05-15,2027-05-22,7,EM,EMCFU07E,Korfu → Santorin → Souda-bucht → Kusadasi → Athen/piräus → Korfu,,2026-10-08,2026-10-08
BL07270522,AIDA,7 Nächte - Adria ab Korfu 2,AIDAblu,2027-05-22,2027-05-29,7,AD,ADCFU07W,Korfu → Koper → Triest → Rijeka → Korkula → Kotor → Korfu,,2026-10-08,2026-10-08
BL07270529,AIDA,7 Nächte - Griechenland ab Korfu 1,AIDAblu,2027-05-29,2027-06-05,7,EM,EMCFU07E,Korfu → Santorin → Souda-bucht → Kusadasi → Athen/piräus → Korfu,,2026-10-08,2026-10-08
BL07270605,AIDA,7 Nächte - Mittelmeerinseln ab Korfu,AIDAblu,2027-06-05,2027-06-12,7,EM,EMCFU07W,Korfu → Valletta → Sizilien/catania → Messina → Olympia/katakolon → Argostolion → Korfu,,2026-10-08,2026-10-08
BL07270612,AIDA,7 Nächte - Adria ab Korfu 1,AIDAblu,2027-06-12,2027-06-19,7,AD,ADCFU07E,Korfu → Triest → Zadar → Kotor → Korkula → Dubrovnik → Korfu,,2026-10-08,2026-10-08
BL07270619,AIDA,7 Nächte - Griechenland ab Korfu 2,AIDAblu,2027-06-19,2027-06-26,7,EM,EMCFU07E,Korfu → Zakynthos → Rhodos Stadt → Bodrum → Heraklion/kreta → Olympia/katakolon → Korfu,,2026-10-08,2026-10-08
BL07270626,AIDA,7 Nächte - Mittelmeerinseln ab Korfu,AIDAblu,2027-06-26,2027-07-03,7,EM,EMCFU07W,Korfu → Valletta → Sizilien/catania → Messina → Olympia/katakolon → Argostolion → Korfu,,2026-10-08,2026-10-08
BL07270703,AIDA,7 Nächte - Adria ab Korfu 2,AIDAblu,2027-07-03,2027-07-10,7,AD,ADCFU07W,Korfu → Koper → Triest → Rijeka → Korkula → Kotor → Korfu,,2026-10-08,2026-10-08
BL07270710,AIDA,7 Nächte - Griechenland ab Korfu 1,AIDAblu,2027-07-10,2027-07-17,7,EM,EMCFU07E,Korfu → Santorin → Souda-bucht → Kusadasi → Athen/piräus → Korfu,,2026-10-08,2026-10-08
BL07270717,AIDA,7 Nächte - Mittelmeerinseln ab Korfu,AIDAblu,2027-07-17,2027-07-24,7,EM,EMCFU07W,Korfu → Valletta → Sizilien/catania → Messina → Olympia/katakolon → Argostolion → Korfu,,2026-10-08,2026-10-08
BL07270724,AIDA,7 Nächte - Adria ab Korfu 1,AIDAblu,2027-07-24,2027-07-31,7,AD,ADCFU07E,Korfu → Triest → Zadar → Kotor → Korkula → Dubrovnik → Korfu,,2026-10-08,2026-10-08
BL07270731,AIDA,7 Nächte - Griechenland ab Korfu 2,AIDAblu,2027-07-31,2027-08-07,7,EM,EMCFU07E,Korfu → Zakynthos → Rhodos Stadt → Bodrum → Heraklion/kreta → Olympia/katakolon → Korfu,,2026-10-08,2026-10-08
BL07270807,AIDA,7 Nächte - Mittelmeerinseln ab Korfu,AIDAblu,2027-08-07,2027-08-14,7,EM,EMCFU07W,Korfu → Valletta → Sizilien/catania → Messina → Olympia/katakolon → Argostolion → Korfu,,2026-10-08,2026-10-08
BL07270814,AIDA,7 Nächte - Adria ab Korfu 2,AIDAblu,2027-08-14,2027-08-21,7,AD,ADCFU07W,Korfu → Koper → Triest → Rijeka → Korkula → Kotor → Korfu,,2026-10-08,2026-10-08
BL07270821,AIDA,7 Nächte - Griechenland ab Korfu 1,AIDAblu,2027-08-21,2027-08-28,7,EM,EMCFU07E,Korfu → Santorin → Souda-bucht → Kusadasi → Athen/piräus → Korfu,,2026-10-08,2026-10-08
BL07270828,AIDA,7 Nächte - Mittelmeerinseln ab Korfu,AIDAblu,2027-08-28,2027-09-04,7,EM,EMCFU07W,Korfu → Valletta → Sizilien/catania → Messina → Olympia/katakolon → Argostolion → Korfu,,2026-10-08,2026-10-08
BL07270904,AIDA,7 Nächte - Adria ab Korfu 1,AIDAblu,2027-09-04,2027-09-11,7,AD,ADCFU07E,Korfu → Triest → Zadar → Kotor → Korkula → Dubrovnik → Korfu,,2026-10-08,2026-10-08
BL07270911,AIDA,7 Nächte - Griechenland ab Korfu 1,AIDAblu,2027-09-11,2027-09-18,7,EM,EMCFU07E,Korfu → Santorin → Souda-bucht → Kusadasi → Athen/piräus → Korfu,,2026-10-08,2026-10-08
BL07270918,AIDA,7 Nächte - Mittelmeerinseln ab Korfu,AIDAblu,2027-09-18,2027-09-25,7,EM,EMCFU07W,Korfu → Valletta → Sizilien/catania → Messina → Olympia/katakolon → Argostolion → Korfu,,2026-10-08,2026-10-08
BL07270925,AIDA,7 Nächte - Adria ab Korfu 1,AIDAblu,2027-09-25,2027-10-02,7,AD,ADCFU07E,Korfu → Triest → Zadar → Kotor → Korkula → Dubrovnik → Korfu,,2026-10-08,2026-10-08
BL07271002,AIDA,7 Nächte - Griechenland ab Korfu 1,AIDAblu,2027-10-02,2027-10-09,7,EM,EMCFU07E,Korfu → Santorin → Souda-bucht → Kusadasi → Athen/piräus → Korfu,,2026-10-08,2026-10-08
BL07271009,AIDA,7 Nächte - Mittelmeerinseln ab Korfu,AIDAblu,2027-10-09,2027-10-16,7,EM,EMCFU07W,Korfu → Valletta → Sizilien/catania → Messina → Olympia/katakolon → Argostolion → Korfu,,2026-10-08,2026-10-08
BL07271016,AIDA,7 Nächte - Griechenland ab Korfu 2,AIDAblu,2027-10-16,2027-10-23,7,EM,EMCFU07E,Korfu → Zakynthos → Rhodos Stadt → Bodrum → Heraklion/kreta → Olympia/katakolon → Korfu,,2026-10-08,2026-10-08
BL07280422,AIDA,7 Nächte - Östliches Mittelmeer mit Istanbul 1,AIDAblu,2028-04-22,2028-04-29,7,EM,EMAYT07N,Antalya → Istanbul → Izmir → Kos → Rhodos Stadt → Antalya,,2026-10-08,2026-10-08
BL07280429,AIDA,7 Nächte - Griechenland & Italien ab Antalya,AIDAblu,2028-04-29,2028-05-06,7,EM,EMAYT07W,Antalya → Rhodos Stadt → Heraklion/kreta → Olympia/katakolon → Argostolion → Taranto → Korfu,,2026-10-08,2026-10-08
BL07280506,AIDA,7 Nächte - Griechenland ab Korfu 2,AIDAblu,2028-05-06,2028-05-13,7,EM,EMCFU07E,Korfu → Zakynthos → Rhodos Stadt → Bodrum → Heraklion/kreta → Olympia/katakolon → Korfu,,2026-10-08,2026-10-08
BL07280513,AIDA,7 Nächte - Adria ab Korfu 1,AIDAblu,2028-05-13,2028-05-20,7,AD,ADCFU07E,Korfu → Triest → Zadar → Kotor → Korkula → Dubrovnik → Korfu,,2026-10-08,2026-10-08
BL07280520,AIDA,7 Nächte - Griechenland ab Korfu 1,AIDAblu,2028-05-20,2028-05-27,7,EM,EMCFU07E,Korfu → Santorin → Souda-bucht → Kusadasi → Athen/piräus → Korfu,,2026-10-08,2026-10-08
BL07280527,AIDA,7 Nächte - Mittelmeerinseln ab Korfu,AIDAblu,2028-05-27,2028-06-03,7,EM,EMCFU07W,Korfu → Valletta → Sizilien/catania → Messina → Olympia/katakolon → Argostolion → Korfu,,2026-10-08,2026-10-08
BL07280603,AIDA,7 Nächte - Adria ab Korfu 2,AIDAblu,2028-06-03,2028-06-10,7,AD,ADCFU07W,Korfu → Koper → Triest → Rijeka → Korkula → Kotor → Korfu,,2026-10-08,2026-10-08
BL07280610,AIDA,7 Nächte - Griechenland ab Korfu 2,AIDAblu,2028-06-10,2028-06-17,7,EM,EMCFU07E,Korfu → Zakynthos → Rhodos Stadt → Bodrum → Heraklion/kreta → Olympia/katakolon → Korfu,,2026-10-08,2026-10-08
BL07280617,AIDA,7 Nächte - Mittelmeerinseln ab Korfu,AIDAblu,2028-06-17,2028-06-24,7,EM,EMCFU07W,Korfu → Valletta → Sizilien/catania → Messina → Olympia/katakolon → Argostolion → Korfu,,2026-10-08,2026-10-08
BL07280624,AIDA,7 Nächte - Adria ab Korfu 1,AIDAblu,2028-06-24,2028-07-01,7,AD,ADCFU07E,Korfu → Triest → Zadar → Kotor → Korkula → Dubrovnik → Korfu,,2026-10-08,2026-10-08
BL07280701,AIDA,7 Nächte - Griechenland ab Korfu 1,AIDAblu,2028-07-01,2028-07-08,7,EM,EMCFU07E,Korfu → Santorin → Souda-bucht → Kusadasi → Athen/piräus → Korfu,,2026-10-08,2026-10-08
BL07280708,AIDA,7 Nächte - Mittelmeerinseln ab Korfu,AIDAblu,2028-07-08,2028-07-15,7,EM,EMCFU07W,Korfu → Valletta → Sizilien/catania → Messina → Olympia/katakolon → Argostolion → Korfu,,2026-10-08,2026-10-08
BL07280715,AIDA,7 Nächte - Adria ab Korfu 2,AIDAblu,2028-07-15,2028-07-22,7,AD,ADCFU07W,Korfu → Koper → Triest → Rijeka → Korkula → Kotor → Korfu,,2026-10-08,2026-10-08
BL07280722,AIDA,7 Nächte - Griechenland ab Korfu 2,AIDAblu,2028-07-22,2028-07-29,7,EM,EMCFU07E,Korfu → Zakynthos → Rhodos Stadt → Bodrum → Heraklion/kreta → Olympia/katakolon → Korfu,,2026-10-08,2026-10-08
BL07280729,AIDA,7 Nächte - Mittelmeerinseln ab Korfu,AIDAblu,2028-07-29,2028-08-05,7,EM,EMCFU07W,Korfu → Valletta → Sizilien/catania → Messina → Olympia/katakolon → Argostolion → Korfu,,2026-10-08,2026-10-08
BL07280805,AIDA,7 Nächte - Adria ab Korfu 1,AIDAblu,2028-08-05,2028-08-12,7,AD,ADCFU07E,Korfu → Triest → Zadar → Kotor → Korkula → Dubrovnik → Korfu,,2026-10-08,2026-10-08
BL07280812,AIDA,7 Nächte - Griechenland ab Korfu 1,AIDAblu,2028-08-12,2028-08-19,7,EM,EMCFU07E,Korfu → Santorin → Souda-bucht → Kusadasi → Athen/piräus → Korfu,,2026-10-08,2026-10-08
BL07280819,AIDA,7 Nächte - Mittelmeerinseln ab Korfu,AIDAblu,2028-08-19,2028-08-26,7,EM,EMCFU07W,Korfu → Valletta → Sizilien/catania → Messina → Olympia/katakolon → Argostolion → Korfu,,2026-10-08,2026-10-08
BL07280826,AIDA,7 Nächte - Adria ab Korfu 2,AIDAblu,2028-08-26,2028-09-02,7,AD,ADCFU07W,Korfu → Koper → Triest → Rijeka → Korkula → Kotor → Korfu,,2026-10-08,2026-10-08
BL07280902,AIDA,7 Nächte - Griechenland ab Korfu 2,AIDAblu,2028-09-02,2028-09-09,7,EM,EMCFU07E,Korfu → Zakynthos → Rhodos Stadt → Bodrum → Heraklion/kreta → Olympia/katakolon → Korfu,,2026-10-08,2026-10-08
BL07280909,AIDA,7 Nächte - Mittelmeerinseln ab Korfu,AIDAblu,2028-09-09,2028-09-16,7,EM,EMCFU07W,Korfu → Valletta → Sizilien/catania → Messina → Olympia/katakolon → Argostolion → Korfu,,2026-10-08,2026-10-08
BL07280916,AIDA,7 Nächte - Adria ab Korfu 1,AIDAblu,2028-09-16,2028-09-23,7,AD,ADCFU07E,Korfu → Triest → Zadar → Kotor → Korkula → Dubrovnik → Korfu,,2026-10-08,2026-10-08
BL07280923,AIDA,7 Nächte - Griechenland ab Korfu 1,AIDAblu,2028-09-23,2028-09-30,7,EM,EMCFU07E,Korfu → Santorin → Souda-bucht → Kusadasi → Athen/piräus → Korfu,,2026-10-08,2026-10-08
BL07280930,AIDA,7 Nächte - Mittelmeerinseln ab Korfu,AIDAblu,2028-09-30,2028-10-07,7,EM,EMCFU07W,Korfu → Valletta → Sizilien/catania → Messina → Olympia/katakolon → Argostolion → Korfu,,2026-10-08,2026-10-08
BL07281007,AIDA,7 Nächte - Adria ab Korfu 1,AIDAblu,2028-10-07,2028-10-14,7,AD,ADCFU07E,Korfu → Triest → Zadar → Kotor → Korkula → Dubrovnik → Korfu,,2026-10-08,2026-10-08
BL07281014,AIDA,7 Nächte - Griechenland ab Korfu 1,AIDAblu,2028-10-14,2028-10-21,7,EM,EMCFU07E,Korfu → Santorin → Souda-bucht → Kusadasi → Athen/piräus → Korfu,,2026-10-08,2026-10-08
BL07281021,AIDA,7 Nächte - Mittelmeerinseln ab Korfu,AIDAblu,2028-10-21,2028-10-28,7,EM,EMCFU07W,Korfu → Valletta → Sizilien/catania → Messina → Olympia/katakolon → Argostolion → Korfu,,2026-10-08,2026-10-08
BL07281028,AIDA,7 Nächte - Griechenland ab Korfu 2,AIDAblu,2028-10-28,2028-11-04,7,EM,EMCFU07E,Korfu → Zakynthos → Rhodos Stadt → Bodrum → Heraklion/kreta → Olympia/katakolon → Korfu,,2026-10-08,2026-10-08
BL07281104,AIDA,7 Nächte - Mittelmeerinseln von Korfu nach Mallorca,AIDAblu,2028-11-04,2028-11-11,7,CF,CFUPMI07,Korfu → Olympia/katakolon → Valletta → Sizilien/palermo → Cagliari → Palma,,2026-10-08,2026-10-08
BL07281126,AIDA,7 Nächte - Kanaren & Marokko,AIDAblu,2028-11-26,2028-12-03,7,CA,CALPA07S,Las Palmas/gran Canaria → Arrecife/lanzarote → Agadir → Santa Cruz de Tenerife → Puerto del Rosario → San Sebastian → Las Palmas/gran Canaria,,2026-10-08,2026-10-08
BL07281210,AIDA,7 Nächte - Kanaren mit La Gomera,AIDAblu,2028-12-10,2028-12-17,7,CA,CALPA07G,Las Palmas/gran Canaria → San Sebastian → Santa Cruz/la Palma → Arrecife/lanzarote → Puerto del Rosario → Santa Cruz de Tenerife → Las Palmas/gran Canaria,,2026-10-08,2026-10-08
BL07281224,AIDA,7 Nächte - Kanaren & Marokko,AIDAblu,2028-12-24,2028-12-31,7,CA,CALPA07S,Las Palmas/gran Canaria → Arrecife/lanzarote → Agadir → Santa Cruz de Tenerife → Puerto del Rosario → San Sebastian → Las Palmas/gran Canaria,,2026-10-08,2026-10-08
BL07290107,AIDA,7 Nächte - Kanaren mit La Gomera,AIDAblu,2029-01-07,2029-01-14,7,CA,CALPA07G,Las Palmas/gran Canaria → San Sebastian → Santa Cruz/la Palma → Arrecife/lanzarote → Puerto del Rosario → Santa Cruz de Tenerife → Las Palmas/gran Canaria,,2026-10-08,2026-10-08
BL07290121,AIDA,7 Nächte - Kanaren & Marokko,AIDAblu,2029-01-21,2029-01-28,7,CA,CALPA07S,Las Palmas/gran Canaria → Arrecife/lanzarote → Agadir → Santa Cruz de Tenerife → Puerto del Rosario → San Sebastian → Las Palmas/gran Canaria,,2026-10-08,2026-10-08
BL07290204,AIDA,7 Nächte - Kanaren mit La Gomera,AIDAblu,2029-02-04,2029-02-11,7,CA,CALPA07G,Las Palmas/gran Canaria → San Sebastian → Santa Cruz/la Palma → Arrecife/lanzarote → Puerto del Rosario → Santa Cruz de Tenerife → Las Palmas/gran Canaria,,2026-10-08,2026-10-08
BL07290218,AIDA,7 Nächte - Kanaren & Marokko,AIDAblu,2029-02-18,2029-02-25,7,CA,CALPA07S,Las Palmas/gran Canaria → Arrecife/lanzarote → Agadir → Santa Cruz de Tenerife → Puerto del Rosario → San Sebastian → Las Palmas/gran Canaria,,2026-10-08,2026-10-08
BL07290304,AIDA,7 Nächte - Kanaren mit La Gomera,AIDAblu,2029-03-04,2029-03-11,7,CA,CALPA07G,Las Palmas/gran Canaria → San Sebastian → Santa Cruz/la Palma → Arrecife/lanzarote → Puerto del Rosario → Santa Cruz de Tenerife → Las Palmas/gran Canaria,,2026-10-08,2026-10-08
BL08281111,AIDA,8 Nächte - Spanische Atlantikküste & Kanaren ab Mallorca,AIDAblu,2028-11-11,2028-11-19,8,PM,PMILPA08,Palma → Malaga → Tanger → Arrecife/lanzarote → Puerto del Rosario → Santa Cruz de Tenerife → Las Palmas/gran Canaria,,2026-10-08,2026-10-08
BL09261106,AIDA,9 Nächte - Feelgood Cruise Kanarische Inselwelt & Madeira,AIDAblu,2026-11-06,2026-11-15,9,CA,CAFUE09,Puerto del Rosario → Arrecife/lanzarote → Las Palmas/gran Canaria → Funchal/madeira → Puerto del Rosario → Santa Cruz de Tenerife → Las Palmas/gran Canaria,,2026-10-08,2026-10-08
BL09261120,AIDA,9 Nächte - Kanarische Inselwelt & Madeira,AIDAblu,2026-11-20,2026-11-29,9,CA,CAFUE09,Puerto del Rosario → San Sebastian → Las Palmas/gran Canaria → Santa Cruz/la Palma → Funchal/madeira → Puerto del Rosario → Santa Cruz de Tenerife → Las Palmas/gran Canaria,,2026-10-08,2026-10-08
BL09261127,AIDA,9 Nächte - Kanarische Inselwelt ab Fuerteventura,AIDAblu,2026-11-27,2026-12-06,9,CA,CAFUE09,Puerto del Rosario → Santa Cruz de Tenerife → Las Palmas/gran Canaria → San Sebastian → Santa Cruz/la Palma → Arrecife/lanzarote → Puerto del Rosario → Santa Cruz de Tenerife → Las Palmas/gran Canaria,,2026-10-08,2026-10-08
BL09261204,AIDA,9 Nächte - Kanarische Inselwelt & Madeira,AIDAblu,2026-12-04,2026-12-13,9,CA,CAFUE09,Puerto del Rosario → San Sebastian → Las Palmas/gran Canaria → Santa Cruz/la Palma → Funchal/madeira → Puerto del Rosario → Santa Cruz de Tenerife → Las Palmas/gran Canaria,,2026-10-08,2026-10-08
BL09261211,AIDA,9 Nächte - Kanarische Inselwelt & Marokko,AIDAblu,2026-12-11,2026-12-20,9,CA,CAFUE09S,Puerto del Rosario → Santa Cruz de Tenerife → Las Palmas/gran Canaria → San Sebastian → Arrecife/lanzarote → Agadir → Puerto del Rosario → Santa Cruz de Tenerife → Las Palmas/gran Canaria,,2026-10-08,2026-10-08
BL09261218,AIDA,9 Nächte - Kanarische Inselwelt & Madeira,AIDAblu,2026-12-18,2026-12-27,9,CA,CAFUE09,Puerto del Rosario → San Sebastian → Las Palmas/gran Canaria → Santa Cruz/la Palma → Funchal/madeira → Puerto del Rosario → Santa Cruz de Tenerife → Las Palmas/gran Canaria,,2026-10-08,2026-10-08
BL09270101,AIDA,9 Nächte - Kanarische Inselwelt ab Fuerteventura,AIDAblu,2027-01-01,2027-01-10,9,CA,CAFUE09,Puerto del Rosario → Santa Cruz de Tenerife → Las Palmas/gran Canaria → San Sebastian → Santa Cruz/la Palma → Arrecife/lanzarote → Puerto del Rosario → Santa Cruz de Tenerife → Las Palmas/gran Canaria,,2026-10-08,2026-10-08
BL09270108,AIDA,9 Nächte - Kanarische Inselwelt & Marokko,AIDAblu,2027-01-08,2027-01-17,9,CA,CAFUE09S,Puerto del Rosario → Santa Cruz de Tenerife → Las Palmas/gran Canaria → San Sebastian → Arrecife/lanzarote → Agadir → Puerto del Rosario → Santa Cruz de Tenerife → Las Palmas/gran Canaria,,2026-10-08,2026-10-08
BL09270115,AIDA,9 Nächte - Andalusien & Kanaren ab Fuerteventura,AIDAblu,2027-01-15,2027-01-24,9,FU,FUEPMI09,Puerto del Rosario → Santa Cruz de Tenerife → Las Palmas/gran Canaria → Arrecife/lanzarote → Casablanca → Sevilla/cadiz → Malaga → Palma,,2026-10-08,2026-10-08
BL09271026,AIDA,"9 Nächte - Italien, Frankreich & Spanien ab Malta",AIDAblu,2027-10-26,2027-11-04,9,ML,MLAPMI09,Valletta → Neapel → Rom/civitavecchia → Olbia/sardinien → Marseille → Mahon/menorca → Barcelona → Palma,,2026-10-08,2026-10-08
BL09280403,AIDA,"9 Nächte - Italien, Griechenland & Türkei ab Mallorca",AIDAblu,2028-04-03,2028-04-12,9,PM,PMIAYT09,Palma → Olbia/sardinien → Salerno → Messina → Argostolion → Olympia/katakolon → Marmaris → Antalya,,2026-10-08,2026-10-08
BL09281124,AIDA,9 Nächte - Kanarische Inselwelt & Marokko,AIDAblu,2028-11-24,2028-12-03,9,CA,CAFUE09S,Puerto del Rosario → Santa Cruz de Tenerife → Las Palmas/gran Canaria → San Sebastian → Arrecife/lanzarote → Agadir → Puerto del Rosario → Santa Cruz de Tenerife → Las Palmas/gran Canaria,,2026-10-08,2026-10-08
BL09281201,AIDA,9 Nächte - Kanarische Inselwelt & Madeira,AIDAblu,2028-12-01,2028-12-10,9,CA,CAFUE09,Puerto del Rosario → San Sebastian → Las Palmas/gran Canaria → Santa Cruz/la Palma → Funchal/madeira → Puerto del Rosario → Santa Cruz de Tenerife → Las Palmas/gran Canaria,,2026-10-08,2026-10-08
BL09281208,AIDA,9 Nächte - Kanarische Inselwelt,AIDAblu,2028-12-08,2028-12-17,9,CA,CAFUE09,Puerto del Rosario → Santa Cruz de Tenerife → Las Palmas/gran Canaria → San Sebastian → Santa Cruz/la Palma → Arrecife/lanzarote → Puerto del Rosario → Santa Cruz de Tenerife → Las Palmas/gran Canaria,,2026-10-08,2026-10-08
BL09281215,AIDA,9 Nächte - Kanarische Inselwelt & Madeira,AIDAblu,2028-12-15,2028-12-24,9,CA,CAFUE09,Puerto del Rosario → San Sebastian → Las Palmas/gran Canaria → Santa Cruz/la Palma → Funchal/madeira → Puerto del Rosario → Santa Cruz de Tenerife → Las Palmas/gran Canaria,,2026-10-08,2026-10-08
BL09281222,AIDA,9 Nächte - Kanarische Inselwelt & Marokko,AIDAblu,2028-12-22,2028-12-31,9,CA,CAFUE09S,Puerto del Rosario → Santa Cruz de Tenerife → Las Palmas/gran Canaria → San Sebastian → Arrecife/lanzarote → Agadir → Puerto del Rosario → Santa Cruz de Tenerife → Las Palmas/gran Canaria,,2026-10-08,2026-10-08
BL09281229,AIDA,9 Nächte - Kanarische Inselwelt & Madeira,AIDAblu,2028-12-29,2029-01-07,9,CA,CAFUE09,Puerto del Rosario → San Sebastian → Las Palmas/gran Canaria → Santa Cruz/la Palma → Funchal/madeira → Puerto del Rosario → Santa Cruz de Tenerife → Las Palmas/gran Canaria,,2026-10-08,2026-10-08
BL09290105,AIDA,9 Nächte - Kanarische Inselwelt,AIDAblu,2029-01-05,2029-01-14,9,CA,CAFUE09,Puerto del Rosario → Santa Cruz de Tenerife → Las Palmas/gran Canaria → San Sebastian → Santa Cruz/la Palma → Arrecife/lanzarote → Puerto del Rosario → Santa Cruz de Tenerife → Las Palmas/gran Canaria,,2026-10-08,2026-10-08
BL09290112,AIDA,9 Nächte - Kanarische Inselwelt & Madeira,AIDAblu,2029-01-12,2029-01-21,9,CA,CAFUE09,Puerto del Rosario → San Sebastian → Las Palmas/gran Canaria → Santa Cruz/la Palma → Funchal/madeira → Puerto del Rosario → Santa Cruz de Tenerife → Las Palmas/gran Canaria,,2026-10-08,2026-10-08
BL09290119,AIDA,9 Nächte - Kanarische Inselwelt & Marokko,AIDAblu,2029-01-19,2029-01-28,9,CA,CAFUE09S,Puerto del Rosario → Santa Cruz de Tenerife → Las Palmas/gran Canaria → San Sebastian → Arrecife/lanzarote → Agadir → Puerto del Rosario → Santa Cruz de Tenerife → Las Palmas/gran Canaria,,2026-10-08,2026-10-08
BL09290126,AIDA,9 Nächte - Kanarische Inselwelt & Madeira,AIDAblu,2029-01-26,2029-02-04,9,CA,CAFUE09,Puerto del Rosario → San Sebastian → Las Palmas/gran Canaria → Santa Cruz/la Palma → Funchal/madeira → Puerto del Rosario → Santa Cruz de Tenerife → Las Palmas/gran Canaria,,2026-10-08,2026-10-08
BL09290202,AIDA,9 Nächte - Kanarische Inselwelt,AIDAblu,2029-02-02,2029-02-11,9,CA,CAFUE09,Puerto del Rosario → Santa Cruz de Tenerife → Las Palmas/gran Canaria → San Sebastian → Santa Cruz/la Palma → Arrecife/lanzarote → Puerto del Rosario → Santa Cruz de Tenerife → Las Palmas/gran Canaria,,2026-10-08,2026-10-08
BL09290209,AIDA,9 Nächte - Kanarische Inselwelt & Madeira,AIDAblu,2029-02-09,2029-02-18,9,CA,CAFUE09,Puerto del Rosario → San Sebastian → Las Palmas/gran Canaria → Santa Cruz/la Palma → Funchal/madeira → Puerto del Rosario → Santa Cruz de Tenerife → Las Palmas/gran Canaria,,2026-10-08,2026-10-08
BL09290216,AIDA,9 Nächte - Kanarische Inselwelt & Marokko,AIDAblu,2029-02-16,2029-02-25,9,CA,CAFUE09S,Puerto del Rosario → Santa Cruz de Tenerife → Las Palmas/gran Canaria → San Sebastian → Arrecife/lanzarote → Agadir → Puerto del Rosario → Santa Cruz de Tenerife → Las Palmas/gran Canaria,,2026-10-08,2026-10-08
BL09290223,AIDA,9 Nächte - Kanarische Inselwelt & Madeira,AIDAblu,2029-02-23,2029-03-04,9,CA,CAFUE09,Puerto del Rosario → San Sebastian → Las Palmas/gran Canaria → Santa Cruz/la Palma → Funchal/madeira → Puerto del Rosario → Santa Cruz de Tenerife → Las Palmas/gran Canaria,,2026-10-08,2026-10-08
BL09290302,AIDA,9 Nächte - Kanarische Inselwelt,AIDAblu,2029-03-02,2029-03-11,9,CA,CAFUE09,Puerto del Rosario → Santa Cruz de Tenerife → Las Palmas/gran Canaria → San Sebastian → Santa Cruz/la Palma → Arrecife/lanzarote → Puerto del Rosario → Santa Cruz de Tenerife → Las Palmas/gran Canaria,,2026-10-08,2026-10-08
BL09290309,AIDA,9 Nächte - Kanarische Inselwelt & Madeira,AIDAblu,2029-03-09,2029-03-18,9,CA,CAFUE09,Puerto del Rosario → San Sebastian → Las Palmas/gran Canaria → Santa Cruz/la Palma → Funchal/madeira → Puerto del Rosario → Santa Cruz de Tenerife → Las Palmas/gran Canaria,,2026-10-08,2026-10-08
BL10271016,AIDA,"10 Nächte - Griechenland, Türkei & Sizilien ab Korfu",AIDAblu,2027-10-16,2027-10-26,10,CF,CFUMLA10,Korfu → Zakynthos → Rhodos Stadt → Bodrum → Heraklion/kreta → Olympia/katakolon → Korfu → Sizilien/catania → Valletta,,2026-10-08,2026-10-08
BL10280412,AIDA,10 Nächte - Osterreise Östliches Mittelmeer mit Ägypten,AIDAblu,2028-04-12,2028-04-22,10,EM,EMAYT10S,Antalya → Rhodos Stadt → Mykonos → Heraklion/kreta → Alexandria → Kairo/port Said → Limassol → Alanya → Antalya,,2026-10-08,2026-10-08
BL12261101,AIDA,"12 Nächte - Andalusien, Madeira & Kanaren ab Barcelona 2",AIDAblu,2026-11-01,2026-11-13,12,BC,BCNFUE12,Barcelona → Gibraltar → Sevilla/cadiz → Puerto del Rosario → Arrecife/lanzarote → Las Palmas/gran Canaria → Funchal/madeira → Puerto del Rosario,,2026-10-08,2026-10-08
BL12261108,AIDA,12 Nächte - Feelgood Cruise Kanaren & Marokko,AIDAblu,2026-11-08,2026-11-20,12,CA,CALPA12S,Las Palmas/gran Canaria → Funchal/madeira → Puerto del Rosario → Santa Cruz de Tenerife → Las Palmas/gran Canaria → Arrecife/lanzarote → Agadir → Santa Cruz de Tenerife → Puerto del Rosario,,2026-10-08,2026-10-08
BL12261122,AIDA,12 Nächte - Große Rundreise Kanaren & Madeira,AIDAblu,2026-11-22,2026-12-04,12,CA,CALPA12,Las Palmas/gran Canaria → Santa Cruz/la Palma → Funchal/madeira → Puerto del Rosario → Santa Cruz de Tenerife → Las Palmas/gran Canaria → San Sebastian → Santa Cruz/la Palma → Arrecife/lanzarote → Puerto del Rosario,,2026-10-08,2026-10-08
BL12261129,AIDA,12 Nächte - Große Rundreise Kanaren & Madeira,AIDAblu,2026-11-29,2026-12-11,12,CA,CALPA12,Las Palmas/gran Canaria → Santa Cruz/la Palma → Funchal/madeira → Puerto del Rosario → Santa Cruz de Tenerife → Las Palmas/gran Canaria → San Sebastian → Santa Cruz/la Palma → Arrecife/lanzarote → Puerto del Rosario,,2026-10-08,2026-10-08
BL12261206,AIDA,"12 Nächte - Kanaren, Madeira & Marokko",AIDAblu,2026-12-06,2026-12-18,12,CA,CALPA12S,Las Palmas/gran Canaria → Santa Cruz/la Palma → Funchal/madeira → Puerto del Rosario → Santa Cruz de Tenerife → Las Palmas/gran Canaria → San Sebastian → Arrecife/lanzarote → Agadir → Puerto del Rosario,,2026-10-08,2026-10-08
BL12261213,AIDA,"12 Nächte - Kanaren, Madeira & Marokko",AIDAblu,2026-12-13,2026-12-25,12,CA,CALPA12S,Las Palmas/gran Canaria → Santa Cruz/la Palma → Funchal/madeira → Puerto del Rosario → Santa Cruz de Tenerife → Las Palmas/gran Canaria → San Sebastian → Arrecife/lanzarote → Agadir → Puerto del Rosario,,2026-10-08,2026-10-08
BL12261220,AIDA,12 Nächte - Große Rundreise Kanaren & Madeira,AIDAblu,2026-12-20,2027-01-01,12,CA,CALPA12,Las Palmas/gran Canaria → Santa Cruz/la Palma → Funchal/madeira → Puerto del Rosario → Santa Cruz de Tenerife → Las Palmas/gran Canaria → San Sebastian → Santa Cruz/la Palma → Arrecife/lanzarote → Puerto del Rosario,,2026-10-08,2026-10-08
BL12261227,AIDA,12 Nächte - Große Rundreise Kanaren & Madeira,AIDAblu,2026-12-27,2027-01-08,12,CA,CALPA12,Las Palmas/gran Canaria → Santa Cruz/la Palma → Funchal/madeira → Puerto del Rosario → Santa Cruz de Tenerife → Las Palmas/gran Canaria → San Sebastian → Santa Cruz/la Palma → Arrecife/lanzarote → Puerto del Rosario,,2026-10-08,2026-10-08
BL12270103,AIDA,"12 Nächte - Kanaren, Madeira & Marokko",AIDAblu,2027-01-03,2027-01-15,12,CA,CALPA12S,Las Palmas/gran Canaria → Santa Cruz/la Palma → Funchal/madeira → Puerto del Rosario → Santa Cruz de Tenerife → Las Palmas/gran Canaria → San Sebastian → Arrecife/lanzarote → Agadir → Puerto del Rosario,,2026-10-08,2026-10-08
BL12270419,AIDA,12 Nächte - Mittelmeer & Adria ab Civitavecchia,AIDAblu,2027-04-19,2027-05-01,12,CV,CVVCFU12,Rom/civitavecchia → Ajaccio/korsika → Neapel → Sizilien/palermo → Valletta → Sizilien/catania → Dubrovnik → Kotor → Bari → Korfu,,2026-10-08,2026-10-08
BL12271023,AIDA,"12 Nächte - Spanien, Italien & Malta ab Korfu",AIDAblu,2027-10-23,2027-11-04,12,CF,CFUPMI12,Korfu → Sizilien/catania → Valletta → Neapel → Rom/civitavecchia → Olbia/sardinien → Marseille → Mahon/menorca → Barcelona → Palma,,2026-10-08,2026-10-08
BL12281119,AIDA,"12 Nächte - Kanaren, Madeira & Marokko",AIDAblu,2028-11-19,2028-12-01,12,CA,CALPA12S,Las Palmas/gran Canaria → Santa Cruz/la Palma → Funchal/madeira → Puerto del Rosario → Santa Cruz de Tenerife → Las Palmas/gran Canaria → San Sebastian → Arrecife/lanzarote → Agadir → Puerto del Rosario,,2026-10-08,2026-10-08
BL12281126,AIDA,"12 Nächte - Kanaren, Madeira & Marokko",AIDAblu,2028-11-26,2028-12-08,12,CA,CALPA12S,Las Palmas/gran Canaria → Santa Cruz/la Palma → Funchal/madeira → Puerto del Rosario → Santa Cruz de Tenerife → Las Palmas/gran Canaria → San Sebastian → Arrecife/lanzarote → Agadir → Puerto del Rosario,,2026-10-08,2026-10-08
BL12281203,AIDA,12 Nächte - Große Rundreise Kanaren & Madeira,AIDAblu,2028-12-03,2028-12-15,12,CA,CALPA12,Las Palmas/gran Canaria → Santa Cruz/la Palma → Funchal/madeira → Puerto del Rosario → Santa Cruz de Tenerife → Las Palmas/gran Canaria → San Sebastian → Santa Cruz/la Palma → Arrecife/lanzarote → Puerto del Rosario,,2026-10-08,2026-10-08
BL12281210,AIDA,12 Nächte - Große Rundreise Kanaren & Madeira,AIDAblu,2028-12-10,2028-12-22,12,CA,CALPA12,Las Palmas/gran Canaria → Santa Cruz/la Palma → Funchal/madeira → Puerto del Rosario → Santa Cruz de Tenerife → Las Palmas/gran Canaria → San Sebastian → Santa Cruz/la Palma → Arrecife/lanzarote → Puerto del Rosario,,2026-10-08,2026-10-08
BL12281217,AIDA,"12 Nächte - Kanaren, Madeira & Marokko",AIDAblu,2028-12-17,2028-12-29,12,CA,CALPA12S,Las Palmas/gran Canaria → Santa Cruz/la Palma → Funchal/madeira → Puerto del Rosario → Santa Cruz de Tenerife → Las Palmas/gran Canaria → San Sebastian → Arrecife/lanzarote → Agadir → Puerto del Rosario,,2026-10-08,2026-10-08
BL12281224,AIDA,"12 Nächte - Kanaren, Madeira & Marokko",AIDAblu,2028-12-24,2029-01-05,12,CA,CALPA12S,Las Palmas/gran Canaria → Santa Cruz/la Palma → Funchal/madeira → Puerto del Rosario → Santa Cruz de Tenerife → Las Palmas/gran Canaria → San Sebastian → Arrecife/lanzarote → Agadir → Puerto del Rosario,,2026-10-08,2026-10-08
BL12281231,AIDA,12 Nächte - Große Rundreise Kanaren & Madeira,AIDAblu,2028-12-31,2029-01-12,12,CA,CALPA12,Las Palmas/gran Canaria → Santa Cruz/la Palma → Funchal/madeira → Puerto del Rosario → Santa Cruz de Tenerife → Las Palmas/gran Canaria → San Sebastian → Santa Cruz/la Palma → Arrecife/lanzarote → Puerto del Rosario,,2026-10-08,2026-10-08
BL12290107,AIDA,12 Nächte - Große Rundreise Kanaren & Madeira,AIDAblu,2029-01-07,2029-01-19,12,CA,CALPA12,Las Palmas/gran Canaria → Santa Cruz/la Palma → Funchal/madeira → Puerto del Rosario → Santa Cruz de Tenerife → Las Palmas/gran Canaria → San Sebastian → Santa Cruz/la Palma → Arrecife/lanzarote → Puerto del Rosario,,2026-10-08,2026-10-08
BL12290114,AIDA,"12 Nächte - Kanaren, Madeira & Marokko",AIDAblu,2029-01-14,2029-01-26,12,CA,CALPA12S,Las Palmas/gran Canaria → Santa Cruz/la Palma → Funchal/madeira → Puerto del Rosario → Santa Cruz de Tenerife → Las Palmas/gran Canaria → San Sebastian → Arrecife/lanzarote → Agadir → Puerto del Rosario,,2026-10-08,2026-10-08
BL12290121,AIDA,"12 Nächte - Kanaren, Madeira & Marokko",AIDAblu,2029-01-21,2029-02-02,12,CA,CALPA12S,Las Palmas/gran Canaria → Santa Cruz/la Palma → Funchal/madeira → Puerto del Rosario → Santa Cruz de Tenerife → Las Palmas/gran Canaria → San Sebastian → Arrecife/lanzarote → Agadir → Puerto del Rosario,,2026-10-08,2026-10-08
BL12290128,AIDA,12 Nächte - Große Rundreise Kanaren & Madeira,AIDAblu,2029-01-28,2029-02-09,12,CA,CALPA12,Las Palmas/gran Canaria → Santa Cruz/la Palma → Funchal/madeira → Puerto del Rosario → Santa Cruz de Tenerife → Las Palmas/gran Canaria → San Sebastian → Santa Cruz/la Palma → Arrecife/lanzarote → Puerto del Rosario,,2026-10-08,2026-10-08
BL12290204,AIDA,12 Nächte - Große Rundreise Kanaren & Madeira,AIDAblu,2029-02-04,2029-02-16,12,CA,CALPA12,Las Palmas/gran Canaria → Santa Cruz/la Palma → Funchal/madeira → Puerto del Rosario → Santa Cruz de Tenerife → Las Palmas/gran Canaria → San Sebastian → Santa Cruz/la Palma → Arrecife/lanzarote → Puerto del Rosario,,2026-10-08,2026-10-08
BL12290211,AIDA,"12 Nächte - Kanaren, Madeira & Marokko",AIDAblu,2029-02-11,2029-02-23,12,CA,CALPA12S,Las Palmas/gran Canaria → Santa Cruz/la Palma → Funchal/madeira → Puerto del Rosario → Santa Cruz de Tenerife → Las Palmas/gran Canaria → San Sebastian → Arrecife/lanzarote → Agadir → Puerto del Rosario,,2026-10-08,2026-10-08
BL12290218,AIDA,"12 Nächte - Kanaren, Madeira & Marokko",AIDAblu,2029-02-18,2029-03-02,12,CA,CALPA12S,Las Palmas/gran Canaria → Santa Cruz/la Palma → Funchal/madeira → Puerto del Rosario → Santa Cruz de Tenerife → Las Palmas/gran Canaria → San Sebastian → Arrecife/lanzarote → Agadir → Puerto del Rosario,,2026-10-08,2026-10-08
BL12290225,AIDA,12 Nächte - Große Rundreise Kanaren & Madeira,AIDAblu,2029-02-25,2029-03-09,12,CA,CALPA12,Las Palmas/gran Canaria → Santa Cruz/la Palma → Funchal/madeira → Puerto del Rosario → Santa Cruz de Tenerife → Las Palmas/gran Canaria → San Sebastian → Santa Cruz/la Palma → Arrecife/lanzarote → Puerto del Rosario,,2026-10-08,2026-10-08
BL12290304,AIDA,12 Nächte - Große Rundreise Kanaren & Madeira,AIDAblu,2029-03-04,2029-03-16,12,CA,CALPA12,Las Palmas/gran Canaria → Santa Cruz/la Palma → Funchal/madeira → Puerto del Rosario → Santa Cruz de Tenerife → Las Palmas/gran Canaria → San Sebastian → Santa Cruz/la Palma → Arrecife/lanzarote → Puerto del Rosario,,2026-10-08,2026-10-08
BL13261024,AIDA,"13 Nächte - Griechenland, Andalusien & Kanaren ab Korfu 2",AIDAblu,2026-10-24,2026-11-06,13,CF,CFUFUE13,Korfu → Zakynthos → Crotone → Neapel → Olbia/sardinien → Ajaccio/korsika → La Seyne-sur-mer → Barcelona → Gibraltar → Sevilla/cadiz → Puerto del Rosario,,2026-10-08,2026-10-08
BL13270425,AIDA,"13 Nächte - Sizilien, Adria & Griechenland ab Malta",AIDAblu,2027-04-25,2027-05-08,13,ML,MLACFU13,Valletta → Sizilien/catania → Dubrovnik → Kotor → Bari → Korfu → Zakynthos → Rhodos Stadt → Bodrum → Heraklion/kreta → Olympia/katakolon → Korfu,,2026-10-08,2026-10-08
BL13271208,AIDA,13 Nächte - Südafrika mit La Réunion & Mauritius 2,AIDAblu,2027-12-08,2027-12-21,13,AF,AFCPT13E,Kapstadt → Gqeberha (port Elizabeth) → Kugompo (east London) → Maputo → Le Port → Port Louis,,2026-10-08,2026-10-08
BL13280216,AIDA,13 Nächte - Südafrika mit La Réunion & Mauritius 2,AIDAblu,2028-02-16,2028-02-29,13,AF,AFCPT13E,Kapstadt → Gqeberha (port Elizabeth) → Kugompo (east London) → Maputo → Le Port → Port Louis,,2026-10-08,2026-10-08
BL13281111,AIDA,"13 Nächte - Andalusien, Madeira & Kanaren ab Mallorca",AIDAblu,2028-11-11,2028-11-24,13,PM,PMIFUE13,Palma → Malaga → Tanger → Arrecife/lanzarote → Puerto del Rosario → Santa Cruz de Tenerife → Las Palmas/gran Canaria → Santa Cruz/la Palma → Funchal/madeira → Puerto del Rosario,,2026-10-08,2026-10-08
BL14261101,AIDA,"14 Nächte - Andalusien, Madeira & Kanaren ab Barcelona 1",AIDAblu,2026-11-01,2026-11-15,14,BC,BCNLPA14,Barcelona → Gibraltar → Sevilla/cadiz → Puerto del Rosario → Arrecife/lanzarote → Las Palmas/gran Canaria → Funchal/madeira → Puerto del Rosario → Santa Cruz de Tenerife → Las Palmas/gran Canaria,,2026-10-08,2026-10-08
BL14261108,AIDA,14 Nächte - Große Kanaren-Reise mit Madeira & Marokko,AIDAblu,2026-11-08,2026-11-22,14,CA,CALPA14S,Las Palmas/gran Canaria → Funchal/madeira → Puerto del Rosario → Santa Cruz de Tenerife → Las Palmas/gran Canaria → Arrecife/lanzarote → Agadir → Santa Cruz de Tenerife → Puerto del Rosario → San Sebastian → Las Palmas/gran Canaria,,2026-10-08,2026-10-08
BL14261115,AIDA,14 Nächte - Große Kanaren-Reise mit Madeira & Marokko,AIDAblu,2026-11-15,2026-11-29,14,CA,CALPA14S,Las Palmas/gran Canaria → Funchal/madeira → Puerto del Rosario → Santa Cruz de Tenerife → Las Palmas/gran Canaria → Arrecife/lanzarote → Agadir → Santa Cruz de Tenerife → Puerto del Rosario → San Sebastian → Las Palmas/gran Canaria,,2026-10-08,2026-10-08
BL14261122,AIDA,14 Nächte - Große Kanaren-Reise mit La Gomera & Madeira,AIDAblu,2026-11-22,2026-12-06,14,CA,CALPA14,Las Palmas/gran Canaria → Santa Cruz/la Palma → Funchal/madeira → Puerto del Rosario → Santa Cruz de Tenerife → Las Palmas/gran Canaria → San Sebastian → Santa Cruz/la Palma → Arrecife/lanzarote → Puerto del Rosario → Santa Cruz de Tenerife → Las Palmas/gran Canaria,,2026-10-08,2026-10-08
BL14261129,AIDA,14 Nächte - Große Kanaren-Reise mit La Gomera & Madeira,AIDAblu,2026-11-29,2026-12-13,14,CA,CALPA14,Las Palmas/gran Canaria → Santa Cruz/la Palma → Funchal/madeira → Puerto del Rosario → Santa Cruz de Tenerife → Las Palmas/gran Canaria → San Sebastian → Santa Cruz/la Palma → Arrecife/lanzarote → Puerto del Rosario → Santa Cruz de Tenerife → Las Palmas/gran Canaria,,2026-10-08,2026-10-08
BL14261206,AIDA,14 Nächte - Große Kanaren-Reise mit Madeira & Marokko,AIDAblu,2026-12-06,2026-12-20,14,CA,CALPA14S,Las Palmas/gran Canaria → Funchal/madeira → Puerto del Rosario → Santa Cruz de Tenerife → Las Palmas/gran Canaria → Arrecife/lanzarote → Agadir → Santa Cruz de Tenerife → Puerto del Rosario → San Sebastian → Las Palmas/gran Canaria,,2026-10-08,2026-10-08
BL14261213,AIDA,14 Nächte - Große Kanaren-Reise mit Madeira & Marokko,AIDAblu,2026-12-13,2026-12-27,14,CA,CALPA14S,Las Palmas/gran Canaria → Funchal/madeira → Puerto del Rosario → Santa Cruz de Tenerife → Las Palmas/gran Canaria → Arrecife/lanzarote → Agadir → Santa Cruz de Tenerife → Puerto del Rosario → San Sebastian → Las Palmas/gran Canaria,,2026-10-08,2026-10-08
BL14261220,AIDA,14 Nächte - Große Kanaren-Reise mit La Gomera & Madeira,AIDAblu,2026-12-20,2027-01-03,14,CA,CALPA14,Las Palmas/gran Canaria → Santa Cruz/la Palma → Funchal/madeira → Puerto del Rosario → Santa Cruz de Tenerife → Las Palmas/gran Canaria → San Sebastian → Santa Cruz/la Palma → Arrecife/lanzarote → Puerto del Rosario → Santa Cruz de Tenerife → Las Palmas/gran Canaria,,2026-10-08,2026-10-08
BL14261227,AIDA,14 Nächte - Große Kanaren-Reise mit La Gomera & Madeira,AIDAblu,2026-12-27,2027-01-10,14,CA,CALPA14,Las Palmas/gran Canaria → Santa Cruz/la Palma → Funchal/madeira → Puerto del Rosario → Santa Cruz de Tenerife → Las Palmas/gran Canaria → San Sebastian → Santa Cruz/la Palma → Arrecife/lanzarote → Puerto del Rosario → Santa Cruz de Tenerife → Las Palmas/gran Canaria,,2026-10-08,2026-10-08
BL14270103,AIDA,14 Nächte - Große Kanaren-Reise mit Madeira & Marokko,AIDAblu,2027-01-03,2027-01-17,14,CA,CALPA14S,Las Palmas/gran Canaria → Funchal/madeira → Puerto del Rosario → Santa Cruz de Tenerife → Las Palmas/gran Canaria → Arrecife/lanzarote → Agadir → Santa Cruz de Tenerife → Puerto del Rosario → San Sebastian → Las Palmas/gran Canaria,,2026-10-08,2026-10-08
BL14270501,AIDA,14 Nächte - Griechenland & Mittelmeerinseln ab Korfu 2,AIDAblu,2027-05-01,2027-05-15,14,EM,EMCFU14W,Korfu → Zakynthos → Rhodos Stadt → Bodrum → Heraklion/kreta → Olympia/katakolon → Korfu → Valletta → Sizilien/catania → Messina → Argostolion → Olympia/katakolon → Korfu,,2026-10-08,2026-10-08
BL14270508,AIDA,14 Nächte - Griechenland & Mittelmeerinseln ab Korfu 1,AIDAblu,2027-05-08,2027-05-22,14,EM,EMCFU14W,Korfu → Valletta → Sizilien/catania → Messina → Argostolion → Olympia/katakolon → Korfu → Souda-bucht → Kos → Bodrum → Athen/piräus → Korfu,,2026-10-08,2026-10-08
BL14270515,AIDA,14 Nächte - Adria & Griechenland ab Korfu 1,AIDAblu,2027-05-15,2027-05-29,14,EM,EMCFU14,Korfu → Souda-bucht → Kos → Bodrum → Athen/piräus → Korfu → Koper → Triest → Rijeka → Korkula → Kotor → Korfu,,2026-10-08,2026-10-08
BL14270522,AIDA,14 Nächte - Adria & Griechenland ab Korfu 1,AIDAblu,2027-05-22,2027-06-05,14,EM,EMCFU14,Korfu → Souda-bucht → Kos → Bodrum → Athen/piräus → Korfu → Koper → Triest → Rijeka → Korkula → Kotor → Korfu,,2026-10-08,2026-10-08
BL14270529,AIDA,14 Nächte - Griechenland & Mittelmeerinseln ab Korfu 1,AIDAblu,2027-05-29,2027-06-12,14,EM,EMCFU14W,Korfu → Valletta → Sizilien/catania → Messina → Argostolion → Olympia/katakolon → Korfu → Souda-bucht → Kos → Bodrum → Athen/piräus → Korfu,,2026-10-08,2026-10-08
BL14270605,AIDA,14 Nächte - Adria & Mittelmeerinseln ab Korfu,AIDAblu,2027-06-05,2027-06-19,14,AD,ADCFU14,Korfu → Valletta → Sizilien/catania → Messina → Argostolion → Olympia/katakolon → Korfu → Triest → Zadar → Kotor → Korkula → Dubrovnik → Korfu,,2026-10-08,2026-10-08
BL14270612,AIDA,14 Nächte - Adria & Griechenland ab Korfu 2,AIDAblu,2027-06-12,2027-06-26,14,EM,EMCFU14,Korfu → Triest → Zadar → Kotor → Korkula → Dubrovnik → Korfu → Zakynthos → Rhodos Stadt → Bodrum → Heraklion/kreta → Olympia/katakolon → Korfu,,2026-10-08,2026-10-08
BL14270619,AIDA,14 Nächte - Griechenland & Mittelmeerinseln ab Korfu 2,AIDAblu,2027-06-19,2027-07-03,14,EM,EMCFU14W,Korfu → Zakynthos → Rhodos Stadt → Bodrum → Heraklion/kreta → Olympia/katakolon → Korfu → Valletta → Sizilien/catania → Messina → Argostolion → Olympia/katakolon → Korfu,,2026-10-08,2026-10-08
BL14270626,AIDA,14 Nächte - Adria & Mittelmeerinseln ab Korfu,AIDAblu,2027-06-26,2027-07-10,14,AD,ADCFU14,Korfu → Valletta → Sizilien/catania → Messina → Argostolion → Olympia/katakolon → Korfu → Triest → Zadar → Kotor → Korkula → Dubrovnik → Korfu,,2026-10-08,2026-10-08
BL14270703,AIDA,14 Nächte - Adria & Griechenland ab Korfu 1,AIDAblu,2027-07-03,2027-07-17,14,EM,EMCFU14,Korfu → Souda-bucht → Kos → Bodrum → Athen/piräus → Korfu → Koper → Triest → Rijeka → Korkula → Kotor → Korfu,,2026-10-08,2026-10-08
BL14270710,AIDA,14 Nächte - Griechenland & Mittelmeerinseln ab Korfu 1,AIDAblu,2027-07-10,2027-07-24,14,EM,EMCFU14W,Korfu → Valletta → Sizilien/catania → Messina → Argostolion → Olympia/katakolon → Korfu → Souda-bucht → Kos → Bodrum → Athen/piräus → Korfu,,2026-10-08,2026-10-08
BL14270717,AIDA,14 Nächte - Adria & Mittelmeerinseln ab Korfu,AIDAblu,2027-07-17,2027-07-31,14,AD,ADCFU14,Korfu → Valletta → Sizilien/catania → Messina → Argostolion → Olympia/katakolon → Korfu → Triest → Zadar → Kotor → Korkula → Dubrovnik → Korfu,,2026-10-08,2026-10-08
BL14270724,AIDA,14 Nächte - Adria & Griechenland ab Korfu 2,AIDAblu,2027-07-24,2027-08-07,14,EM,EMCFU14,Korfu → Triest → Zadar → Kotor → Korkula → Dubrovnik → Korfu → Zakynthos → Rhodos Stadt → Bodrum → Heraklion/kreta → Olympia/katakolon → Korfu,,2026-10-08,2026-10-08
BL14270731,AIDA,14 Nächte - Griechenland & Mittelmeerinseln ab Korfu 2,AIDAblu,2027-07-31,2027-08-14,14,EM,EMCFU14W,Korfu → Zakynthos → Rhodos Stadt → Bodrum → Heraklion/kreta → Olympia/katakolon → Korfu → Valletta → Sizilien/catania → Messina → Argostolion → Olympia/katakolon → Korfu,,2026-10-08,2026-10-08
BL14270807,AIDA,14 Nächte - Adria & Mittelmeerinseln ab Korfu,AIDAblu,2027-08-07,2027-08-21,14,AD,ADCFU14,Korfu → Valletta → Sizilien/catania → Messina → Argostolion → Olympia/katakolon → Korfu → Triest → Zadar → Kotor → Korkula → Dubrovnik → Korfu,,2026-10-08,2026-10-08
BL14270814,AIDA,14 Nächte - Adria & Griechenland ab Korfu 1,AIDAblu,2027-08-14,2027-08-28,14,EM,EMCFU14,Korfu → Souda-bucht → Kos → Bodrum → Athen/piräus → Korfu → Koper → Triest → Rijeka → Korkula → Kotor → Korfu,,2026-10-08,2026-10-08
BL14270821,AIDA,14 Nächte - Griechenland & Mittelmeerinseln ab Korfu 1,AIDAblu,2027-08-21,2027-09-04,14,EM,EMCFU14W,Korfu → Valletta → Sizilien/catania → Messina → Argostolion → Olympia/katakolon → Korfu → Souda-bucht → Kos → Bodrum → Athen/piräus → Korfu,,2026-10-08,2026-10-08
BL14270828,AIDA,14 Nächte - Adria & Mittelmeerinseln ab Korfu,AIDAblu,2027-08-28,2027-09-11,14,AD,ADCFU14,Korfu → Valletta → Sizilien/catania → Messina → Argostolion → Olympia/katakolon → Korfu → Triest → Zadar → Kotor → Korkula → Dubrovnik → Korfu,,2026-10-08,2026-10-08
BL14270904,AIDA,14 Nächte - Adria & Griechenland ab Korfu 3,AIDAblu,2027-09-04,2027-09-18,14,EM,EMCFU14,Korfu → Triest → Zadar → Kotor → Korkula → Dubrovnik → Korfu → Souda-bucht → Rhodos Stadt → Bodrum → Athen/piräus → Korfu,,2026-10-08,2026-10-08
BL14270911,AIDA,14 Nächte - Griechenland & Mittelmeerinseln ab Korfu 1,AIDAblu,2027-09-11,2027-09-25,14,EM,EMCFU14W,Korfu → Valletta → Sizilien/catania → Messina → Argostolion → Olympia/katakolon → Korfu → Souda-bucht → Kos → Bodrum → Athen/piräus → Korfu,,2026-10-08,2026-10-08
BL14270918,AIDA,14 Nächte - Adria & Mittelmeerinseln ab Korfu,AIDAblu,2027-09-18,2027-10-02,14,AD,ADCFU14,Korfu → Valletta → Sizilien/catania → Messina → Argostolion → Olympia/katakolon → Korfu → Triest → Zadar → Kotor → Korkula → Dubrovnik → Korfu,,2026-10-08,2026-10-08
BL14270925,AIDA,14 Nächte - Adria & Griechenland ab Korfu 3,AIDAblu,2027-09-25,2027-10-09,14,EM,EMCFU14,Korfu → Triest → Zadar → Kotor → Korkula → Dubrovnik → Korfu → Souda-bucht → Rhodos Stadt → Bodrum → Athen/piräus → Korfu,,2026-10-08,2026-10-08
BL14271002,AIDA,14 Nächte - Griechenland & Mittelmeerinseln ab Korfu 1,AIDAblu,2027-10-02,2027-10-16,14,EM,EMCFU14W,Korfu → Valletta → Sizilien/catania → Messina → Argostolion → Olympia/katakolon → Korfu → Souda-bucht → Kos → Bodrum → Athen/piräus → Korfu,,2026-10-08,2026-10-08
BL14271009,AIDA,14 Nächte - Griechenland & Mittelmeerinseln ab Korfu 2,AIDAblu,2027-10-09,2027-10-23,14,EM,EMCFU14W,Korfu → Zakynthos → Rhodos Stadt → Bodrum → Heraklion/kreta → Olympia/katakolon → Korfu → Valletta → Sizilien/catania → Messina → Argostolion → Olympia/katakolon → Korfu,,2026-10-08,2026-10-08
BL14271124,AIDA,14 Nächte - Südafrika & Namibia,AIDAblu,2027-11-24,2027-12-08,14,AF,AFCPT14,Kapstadt → Kugompo (east London) → Gqeberha (port Elizabeth) → Lüderitz → Walvis Bay → Kapstadt,,2026-10-08,2026-10-08
BL14271208,AIDA,14 Nächte - Südafrika mit La Réunion & Mauritius 1,AIDAblu,2027-12-08,2027-12-22,14,AF,AFCPT14E,Kapstadt → Gqeberha (port Elizabeth) → Kugompo (east London) → Maputo → Le Port → Port Louis,,2026-10-08,2026-10-08
BL14271221,AIDA,"14 Nächte - Mauritius, Seychellen & Madagaskar 1",AIDAblu,2027-12-21,2028-01-04,14,IO,IOPLU14,Port Louis → Le Port → La Digue → Mahe → Antsiranana → Nosy Be → Port Louis,,2026-10-08,2026-10-08
BL14271222,AIDA,"14 Nächte - Mauritius, Seychellen & Madagaskar 1",AIDAblu,2027-12-22,2028-01-05,14,IO,IOPLU14,Port Louis → Le Port → La Digue → Mahe → Antsiranana → Nosy Be → Port Louis,,2026-10-08,2026-10-08
BL14271228,AIDA,"14 Nächte - Mauritius, Seychellen & Madagaskar 2",AIDAblu,2027-12-28,2028-01-11,14,IO,IOPOV14,Mahe → Antsiranana → Nosy Be → Port Louis → Le Port → La Digue → Mahe,,2026-10-08,2026-10-08
BL14280104,AIDA,"14 Nächte - Mauritius, Seychellen & Madagaskar 1",AIDAblu,2028-01-04,2028-01-18,14,IO,IOPLU14,Port Louis → Le Port → La Digue → Mahe → Antsiranana → Nosy Be → Port Louis,,2026-10-08,2026-10-08
BL14280105,AIDA,"14 Nächte - Mauritius, Seychellen & Madagaskar 1",AIDAblu,2028-01-05,2028-01-19,14,IO,IOPLU14,Port Louis → Le Port → La Digue → Mahe → Antsiranana → Nosy Be → Port Louis,,2026-10-08,2026-10-08
BL14280111,AIDA,"14 Nächte - Mauritius, Seychellen & Madagaskar 2",AIDAblu,2028-01-11,2028-01-25,14,IO,IOPOV14,Mahe → Antsiranana → Nosy Be → Port Louis → Le Port → La Digue → Mahe,,2026-10-08,2026-10-08
BL14280118,AIDA,"14 Nächte - Mauritius, Seychellen & Madagaskar 1",AIDAblu,2028-01-18,2028-02-01,14,IO,IOPLU14,Port Louis → Le Port → La Digue → Mahe → Antsiranana → Nosy Be → Port Louis,,2026-10-08,2026-10-08
BL14280119,AIDA,"14 Nächte - Mauritius, Seychellen & Madagaskar 1",AIDAblu,2028-01-19,2028-02-02,14,IO,IOPLU14,Port Louis → Le Port → La Digue → Mahe → Antsiranana → Nosy Be → Port Louis,,2026-10-08,2026-10-08
BL14280125,AIDA,"14 Nächte - Mauritius, Seychellen & Madagaskar 2",AIDAblu,2028-01-25,2028-02-08,14,IO,IOPOV14,Mahe → Antsiranana → Nosy Be → Port Louis → Le Port → La Digue → Mahe,,2026-10-08,2026-10-08
BL14280201,AIDA,"14 Nächte - Mauritius, Seychellen & Madagaskar 1",AIDAblu,2028-02-01,2028-02-15,14,IO,IOPLU14,Port Louis → Le Port → La Digue → Mahe → Antsiranana → Nosy Be → Port Louis,,2026-10-08,2026-10-08
BL14280202,AIDA,"14 Nächte - Mauritius, Seychellen & Madagaskar 1",AIDAblu,2028-02-02,2028-02-16,14,IO,IOPLU14,Port Louis → Le Port → La Digue → Mahe → Antsiranana → Nosy Be → Port Louis,,2026-10-08,2026-10-08
BL14280215,AIDA,14 Nächte - Südafrika mit La Réunion & Mauritius 1,AIDAblu,2028-02-15,2028-02-29,14,AF,AFCPT14E,Kapstadt → Gqeberha (port Elizabeth) → Kugompo (east London) → Maputo → Le Port → Port Louis,,2026-10-08,2026-10-08
BL14280229,AIDA,14 Nächte - Südafrika & Namibia,AIDAblu,2028-02-29,2028-03-14,14,AF,AFCPT14,Kapstadt → Kugompo (east London) → Gqeberha (port Elizabeth) → Lüderitz → Walvis Bay → Kapstadt,,2026-10-08,2026-10-08
BL14280422,AIDA,"14 Nächte - Türkei, Griechenland & Italien ab Antalya",AIDAblu,2028-04-22,2028-05-06,14,AY,AYTCFU14,Antalya → Istanbul → Izmir → Kos → Rhodos Stadt → Antalya → Rhodos Stadt → Heraklion/kreta → Olympia/katakolon → Argostolion → Taranto → Korfu,,2026-10-08,2026-10-08
BL14280429,AIDA,14 Nächte - Griechenland & Mittelmeerinseln ab Antalya,AIDAblu,2028-04-29,2028-05-13,14,AY,AYTCFU14,Antalya → Rhodos Stadt → Heraklion/kreta → Olympia/katakolon → Argostolion → Taranto → Korfu → Zakynthos → Rhodos Stadt → Bodrum → Heraklion/kreta → Olympia/katakolon → Korfu,,2026-10-08,2026-10-08
BL14280506,AIDA,14 Nächte - Adria & Griechenland ab Korfu 2,AIDAblu,2028-05-06,2028-05-20,14,EM,EMCFU14,Korfu → Triest → Zadar → Kotor → Korkula → Dubrovnik → Korfu → Zakynthos → Rhodos Stadt → Bodrum → Heraklion/kreta → Olympia/katakolon → Korfu,,2026-10-08,2026-10-08
BL14280513,AIDA,14 Nächte - Adria & Griechenland ab Korfu 1,AIDAblu,2028-05-13,2028-05-27,14,EM,EMCFU14,Korfu → Souda-bucht → Kos → Bodrum → Athen/piräus → Korfu → Koper → Triest → Rijeka → Korkula → Kotor → Korfu,,2026-10-08,2026-10-08
BL14280520,AIDA,14 Nächte - Griechenland & Mittelmeerinseln ab Korfu 1,AIDAblu,2028-05-20,2028-06-03,14,EM,EMCFU14W,Korfu → Valletta → Sizilien/catania → Messina → Argostolion → Olympia/katakolon → Korfu → Souda-bucht → Kos → Bodrum → Athen/piräus → Korfu,,2026-10-08,2026-10-08
BL14280527,AIDA,14 Nächte - Adria & Mittelmeerinseln ab Korfu,AIDAblu,2028-05-27,2028-06-10,14,AD,ADCFU14,Korfu → Valletta → Sizilien/catania → Messina → Argostolion → Olympia/katakolon → Korfu → Triest → Zadar → Kotor → Korkula → Dubrovnik → Korfu,,2026-10-08,2026-10-08
BL14280603,AIDA,14 Nächte - Adria & Griechenland ab Korfu 2,AIDAblu,2028-06-03,2028-06-17,14,EM,EMCFU14,Korfu → Triest → Zadar → Kotor → Korkula → Dubrovnik → Korfu → Zakynthos → Rhodos Stadt → Bodrum → Heraklion/kreta → Olympia/katakolon → Korfu,,2026-10-08,2026-10-08
BL14280610,AIDA,14 Nächte - Griechenland & Mittelmeerinseln ab Korfu 2,AIDAblu,2028-06-10,2028-06-24,14,EM,EMCFU14W,Korfu → Zakynthos → Rhodos Stadt → Bodrum → Heraklion/kreta → Olympia/katakolon → Korfu → Valletta → Sizilien/catania → Messina → Argostolion → Olympia/katakolon → Korfu,,2026-10-08,2026-10-08
BL14280617,AIDA,14 Nächte - Adria & Mittelmeerinseln ab Korfu,AIDAblu,2028-06-17,2028-07-01,14,AD,ADCFU14,Korfu → Valletta → Sizilien/catania → Messina → Argostolion → Olympia/katakolon → Korfu → Triest → Zadar → Kotor → Korkula → Dubrovnik → Korfu,,2026-10-08,2026-10-08
BL14280624,AIDA,14 Nächte - Adria & Griechenland ab Korfu 1,AIDAblu,2028-06-24,2028-07-08,14,EM,EMCFU14,Korfu → Souda-bucht → Kos → Bodrum → Athen/piräus → Korfu → Koper → Triest → Rijeka → Korkula → Kotor → Korfu,,2026-10-08,2026-10-08
BL14280701,AIDA,14 Nächte - Griechenland & Mittelmeerinseln ab Korfu 1,AIDAblu,2028-07-01,2028-07-15,14,EM,EMCFU14W,Korfu → Valletta → Sizilien/catania → Messina → Argostolion → Olympia/katakolon → Korfu → Souda-bucht → Kos → Bodrum → Athen/piräus → Korfu,,2026-10-08,2026-10-08
BL14280708,AIDA,14 Nächte - Adria & Mittelmeerinseln ab Korfu,AIDAblu,2028-07-08,2028-07-22,14,AD,ADCFU14,Korfu → Valletta → Sizilien/catania → Messina → Argostolion → Olympia/katakolon → Korfu → Triest → Zadar → Kotor → Korkula → Dubrovnik → Korfu,,2026-10-08,2026-10-08
BL14280715,AIDA,14 Nächte - Adria & Griechenland ab Korfu 2,AIDAblu,2028-07-15,2028-07-29,14,EM,EMCFU14,Korfu → Triest → Zadar → Kotor → Korkula → Dubrovnik → Korfu → Zakynthos → Rhodos Stadt → Bodrum → Heraklion/kreta → Olympia/katakolon → Korfu,,2026-10-08,2026-10-08
BL14280722,AIDA,14 Nächte - Griechenland & Mittelmeerinseln ab Korfu 2,AIDAblu,2028-07-22,2028-08-05,14,EM,EMCFU14W,Korfu → Zakynthos → Rhodos Stadt → Bodrum → Heraklion/kreta → Olympia/katakolon → Korfu → Valletta → Sizilien/catania → Messina → Argostolion → Olympia/katakolon → Korfu,,2026-10-08,2026-10-08
BL14280729,AIDA,14 Nächte - Adria & Mittelmeerinseln ab Korfu,AIDAblu,2028-07-29,2028-08-12,14,AD,ADCFU14,Korfu → Valletta → Sizilien/catania → Messina → Argostolion → Olympia/katakolon → Korfu → Triest → Zadar → Kotor → Korkula → Dubrovnik → Korfu,,2026-10-08,2026-10-08
BL14280805,AIDA,14 Nächte - Adria & Griechenland ab Korfu 1,AIDAblu,2028-08-05,2028-08-19,14,EM,EMCFU14,Korfu → Souda-bucht → Kos → Bodrum → Athen/piräus → Korfu → Koper → Triest → Rijeka → Korkula → Kotor → Korfu,,2026-10-08,2026-10-08
BL14280812,AIDA,14 Nächte - Griechenland & Mittelmeerinseln ab Korfu 1,AIDAblu,2028-08-12,2028-08-26,14,EM,EMCFU14W,Korfu → Valletta → Sizilien/catania → Messina → Argostolion → Olympia/katakolon → Korfu → Souda-bucht → Kos → Bodrum → Athen/piräus → Korfu,,2026-10-08,2026-10-08
BL14280819,AIDA,14 Nächte - Adria & Mittelmeerinseln ab Korfu,AIDAblu,2028-08-19,2028-09-02,14,AD,ADCFU14,Korfu → Valletta → Sizilien/catania → Messina → Argostolion → Olympia/katakolon → Korfu → Triest → Zadar → Kotor → Korkula → Dubrovnik → Korfu,,2026-10-08,2026-10-08
BL14280826,AIDA,14 Nächte - Adria & Griechenland ab Korfu 2,AIDAblu,2028-08-26,2028-09-09,14,EM,EMCFU14,Korfu → Triest → Zadar → Kotor → Korkula → Dubrovnik → Korfu → Zakynthos → Rhodos Stadt → Bodrum → Heraklion/kreta → Olympia/katakolon → Korfu,,2026-10-08,2026-10-08
BL14280902,AIDA,14 Nächte - Griechenland & Mittelmeerinseln ab Korfu 2,AIDAblu,2028-09-02,2028-09-16,14,EM,EMCFU14W,Korfu → Zakynthos → Rhodos Stadt → Bodrum → Heraklion/kreta → Olympia/katakolon → Korfu → Valletta → Sizilien/catania → Messina → Argostolion → Olympia/katakolon → Korfu,,2026-10-08,2026-10-08
BL14280909,AIDA,14 Nächte - Adria & Mittelmeerinseln ab Korfu,AIDAblu,2028-09-09,2028-09-23,14,AD,ADCFU14,Korfu → Valletta → Sizilien/catania → Messina → Argostolion → Olympia/katakolon → Korfu → Triest → Zadar → Kotor → Korkula → Dubrovnik → Korfu,,2026-10-08,2026-10-08
BL14280916,AIDA,14 Nächte - Adria & Griechenland ab Korfu 1,AIDAblu,2028-09-16,2028-09-30,14,EM,EMCFU14,Korfu → Souda-bucht → Kos → Bodrum → Athen/piräus → Korfu → Koper → Triest → Rijeka → Korkula → Kotor → Korfu,,2026-10-08,2026-10-08
BL14280923,AIDA,14 Nächte - Griechenland & Mittelmeerinseln ab Korfu 1,AIDAblu,2028-09-23,2028-10-07,14,EM,EMCFU14W,Korfu → Valletta → Sizilien/catania → Messina → Argostolion → Olympia/katakolon → Korfu → Souda-bucht → Kos → Bodrum → Athen/piräus → Korfu,,2026-10-08,2026-10-08
BL14280930,AIDA,14 Nächte - Adria & Mittelmeerinseln ab Korfu,AIDAblu,2028-09-30,2028-10-14,14,AD,ADCFU14,Korfu → Valletta → Sizilien/catania → Messina → Argostolion → Olympia/katakolon → Korfu → Triest → Zadar → Kotor → Korkula → Dubrovnik → Korfu,,2026-10-08,2026-10-08
BL14281007,AIDA,14 Nächte - Adria & Griechenland ab Korfu 1,AIDAblu,2028-10-07,2028-10-21,14,EM,EMCFU14,Korfu → Souda-bucht → Kos → Bodrum → Athen/piräus → Korfu → Koper → Triest → Rijeka → Korkula → Kotor → Korfu,,2026-10-08,2026-10-08
BL14281014,AIDA,14 Nächte - Griechenland & Mittelmeerinseln ab Korfu 1,AIDAblu,2028-10-14,2028-10-28,14,EM,EMCFU14W,Korfu → Valletta → Sizilien/catania → Messina → Argostolion → Olympia/katakolon → Korfu → Souda-bucht → Kos → Bodrum → Athen/piräus → Korfu,,2026-10-08,2026-10-08
BL14281021,AIDA,14 Nächte - Griechenland & Mittelmeerinseln ab Korfu 2,AIDAblu,2028-10-21,2028-11-04,14,EM,EMCFU14W,Korfu → Zakynthos → Rhodos Stadt → Bodrum → Heraklion/kreta → Olympia/katakolon → Korfu → Valletta → Sizilien/catania → Messina → Argostolion → Olympia/katakolon → Korfu,,2026-10-08,2026-10-08
BL14281028,AIDA,14 Nächte - Mittelmeerinseln ab Korfu,AIDAblu,2028-10-28,2028-11-11,14,EM,EMCFU07W,Korfu → Valletta → Sizilien/catania → Messina → Olympia/katakolon → Argostolion → Korfu,,2026-10-08,2026-10-08
BL14281119,AIDA,14 Nächte - Große Kanaren-Reise mit Madeira & Marokko,AIDAblu,2028-11-19,2028-12-03,14,CA,CALPA14S,Las Palmas/gran Canaria → Funchal/madeira → Puerto del Rosario → Santa Cruz de Tenerife → Las Palmas/gran Canaria → Arrecife/lanzarote → Agadir → Santa Cruz de Tenerife → Puerto del Rosario → San Sebastian → Las Palmas/gran Canaria,,2026-10-08,2026-10-08
BL14281126,AIDA,14 Nächte - Große Kanaren-Reise mit Madeira & Marokko,AIDAblu,2028-11-26,2028-12-10,14,CA,CALPA14S,Las Palmas/gran Canaria → Funchal/madeira → Puerto del Rosario → Santa Cruz de Tenerife → Las Palmas/gran Canaria → Arrecife/lanzarote → Agadir → Santa Cruz de Tenerife → Puerto del Rosario → San Sebastian → Las Palmas/gran Canaria,,2026-10-08,2026-10-08
BL14281203,AIDA,14 Nächte - Große Kanaren-Reise mit La Gomera & Madeira,AIDAblu,2028-12-03,2028-12-17,14,CA,CALPA14,Las Palmas/gran Canaria → Santa Cruz/la Palma → Funchal/madeira → Puerto del Rosario → Santa Cruz de Tenerife → Las Palmas/gran Canaria → San Sebastian → Santa Cruz/la Palma → Arrecife/lanzarote → Puerto del Rosario → Santa Cruz de Tenerife → Las Palmas/gran Canaria,,2026-10-08,2026-10-08
BL14281210,AIDA,14 Nächte - Große Kanaren-Reise mit La Gomera & Madeira,AIDAblu,2028-12-10,2028-12-24,14,CA,CALPA14,Las Palmas/gran Canaria → Santa Cruz/la Palma → Funchal/madeira → Puerto del Rosario → Santa Cruz de Tenerife → Las Palmas/gran Canaria → San Sebastian → Santa Cruz/la Palma → Arrecife/lanzarote → Puerto del Rosario → Santa Cruz de Tenerife → Las Palmas/gran Canaria,,2026-10-08,2026-10-08
BL14281217,AIDA,14 Nächte - Große Kanaren-Reise mit Madeira & Marokko,AIDAblu,2028-12-17,2028-12-31,14,CA,CALPA14S,Las Palmas/gran Canaria → Funchal/madeira → Puerto del Rosario → Santa Cruz de Tenerife → Las Palmas/gran Canaria → Arrecife/lanzarote → Agadir → Santa Cruz de Tenerife → Puerto del Rosario → San Sebastian → Las Palmas/gran Canaria,,2026-10-08,2026-10-08
BL14281224,AIDA,14 Nächte - Große Kanaren-Reise mit Madeira & Marokko,AIDAblu,2028-12-24,2029-01-07,14,CA,CALPA14S,Las Palmas/gran Canaria → Funchal/madeira → Puerto del Rosario → Santa Cruz de Tenerife → Las Palmas/gran Canaria → Arrecife/lanzarote → Agadir → Santa Cruz de Tenerife → Puerto del Rosario → San Sebastian → Las Palmas/gran Canaria,,2026-10-08,2026-10-08
BL14281231,AIDA,14 Nächte - Große Kanaren-Reise mit La Gomera & Madeira,AIDAblu,2028-12-31,2029-01-14,14,CA,CALPA14,Las Palmas/gran Canaria → Santa Cruz/la Palma → Funchal/madeira → Puerto del Rosario → Santa Cruz de Tenerife → Las Palmas/gran Canaria → San Sebastian → Santa Cruz/la Palma → Arrecife/lanzarote → Puerto del Rosario → Santa Cruz de Tenerife → Las Palmas/gran Canaria,,2026-10-08,2026-10-08
BL14290107,AIDA,14 Nächte - Große Kanaren-Reise mit La Gomera & Madeira,AIDAblu,2029-01-07,2029-01-21,14,CA,CALPA14,Las Palmas/gran Canaria → Santa Cruz/la Palma → Funchal/madeira → Puerto del Rosario → Santa Cruz de Tenerife → Las Palmas/gran Canaria → San Sebastian → Santa Cruz/la Palma → Arrecife/lanzarote → Puerto del Rosario → Santa Cruz de Tenerife → Las Palmas/gran Canaria,,2026-10-08,2026-10-08
BL14290114,AIDA,14 Nächte - Große Kanaren-Reise mit Madeira & Marokko,AIDAblu,2029-01-14,2029-01-28,14,CA,CALPA14S,Las Palmas/gran Canaria → Funchal/madeira → Puerto del Rosario → Santa Cruz de Tenerife → Las Palmas/gran Canaria → Arrecife/lanzarote → Agadir → Santa Cruz de Tenerife → Puerto del Rosario → San Sebastian → Las Palmas/gran Canaria,,2026-10-08,2026-10-08
BL14290121,AIDA,14 Nächte - Große Kanaren-Reise mit Madeira & Marokko,AIDAblu,2029-01-21,2029-02-04,14,CA,CALPA14S,Las Palmas/gran Canaria → Funchal/madeira → Puerto del Rosario → Santa Cruz de Tenerife → Las Palmas/gran Canaria → Arrecife/lanzarote → Agadir → Santa Cruz de Tenerife → Puerto del Rosario → San Sebastian → Las Palmas/gran Canaria,,2026-10-08,2026-10-08
BL14290128,AIDA,14 Nächte - Große Kanaren-Reise mit La Gomera & Madeira,AIDAblu,2029-01-28,2029-02-11,14,CA,CALPA14,Las Palmas/gran Canaria → Santa Cruz/la Palma → Funchal/madeira → Puerto del Rosario → Santa Cruz de Tenerife → Las Palmas/gran Canaria → San Sebastian → Santa Cruz/la Palma → Arrecife/lanzarote → Puerto del Rosario → Santa Cruz de Tenerife → Las Palmas/gran Canaria,,2026-10-08,2026-10-08
BL14290204,AIDA,14 Nächte - Große Kanaren-Reise mit La Gomera & Madeira,AIDAblu,2029-02-04,2029-02-18,14,CA,CALPA14,Las Palmas/gran Canaria → Santa Cruz/la Palma → Funchal/madeira → Puerto del Rosario → Santa Cruz de Tenerife → Las Palmas/gran Canaria → San Sebastian → Santa Cruz/la Palma → Arrecife/lanzarote → Puerto del Rosario → Santa Cruz de Tenerife → Las Palmas/gran Canaria,,2026-10-08,2026-10-08
BL14290211,AIDA,14 Nächte - Große Kanaren-Reise mit Madeira & Marokko,AIDAblu,2029-02-11,2029-02-25,14,CA,CALPA14S,Las Palmas/gran Canaria → Funchal/madeira → Puerto del Rosario → Santa Cruz de Tenerife → Las Palmas/gran Canaria → Arrecife/lanzarote → Agadir → Santa Cruz de Tenerife → Puerto del Rosario → San Sebastian → Las Palmas/gran Canaria,,2026-10-08,2026-10-08
BL14290218,AIDA,14 Nächte - Große Kanaren-Reise mit Madeira & Marokko,AIDAblu,2029-02-18,2029-03-04,14,CA,CALPA14S,Las Palmas/gran Canaria → Funchal/madeira → Puerto del Rosario → Santa Cruz de Tenerife → Las Palmas/gran Canaria → Arrecife/lanzarote → Agadir → Santa Cruz de Tenerife → Puerto del Rosario → San Sebastian → Las Palmas/gran Canaria,,2026-10-08,2026-10-08
BL14290225,AIDA,14 Nächte - Große Kanaren-Reise mit La Gomera & Madeira,AIDAblu,2029-02-25,2029-03-11,14,CA,CALPA14,Las Palmas/gran Canaria → Santa Cruz/la Palma → Funchal/madeira → Puerto del Rosario → Santa Cruz de Tenerife → Las Palmas/gran Canaria → San Sebastian → Santa Cruz/la Palma → Arrecife/lanzarote → Puerto del Rosario → Santa Cruz de Tenerife → Las Palmas/gran Canaria,,2026-10-08,2026-10-08
BL14290304,AIDA,14 Nächte - Große Kanaren-Reise mit La Gomera & Madeira,AIDAblu,2029-03-04,2029-03-18,14,CA,CALPA14,Las Palmas/gran Canaria → Santa Cruz/la Palma → Funchal/madeira → Puerto del Rosario → Santa Cruz de Tenerife → Las Palmas/gran Canaria → San Sebastian → Santa Cruz/la Palma → Arrecife/lanzarote → Puerto del Rosario → Santa Cruz de Tenerife → Las Palmas/gran Canaria,,2026-10-08,2026-10-08
BL15281104,AIDA,15 Nächte - Mittelmeer & Atlantikküste mit Kanaren ab Korfu,AIDAblu,2028-11-04,2028-11-19,15,CF,CFULPA15,Korfu → Olympia/katakolon → Valletta → Sizilien/palermo → Cagliari → Palma → Malaga → Tanger → Arrecife/lanzarote → Puerto del Rosario → Santa Cruz de Tenerife → Las Palmas/gran Canaria,,2026-10-08,2026-10-08
BL15281111,AIDA,15 Nächte - Mittelmeer & Atlantikküste mit Kanaren ab Mallorca,AIDAblu,2028-11-11,2028-11-26,15,PM,PMILPA14,Palma → Malaga → Sevilla/cadiz → Porto/leixoes → Lissabon → Funchal/madeira → Arrecife/lanzarote → Puerto del Rosario → Santa Cruz de Tenerife → Las Palmas/gran Canaria,,2026-10-08,2026-10-08
BL17280412,AIDA,17 Nächte - Mittelmeer-Reise zu Ostern mit Ägypten & Türkei,AIDAblu,2028-04-12,2028-04-29,17,EM,EMAYT17S,Antalya → Rhodos Stadt → Mykonos → Heraklion/kreta → Alexandria → Kairo/port Said → Limassol → Alanya → Antalya → Istanbul → Izmir → Kos → Rhodos Stadt → Antalya,,2026-10-08,2026-10-08
BL19270419,AIDA,19 Nächte - Große Mittelmeer-Reise ab Civitavecchia,AIDAblu,2027-04-19,2027-05-08,19,CV,CVVCFU19,Rom/civitavecchia → Ajaccio/korsika → Neapel → Sizilien/palermo → Valletta → Sizilien/catania → Dubrovnik → Kotor → Bari → Korfu → Zakynthos → Rhodos Stadt → Bodrum → Heraklion/kreta → Olympia/katakolon → Korfu,,2026-10-08,2026-10-08
BL19271016,AIDA,19 Nächte - Große Mittelmeer-Reise ab Korfu,AIDAblu,2027-10-16,2027-11-04,19,CF,CFUPMI19,Korfu → Zakynthos → Rhodos Stadt → Bodrum → Heraklion/kreta → Olympia/katakolon → Korfu → Sizilien/catania → Valletta → Neapel → Rom/civitavecchia → Olbia/sardinien → Marseille → Mahon/menorca → Barcelona → Palma,,2026-10-08,2026-10-08
BL19280403,AIDA,19 Nächte - Große Osterreise mit Griechenland & Ägypten,AIDAblu,2028-04-03,2028-04-22,19,PM,PMIAYT19,Palma → Olbia/sardinien → Salerno → Messina → Argostolion → Olympia/katakolon → Marmaris → Antalya → Rhodos Stadt → Mykonos → Heraklion/kreta → Alexandria → Kairo/port Said → Limassol → Alanya → Antalya,,2026-10-08,2026-10-08
BL20271104,AIDA,20 Nächte - Von Mallorca über Namibia nach Kapstadt 1,AIDAblu,2027-11-04,2027-11-24,20,PM,PMICPT20,Palma → Gibraltar → Santa Cruz de Tenerife → Santiago/praia (kapverden) → Äquatorüberquerung → Walvis Bay → Lüderitz → Kapstadt,,2026-10-08,2026-10-08
BL20271208,AIDA,"20 Nächte - Seychellen, Mauritius & Südafrika 1",AIDAblu,2027-12-08,2027-12-28,20,AF,AFCPT20E,Kapstadt → Gqeberha (port Elizabeth) → Kugompo (east London) → Maputo → Le Port → Port Louis → Le Port → La Digue → Mahe,,2026-10-08,2026-10-08
BL20280314,AIDA,20 Nächte - Von Kapstadt über Namibia nach Mallorca,AIDAblu,2028-03-14,2028-04-03,20,CP,CPTPMI19,Kapstadt → Lüderitz → Walvis Bay → Äquatorüberquerung → Mindelo → Las Palmas/gran Canaria → Alicante → Palma,,2026-10-08,2026-10-08
BL21280208,AIDA,"21 Nächte - Seychellen, Mauritius & Südafrika 2",AIDAblu,2028-02-08,2028-02-29,21,AF,AFPOV21E,Mahe → Antsiranana → Nosy Be → Port Louis → Le Port → Maputo → Durban → Kugompo (east London) → Gqeberha (port Elizabeth) → Kapstadt,,2026-10-08,2026-10-08
BL27280202,AIDA,"27 Nächte - Südafrika, Seychellen, Mauritius & Madagaskar 2",AIDAblu,2028-02-02,2028-02-29,27,IO,IOPLU27,Port Louis → Le Port → Praslin → La Digue → Mahe → Antsiranana → Nosy Be → Port Louis → Le Port → Maputo → Durban → Kugompo (east London) → Gqeberha (port Elizabeth) → Kapstadt,,2026-10-08,2026-10-08
BL27280216,AIDA,27 Nächte - Südliches Afrika mit La Reunion ab Mauritius,AIDAblu,2028-02-16,2028-03-14,27,AF,AFPLU27,Port Louis → Le Port → Maputo → Durban → Kugompo (east London) → Gqeberha (port Elizabeth) → Kapstadt → Gqeberha (port Elizabeth) → Kugompo (east London) → Walvis Bay → Lüderitz → Kapstadt,,2026-10-08,2026-10-08
BL28271124,AIDA,28 Nächte - Südliches Afrika mit La Reunion & Mauritius,AIDAblu,2027-11-24,2027-12-22,28,AF,AFCPT28,Kapstadt → Kugompo (east London) → Gqeberha (port Elizabeth) → Lüderitz → Walvis Bay → Kapstadt → Gqeberha (port Elizabeth) → Kugompo (east London) → Maputo → Le Port → Port Louis,,2026-10-08,2026-10-08
BL28271208,AIDA,"28 Nächte - Südafrika, Seychellen, Mauritius & Madagaskar 1",AIDAblu,2027-12-08,2028-01-05,28,IO,IOCPT28,Kapstadt → Gqeberha (port Elizabeth) → Kugompo (east London) → Maputo → Le Port → Port Louis → Le Port → La Digue → Mahe → Antsiranana → Nosy Be → Port Louis,,2026-10-08,2026-10-08
BL29280314,AIDA,"29 Nächte - Südafrika, Namibia & Mittelmeer ab Kapstadt",AIDAblu,2028-03-14,2028-04-12,29,CP,CPTAYT29,Kapstadt → Walvis Bay → Äquatorüberquerung → Santiago/praia (kapverden) → Santa Cruz de Tenerife → Gibraltar → Palma → Olbia/sardinien → Salerno → Messina → Argostolion → Olympia/katakolon → Marmaris → Antalya,,2026-10-08,2026-10-08
BL34271104,AIDA,34 Nächte - Von Mallorca über Namibia nach Kapstadt 2,AIDAblu,2027-11-04,2027-12-08,34,PM,PMICPT34,Palma → Gibraltar → Santa Cruz de Tenerife → Santiago/praia (kapverden) → Äquatorüberquerung → Walvis Bay → Lüderitz → Kapstadt → Kugompo (east London) → Gqeberha (port Elizabeth) → Lüderitz → Walvis Bay → Kapstadt,,2026-10-08,2026-10-08
BL34280229,AIDA,34 Nächte - Weltenbummler Südafrika & Namibia ab Kapstadt,AIDAblu,2028-02-29,2028-04-03,34,CP,CPTPMI34,Kapstadt → Gqeberha (port Elizabeth) → Kugompo (east London) → Walvis Bay → Lüderitz → Kapstadt → Walvis Bay → Äquatorüberquerung → Santiago/praia (kapverden) → Santa Cruz de Tenerife → Gibraltar → Palma,,2026-10-08,2026-10-08
BL39271016,AIDA,39 Nächte - Weltenbummler von Korfu nach Kapstadt,AIDAblu,2027-10-16,2027-11-24,39,CF,CFUCPT39,Korfu → Zakynthos → Rhodos Stadt → Bodrum → Heraklion/kreta → Olympia/katakolon → Korfu → Sizilien/catania → Valletta → Neapel → Rom/civitavecchia → Olbia/sardinien → Marseille → Mahon/menorca → Barcelona → Palma → Gibraltar → Santa Cruz de Tenerife → Santiago/praia (kapverden) → Äquatorüberquerung → Walvis Bay → Lüderitz → Kapstadt,,2026-10-08,2026-10-08
BL43280229,AIDA,"43 Nächte - Weltenbummler Südafrika, Namibia & Mittelmeer",AIDAblu,2028-02-29,2028-04-12,43,CP,CPTAYT43,Kapstadt → Gqeberha (port Elizabeth) → Kugompo (east London) → Walvis Bay → Lüderitz → Kapstadt → Walvis Bay → Äquatorüberquerung → Santiago/praia (kapverden) → Santa Cruz de Tenerife → Gibraltar → Palma → Olbia/sardinien → Salerno → Messina → Argostolion → Olympia/katakolon → Marmaris → Antalya,,2026-10-08,2026-10-08
BL48271104,AIDA,48 Nächte - Weltenbummler von Mallorca nach Mauritius,AIDAblu,2027-11-04,2027-12-22,48,PM,PMIPLU48,Palma → Gibraltar → Santa Cruz de Tenerife → Santiago/praia (kapverden) → Äquatorüberquerung → Walvis Bay → Lüderitz → Kapstadt → Kugompo (east London) → Gqeberha (port Elizabeth) → Lüderitz → Walvis Bay → Kapstadt → Gqeberha (port Elizabeth) → Kugompo (east London) → Maputo → Le Port → Port Louis,,2026-10-08,2026-10-08
BL48280215,AIDA,"48 Nächte - Weltenbummler Südafrika, Namibia & Indischer Ozean",AIDAblu,2028-02-15,2028-04-03,48,PL,PLUPMI48,Port Louis → Le Port → Maputo → Durban → Kugompo (east London) → Gqeberha (port Elizabeth) → Kapstadt → Gqeberha (port Elizabeth) → Kugompo (east London) → Walvis Bay → Lüderitz → Kapstadt → Walvis Bay → Äquatorüberquerung → Santiago/praia (kapverden) → Santa Cruz de Tenerife → Gibraltar → Palma,,2026-10-08,2026-10-08
CO07261009,AIDA,7 Nächte - Mediterrane Schätze mit Gibraltar ab Barcelona,AIDAcosma,2026-10-09,2026-10-16,7,WM,WMBCN07W,Barcelona → Palma → Malaga → Gibraltar → Cartagena → Ibiza → Barcelona,,2026-10-08,2026-10-08
CO07261010,AIDA,7 Nächte - Mediterrane Schätze mit Gibraltar ab Mallorca,AIDAcosma,2026-10-10,2026-10-17,7,WM,WMPMI07W,Palma → Malaga → Gibraltar → Cartagena → Ibiza → Barcelona → Palma,,2026-10-08,2026-10-08
CO07261016,AIDA,7 Nächte - Mediterrane Schätze mit Korsika ab Barcelona,AIDAcosma,2026-10-16,2026-10-23,7,WM,WMBCN07E,Barcelona → Palma → Florenz/la Spezia → Rom/civitavecchia → Ajaccio/korsika → Barcelona,,2026-10-08,2026-10-08
CO07261017,AIDA,7 Nächte - Mediterrane Schätze mit Korsika ab Mallorca,AIDAcosma,2026-10-17,2026-10-24,7,WM,WMPMI07E,Palma → Florenz/la Spezia → Rom/civitavecchia → Ajaccio/korsika → Barcelona → Palma,,2026-10-08,2026-10-08
CO07261023,AIDA,7 Nächte - Mediterrane Schätze mit Sardinien ab Barcelona,AIDAcosma,2026-10-23,2026-10-30,7,WM,WMBCN07C,Barcelona → Palma → Cagliari → Rom/civitavecchia → Ajaccio/korsika → Marseille → Barcelona,,2026-10-08,2026-10-08
CO07261024,AIDA,7 Nächte - Mediterrane Schätze mit Sardinien ab Mallorca,AIDAcosma,2026-10-24,2026-10-31,7,WM,WMPMI07C,Palma → Cagliari → Rom/civitavecchia → Ajaccio/korsika → Marseille → Barcelona → Palma,,2026-10-08,2026-10-08
CO07261030,AIDA,7 Nächte - Mediterrane Schätze mit Korsika ab Barcelona,AIDAcosma,2026-10-30,2026-11-06,7,WM,WMBCN07E,Barcelona → Palma → Florenz/la Spezia → Rom/civitavecchia → Ajaccio/korsika → Barcelona,,2026-10-08,2026-10-08
CO07261031,AIDA,7 Nächte - Mediterrane Schätze mit Korsika ab Mallorca,AIDAcosma,2026-10-31,2026-11-07,7,WM,WMPMI07E,Palma → Florenz/la Spezia → Rom/civitavecchia → Ajaccio/korsika → Barcelona → Palma,,2026-10-08,2026-10-08
CO07261126,AIDA,7 Nächte - Perlen am Mittelmeer ab Mallorca,AIDAcosma,2026-11-26,2026-12-03,7,WM,WMPMI07E,Palma → Barcelona → Marseille → Florenz/la Spezia → Rom/civitavecchia → Palma,,2026-10-08,2026-10-08
CO07261209,AIDA,7 Nächte - Kanaren & Madeira ab Gran Canaria 2,AIDAcosma,2026-12-09,2026-12-16,7,LP,LPASCT09,Las Palmas/gran Canaria → Santa Cruz de Tenerife → Puerto del Rosario → Funchal/madeira → Las Palmas/gran Canaria → Santa Cruz/la Palma → Santa Cruz de Tenerife,,2026-10-08,2026-10-08
CO07261212,AIDA,7 Nächte - Kanaren & Madeira ab Gran Canaria,AIDAcosma,2026-12-12,2026-12-19,7,CA,CALPA07,Las Palmas/gran Canaria → Santa Cruz de Tenerife → Puerto del Rosario → Funchal/madeira → Las Palmas/gran Canaria,,2026-10-08,2026-10-08
CO07261216,AIDA,7 Nächte - Kanaren & Madeira ab Teneriffa,AIDAcosma,2026-12-16,2026-12-23,7,CA,CASCT07,Santa Cruz de Tenerife → Puerto del Rosario → Arrecife/lanzarote → Las Palmas/gran Canaria → Funchal/madeira → Santa Cruz/la Palma → Santa Cruz de Tenerife,,2026-10-08,2026-10-08
CO07261219,AIDA,7 Nächte - Kanaren & Madeira ab Gran Canaria,AIDAcosma,2026-12-19,2026-12-26,7,CA,CALPA07,Las Palmas/gran Canaria → Santa Cruz de Tenerife → Puerto del Rosario → Funchal/madeira → Las Palmas/gran Canaria,,2026-10-08,2026-10-08
CO07261223,AIDA,7 Nächte - Kanaren & Madeira ab Teneriffa,AIDAcosma,2026-12-23,2026-12-30,7,CA,CASCT07,Santa Cruz de Tenerife → Puerto del Rosario → Arrecife/lanzarote → Las Palmas/gran Canaria → Funchal/madeira → Santa Cruz/la Palma → Santa Cruz de Tenerife,,2026-10-08,2026-10-08
CO07261226,AIDA,7 Nächte - Kanaren & Madeira ab Gran Canaria,AIDAcosma,2026-12-26,2027-01-02,7,CA,CALPA07,Las Palmas/gran Canaria → Santa Cruz de Tenerife → Puerto del Rosario → Funchal/madeira → Las Palmas/gran Canaria,,2026-10-08,2026-10-08
CO07261230,AIDA,7 Nächte - Kanaren & Madeira ab Teneriffa,AIDAcosma,2026-12-30,2027-01-06,7,CA,CASCT07,Santa Cruz de Tenerife → Puerto del Rosario → Arrecife/lanzarote → Las Palmas/gran Canaria → Funchal/madeira → Santa Cruz/la Palma → Santa Cruz de Tenerife,,2026-10-08,2026-10-08
CO07270102,AIDA,7 Nächte - Kanaren & Madeira ab Gran Canaria,AIDAcosma,2027-01-02,2027-01-09,7,CA,CALPA07,Las Palmas/gran Canaria → Santa Cruz de Tenerife → Puerto del Rosario → Funchal/madeira → Las Palmas/gran Canaria,,2026-10-08,2026-10-08
CO07270106,AIDA,7 Nächte - Kanaren & Madeira ab Teneriffa,AIDAcosma,2027-01-06,2027-01-13,7,CA,CASCT07,Santa Cruz de Tenerife → Puerto del Rosario → Arrecife/lanzarote → Las Palmas/gran Canaria → Funchal/madeira → Santa Cruz/la Palma → Santa Cruz de Tenerife,,2026-10-08,2026-10-08
CO07270109,AIDA,7 Nächte - Kanaren & Madeira ab Gran Canaria,AIDAcosma,2027-01-09,2027-01-16,7,CA,CALPA07,Las Palmas/gran Canaria → Santa Cruz de Tenerife → Puerto del Rosario → Funchal/madeira → Las Palmas/gran Canaria,,2026-10-08,2026-10-08
CO07270113,AIDA,7 Nächte - Kanaren & Madeira ab Teneriffa,AIDAcosma,2027-01-13,2027-01-20,7,CA,CASCT07,Santa Cruz de Tenerife → Puerto del Rosario → Arrecife/lanzarote → Las Palmas/gran Canaria → Funchal/madeira → Santa Cruz/la Palma → Santa Cruz de Tenerife,,2026-10-08,2026-10-08
CO07270116,AIDA,7 Nächte - AIDA tanzt auf den Kanaren,AIDAcosma,2027-01-16,2027-01-23,7,CA,CALPA07,Las Palmas/gran Canaria → Funchal/madeira → Santa Cruz de Tenerife → Puerto del Rosario → Arrecife/lanzarote → Las Palmas/gran Canaria,,2026-10-08,2026-10-08
CO07270120,AIDA,7 Nächte - Kanaren & Madeira ab Teneriffa,AIDAcosma,2027-01-20,2027-01-27,7,CA,CASCT07,Santa Cruz de Tenerife → Puerto del Rosario → Arrecife/lanzarote → Las Palmas/gran Canaria → Funchal/madeira → Santa Cruz/la Palma → Santa Cruz de Tenerife,,2026-10-08,2026-10-08
CO07270123,AIDA,7 Nächte - Kanaren & Madeira ab Gran Canaria,AIDAcosma,2027-01-23,2027-01-30,7,CA,CALPA07,Las Palmas/gran Canaria → Santa Cruz de Tenerife → Puerto del Rosario → Funchal/madeira → Las Palmas/gran Canaria,,2026-10-08,2026-10-08
CO07270127,AIDA,7 Nächte - Kanaren & Madeira ab Teneriffa,AIDAcosma,2027-01-27,2027-02-03,7,CA,CASCT07,Santa Cruz de Tenerife → Puerto del Rosario → Arrecife/lanzarote → Las Palmas/gran Canaria → Funchal/madeira → Santa Cruz/la Palma → Santa Cruz de Tenerife,,2026-10-08,2026-10-08
CO07270130,AIDA,7 Nächte - Kanaren & Madeira ab Gran Canaria,AIDAcosma,2027-01-30,2027-02-06,7,CA,CALPA07,Las Palmas/gran Canaria → Santa Cruz de Tenerife → Puerto del Rosario → Funchal/madeira → Las Palmas/gran Canaria,,2026-10-08,2026-10-08
CO07270203,AIDA,7 Nächte - Kanaren & Madeira ab Teneriffa,AIDAcosma,2027-02-03,2027-02-10,7,CA,CASCT07,Santa Cruz de Tenerife → Puerto del Rosario → Arrecife/lanzarote → Las Palmas/gran Canaria → Funchal/madeira → Santa Cruz/la Palma → Santa Cruz de Tenerife,,2026-10-08,2026-10-08
CO07270206,AIDA,7 Nächte - Kanaren & Madeira ab Gran Canaria,AIDAcosma,2027-02-06,2027-02-13,7,CA,CALPA07,Las Palmas/gran Canaria → Santa Cruz de Tenerife → Puerto del Rosario → Funchal/madeira → Las Palmas/gran Canaria,,2026-10-08,2026-10-08
CO07270210,AIDA,7 Nächte - Kanaren & Madeira ab Teneriffa,AIDAcosma,2027-02-10,2027-02-17,7,CA,CASCT07,Santa Cruz de Tenerife → Puerto del Rosario → Arrecife/lanzarote → Las Palmas/gran Canaria → Funchal/madeira → Santa Cruz/la Palma → Santa Cruz de Tenerife,,2026-10-08,2026-10-08
CO07270213,AIDA,7 Nächte - Kanaren & Madeira ab Gran Canaria,AIDAcosma,2027-02-13,2027-02-20,7,CA,CALPA07,Las Palmas/gran Canaria → Santa Cruz de Tenerife → Puerto del Rosario → Funchal/madeira → Las Palmas/gran Canaria,,2026-10-08,2026-10-08
CO07270217,AIDA,7 Nächte - Kanaren & Madeira ab Teneriffa,AIDAcosma,2027-02-17,2027-02-24,7,CA,CASCT07,Santa Cruz de Tenerife → Puerto del Rosario → Arrecife/lanzarote → Las Palmas/gran Canaria → Funchal/madeira → Santa Cruz/la Palma → Santa Cruz de Tenerife,,2026-10-08,2026-10-08
CO07270220,AIDA,7 Nächte - Kanaren & Madeira ab Gran Canaria,AIDAcosma,2027-02-20,2027-02-27,7,CA,CALPA07,Las Palmas/gran Canaria → Santa Cruz de Tenerife → Puerto del Rosario → Funchal/madeira → Las Palmas/gran Canaria,,2026-10-08,2026-10-08
CO07270224,AIDA,7 Nächte - Kanaren & Madeira ab Teneriffa,AIDAcosma,2027-02-24,2027-03-03,7,CA,CASCT07,Santa Cruz de Tenerife → Puerto del Rosario → Arrecife/lanzarote → Las Palmas/gran Canaria → Funchal/madeira → Santa Cruz/la Palma → Santa Cruz de Tenerife,,2026-10-08,2026-10-08
CO07270227,AIDA,7 Nächte - Kanaren & Madeira ab Gran Canaria,AIDAcosma,2027-02-27,2027-03-06,7,CA,CALPA07,Las Palmas/gran Canaria → Santa Cruz de Tenerife → Puerto del Rosario → Funchal/madeira → Las Palmas/gran Canaria,,2026-10-08,2026-10-08
CO07270303,AIDA,7 Nächte - Kanaren & Madeira ab Teneriffa,AIDAcosma,2027-03-03,2027-03-10,7,CA,CASCT07,Santa Cruz de Tenerife → Puerto del Rosario → Arrecife/lanzarote → Las Palmas/gran Canaria → Funchal/madeira → Santa Cruz/la Palma → Santa Cruz de Tenerife,,2026-10-08,2026-10-08
CO07270306,AIDA,7 Nächte - Kanaren & Madeira ab Gran Canaria,AIDAcosma,2027-03-06,2027-03-13,7,CA,CALPA07,Las Palmas/gran Canaria → Santa Cruz de Tenerife → Puerto del Rosario → Funchal/madeira → Las Palmas/gran Canaria,,2026-10-08,2026-10-08
CO07270310,AIDA,7 Nächte - Kanaren & Madeira ab Teneriffa,AIDAcosma,2027-03-10,2027-03-17,7,CA,CASCT07,Santa Cruz de Tenerife → Puerto del Rosario → Arrecife/lanzarote → Las Palmas/gran Canaria → Funchal/madeira → Santa Cruz/la Palma → Santa Cruz de Tenerife,,2026-10-08,2026-10-08
CO07270313,AIDA,7 Nächte - Kanaren & Madeira ab Gran Canaria,AIDAcosma,2027-03-13,2027-03-20,7,CA,CALPA07,Las Palmas/gran Canaria → Santa Cruz de Tenerife → Puerto del Rosario → Funchal/madeira → Las Palmas/gran Canaria,,2026-10-08,2026-10-08
CO07270317,AIDA,7 Nächte - Kanaren & Madeira ab Teneriffa,AIDAcosma,2027-03-17,2027-03-24,7,CA,CASCT07,Santa Cruz de Tenerife → Puerto del Rosario → Arrecife/lanzarote → Las Palmas/gran Canaria → Funchal/madeira → Santa Cruz/la Palma → Santa Cruz de Tenerife,,2026-10-08,2026-10-08
CO07270320,AIDA,7 Nächte - Kanaren & Madeira ab Gran Canaria,AIDAcosma,2027-03-20,2027-03-27,7,CA,CALPA07,Las Palmas/gran Canaria → Santa Cruz de Tenerife → Puerto del Rosario → Funchal/madeira → Las Palmas/gran Canaria,,2026-10-08,2026-10-08
CO07270324,AIDA,7 Nächte - Kanaren & Madeira ab Teneriffa,AIDAcosma,2027-03-24,2027-03-31,7,CA,CASCT07,Santa Cruz de Tenerife → Puerto del Rosario → Arrecife/lanzarote → Las Palmas/gran Canaria → Funchal/madeira → Santa Cruz/la Palma → Santa Cruz de Tenerife,,2026-10-08,2026-10-08
CO07270327,AIDA,7 Nächte - Kanaren & Madeira ab Gran Canaria,AIDAcosma,2027-03-27,2027-04-03,7,CA,CALPA07,Las Palmas/gran Canaria → Santa Cruz de Tenerife → Puerto del Rosario → Funchal/madeira → Las Palmas/gran Canaria,,2026-10-08,2026-10-08
CO07270331,AIDA,7 Nächte - Kanaren & Madeira ab Teneriffa,AIDAcosma,2027-03-31,2027-04-07,7,CA,CASCT07,Santa Cruz de Tenerife → Puerto del Rosario → Arrecife/lanzarote → Las Palmas/gran Canaria → Funchal/madeira → Santa Cruz/la Palma → Santa Cruz de Tenerife,,2026-10-08,2026-10-08
CO07270403,AIDA,7 Nächte - Kanaren & Madeira ab Gran Canaria,AIDAcosma,2027-04-03,2027-04-10,7,CA,CALPA07,Las Palmas/gran Canaria → Santa Cruz de Tenerife → Puerto del Rosario → Funchal/madeira → Las Palmas/gran Canaria,,2026-10-08,2026-10-08
CO07270407,AIDA,7 Nächte - Kanaren & Madeira ab Teneriffa,AIDAcosma,2027-04-07,2027-04-14,7,CA,CASCT07,Santa Cruz de Tenerife → Puerto del Rosario → Arrecife/lanzarote → Las Palmas/gran Canaria → Funchal/madeira → Santa Cruz/la Palma → Santa Cruz de Tenerife,,2026-10-08,2026-10-08
CO07270410,AIDA,7 Nächte - Kanaren & Madeira ab Gran Canaria,AIDAcosma,2027-04-10,2027-04-17,7,CA,CALPA07,Las Palmas/gran Canaria → Santa Cruz de Tenerife → Puerto del Rosario → Funchal/madeira → Las Palmas/gran Canaria,,2026-10-08,2026-10-08
CO07270414,AIDA,7 Nächte - Kanaren & Madeira ab Teneriffa,AIDAcosma,2027-04-14,2027-04-21,7,CA,CASCT07,Santa Cruz de Tenerife → Puerto del Rosario → Arrecife/lanzarote → Las Palmas/gran Canaria → Funchal/madeira → Santa Cruz/la Palma → Santa Cruz de Tenerife,,2026-10-08,2026-10-08
CO07270417,AIDA,7 Nächte - Kanaren & Madeira ab Gran Canaria,AIDAcosma,2027-04-17,2027-04-24,7,CA,CALPA07,Las Palmas/gran Canaria → Santa Cruz de Tenerife → Puerto del Rosario → Funchal/madeira → Las Palmas/gran Canaria,,2026-10-08,2026-10-08
CO07270424,AIDA,7 Nächte - Kanaren & Andalusien ab Gran Canaria 1,AIDAcosma,2027-04-24,2027-05-01,7,LP,LPAPMI07,Las Palmas/gran Canaria → Arrecife/lanzarote → Sevilla/cadiz → Malaga → Barcelona → Palma,,2026-10-08,2026-10-08
CO07270430,AIDA,7 Nächte - Mediterrane Schätze mit Korsika ab Barcelona,AIDAcosma,2027-04-30,2027-05-07,7,WM,WMBCN07E,Barcelona → Palma → Florenz/la Spezia → Rom/civitavecchia → Ajaccio/korsika → Barcelona,,2026-10-08,2026-10-08
CO07270501,AIDA,7 Nächte - Mediterrane Schätze mit Korsika ab Mallorca,AIDAcosma,2027-05-01,2027-05-08,7,WM,WMPMI07E,Palma → Florenz/la Spezia → Rom/civitavecchia → Ajaccio/korsika → Barcelona → Palma,,2026-10-08,2026-10-08
CO07270507,AIDA,7 Nächte - Mediterrane Schätze mit Gibraltar ab Barcelona,AIDAcosma,2027-05-07,2027-05-14,7,WM,WMBCN07W,Barcelona → Palma → Malaga → Gibraltar → Cartagena → Ibiza → Barcelona,,2026-10-08,2026-10-08
CO07270508,AIDA,7 Nächte - Mediterrane Schätze mit Gibraltar ab Mallorca,AIDAcosma,2027-05-08,2027-05-15,7,WM,WMPMI07W,Palma → Malaga → Gibraltar → Cartagena → Ibiza → Barcelona → Palma,,2026-10-08,2026-10-08
CO07270514,AIDA,7 Nächte - Mediterrane Schätze mit Korsika ab Barcelona,AIDAcosma,2027-05-14,2027-05-21,7,WM,WMBCN07E,Barcelona → Palma → Florenz/la Spezia → Rom/civitavecchia → Ajaccio/korsika → Barcelona,,2026-10-08,2026-10-08
CO07270515,AIDA,7 Nächte - Mediterrane Schätze mit Korsika ab Mallorca,AIDAcosma,2027-05-15,2027-05-22,7,WM,WMPMI07E,Palma → Florenz/la Spezia → Rom/civitavecchia → Ajaccio/korsika → Barcelona → Palma,,2026-10-08,2026-10-08
CO07270521,AIDA,7 Nächte - Mediterrane Schätze mit Sardinien ab Barcelona,AIDAcosma,2027-05-21,2027-05-28,7,WM,WMBCN07C,Barcelona → Palma → Cagliari → Rom/civitavecchia → Ajaccio/korsika → Marseille → Barcelona,,2026-10-08,2026-10-08
CO07270522,AIDA,7 Nächte - Mediterrane Schätze mit Sardinien ab Mallorca,AIDAcosma,2027-05-22,2027-05-29,7,WM,WMPMI07C,Palma → Cagliari → Rom/civitavecchia → Ajaccio/korsika → Marseille → Barcelona → Palma,,2026-10-08,2026-10-08
CO07270528,AIDA,7 Nächte - Mediterrane Schätze mit Korsika ab Barcelona,AIDAcosma,2027-05-28,2027-06-04,7,WM,WMBCN07E,Barcelona → Palma → Florenz/la Spezia → Rom/civitavecchia → Ajaccio/korsika → Barcelona,,2026-10-08,2026-10-08
CO07270529,AIDA,7 Nächte - Mediterrane Schätze mit Korsika ab Mallorca,AIDAcosma,2027-05-29,2027-06-05,7,WM,WMPMI07E,Palma → Florenz/la Spezia → Rom/civitavecchia → Ajaccio/korsika → Barcelona → Palma,,2026-10-08,2026-10-08
CO07270604,AIDA,7 Nächte - Mediterrane Schätze mit Sardinien ab Barcelona,AIDAcosma,2027-06-04,2027-06-11,7,WM,WMBCN07C,Barcelona → Palma → Cagliari → Rom/civitavecchia → Ajaccio/korsika → Marseille → Barcelona,,2026-10-08,2026-10-08
CO07270605,AIDA,7 Nächte - Mediterrane Schätze mit Sardinien ab Mallorca,AIDAcosma,2027-06-05,2027-06-12,7,WM,WMPMI07C,Palma → Cagliari → Rom/civitavecchia → Ajaccio/korsika → Marseille → Barcelona → Palma,,2026-10-08,2026-10-08
CO07270611,AIDA,7 Nächte - Mediterrane Schätze mit Korsika ab Barcelona,AIDAcosma,2027-06-11,2027-06-18,7,WM,WMBCN07E,Barcelona → Palma → Florenz/la Spezia → Rom/civitavecchia → Ajaccio/korsika → Barcelona,,2026-10-08,2026-10-08
CO07270612,AIDA,7 Nächte - Mediterrane Schätze mit Korsika ab Mallorca,AIDAcosma,2027-06-12,2027-06-19,7,WM,WMPMI07E,Palma → Florenz/la Spezia → Rom/civitavecchia → Ajaccio/korsika → Barcelona → Palma,,2026-10-08,2026-10-08
CO07270618,AIDA,7 Nächte - Mediterrane Schätze mit Gibraltar ab Barcelona,AIDAcosma,2027-06-18,2027-06-25,7,WM,WMBCN07W,Barcelona → Palma → Malaga → Gibraltar → Cartagena → Ibiza → Barcelona,,2026-10-08,2026-10-08
CO07270619,AIDA,7 Nächte - Mediterrane Schätze mit Gibraltar ab Mallorca,AIDAcosma,2027-06-19,2027-06-26,7,WM,WMPMI07W,Palma → Malaga → Gibraltar → Cartagena → Ibiza → Barcelona → Palma,,2026-10-08,2026-10-08
CO07270625,AIDA,7 Nächte - Mediterrane Schätze mit Korsika ab Barcelona,AIDAcosma,2027-06-25,2027-07-02,7,WM,WMBCN07E,Barcelona → Palma → Florenz/la Spezia → Rom/civitavecchia → Ajaccio/korsika → Barcelona,,2026-10-08,2026-10-08
CO07270626,AIDA,7 Nächte - Mediterrane Schätze mit Korsika ab Mallorca,AIDAcosma,2027-06-26,2027-07-03,7,WM,WMPMI07E,Palma → Florenz/la Spezia → Rom/civitavecchia → Ajaccio/korsika → Barcelona → Palma,,2026-10-08,2026-10-08
CO07270702,AIDA,7 Nächte - Mediterrane Schätze mit Sardinien ab Barcelona,AIDAcosma,2027-07-02,2027-07-09,7,WM,WMBCN07C,Barcelona → Palma → Cagliari → Rom/civitavecchia → Ajaccio/korsika → Marseille → Barcelona,,2026-10-08,2026-10-08
CO07270703,AIDA,7 Nächte - Mediterrane Schätze mit Sardinien ab Mallorca,AIDAcosma,2027-07-03,2027-07-10,7,WM,WMPMI07C,Palma → Cagliari → Rom/civitavecchia → Ajaccio/korsika → Marseille → Barcelona → Palma,,2026-10-08,2026-10-08
CO07270709,AIDA,7 Nächte - Mediterrane Schätze mit Korsika ab Barcelona,AIDAcosma,2027-07-09,2027-07-16,7,WM,WMBCN07E,Barcelona → Palma → Florenz/la Spezia → Rom/civitavecchia → Ajaccio/korsika → Barcelona,,2026-10-08,2026-10-08
CO07270710,AIDA,7 Nächte - Mediterrane Schätze mit Korsika ab Mallorca,AIDAcosma,2027-07-10,2027-07-17,7,WM,WMPMI07E,Palma → Florenz/la Spezia → Rom/civitavecchia → Ajaccio/korsika → Barcelona → Palma,,2026-10-08,2026-10-08
CO07270716,AIDA,7 Nächte - Mediterrane Schätze mit Sardinien ab Barcelona,AIDAcosma,2027-07-16,2027-07-23,7,WM,WMBCN07C,Barcelona → Palma → Cagliari → Rom/civitavecchia → Ajaccio/korsika → Marseille → Barcelona,,2026-10-08,2026-10-08
CO07270717,AIDA,7 Nächte - Mediterrane Schätze mit Sardinien ab Mallorca,AIDAcosma,2027-07-17,2027-07-24,7,WM,WMPMI07C,Palma → Cagliari → Rom/civitavecchia → Ajaccio/korsika → Marseille → Barcelona → Palma,,2026-10-08,2026-10-08
CO07270723,AIDA,7 Nächte - Mediterrane Schätze mit Korsika ab Barcelona,AIDAcosma,2027-07-23,2027-07-30,7,WM,WMBCN07E,Barcelona → Palma → Florenz/la Spezia → Rom/civitavecchia → Ajaccio/korsika → Barcelona,,2026-10-08,2026-10-08
CO07270724,AIDA,7 Nächte - Mediterrane Schätze mit Korsika ab Mallorca,AIDAcosma,2027-07-24,2027-07-31,7,WM,WMPMI07E,Palma → Florenz/la Spezia → Rom/civitavecchia → Ajaccio/korsika → Barcelona → Palma,,2026-10-08,2026-10-08
CO07270731,AIDA,7 Nächte - Sonnenfinsternis im Mittelmeer ab Mallorca,AIDAcosma,2027-07-31,2027-08-07,7,WM,WMPMI07W,Palma → Gibraltar → Highlight Sonnenfinsternis → Malaga → Cartagena → Ibiza → Barcelona → Palma,,2026-10-08,2026-10-08
CO07270806,AIDA,7 Nächte - Mediterrane Schätze mit Korsika ab Barcelona,AIDAcosma,2027-08-06,2027-08-13,7,WM,WMBCN07E,Barcelona → Palma → Florenz/la Spezia → Rom/civitavecchia → Ajaccio/korsika → Barcelona,,2026-10-08,2026-10-08
CO07270807,AIDA,7 Nächte - Mediterrane Schätze mit Korsika ab Mallorca,AIDAcosma,2027-08-07,2027-08-14,7,WM,WMPMI07E,Palma → Florenz/la Spezia → Rom/civitavecchia → Ajaccio/korsika → Barcelona → Palma,,2026-10-08,2026-10-08
CO07270813,AIDA,7 Nächte - Mediterrane Schätze mit Sardinien ab Barcelona,AIDAcosma,2027-08-13,2027-08-20,7,WM,WMBCN07C,Barcelona → Palma → Cagliari → Rom/civitavecchia → Ajaccio/korsika → Marseille → Barcelona,,2026-10-08,2026-10-08
CO07270814,AIDA,7 Nächte - Mediterrane Schätze mit Sardinien ab Mallorca,AIDAcosma,2027-08-14,2027-08-21,7,WM,WMPMI07C,Palma → Cagliari → Rom/civitavecchia → Ajaccio/korsika → Marseille → Barcelona → Palma,,2026-10-08,2026-10-08
CO07270820,AIDA,7 Nächte - Mediterrane Schätze mit Korsika ab Barcelona,AIDAcosma,2027-08-20,2027-08-27,7,WM,WMBCN07E,Barcelona → Palma → Florenz/la Spezia → Rom/civitavecchia → Ajaccio/korsika → Barcelona,,2026-10-08,2026-10-08
CO07270821,AIDA,7 Nächte - Mediterrane Schätze mit Korsika ab Mallorca,AIDAcosma,2027-08-21,2027-08-28,7,WM,WMPMI07E,Palma → Florenz/la Spezia → Rom/civitavecchia → Ajaccio/korsika → Barcelona → Palma,,2026-10-08,2026-10-08
CO07270827,AIDA,7 Nächte - Mediterrane Schätze mit Sardinien ab Barcelona,AIDAcosma,2027-08-27,2027-09-03,7,WM,WMBCN07C,Barcelona → Palma → Cagliari → Rom/civitavecchia → Ajaccio/korsika → Marseille → Barcelona,,2026-10-08,2026-10-08
CO07270828,AIDA,7 Nächte - Mediterrane Schätze mit Sardinien ab Mallorca,AIDAcosma,2027-08-28,2027-09-04,7,WM,WMPMI07C,Palma → Cagliari → Rom/civitavecchia → Ajaccio/korsika → Marseille → Barcelona → Palma,,2026-10-08,2026-10-08
CO07270903,AIDA,7 Nächte - Mediterrane Schätze mit Korsika ab Barcelona,AIDAcosma,2027-09-03,2027-09-10,7,WM,WMBCN07E,Barcelona → Palma → Florenz/la Spezia → Rom/civitavecchia → Ajaccio/korsika → Barcelona,,2026-10-08,2026-10-08
CO07270904,AIDA,7 Nächte - Mediterrane Schätze mit Korsika ab Mallorca,AIDAcosma,2027-09-04,2027-09-11,7,WM,WMPMI07E,Palma → Florenz/la Spezia → Rom/civitavecchia → Ajaccio/korsika → Barcelona → Palma,,2026-10-08,2026-10-08
CO07270910,AIDA,7 Nächte - Mediterrane Schätze mit Gibraltar ab Barcelona,AIDAcosma,2027-09-10,2027-09-17,7,WM,WMBCN07W,Barcelona → Palma → Malaga → Gibraltar → Cartagena → Ibiza → Barcelona,,2026-10-08,2026-10-08
CO07270911,AIDA,7 Nächte - Mediterrane Schätze mit Gibraltar ab Mallorca,AIDAcosma,2027-09-11,2027-09-18,7,WM,WMPMI07W,Palma → Malaga → Gibraltar → Cartagena → Ibiza → Barcelona → Palma,,2026-10-08,2026-10-08
CO07270917,AIDA,7 Nächte - Mediterrane Schätze mit Korsika ab Barcelona,AIDAcosma,2027-09-17,2027-09-24,7,WM,WMBCN07E,Barcelona → Palma → Florenz/la Spezia → Rom/civitavecchia → Ajaccio/korsika → Barcelona,,2026-10-08,2026-10-08
CO07270918,AIDA,7 Nächte - Mediterrane Schätze mit Korsika ab Mallorca,AIDAcosma,2027-09-18,2027-09-25,7,WM,WMPMI07E,Palma → Florenz/la Spezia → Rom/civitavecchia → Ajaccio/korsika → Barcelona → Palma,,2026-10-08,2026-10-08
CO07270924,AIDA,7 Nächte - Mediterrane Schätze mit Sardinien ab Barcelona,AIDAcosma,2027-09-24,2027-10-01,7,WM,WMBCN07C,Barcelona → Palma → Cagliari → Rom/civitavecchia → Ajaccio/korsika → Marseille → Barcelona,,2026-10-08,2026-10-08
CO07270925,AIDA,7 Nächte - Mediterrane Schätze mit Sardinien ab Mallorca,AIDAcosma,2027-09-25,2027-10-02,7,WM,WMPMI07C,Palma → Cagliari → Rom/civitavecchia → Ajaccio/korsika → Marseille → Barcelona → Palma,,2026-10-08,2026-10-08
CO07271001,AIDA,7 Nächte - Mediterrane Schätze mit Korsika ab Barcelona,AIDAcosma,2027-10-01,2027-10-08,7,WM,WMBCN07E,Barcelona → Palma → Florenz/la Spezia → Rom/civitavecchia → Ajaccio/korsika → Barcelona,,2026-10-08,2026-10-08
CO07271002,AIDA,7 Nächte - Mediterrane Schätze mit Korsika ab Mallorca,AIDAcosma,2027-10-02,2027-10-09,7,WM,WMPMI07E,Palma → Florenz/la Spezia → Rom/civitavecchia → Ajaccio/korsika → Barcelona → Palma,,2026-10-08,2026-10-08
CO07271008,AIDA,7 Nächte - Mediterrane Schätze mit Sardinien ab Barcelona,AIDAcosma,2027-10-08,2027-10-15,7,WM,WMBCN07C,Barcelona → Palma → Cagliari → Rom/civitavecchia → Ajaccio/korsika → Marseille → Barcelona,,2026-10-08,2026-10-08
CO07271009,AIDA,7 Nächte - Mediterrane Schätze mit Sardinien ab Mallorca,AIDAcosma,2027-10-09,2027-10-16,7,WM,WMPMI07C,Palma → Cagliari → Rom/civitavecchia → Ajaccio/korsika → Marseille → Barcelona → Palma,,2026-10-08,2026-10-08
CO07271015,AIDA,7 Nächte - Mediterrane Schätze mit Korsika ab Barcelona,AIDAcosma,2027-10-15,2027-10-22,7,WM,WMBCN07E,Barcelona → Palma → Florenz/la Spezia → Rom/civitavecchia → Ajaccio/korsika → Barcelona,,2026-10-08,2026-10-08
CO07271016,AIDA,7 Nächte - Mediterrane Schätze mit Korsika ab Mallorca,AIDAcosma,2027-10-16,2027-10-23,7,WM,WMPMI07E,Palma → Florenz/la Spezia → Rom/civitavecchia → Ajaccio/korsika → Barcelona → Palma,,2026-10-08,2026-10-08
CO07271022,AIDA,7 Nächte - Mediterrane Schätze mit Gibraltar ab Barcelona,AIDAcosma,2027-10-22,2027-10-29,7,WM,WMBCN07W,Barcelona → Palma → Malaga → Gibraltar → Cartagena → Ibiza → Barcelona,,2026-10-08,2026-10-08
CO07271023,AIDA,7 Nächte - Mediterrane Schätze mit Gibraltar ab Mallorca,AIDAcosma,2027-10-23,2027-10-30,7,WM,WMPMI07W,Palma → Malaga → Gibraltar → Cartagena → Ibiza → Barcelona → Palma,,2026-10-08,2026-10-08
CO07271029,AIDA,7 Nächte - Mediterrane Schätze mit Korsika ab Barcelona,AIDAcosma,2027-10-29,2027-11-05,7,WM,WMBCN07E,Barcelona → Palma → Florenz/la Spezia → Rom/civitavecchia → Ajaccio/korsika → Barcelona,,2026-10-08,2026-10-08
CO07271030,AIDA,7 Nächte - Mediterrane Schätze mit Korsika ab Mallorca,AIDAcosma,2027-10-30,2027-11-06,7,WM,WMPMI07E,Palma → Florenz/la Spezia → Rom/civitavecchia → Ajaccio/korsika → Barcelona → Palma,,2026-10-08,2026-10-08
CO07271106,AIDA,7 Nächte - Andalusien & Kanaren ab Mallorca,AIDAcosma,2027-11-06,2027-11-13,7,PM,PMILPA07,Palma → Ibiza → Cartagena → Malaga → Arrecife/lanzarote → Puerto del Rosario → Las Palmas/gran Canaria,,2026-10-08,2026-10-08
CO07271113,AIDA,7 Nächte - Kanaren & Madeira ab Gran Canaria,AIDAcosma,2027-11-13,2027-11-20,7,CA,CALPA07,Las Palmas/gran Canaria → Santa Cruz de Tenerife → Puerto del Rosario → Funchal/madeira → Las Palmas/gran Canaria,,2026-10-08,2026-10-08
CO07271117,AIDA,7 Nächte - Kanaren & Madeira ab Teneriffa,AIDAcosma,2027-11-17,2027-11-24,7,CA,CASCT07,Santa Cruz de Tenerife → Puerto del Rosario → Arrecife/lanzarote → Las Palmas/gran Canaria → Funchal/madeira → Santa Cruz/la Palma → Santa Cruz de Tenerife,,2026-10-08,2026-10-08
CO07271120,AIDA,7 Nächte - Kanaren & Madeira ab Gran Canaria,AIDAcosma,2027-11-20,2027-11-27,7,CA,CALPA07,Las Palmas/gran Canaria → Santa Cruz de Tenerife → Puerto del Rosario → Funchal/madeira → Las Palmas/gran Canaria,,2026-10-08,2026-10-08
CO07271124,AIDA,7 Nächte - Kanaren & Madeira ab Teneriffa,AIDAcosma,2027-11-24,2027-12-01,7,CA,CASCT07,Santa Cruz de Tenerife → Puerto del Rosario → Arrecife/lanzarote → Las Palmas/gran Canaria → Funchal/madeira → Santa Cruz/la Palma → Santa Cruz de Tenerife,,2026-10-08,2026-10-08
CO07271127,AIDA,7 Nächte - Kanaren & Madeira ab Gran Canaria,AIDAcosma,2027-11-27,2027-12-04,7,CA,CALPA07,Las Palmas/gran Canaria → Santa Cruz de Tenerife → Puerto del Rosario → Funchal/madeira → Las Palmas/gran Canaria,,2026-10-08,2026-10-08
CO07271201,AIDA,7 Nächte - Kanaren & Madeira ab Teneriffa,AIDAcosma,2027-12-01,2027-12-08,7,CA,CASCT07,Santa Cruz de Tenerife → Puerto del Rosario → Arrecife/lanzarote → Las Palmas/gran Canaria → Funchal/madeira → Santa Cruz/la Palma → Santa Cruz de Tenerife,,2026-10-08,2026-10-08
CO07271204,AIDA,7 Nächte - Kanaren & Madeira ab Gran Canaria,AIDAcosma,2027-12-04,2027-12-11,7,CA,CALPA07,Las Palmas/gran Canaria → Santa Cruz de Tenerife → Puerto del Rosario → Funchal/madeira → Las Palmas/gran Canaria,,2026-10-08,2026-10-08
CO07271208,AIDA,7 Nächte - Kanaren & Madeira ab Teneriffa,AIDAcosma,2027-12-08,2027-12-15,7,CA,CASCT07,Santa Cruz de Tenerife → Puerto del Rosario → Arrecife/lanzarote → Las Palmas/gran Canaria → Funchal/madeira → Santa Cruz/la Palma → Santa Cruz de Tenerife,,2026-10-08,2026-10-08
CO07271211,AIDA,7 Nächte - Kanaren & Madeira ab Gran Canaria,AIDAcosma,2027-12-11,2027-12-18,7,CA,CALPA07,Las Palmas/gran Canaria → Santa Cruz de Tenerife → Puerto del Rosario → Funchal/madeira → Las Palmas/gran Canaria,,2026-10-08,2026-10-08
CO07271215,AIDA,7 Nächte - Kanaren & Madeira ab Teneriffa,AIDAcosma,2027-12-15,2027-12-22,7,CA,CASCT07,Santa Cruz de Tenerife → Puerto del Rosario → Arrecife/lanzarote → Las Palmas/gran Canaria → Funchal/madeira → Santa Cruz/la Palma → Santa Cruz de Tenerife,,2026-10-08,2026-10-08
CO07271218,AIDA,7 Nächte - Kanaren & Madeira ab Gran Canaria,AIDAcosma,2027-12-18,2027-12-25,7,CA,CALPA07,Las Palmas/gran Canaria → Santa Cruz de Tenerife → Puerto del Rosario → Funchal/madeira → Las Palmas/gran Canaria,,2026-10-08,2026-10-08
CO07271222,AIDA,7 Nächte - Kanaren & Madeira ab Teneriffa,AIDAcosma,2027-12-22,2027-12-29,7,CA,CASCT07,Santa Cruz de Tenerife → Puerto del Rosario → Arrecife/lanzarote → Las Palmas/gran Canaria → Funchal/madeira → Santa Cruz/la Palma → Santa Cruz de Tenerife,,2026-10-08,2026-10-08
CO07271225,AIDA,7 Nächte - Kanaren & Madeira ab Gran Canaria,AIDAcosma,2027-12-25,2028-01-01,7,CA,CALPA07,Las Palmas/gran Canaria → Santa Cruz de Tenerife → Puerto del Rosario → Funchal/madeira → Las Palmas/gran Canaria,,2026-10-08,2026-10-08
CO07271229,AIDA,7 Nächte - Kanaren & Madeira ab Teneriffa,AIDAcosma,2027-12-29,2028-01-05,7,CA,CASCT07,Santa Cruz de Tenerife → Puerto del Rosario → Arrecife/lanzarote → Las Palmas/gran Canaria → Funchal/madeira → Santa Cruz/la Palma → Santa Cruz de Tenerife,,2026-10-08,2026-10-08
CO07280101,AIDA,7 Nächte - Kanaren & Madeira ab Gran Canaria,AIDAcosma,2028-01-01,2028-01-08,7,CA,CALPA07,Las Palmas/gran Canaria → Santa Cruz de Tenerife → Puerto del Rosario → Funchal/madeira → Las Palmas/gran Canaria,,2026-10-08,2026-10-08
CO07280105,AIDA,7 Nächte - Kanaren & Madeira ab Teneriffa,AIDAcosma,2028-01-05,2028-01-12,7,CA,CASCT07,Santa Cruz de Tenerife → Puerto del Rosario → Arrecife/lanzarote → Las Palmas/gran Canaria → Funchal/madeira → Santa Cruz/la Palma → Santa Cruz de Tenerife,,2026-10-08,2026-10-08
CO07280108,AIDA,7 Nächte - Kanaren & Madeira ab Gran Canaria,AIDAcosma,2028-01-08,2028-01-15,7,CA,CALPA07,Las Palmas/gran Canaria → Santa Cruz de Tenerife → Puerto del Rosario → Funchal/madeira → Las Palmas/gran Canaria,,2026-10-08,2026-10-08
CO07280112,AIDA,7 Nächte - Kanaren & Madeira ab Teneriffa,AIDAcosma,2028-01-12,2028-01-19,7,CA,CASCT07,Santa Cruz de Tenerife → Puerto del Rosario → Arrecife/lanzarote → Las Palmas/gran Canaria → Funchal/madeira → Santa Cruz/la Palma → Santa Cruz de Tenerife,,2026-10-08,2026-10-08
CO07280115,AIDA,7 Nächte - Kanaren & Madeira ab Gran Canaria,AIDAcosma,2028-01-15,2028-01-22,7,CA,CALPA07,Las Palmas/gran Canaria → Santa Cruz de Tenerife → Puerto del Rosario → Funchal/madeira → Las Palmas/gran Canaria,,2026-10-08,2026-10-08
CO07280119,AIDA,7 Nächte - Kanaren & Madeira ab Teneriffa,AIDAcosma,2028-01-19,2028-01-26,7,CA,CASCT07,Santa Cruz de Tenerife → Puerto del Rosario → Arrecife/lanzarote → Las Palmas/gran Canaria → Funchal/madeira → Santa Cruz/la Palma → Santa Cruz de Tenerife,,2026-10-08,2026-10-08
CO07280122,AIDA,7 Nächte - Kanaren & Madeira ab Gran Canaria,AIDAcosma,2028-01-22,2028-01-29,7,CA,CALPA07,Las Palmas/gran Canaria → Santa Cruz de Tenerife → Puerto del Rosario → Funchal/madeira → Las Palmas/gran Canaria,,2026-10-08,2026-10-08
CO07280126,AIDA,7 Nächte - Kanaren & Madeira ab Teneriffa,AIDAcosma,2028-01-26,2028-02-02,7,CA,CASCT07,Santa Cruz de Tenerife → Puerto del Rosario → Arrecife/lanzarote → Las Palmas/gran Canaria → Funchal/madeira → Santa Cruz/la Palma → Santa Cruz de Tenerife,,2026-10-08,2026-10-08
CO07280129,AIDA,7 Nächte - Kanaren & Madeira ab Gran Canaria,AIDAcosma,2028-01-29,2028-02-05,7,CA,CALPA07,Las Palmas/gran Canaria → Santa Cruz de Tenerife → Puerto del Rosario → Funchal/madeira → Las Palmas/gran Canaria,,2026-10-08,2026-10-08
CO07280202,AIDA,7 Nächte - Kanaren & Madeira ab Teneriffa,AIDAcosma,2028-02-02,2028-02-09,7,CA,CASCT07,Santa Cruz de Tenerife → Puerto del Rosario → Arrecife/lanzarote → Las Palmas/gran Canaria → Funchal/madeira → Santa Cruz/la Palma → Santa Cruz de Tenerife,,2026-10-08,2026-10-08
CO07280205,AIDA,7 Nächte - Kanaren & Madeira ab Gran Canaria,AIDAcosma,2028-02-05,2028-02-12,7,CA,CALPA07,Las Palmas/gran Canaria → Santa Cruz de Tenerife → Puerto del Rosario → Funchal/madeira → Las Palmas/gran Canaria,,2026-10-08,2026-10-08
CO07280209,AIDA,7 Nächte - Kanaren & Madeira ab Teneriffa,AIDAcosma,2028-02-09,2028-02-16,7,CA,CASCT07,Santa Cruz de Tenerife → Puerto del Rosario → Arrecife/lanzarote → Las Palmas/gran Canaria → Funchal/madeira → Santa Cruz/la Palma → Santa Cruz de Tenerife,,2026-10-08,2026-10-08
CO07280212,AIDA,7 Nächte - Kanaren & Madeira ab Gran Canaria,AIDAcosma,2028-02-12,2028-02-19,7,CA,CALPA07,Las Palmas/gran Canaria → Santa Cruz de Tenerife → Puerto del Rosario → Funchal/madeira → Las Palmas/gran Canaria,,2026-10-08,2026-10-08
CO07280216,AIDA,7 Nächte - Kanaren & Madeira ab Teneriffa,AIDAcosma,2028-02-16,2028-02-23,7,CA,CASCT07,Santa Cruz de Tenerife → Puerto del Rosario → Arrecife/lanzarote → Las Palmas/gran Canaria → Funchal/madeira → Santa Cruz/la Palma → Santa Cruz de Tenerife,,2026-10-08,2026-10-08
CO07280219,AIDA,7 Nächte - Kanaren & Madeira ab Gran Canaria,AIDAcosma,2028-02-19,2028-02-26,7,CA,CALPA07,Las Palmas/gran Canaria → Santa Cruz de Tenerife → Puerto del Rosario → Funchal/madeira → Las Palmas/gran Canaria,,2026-10-08,2026-10-08
CO07280223,AIDA,7 Nächte - Kanaren & Madeira ab Teneriffa,AIDAcosma,2028-02-23,2028-03-01,7,CA,CASCT07,Santa Cruz de Tenerife → Puerto del Rosario → Arrecife/lanzarote → Las Palmas/gran Canaria → Funchal/madeira → Santa Cruz/la Palma → Santa Cruz de Tenerife,,2026-10-08,2026-10-08
CO07280226,AIDA,7 Nächte - Kanaren & Madeira ab Gran Canaria,AIDAcosma,2028-02-26,2028-03-04,7,CA,CALPA07,Las Palmas/gran Canaria → Santa Cruz de Tenerife → Puerto del Rosario → Funchal/madeira → Las Palmas/gran Canaria,,2026-10-08,2026-10-08
CO07280301,AIDA,7 Nächte - Kanaren & Madeira ab Teneriffa,AIDAcosma,2028-03-01,2028-03-08,7,CA,CASCT07,Santa Cruz de Tenerife → Puerto del Rosario → Arrecife/lanzarote → Las Palmas/gran Canaria → Funchal/madeira → Santa Cruz/la Palma → Santa Cruz de Tenerife,,2026-10-08,2026-10-08
CO07280304,AIDA,7 Nächte - Kanaren & Madeira ab Gran Canaria,AIDAcosma,2028-03-04,2028-03-11,7,CA,CALPA07,Las Palmas/gran Canaria → Santa Cruz de Tenerife → Puerto del Rosario → Funchal/madeira → Las Palmas/gran Canaria,,2026-10-08,2026-10-08
CO07280308,AIDA,7 Nächte - Kanaren & Madeira ab Teneriffa,AIDAcosma,2028-03-08,2028-03-15,7,CA,CASCT07,Santa Cruz de Tenerife → Puerto del Rosario → Arrecife/lanzarote → Las Palmas/gran Canaria → Funchal/madeira → Santa Cruz/la Palma → Santa Cruz de Tenerife,,2026-10-08,2026-10-08
CO07280311,AIDA,7 Nächte - Kanaren & Madeira ab Gran Canaria,AIDAcosma,2028-03-11,2028-03-18,7,CA,CALPA07,Las Palmas/gran Canaria → Santa Cruz de Tenerife → Puerto del Rosario → Funchal/madeira → Las Palmas/gran Canaria,,2026-10-08,2026-10-08
CO07280315,AIDA,7 Nächte - Kanaren & Madeira ab Teneriffa,AIDAcosma,2028-03-15,2028-03-22,7,CA,CASCT07,Santa Cruz de Tenerife → Puerto del Rosario → Arrecife/lanzarote → Las Palmas/gran Canaria → Funchal/madeira → Santa Cruz/la Palma → Santa Cruz de Tenerife,,2026-10-08,2026-10-08
CO07280318,AIDA,7 Nächte - Kanaren & Madeira ab Gran Canaria,AIDAcosma,2028-03-18,2028-03-25,7,CA,CALPA07,Las Palmas/gran Canaria → Santa Cruz de Tenerife → Puerto del Rosario → Funchal/madeira → Las Palmas/gran Canaria,,2026-10-08,2026-10-08
CO07280322,AIDA,7 Nächte - Kanaren & Madeira ab Teneriffa,AIDAcosma,2028-03-22,2028-03-29,7,CA,CASCT07,Santa Cruz de Tenerife → Puerto del Rosario → Arrecife/lanzarote → Las Palmas/gran Canaria → Funchal/madeira → Santa Cruz/la Palma → Santa Cruz de Tenerife,,2026-10-08,2026-10-08
CO07280325,AIDA,7 Nächte - Kanaren & Madeira ab Gran Canaria,AIDAcosma,2028-03-25,2028-04-01,7,CA,CALPA07,Las Palmas/gran Canaria → Santa Cruz de Tenerife → Puerto del Rosario → Funchal/madeira → Las Palmas/gran Canaria,,2026-10-08,2026-10-08
CO07280329,AIDA,7 Nächte - Kanaren & Madeira ab Teneriffa,AIDAcosma,2028-03-29,2028-04-05,7,CA,CASCT07,Santa Cruz de Tenerife → Puerto del Rosario → Arrecife/lanzarote → Las Palmas/gran Canaria → Funchal/madeira → Santa Cruz/la Palma → Santa Cruz de Tenerife,,2026-10-08,2026-10-08
CO07280401,AIDA,7 Nächte - Kanaren & Madeira ab Gran Canaria,AIDAcosma,2028-04-01,2028-04-08,7,CA,CALPA07,Las Palmas/gran Canaria → Santa Cruz de Tenerife → Puerto del Rosario → Funchal/madeira → Las Palmas/gran Canaria,,2026-10-08,2026-10-08
CO07280405,AIDA,7 Nächte - Kanaren & Madeira ab Teneriffa,AIDAcosma,2028-04-05,2028-04-12,7,CA,CASCT07,Santa Cruz de Tenerife → Puerto del Rosario → Arrecife/lanzarote → Las Palmas/gran Canaria → Funchal/madeira → Santa Cruz/la Palma → Santa Cruz de Tenerife,,2026-10-08,2026-10-08
CO07280408,AIDA,7 Nächte - Kanaren & Madeira ab Gran Canaria,AIDAcosma,2028-04-08,2028-04-15,7,CA,CALPA07,Las Palmas/gran Canaria → Santa Cruz de Tenerife → Puerto del Rosario → Funchal/madeira → Las Palmas/gran Canaria,,2026-10-08,2026-10-08
CO07280412,AIDA,7 Nächte - Kanaren & Madeira ab Teneriffa,AIDAcosma,2028-04-12,2028-04-19,7,CA,CASCT07,Santa Cruz de Tenerife → Puerto del Rosario → Arrecife/lanzarote → Las Palmas/gran Canaria → Funchal/madeira → Santa Cruz/la Palma → Santa Cruz de Tenerife,,2026-10-08,2026-10-08
CO07280415,AIDA,7 Nächte - Kanaren & Madeira ab Gran Canaria,AIDAcosma,2028-04-15,2028-04-22,7,CA,CALPA07,Las Palmas/gran Canaria → Santa Cruz de Tenerife → Puerto del Rosario → Funchal/madeira → Las Palmas/gran Canaria,,2026-10-08,2026-10-08
CO07280422,AIDA,"7 Nächte - Kanaren, Gibraltar & Barcelona ab Gran Canaria",AIDAcosma,2028-04-22,2028-04-29,7,LP,LPAPMI07,Las Palmas/gran Canaria → Puerto del Rosario → Arrecife/lanzarote → Gibraltar → Barcelona → Palma,,2026-10-08,2026-10-08
CO07280428,AIDA,7 Nächte - Mediterrane Schätze mit Korsika ab Barcelona,AIDAcosma,2028-04-28,2028-05-05,7,WM,WMBCN07E,Barcelona → Palma → Florenz/la Spezia → Rom/civitavecchia → Ajaccio/korsika → Barcelona,,2026-10-08,2026-10-08
CO07280429,AIDA,7 Nächte - Mediterrane Schätze mit Korsika ab Mallorca,AIDAcosma,2028-04-29,2028-05-06,7,WM,WMPMI07E,Palma → Florenz/la Spezia → Rom/civitavecchia → Ajaccio/korsika → Barcelona → Palma,,2026-10-08,2026-10-08
CO07280505,AIDA,7 Nächte - Mediterrane Schätze mit Sardinien ab Barcelona,AIDAcosma,2028-05-05,2028-05-12,7,WM,WMBCN07C,Barcelona → Palma → Cagliari → Rom/civitavecchia → Ajaccio/korsika → Marseille → Barcelona,,2026-10-08,2026-10-08
CO07280506,AIDA,7 Nächte - Mediterrane Schätze mit Sardinien ab Mallorca,AIDAcosma,2028-05-06,2028-05-13,7,WM,WMPMI07C,Palma → Cagliari → Rom/civitavecchia → Ajaccio/korsika → Marseille → Barcelona → Palma,,2026-10-08,2026-10-08
CO07280512,AIDA,7 Nächte - Mediterrane Schätze mit Korsika ab Barcelona,AIDAcosma,2028-05-12,2028-05-19,7,WM,WMBCN07E,Barcelona → Palma → Florenz/la Spezia → Rom/civitavecchia → Ajaccio/korsika → Barcelona,,2026-10-08,2026-10-08
CO07280513,AIDA,7 Nächte - Mediterrane Schätze mit Korsika ab Mallorca,AIDAcosma,2028-05-13,2028-05-20,7,WM,WMPMI07E,Palma → Florenz/la Spezia → Rom/civitavecchia → Ajaccio/korsika → Barcelona → Palma,,2026-10-08,2026-10-08
CO07280519,AIDA,7 Nächte - Mediterrane Schätze mit Gibraltar ab Barcelona,AIDAcosma,2028-05-19,2028-05-26,7,WM,WMBCN07W,Barcelona → Palma → Malaga → Gibraltar → Cartagena → Ibiza → Barcelona,,2026-10-08,2026-10-08
CO07280520,AIDA,7 Nächte - Mediterrane Schätze mit Gibraltar ab Mallorca,AIDAcosma,2028-05-20,2028-05-27,7,WM,WMPMI07W,Palma → Malaga → Gibraltar → Cartagena → Ibiza → Barcelona → Palma,,2026-10-08,2026-10-08
CO07280526,AIDA,7 Nächte - Mediterrane Schätze mit Korsika ab Barcelona,AIDAcosma,2028-05-26,2028-06-02,7,WM,WMBCN07E,Barcelona → Palma → Florenz/la Spezia → Rom/civitavecchia → Ajaccio/korsika → Barcelona,,2026-10-08,2026-10-08
CO07280527,AIDA,7 Nächte - Mediterrane Schätze mit Korsika ab Mallorca,AIDAcosma,2028-05-27,2028-06-03,7,WM,WMPMI07E,Palma → Florenz/la Spezia → Rom/civitavecchia → Ajaccio/korsika → Barcelona → Palma,,2026-10-08,2026-10-08
CO07280602,AIDA,7 Nächte - Mediterrane Schätze mit Sardinien ab Barcelona,AIDAcosma,2028-06-02,2028-06-09,7,WM,WMBCN07C,Barcelona → Palma → Cagliari → Rom/civitavecchia → Ajaccio/korsika → Marseille → Barcelona,,2026-10-08,2026-10-08
CO07280603,AIDA,7 Nächte - Mediterrane Schätze mit Sardinien ab Mallorca,AIDAcosma,2028-06-03,2028-06-10,7,WM,WMPMI07C,Palma → Cagliari → Rom/civitavecchia → Ajaccio/korsika → Marseille → Barcelona → Palma,,2026-10-08,2026-10-08
CO07280609,AIDA,7 Nächte - Mediterrane Schätze mit Korsika ab Barcelona,AIDAcosma,2028-06-09,2028-06-16,7,WM,WMBCN07E,Barcelona → Palma → Florenz/la Spezia → Rom/civitavecchia → Ajaccio/korsika → Barcelona,,2026-10-08,2026-10-08
CO07280610,AIDA,7 Nächte - Mediterrane Schätze mit Korsika ab Mallorca,AIDAcosma,2028-06-10,2028-06-17,7,WM,WMPMI07E,Palma → Florenz/la Spezia → Rom/civitavecchia → Ajaccio/korsika → Barcelona → Palma,,2026-10-08,2026-10-08
CO07280616,AIDA,7 Nächte - Mediterrane Schätze mit Gibraltar ab Barcelona,AIDAcosma,2028-06-16,2028-06-23,7,WM,WMBCN07W,Barcelona → Palma → Malaga → Gibraltar → Cartagena → Ibiza → Barcelona,,2026-10-08,2026-10-08
CO07280617,AIDA,7 Nächte - Mediterrane Schätze mit Gibraltar ab Mallorca,AIDAcosma,2028-06-17,2028-06-24,7,WM,WMPMI07W,Palma → Malaga → Gibraltar → Cartagena → Ibiza → Barcelona → Palma,,2026-10-08,2026-10-08
CO07280623,AIDA,7 Nächte - Mediterrane Schätze mit Korsika ab Barcelona,AIDAcosma,2028-06-23,2028-06-30,7,WM,WMBCN07E,Barcelona → Palma → Florenz/la Spezia → Rom/civitavecchia → Ajaccio/korsika → Barcelona,,2026-10-08,2026-10-08
CO07280624,AIDA,7 Nächte - Mediterrane Schätze mit Korsika ab Mallorca,AIDAcosma,2028-06-24,2028-07-01,7,WM,WMPMI07E,Palma → Florenz/la Spezia → Rom/civitavecchia → Ajaccio/korsika → Barcelona → Palma,,2026-10-08,2026-10-08
CO07280630,AIDA,7 Nächte - Mediterrane Schätze mit Sardinien ab Barcelona,AIDAcosma,2028-06-30,2028-07-07,7,WM,WMBCN07C,Barcelona → Palma → Cagliari → Rom/civitavecchia → Ajaccio/korsika → Marseille → Barcelona,,2026-10-08,2026-10-08
CO07280701,AIDA,7 Nächte - Mediterrane Schätze mit Sardinien ab Mallorca,AIDAcosma,2028-07-01,2028-07-08,7,WM,WMPMI07C,Palma → Cagliari → Rom/civitavecchia → Ajaccio/korsika → Marseille → Barcelona → Palma,,2026-10-08,2026-10-08
CO07280707,AIDA,7 Nächte - Mediterrane Schätze mit Korsika ab Barcelona,AIDAcosma,2028-07-07,2028-07-14,7,WM,WMBCN07E,Barcelona → Palma → Florenz/la Spezia → Rom/civitavecchia → Ajaccio/korsika → Barcelona,,2026-10-08,2026-10-08
CO07280708,AIDA,7 Nächte - Mediterrane Schätze mit Korsika ab Mallorca,AIDAcosma,2028-07-08,2028-07-15,7,WM,WMPMI07E,Palma → Florenz/la Spezia → Rom/civitavecchia → Ajaccio/korsika → Barcelona → Palma,,2026-10-08,2026-10-08
CO07280714,AIDA,7 Nächte - Mediterrane Schätze mit Sardinien ab Barcelona,AIDAcosma,2028-07-14,2028-07-21,7,WM,WMBCN07C,Barcelona → Palma → Cagliari → Rom/civitavecchia → Ajaccio/korsika → Marseille → Barcelona,,2026-10-08,2026-10-08
CO07280715,AIDA,7 Nächte - Mediterrane Schätze mit Sardinien ab Mallorca,AIDAcosma,2028-07-15,2028-07-22,7,WM,WMPMI07C,Palma → Cagliari → Rom/civitavecchia → Ajaccio/korsika → Marseille → Barcelona → Palma,,2026-10-08,2026-10-08
CO07280721,AIDA,7 Nächte - Mediterrane Schätze mit Korsika ab Barcelona,AIDAcosma,2028-07-21,2028-07-28,7,WM,WMBCN07E,Barcelona → Palma → Florenz/la Spezia → Rom/civitavecchia → Ajaccio/korsika → Barcelona,,2026-10-08,2026-10-08
CO07280722,AIDA,7 Nächte - Mediterrane Schätze mit Korsika ab Mallorca,AIDAcosma,2028-07-22,2028-07-29,7,WM,WMPMI07E,Palma → Florenz/la Spezia → Rom/civitavecchia → Ajaccio/korsika → Barcelona → Palma,,2026-10-08,2026-10-08
CO07280728,AIDA,7 Nächte - Mediterrane Schätze mit Gibraltar ab Barcelona,AIDAcosma,2028-07-28,2028-08-04,7,WM,WMBCN07W,Barcelona → Palma → Malaga → Gibraltar → Cartagena → Ibiza → Barcelona,,2026-10-08,2026-10-08
CO07280729,AIDA,7 Nächte - Mediterrane Schätze mit Gibraltar ab Mallorca,AIDAcosma,2028-07-29,2028-08-05,7,WM,WMPMI07W,Palma → Malaga → Gibraltar → Cartagena → Ibiza → Barcelona → Palma,,2026-10-08,2026-10-08
CO07280804,AIDA,7 Nächte - Mediterrane Schätze mit Korsika ab Barcelona,AIDAcosma,2028-08-04,2028-08-11,7,WM,WMBCN07E,Barcelona → Palma → Florenz/la Spezia → Rom/civitavecchia → Ajaccio/korsika → Barcelona,,2026-10-08,2026-10-08
CO07280805,AIDA,7 Nächte - Mediterrane Schätze mit Korsika ab Mallorca,AIDAcosma,2028-08-05,2028-08-12,7,WM,WMPMI07E,Palma → Florenz/la Spezia → Rom/civitavecchia → Ajaccio/korsika → Barcelona → Palma,,2026-10-08,2026-10-08
CO07280811,AIDA,7 Nächte - Mediterrane Schätze mit Gibraltar ab Barcelona,AIDAcosma,2028-08-11,2028-08-18,7,WM,WMBCN07W,Barcelona → Palma → Malaga → Gibraltar → Cartagena → Ibiza → Barcelona,,2026-10-08,2026-10-08
CO07280812,AIDA,7 Nächte - Mediterrane Schätze mit Gibraltar ab Mallorca,AIDAcosma,2028-08-12,2028-08-19,7,WM,WMPMI07W,Palma → Malaga → Gibraltar → Cartagena → Ibiza → Barcelona → Palma,,2026-10-08,2026-10-08
CO07280818,AIDA,7 Nächte - Mediterrane Schätze mit Korsika ab Barcelona,AIDAcosma,2028-08-18,2028-08-25,7,WM,WMBCN07E,Barcelona → Palma → Florenz/la Spezia → Rom/civitavecchia → Ajaccio/korsika → Barcelona,,2026-10-08,2026-10-08
CO07280819,AIDA,7 Nächte - Mediterrane Schätze mit Korsika ab Mallorca,AIDAcosma,2028-08-19,2028-08-26,7,WM,WMPMI07E,Palma → Florenz/la Spezia → Rom/civitavecchia → Ajaccio/korsika → Barcelona → Palma,,2026-10-08,2026-10-08
CO07280825,AIDA,7 Nächte - Mediterrane Schätze mit Sardinien ab Barcelona,AIDAcosma,2028-08-25,2028-09-01,7,WM,WMBCN07C,Barcelona → Palma → Cagliari → Rom/civitavecchia → Ajaccio/korsika → Marseille → Barcelona,,2026-10-08,2026-10-08
CO07280826,AIDA,7 Nächte - Mediterrane Schätze mit Sardinien ab Mallorca,AIDAcosma,2028-08-26,2028-09-02,7,WM,WMPMI07C,Palma → Cagliari → Rom/civitavecchia → Ajaccio/korsika → Marseille → Barcelona → Palma,,2026-10-08,2026-10-08
CO07280901,AIDA,7 Nächte - Mediterrane Schätze mit Korsika ab Barcelona,AIDAcosma,2028-09-01,2028-09-08,7,WM,WMBCN07E,Barcelona → Palma → Florenz/la Spezia → Rom/civitavecchia → Ajaccio/korsika → Barcelona,,2026-10-08,2026-10-08
CO07280902,AIDA,7 Nächte - Mediterrane Schätze mit Korsika ab Mallorca,AIDAcosma,2028-09-02,2028-09-09,7,WM,WMPMI07E,Palma → Florenz/la Spezia → Rom/civitavecchia → Ajaccio/korsika → Barcelona → Palma,,2026-10-08,2026-10-08
CO07280908,AIDA,7 Nächte - Mediterrane Schätze mit Gibraltar ab Barcelona,AIDAcosma,2028-09-08,2028-09-15,7,WM,WMBCN07W,Barcelona → Palma → Malaga → Gibraltar → Cartagena → Ibiza → Barcelona,,2026-10-08,2026-10-08
CO07280909,AIDA,7 Nächte - Mediterrane Schätze mit Gibraltar ab Mallorca,AIDAcosma,2028-09-09,2028-09-16,7,WM,WMPMI07W,Palma → Malaga → Gibraltar → Cartagena → Ibiza → Barcelona → Palma,,2026-10-08,2026-10-08
CO07280915,AIDA,7 Nächte - Mediterrane Schätze mit Korsika ab Barcelona,AIDAcosma,2028-09-15,2028-09-22,7,WM,WMBCN07E,Barcelona → Palma → Florenz/la Spezia → Rom/civitavecchia → Ajaccio/korsika → Barcelona,,2026-10-08,2026-10-08
CO07280916,AIDA,7 Nächte - Mediterrane Schätze mit Korsika ab Mallorca,AIDAcosma,2028-09-16,2028-09-23,7,WM,WMPMI07E,Palma → Florenz/la Spezia → Rom/civitavecchia → Ajaccio/korsika → Barcelona → Palma,,2026-10-08,2026-10-08
CO07280922,AIDA,7 Nächte - Mediterrane Schätze mit Sardinien ab Barcelona,AIDAcosma,2028-09-22,2028-09-29,7,WM,WMBCN07C,Barcelona → Palma → Cagliari → Rom/civitavecchia → Ajaccio/korsika → Marseille → Barcelona,,2026-10-08,2026-10-08
CO07280923,AIDA,7 Nächte - Mediterrane Schätze mit Sardinien ab Mallorca,AIDAcosma,2028-09-23,2028-09-30,7,WM,WMPMI07C,Palma → Cagliari → Rom/civitavecchia → Ajaccio/korsika → Marseille → Barcelona → Palma,,2026-10-08,2026-10-08
CO07280929,AIDA,7 Nächte - Mediterrane Schätze mit Gibraltar ab Barcelona,AIDAcosma,2028-09-29,2028-10-06,7,WM,WMBCN07W,Barcelona → Palma → Malaga → Gibraltar → Cartagena → Ibiza → Barcelona,,2026-10-08,2026-10-08
CO07280930,AIDA,7 Nächte - Mediterrane Schätze mit Gibraltar ab Mallorca,AIDAcosma,2028-09-30,2028-10-07,7,WM,WMPMI07W,Palma → Malaga → Gibraltar → Cartagena → Ibiza → Barcelona → Palma,,2026-10-08,2026-10-08
CO07281006,AIDA,7 Nächte - Mediterrane Schätze mit Sardinien ab Barcelona,AIDAcosma,2028-10-06,2028-10-13,7,WM,WMBCN07C,Barcelona → Palma → Cagliari → Rom/civitavecchia → Ajaccio/korsika → Marseille → Barcelona,,2026-10-08,2026-10-08
CO07281007,AIDA,7 Nächte - Mediterrane Schätze mit Sardinien ab Mallorca,AIDAcosma,2028-10-07,2028-10-14,7,WM,WMPMI07C,Palma → Cagliari → Rom/civitavecchia → Ajaccio/korsika → Marseille → Barcelona → Palma,,2026-10-08,2026-10-08
CO07281013,AIDA,7 Nächte - Mediterrane Schätze mit Korsika ab Barcelona,AIDAcosma,2028-10-13,2028-10-20,7,WM,WMBCN07E,Barcelona → Palma → Florenz/la Spezia → Rom/civitavecchia → Ajaccio/korsika → Barcelona,,2026-10-08,2026-10-08
CO07281014,AIDA,7 Nächte - Mediterrane Schätze mit Korsika ab Mallorca,AIDAcosma,2028-10-14,2028-10-21,7,WM,WMPMI07E,Palma → Florenz/la Spezia → Rom/civitavecchia → Ajaccio/korsika → Barcelona → Palma,,2026-10-08,2026-10-08
CO07281020,AIDA,7 Nächte - Mediterrane Schätze mit Gibraltar ab Barcelona,AIDAcosma,2028-10-20,2028-10-27,7,WM,WMBCN07W,Barcelona → Palma → Malaga → Gibraltar → Cartagena → Ibiza → Barcelona,,2026-10-08,2026-10-08
CO07281021,AIDA,7 Nächte - Mediterrane Schätze mit Gibraltar ab Mallorca,AIDAcosma,2028-10-21,2028-10-28,7,WM,WMPMI07W,Palma → Malaga → Gibraltar → Cartagena → Ibiza → Barcelona → Palma,,2026-10-08,2026-10-08
CO07281027,AIDA,7 Nächte - Mediterrane Schätze mit Korsika ab Barcelona,AIDAcosma,2028-10-27,2028-11-03,7,WM,WMBCN07E,Barcelona → Palma → Florenz/la Spezia → Rom/civitavecchia → Ajaccio/korsika → Barcelona,,2026-10-08,2026-10-08
CO07281028,AIDA,7 Nächte - Mediterrane Schätze mit Korsika ab Mallorca,AIDAcosma,2028-10-28,2028-11-04,7,WM,WMPMI07E,Palma → Florenz/la Spezia → Rom/civitavecchia → Ajaccio/korsika → Barcelona → Palma,,2026-10-08,2026-10-08
CO07281104,AIDA,7 Nächte - Andalusien & Kanaren ab Mallorca,AIDAcosma,2028-11-04,2028-11-11,7,PM,PMILPA07,Palma → Ibiza → Cartagena → Malaga → Arrecife/lanzarote → Puerto del Rosario → Las Palmas/gran Canaria,,2026-10-08,2026-10-08
CO07281111,AIDA,7 Nächte - Kanaren & Madeira ab Gran Canaria,AIDAcosma,2028-11-11,2028-11-18,7,CA,CALPA07,Las Palmas/gran Canaria → Santa Cruz de Tenerife → Puerto del Rosario → Funchal/madeira → Las Palmas/gran Canaria,,2026-10-08,2026-10-08
CO07281115,AIDA,7 Nächte - Kanaren & Madeira ab Teneriffa,AIDAcosma,2028-11-15,2028-11-22,7,CA,CASCT07,Santa Cruz de Tenerife → Puerto del Rosario → Arrecife/lanzarote → Las Palmas/gran Canaria → Funchal/madeira → Santa Cruz/la Palma → Santa Cruz de Tenerife,,2026-10-08,2026-10-08
CO07281118,AIDA,7 Nächte - Kanaren & Madeira ab Gran Canaria,AIDAcosma,2028-11-18,2028-11-25,7,CA,CALPA07,Las Palmas/gran Canaria → Santa Cruz de Tenerife → Puerto del Rosario → Funchal/madeira → Las Palmas/gran Canaria,,2026-10-08,2026-10-08
CO07281122,AIDA,7 Nächte - Kanaren & Madeira ab Teneriffa,AIDAcosma,2028-11-22,2028-11-29,7,CA,CASCT07,Santa Cruz de Tenerife → Puerto del Rosario → Arrecife/lanzarote → Las Palmas/gran Canaria → Funchal/madeira → Santa Cruz/la Palma → Santa Cruz de Tenerife,,2026-10-08,2026-10-08
CO07281125,AIDA,7 Nächte - Kanaren & Madeira ab Gran Canaria,AIDAcosma,2028-11-25,2028-12-02,7,CA,CALPA07,Las Palmas/gran Canaria → Santa Cruz de Tenerife → Puerto del Rosario → Funchal/madeira → Las Palmas/gran Canaria,,2026-10-08,2026-10-08
CO07281129,AIDA,7 Nächte - Kanaren & Madeira ab Teneriffa,AIDAcosma,2028-11-29,2028-12-06,7,CA,CASCT07,Santa Cruz de Tenerife → Puerto del Rosario → Arrecife/lanzarote → Las Palmas/gran Canaria → Funchal/madeira → Santa Cruz/la Palma → Santa Cruz de Tenerife,,2026-10-08,2026-10-08
CO07281202,AIDA,7 Nächte - Kanaren & Madeira ab Gran Canaria,AIDAcosma,2028-12-02,2028-12-09,7,CA,CALPA07,Las Palmas/gran Canaria → Santa Cruz de Tenerife → Puerto del Rosario → Funchal/madeira → Las Palmas/gran Canaria,,2026-10-08,2026-10-08
CO07281206,AIDA,7 Nächte - Kanaren & Madeira ab Teneriffa,AIDAcosma,2028-12-06,2028-12-13,7,CA,CASCT07,Santa Cruz de Tenerife → Puerto del Rosario → Arrecife/lanzarote → Las Palmas/gran Canaria → Funchal/madeira → Santa Cruz/la Palma → Santa Cruz de Tenerife,,2026-10-08,2026-10-08
CO07281209,AIDA,7 Nächte - Kanaren & Madeira ab Gran Canaria,AIDAcosma,2028-12-09,2028-12-16,7,CA,CALPA07,Las Palmas/gran Canaria → Santa Cruz de Tenerife → Puerto del Rosario → Funchal/madeira → Las Palmas/gran Canaria,,2026-10-08,2026-10-08
CO07281213,AIDA,7 Nächte - Kanaren & Madeira ab Teneriffa,AIDAcosma,2028-12-13,2028-12-20,7,CA,CASCT07,Santa Cruz de Tenerife → Puerto del Rosario → Arrecife/lanzarote → Las Palmas/gran Canaria → Funchal/madeira → Santa Cruz/la Palma → Santa Cruz de Tenerife,,2026-10-08,2026-10-08
CO07281216,AIDA,7 Nächte - Kanaren & Madeira ab Gran Canaria,AIDAcosma,2028-12-16,2028-12-23,7,CA,CALPA07,Las Palmas/gran Canaria → Santa Cruz de Tenerife → Puerto del Rosario → Funchal/madeira → Las Palmas/gran Canaria,,2026-10-08,2026-10-08
CO07281220,AIDA,7 Nächte - Kanaren & Madeira ab Teneriffa,AIDAcosma,2028-12-20,2028-12-27,7,CA,CASCT07,Santa Cruz de Tenerife → Puerto del Rosario → Arrecife/lanzarote → Las Palmas/gran Canaria → Funchal/madeira → Santa Cruz/la Palma → Santa Cruz de Tenerife,,2026-10-08,2026-10-08
CO07281223,AIDA,7 Nächte - Kanaren & Madeira ab Gran Canaria,AIDAcosma,2028-12-23,2028-12-30,7,CA,CALPA07,Las Palmas/gran Canaria → Santa Cruz de Tenerife → Puerto del Rosario → Funchal/madeira → Las Palmas/gran Canaria,,2026-10-08,2026-10-08
CO07281227,AIDA,7 Nächte - Kanaren & Madeira ab Teneriffa,AIDAcosma,2028-12-27,2029-01-03,7,CA,CASCT07,Santa Cruz de Tenerife → Puerto del Rosario → Arrecife/lanzarote → Las Palmas/gran Canaria → Funchal/madeira → Santa Cruz/la Palma → Santa Cruz de Tenerife,,2026-10-08,2026-10-08
CO07281230,AIDA,7 Nächte - Kanaren & Madeira ab Gran Canaria,AIDAcosma,2028-12-30,2029-01-06,7,CA,CALPA07,Las Palmas/gran Canaria → Santa Cruz de Tenerife → Puerto del Rosario → Funchal/madeira → Las Palmas/gran Canaria,,2026-10-08,2026-10-08
CO07290103,AIDA,7 Nächte - Kanaren & Madeira ab Teneriffa,AIDAcosma,2029-01-03,2029-01-10,7,CA,CASCT07,Santa Cruz de Tenerife → Puerto del Rosario → Arrecife/lanzarote → Las Palmas/gran Canaria → Funchal/madeira → Santa Cruz/la Palma → Santa Cruz de Tenerife,,2026-10-08,2026-10-08
CO07290106,AIDA,7 Nächte - Kanaren & Madeira ab Gran Canaria,AIDAcosma,2029-01-06,2029-01-13,7,CA,CALPA07,Las Palmas/gran Canaria → Santa Cruz de Tenerife → Puerto del Rosario → Funchal/madeira → Las Palmas/gran Canaria,,2026-10-08,2026-10-08
CO07290110,AIDA,7 Nächte - Kanaren & Madeira ab Teneriffa,AIDAcosma,2029-01-10,2029-01-17,7,CA,CASCT07,Santa Cruz de Tenerife → Puerto del Rosario → Arrecife/lanzarote → Las Palmas/gran Canaria → Funchal/madeira → Santa Cruz/la Palma → Santa Cruz de Tenerife,,2026-10-08,2026-10-08
CO07290113,AIDA,7 Nächte - Kanaren & Madeira ab Gran Canaria,AIDAcosma,2029-01-13,2029-01-20,7,CA,CALPA07,Las Palmas/gran Canaria → Santa Cruz de Tenerife → Puerto del Rosario → Funchal/madeira → Las Palmas/gran Canaria,,2026-10-08,2026-10-08
CO07290117,AIDA,7 Nächte - Kanaren & Madeira ab Teneriffa,AIDAcosma,2029-01-17,2029-01-24,7,CA,CASCT07,Santa Cruz de Tenerife → Puerto del Rosario → Arrecife/lanzarote → Las Palmas/gran Canaria → Funchal/madeira → Santa Cruz/la Palma → Santa Cruz de Tenerife,,2026-10-08,2026-10-08
CO07290120,AIDA,7 Nächte - Kanaren & Madeira ab Gran Canaria,AIDAcosma,2029-01-20,2029-01-27,7,CA,CALPA07,Las Palmas/gran Canaria → Santa Cruz de Tenerife → Puerto del Rosario → Funchal/madeira → Las Palmas/gran Canaria,,2026-10-08,2026-10-08
CO07290124,AIDA,7 Nächte - Kanaren & Madeira ab Teneriffa,AIDAcosma,2029-01-24,2029-01-31,7,CA,CASCT07,Santa Cruz de Tenerife → Puerto del Rosario → Arrecife/lanzarote → Las Palmas/gran Canaria → Funchal/madeira → Santa Cruz/la Palma → Santa Cruz de Tenerife,,2026-10-08,2026-10-08
CO07290127,AIDA,7 Nächte - Kanaren & Madeira ab Gran Canaria,AIDAcosma,2029-01-27,2029-02-03,7,CA,CALPA07,Las Palmas/gran Canaria → Santa Cruz de Tenerife → Puerto del Rosario → Funchal/madeira → Las Palmas/gran Canaria,,2026-10-08,2026-10-08
CO07290131,AIDA,7 Nächte - Kanaren & Madeira ab Teneriffa,AIDAcosma,2029-01-31,2029-02-07,7,CA,CASCT07,Santa Cruz de Tenerife → Puerto del Rosario → Arrecife/lanzarote → Las Palmas/gran Canaria → Funchal/madeira → Santa Cruz/la Palma → Santa Cruz de Tenerife,,2026-10-08,2026-10-08
CO07290203,AIDA,7 Nächte - Kanaren & Madeira ab Gran Canaria,AIDAcosma,2029-02-03,2029-02-10,7,CA,CALPA07,Las Palmas/gran Canaria → Santa Cruz de Tenerife → Puerto del Rosario → Funchal/madeira → Las Palmas/gran Canaria,,2026-10-08,2026-10-08
CO07290207,AIDA,7 Nächte - Kanaren & Madeira ab Teneriffa,AIDAcosma,2029-02-07,2029-02-14,7,CA,CASCT07,Santa Cruz de Tenerife → Puerto del Rosario → Arrecife/lanzarote → Las Palmas/gran Canaria → Funchal/madeira → Santa Cruz/la Palma → Santa Cruz de Tenerife,,2026-10-08,2026-10-08
CO07290210,AIDA,7 Nächte - Kanaren & Madeira ab Gran Canaria,AIDAcosma,2029-02-10,2029-02-17,7,CA,CALPA07,Las Palmas/gran Canaria → Santa Cruz de Tenerife → Puerto del Rosario → Funchal/madeira → Las Palmas/gran Canaria,,2026-10-08,2026-10-08
CO07290214,AIDA,7 Nächte - Kanaren & Madeira ab Teneriffa,AIDAcosma,2029-02-14,2029-02-21,7,CA,CASCT07,Santa Cruz de Tenerife → Puerto del Rosario → Arrecife/lanzarote → Las Palmas/gran Canaria → Funchal/madeira → Santa Cruz/la Palma → Santa Cruz de Tenerife,,2026-10-08,2026-10-08
CO07290217,AIDA,7 Nächte - Kanaren & Madeira ab Gran Canaria,AIDAcosma,2029-02-17,2029-02-24,7,CA,CALPA07,Las Palmas/gran Canaria → Santa Cruz de Tenerife → Puerto del Rosario → Funchal/madeira → Las Palmas/gran Canaria,,2026-10-08,2026-10-08
CO07290221,AIDA,7 Nächte - Kanaren & Madeira ab Teneriffa,AIDAcosma,2029-02-21,2029-02-28,7,CA,CASCT07,Santa Cruz de Tenerife → Puerto del Rosario → Arrecife/lanzarote → Las Palmas/gran Canaria → Funchal/madeira → Santa Cruz/la Palma → Santa Cruz de Tenerife,,2026-10-08,2026-10-08
CO07290224,AIDA,7 Nächte - Kanaren & Madeira ab Gran Canaria,AIDAcosma,2029-02-24,2029-03-03,7,CA,CALPA07,Las Palmas/gran Canaria → Santa Cruz de Tenerife → Puerto del Rosario → Funchal/madeira → Las Palmas/gran Canaria,,2026-10-08,2026-10-08
CO07290228,AIDA,7 Nächte - Kanaren & Madeira ab Teneriffa,AIDAcosma,2029-02-28,2029-03-07,7,CA,CASCT07,Santa Cruz de Tenerife → Puerto del Rosario → Arrecife/lanzarote → Las Palmas/gran Canaria → Funchal/madeira → Santa Cruz/la Palma → Santa Cruz de Tenerife,,2026-10-08,2026-10-08
CO07290303,AIDA,7 Nächte - Kanaren & Madeira ab Gran Canaria,AIDAcosma,2029-03-03,2029-03-10,7,CA,CALPA07,Las Palmas/gran Canaria → Santa Cruz de Tenerife → Puerto del Rosario → Funchal/madeira → Las Palmas/gran Canaria,,2026-10-08,2026-10-08
CO07290307,AIDA,7 Nächte - Kanaren & Madeira ab Teneriffa,AIDAcosma,2029-03-07,2029-03-14,7,CA,CASCT07,Santa Cruz de Tenerife → Puerto del Rosario → Arrecife/lanzarote → Las Palmas/gran Canaria → Funchal/madeira → Santa Cruz/la Palma → Santa Cruz de Tenerife,,2026-10-08,2026-10-08
CO07290310,AIDA,7 Nächte - Kanaren & Madeira ab Gran Canaria,AIDAcosma,2029-03-10,2029-03-17,7,CA,CALPA07,Las Palmas/gran Canaria → Santa Cruz de Tenerife → Puerto del Rosario → Funchal/madeira → Las Palmas/gran Canaria,,2026-10-08,2026-10-08
CO07290314,AIDA,7 Nächte - Kanaren & Madeira ab Teneriffa,AIDAcosma,2029-03-14,2029-03-21,7,CA,CASCT07,Santa Cruz de Tenerife → Puerto del Rosario → Arrecife/lanzarote → Las Palmas/gran Canaria → Funchal/madeira → Santa Cruz/la Palma → Santa Cruz de Tenerife,,2026-10-08,2026-10-08
CO07290317,AIDA,7 Nächte - Kanaren & Madeira ab Gran Canaria,AIDAcosma,2029-03-17,2029-03-24,7,CA,CALPA07,Las Palmas/gran Canaria → Santa Cruz de Tenerife → Puerto del Rosario → Funchal/madeira → Las Palmas/gran Canaria,,2026-10-08,2026-10-08
CO07290321,AIDA,7 Nächte - Kanaren & Madeira ab Teneriffa,AIDAcosma,2029-03-21,2029-03-28,7,CA,CASCT07,Santa Cruz de Tenerife → Puerto del Rosario → Arrecife/lanzarote → Las Palmas/gran Canaria → Funchal/madeira → Santa Cruz/la Palma → Santa Cruz de Tenerife,,2026-10-08,2026-10-08
CO07290324,AIDA,7 Nächte - Kanaren & Madeira ab Gran Canaria,AIDAcosma,2029-03-24,2029-03-31,7,CA,CALPA07,Las Palmas/gran Canaria → Santa Cruz de Tenerife → Puerto del Rosario → Funchal/madeira → Las Palmas/gran Canaria,,2026-10-08,2026-10-08
CO07290328,AIDA,7 Nächte - Kanaren & Madeira ab Teneriffa,AIDAcosma,2029-03-28,2029-04-04,7,CA,CASCT07,Santa Cruz de Tenerife → Puerto del Rosario → Arrecife/lanzarote → Las Palmas/gran Canaria → Funchal/madeira → Santa Cruz/la Palma → Santa Cruz de Tenerife,,2026-10-08,2026-10-08
CO07290331,AIDA,7 Nächte - Kanaren & Madeira ab Gran Canaria,AIDAcosma,2029-03-31,2029-04-07,7,CA,CALPA07,Las Palmas/gran Canaria → Santa Cruz de Tenerife → Puerto del Rosario → Funchal/madeira → Las Palmas/gran Canaria,,2026-10-08,2026-10-08
CO07290404,AIDA,7 Nächte - Kanaren & Madeira ab Teneriffa,AIDAcosma,2029-04-04,2029-04-11,7,CA,CASCT07,Santa Cruz de Tenerife → Puerto del Rosario → Arrecife/lanzarote → Las Palmas/gran Canaria → Funchal/madeira → Santa Cruz/la Palma → Santa Cruz de Tenerife,,2026-10-08,2026-10-08
CO07290407,AIDA,7 Nächte - Kanaren & Madeira ab Gran Canaria,AIDAcosma,2029-04-07,2029-04-14,7,CA,CALPA07,Las Palmas/gran Canaria → Santa Cruz de Tenerife → Puerto del Rosario → Funchal/madeira → Las Palmas/gran Canaria,,2026-10-08,2026-10-08
CO08261030,AIDA,8 Nächte - Mediterrane Schätze mit Korsika ab Barcelona 2,AIDAcosma,2026-10-30,2026-11-07,8,BC,BCNPMI08,Barcelona → Palma → Florenz/la Spezia → Rom/civitavecchia → Ajaccio/korsika → Barcelona → Palma,,2026-10-08,2026-10-08
CO09261203,AIDA,9 Nächte - Andalusien & Kanaren ab Mallorca 2,AIDAcosma,2026-12-03,2026-12-12,9,PM,PMILPA09,Palma → Cartagena → Malaga → Santa Cruz/la Palma → Las Palmas/gran Canaria → Puerto del Rosario → Arrecife/lanzarote → Las Palmas/gran Canaria,,2026-10-08,2026-10-08
CO09270421,AIDA,9 Nächte - Kanaren & Andalusien ab Teneriffa 1,AIDAcosma,2027-04-21,2027-04-30,9,SC,SCTBCN09,Santa Cruz de Tenerife → Puerto del Rosario → Arrecife/lanzarote → Las Palmas/gran Canaria → Arrecife/lanzarote → Sevilla/cadiz → Malaga → Barcelona,,2026-10-08,2026-10-08
CO09280419,AIDA,9 Nächte - Kanaren & Gibraltar ab Teneriffa,AIDAcosma,2028-04-19,2028-04-28,9,SC,SCTBCN09,Santa Cruz de Tenerife → Puerto del Rosario → Arrecife/lanzarote → Las Palmas/gran Canaria → Puerto del Rosario → Arrecife/lanzarote → Gibraltar → Barcelona,,2026-10-08,2026-10-08
CO10261020,AIDA,"10 Nächte - Spanien, Frankreich & Italien ab Civitavecchia 2",AIDAcosma,2026-10-20,2026-10-30,10,WM,WMCVV10,Rom/civitavecchia → Ajaccio/korsika → Barcelona → Palma → Cagliari → Rom/civitavecchia → Ajaccio/korsika → Marseille → Barcelona,,2026-10-08,2026-10-08
CO10270421,AIDA,10 Nächte - Kanaren & Andalusien ab Teneriffa 2,AIDAcosma,2027-04-21,2027-05-01,10,SC,SCTPMI10,Santa Cruz de Tenerife → Puerto del Rosario → Arrecife/lanzarote → Las Palmas/gran Canaria → Arrecife/lanzarote → Sevilla/cadiz → Malaga → Barcelona → Palma,,2026-10-08,2026-10-08
CO10270424,AIDA,10 Nächte - Kanaren & Andalusien ab Gran Canaria 2,AIDAcosma,2027-04-24,2027-05-04,10,LP,LPACVV10,Las Palmas/gran Canaria → Arrecife/lanzarote → Sevilla/cadiz → Malaga → Barcelona → Palma → Florenz/la Spezia → Rom/civitavecchia,,2026-10-08,2026-10-08
CO10270515,AIDA,"10 Nächte - Spanien, Frankreich & Italien ab Mallorca 1",AIDAcosma,2027-05-15,2027-05-25,10,WM,WMPMI10,Palma → Florenz/la Spezia → Rom/civitavecchia → Ajaccio/korsika → Barcelona → Palma → Cagliari → Rom/civitavecchia,,2026-10-08,2026-10-08
CO10270605,AIDA,"10 Nächte - Spanien, Frankreich & Italien ab Mallorca 2",AIDAcosma,2027-06-05,2027-06-15,10,WM,WMPMI10,Palma → Cagliari → Rom/civitavecchia → Marseille → Barcelona → Palma → Florenz/la Spezia → Rom/civitavecchia,,2026-10-08,2026-10-08
CO10270626,AIDA,"10 Nächte - Spanien, Frankreich & Italien ab Mallorca 1",AIDAcosma,2027-06-26,2027-07-06,10,WM,WMPMI10,Palma → Florenz/la Spezia → Rom/civitavecchia → Ajaccio/korsika → Barcelona → Palma → Cagliari → Rom/civitavecchia,,2026-10-08,2026-10-08
CO10270717,AIDA,"10 Nächte - Spanien, Frankreich & Italien ab Mallorca 2",AIDAcosma,2027-07-17,2027-07-27,10,WM,WMPMI10,Palma → Cagliari → Rom/civitavecchia → Marseille → Barcelona → Palma → Florenz/la Spezia → Rom/civitavecchia,,2026-10-08,2026-10-08
CO10270807,AIDA,"10 Nächte - Spanien, Frankreich & Italien ab Mallorca 1",AIDAcosma,2027-08-07,2027-08-17,10,WM,WMPMI10,Palma → Florenz/la Spezia → Rom/civitavecchia → Ajaccio/korsika → Barcelona → Palma → Cagliari → Rom/civitavecchia,,2026-10-08,2026-10-08
CO10270828,AIDA,"10 Nächte - Spanien, Frankreich & Italien ab Mallorca 2",AIDAcosma,2027-08-28,2027-09-07,10,WM,WMPMI10,Palma → Cagliari → Rom/civitavecchia → Marseille → Barcelona → Palma → Florenz/la Spezia → Rom/civitavecchia,,2026-10-08,2026-10-08
CO10270918,AIDA,"10 Nächte - Spanien, Frankreich & Italien ab Mallorca 1",AIDAcosma,2027-09-18,2027-09-28,10,WM,WMPMI10,Palma → Florenz/la Spezia → Rom/civitavecchia → Ajaccio/korsika → Barcelona → Palma → Cagliari → Rom/civitavecchia,,2026-10-08,2026-10-08
CO10271009,AIDA,"10 Nächte - Spanien, Frankreich & Italien ab Mallorca 2",AIDAcosma,2027-10-09,2027-10-19,10,WM,WMPMI10,Palma → Cagliari → Rom/civitavecchia → Marseille → Barcelona → Palma → Florenz/la Spezia → Rom/civitavecchia,,2026-10-08,2026-10-08
CO10280419,AIDA,"10 Nächte - Kanaren, Gibraltar & Barcelona ab Teneriffa",AIDAcosma,2028-04-19,2028-04-29,10,SC,SCTPMI10,Santa Cruz de Tenerife → Puerto del Rosario → Arrecife/lanzarote → Las Palmas/gran Canaria → Puerto del Rosario → Arrecife/lanzarote → Gibraltar → Barcelona → Palma,,2026-10-08,2026-10-08
CO10280506,AIDA,"10 Nächte - Spanien, Frankreich & Italien ab Mallorca 2",AIDAcosma,2028-05-06,2028-05-16,10,WM,WMPMI10,Palma → Cagliari → Rom/civitavecchia → Marseille → Barcelona → Palma → Florenz/la Spezia → Rom/civitavecchia,,2026-10-08,2026-10-08
CO10280527,AIDA,"10 Nächte - Spanien, Frankreich & Italien ab Mallorca 1",AIDAcosma,2028-05-27,2028-06-06,10,WM,WMPMI10,Palma → Florenz/la Spezia → Rom/civitavecchia → Ajaccio/korsika → Barcelona → Palma → Cagliari → Rom/civitavecchia,,2026-10-08,2026-10-08
CO10280617,AIDA,"10 Nächte - Spanien, Italien & Gibraltar ab Mallorca",AIDAcosma,2028-06-17,2028-06-27,10,WM,WMPMI10,Palma → Gibraltar → Malaga → Cartagena → Ibiza → Barcelona → Palma → Florenz/la Spezia → Rom/civitavecchia,,2026-10-08,2026-10-08
CO10280708,AIDA,"10 Nächte - Spanien, Frankreich & Italien ab Mallorca 1",AIDAcosma,2028-07-08,2028-07-18,10,WM,WMPMI10,Palma → Florenz/la Spezia → Rom/civitavecchia → Ajaccio/korsika → Barcelona → Palma → Cagliari → Rom/civitavecchia,,2026-10-08,2026-10-08
CO10280729,AIDA,"10 Nächte - Spanien, Italien & Gibraltar ab Mallorca",AIDAcosma,2028-07-29,2028-08-08,10,WM,WMPMI10,Palma → Gibraltar → Malaga → Cartagena → Ibiza → Barcelona → Palma → Florenz/la Spezia → Rom/civitavecchia,,2026-10-08,2026-10-08
CO10280819,AIDA,"10 Nächte - Spanien, Frankreich & Italien ab Mallorca 1",AIDAcosma,2028-08-19,2028-08-29,10,WM,WMPMI10,Palma → Florenz/la Spezia → Rom/civitavecchia → Ajaccio/korsika → Barcelona → Palma → Cagliari → Rom/civitavecchia,,2026-10-08,2026-10-08
CO10280909,AIDA,"10 Nächte - Spanien, Italien & Gibraltar ab Mallorca",AIDAcosma,2028-09-09,2028-09-19,10,WM,WMPMI10,Palma → Gibraltar → Malaga → Cartagena → Ibiza → Barcelona → Palma → Florenz/la Spezia → Rom/civitavecchia,,2026-10-08,2026-10-08
CO10280930,AIDA,"10 Nächte - Spanien, Italien & Gibraltar ab Mallorca",AIDAcosma,2028-09-30,2028-10-10,10,WM,WMPMI10,Palma → Gibraltar → Malaga → Cartagena → Ibiza → Barcelona → Palma → Florenz/la Spezia → Rom/civitavecchia,,2026-10-08,2026-10-08
CO10281021,AIDA,"10 Nächte - Spanien, Italien & Gibraltar ab Mallorca",AIDAcosma,2028-10-21,2028-10-31,10,WM,WMPMI10,Palma → Gibraltar → Malaga → Cartagena → Ibiza → Barcelona → Palma → Florenz/la Spezia → Rom/civitavecchia,,2026-10-08,2026-10-08
CO11270504,AIDA,"11 Nächte - Spanien, Frankreich & Gibraltar ab Civitavecchia",AIDAcosma,2027-05-04,2027-05-15,11,WM,WMCVV11,Rom/civitavecchia → Ajaccio/korsika → Barcelona → Palma → Gibraltar → Malaga → Cartagena → Ibiza → Barcelona → Palma,,2026-10-08,2026-10-08
CO11270525,AIDA,"11 Nächte - Spanien, Frankreich & Italien ab Civitavecchia",AIDAcosma,2027-05-25,2027-06-05,11,WM,WMCVV11,Rom/civitavecchia → Marseille → Barcelona → Palma → Florenz/la Spezia → Rom/civitavecchia → Ajaccio/korsika → Barcelona → Palma,,2026-10-08,2026-10-08
CO11270615,AIDA,"11 Nächte - Spanien, Frankreich & Gibraltar ab Civitavecchia",AIDAcosma,2027-06-15,2027-06-26,11,WM,WMCVV11,Rom/civitavecchia → Ajaccio/korsika → Barcelona → Palma → Gibraltar → Malaga → Cartagena → Ibiza → Barcelona → Palma,,2026-10-08,2026-10-08
CO11270706,AIDA,"11 Nächte - Spanien, Frankreich & Italien ab Civitavecchia",AIDAcosma,2027-07-06,2027-07-17,11,WM,WMCVV11,Rom/civitavecchia → Marseille → Barcelona → Palma → Florenz/la Spezia → Rom/civitavecchia → Ajaccio/korsika → Barcelona → Palma,,2026-10-08,2026-10-08
CO11270727,AIDA,11 Nächte - Sonnenfinsternis im Mittelmeer ab Civitavecchia,AIDAcosma,2027-07-27,2027-08-07,11,WM,WMCVV11,Rom/civitavecchia → Ajaccio/korsika → Barcelona → Palma → Gibraltar → Highlight Sonnenfinsternis → Malaga → Cartagena → Ibiza → Barcelona → Palma,,2026-10-08,2026-10-08
CO11270817,AIDA,"11 Nächte - Spanien, Frankreich & Italien ab Civitavecchia",AIDAcosma,2027-08-17,2027-08-28,11,WM,WMCVV11,Rom/civitavecchia → Marseille → Barcelona → Palma → Florenz/la Spezia → Rom/civitavecchia → Ajaccio/korsika → Barcelona → Palma,,2026-10-08,2026-10-08
CO11270907,AIDA,"11 Nächte - Spanien, Frankreich & Gibraltar ab Civitavecchia",AIDAcosma,2027-09-07,2027-09-18,11,WM,WMCVV11,Rom/civitavecchia → Ajaccio/korsika → Barcelona → Palma → Gibraltar → Malaga → Cartagena → Ibiza → Barcelona → Palma,,2026-10-08,2026-10-08
CO11270928,AIDA,"11 Nächte - Spanien, Frankreich & Italien ab Civitavecchia",AIDAcosma,2027-09-28,2027-10-09,11,WM,WMCVV11,Rom/civitavecchia → Marseille → Barcelona → Palma → Florenz/la Spezia → Rom/civitavecchia → Ajaccio/korsika → Barcelona → Palma,,2026-10-08,2026-10-08
CO11271019,AIDA,"11 Nächte - Spanien, Frankreich & Gibraltar ab Civitavecchia",AIDAcosma,2027-10-19,2027-10-30,11,WM,WMCVV11,Rom/civitavecchia → Ajaccio/korsika → Barcelona → Palma → Gibraltar → Malaga → Cartagena → Ibiza → Barcelona → Palma,,2026-10-08,2026-10-08
CO11271106,AIDA,"11 Nächte - Andalusien, Kanaren & Madeira ab Mallorca",AIDAcosma,2027-11-06,2027-11-17,11,PM,PMILPA16,Palma → Cartagena → Malaga → Santa Cruz/la Palma → Las Palmas/gran Canaria → Puerto del Rosario → Arrecife/lanzarote → Las Palmas/gran Canaria → Funchal/madeira → Santa Cruz de Tenerife → Puerto del Rosario → Arrecife/lanzarote → Las Palmas/gran Canaria,,2026-10-08,2026-10-08
CO11280516,AIDA,"11 Nächte - Spanien, Frankreich & Gibraltar ab Civitavecchia",AIDAcosma,2028-05-16,2028-05-27,11,WM,WMCVV11,Rom/civitavecchia → Ajaccio/korsika → Barcelona → Palma → Gibraltar → Malaga → Cartagena → Ibiza → Barcelona → Palma,,2026-10-08,2026-10-08
CO11280606,AIDA,"11 Nächte - Spanien, Frankreich & Italien ab Civitavecchia 1",AIDAcosma,2028-06-06,2028-06-17,11,WM,WMCVV11,Rom/civitavecchia → Ajaccio/korsika → Marseille → Barcelona → Palma → Florenz/la Spezia → Rom/civitavecchia → Ajaccio/korsika → Barcelona → Palma,,2026-10-08,2026-10-08
CO11280627,AIDA,"11 Nächte - Spanien, Frankreich & Italien ab Civitavecchia 2",AIDAcosma,2028-06-27,2028-07-08,11,WM,WMCVV10,Rom/civitavecchia → Ajaccio/korsika → Barcelona → Palma → Cagliari → Rom/civitavecchia → Ajaccio/korsika → Marseille → Barcelona,,2026-10-08,2026-10-08
CO11280718,AIDA,"11 Nächte - Spanien, Frankreich & Italien ab Civitavecchia 1",AIDAcosma,2028-07-18,2028-07-29,11,WM,WMCVV11,Rom/civitavecchia → Ajaccio/korsika → Marseille → Barcelona → Palma → Florenz/la Spezia → Rom/civitavecchia → Ajaccio/korsika → Barcelona → Palma,,2026-10-08,2026-10-08
CO11280808,AIDA,"11 Nächte - Spanien, Frankreich & Gibraltar ab Civitavecchia",AIDAcosma,2028-08-08,2028-08-19,11,WM,WMCVV11,Rom/civitavecchia → Ajaccio/korsika → Barcelona → Palma → Gibraltar → Malaga → Cartagena → Ibiza → Barcelona → Palma,,2026-10-08,2026-10-08
CO11280829,AIDA,"11 Nächte - Spanien, Frankreich & Italien ab Civitavecchia 1",AIDAcosma,2028-08-29,2028-09-09,11,WM,WMCVV11,Rom/civitavecchia → Ajaccio/korsika → Marseille → Barcelona → Palma → Florenz/la Spezia → Rom/civitavecchia → Ajaccio/korsika → Barcelona → Palma,,2026-10-08,2026-10-08
CO11280919,AIDA,"11 Nächte - Spanien, Frankreich & Italien ab Civitavecchia 2",AIDAcosma,2028-09-19,2028-09-30,11,WM,WMCVV10,Rom/civitavecchia → Ajaccio/korsika → Barcelona → Palma → Cagliari → Rom/civitavecchia → Ajaccio/korsika → Marseille → Barcelona,,2026-10-08,2026-10-08
CO11281010,AIDA,"11 Nächte - Spanien, Frankreich & Italien ab Civitavecchia 1",AIDAcosma,2028-10-10,2028-10-21,11,WM,WMCVV11,Rom/civitavecchia → Ajaccio/korsika → Marseille → Barcelona → Palma → Florenz/la Spezia → Rom/civitavecchia → Ajaccio/korsika → Barcelona → Palma,,2026-10-08,2026-10-08
CO11281031,AIDA,11 Nächte - Mittelmeer & Kanaren ab Civitavecchia,AIDAcosma,2028-10-31,2028-11-11,11,CV,CVVLPA11,Rom/civitavecchia → Ajaccio/korsika → Barcelona → Palma → Malaga → Gibraltar → Funchal/madeira → Santa Cruz de Tenerife → Las Palmas/gran Canaria,,2026-10-08,2026-10-08
CO11281104,AIDA,"11 Nächte - Andalusien, Kanaren & Madeira ab Mallorca 2",AIDAcosma,2028-11-04,2028-11-15,11,PM,PMILPA14,Palma → Ibiza → Cartagena → Malaga → Arrecife/lanzarote → Puerto del Rosario → Las Palmas/gran Canaria → Funchal/madeira → Santa Cruz de Tenerife → Puerto del Rosario → Arrecife/lanzarote → Las Palmas/gran Canaria,,2026-10-08,2026-10-08
CO12271105,AIDA,"12 Nächte - Andalusien, Kanaren & Madeira ab Barcelona",AIDAcosma,2027-11-05,2027-11-17,12,BC,BCNSCT12,Barcelona → Palma → Ibiza → Cartagena → Malaga → Arrecife/lanzarote → Puerto del Rosario → Las Palmas/gran Canaria → Funchal/madeira → Santa Cruz de Tenerife,,2026-10-08,2026-10-08
CO12281103,AIDA,"12 Nächte - Andalusien, Kanaren & Madeira ab Barcelona",AIDAcosma,2028-11-03,2028-11-15,12,BC,BCNSCT12,Barcelona → Palma → Ibiza → Cartagena → Malaga → Arrecife/lanzarote → Puerto del Rosario → Las Palmas/gran Canaria → Funchal/madeira → Santa Cruz de Tenerife,,2026-10-08,2026-10-08
CO13261126,AIDA,"13 Nächte - Italien, Andalusien & Kanaren ab Mallorca",AIDAcosma,2026-11-26,2026-12-09,13,PM,PMILPA13,Palma → Barcelona → Marseille → Florenz/la Spezia → Rom/civitavecchia → Palma → Cartagena → Malaga → Santa Cruz/la Palma → Las Palmas/gran Canaria,,2026-10-08,2026-10-08
CO14261010,AIDA,14 Nächte - Große Mittelmeer-Reise ab Mallorca 2,AIDAcosma,2026-10-10,2026-10-24,14,WM,WMPMI14W,Palma → Malaga → Gibraltar → Cartagena → Ibiza → Barcelona → Palma → Florenz/la Spezia → Rom/civitavecchia → Ajaccio/korsika → Barcelona → Palma,,2026-10-08,2026-10-08
CO14261212,AIDA,14 Nächte - Große Kanaren-Reise mit Madeira ab Gran Canaria,AIDAcosma,2026-12-12,2026-12-26,14,CA,CALPA14,Las Palmas/gran Canaria → Funchal/madeira → Santa Cruz de Tenerife → Puerto del Rosario → Arrecife/lanzarote → Las Palmas/gran Canaria → Funchal/madeira → Santa Cruz/la Palma → Santa Cruz de Tenerife → Puerto del Rosario → Arrecife/lanzarote → Las Palmas/gran Canaria,,2026-10-08,2026-10-08
CO14261219,AIDA,14 Nächte - Große Kanaren-Reise mit Madeira ab Gran Canaria,AIDAcosma,2026-12-19,2027-01-02,14,CA,CALPA14,Las Palmas/gran Canaria → Funchal/madeira → Santa Cruz de Tenerife → Puerto del Rosario → Arrecife/lanzarote → Las Palmas/gran Canaria → Funchal/madeira → Santa Cruz/la Palma → Santa Cruz de Tenerife → Puerto del Rosario → Arrecife/lanzarote → Las Palmas/gran Canaria,,2026-10-08,2026-10-08
CO14261226,AIDA,14 Nächte - Große Kanaren-Reise mit Madeira ab Gran Canaria,AIDAcosma,2026-12-26,2027-01-09,14,CA,CALPA14,Las Palmas/gran Canaria → Funchal/madeira → Santa Cruz de Tenerife → Puerto del Rosario → Arrecife/lanzarote → Las Palmas/gran Canaria → Funchal/madeira → Santa Cruz/la Palma → Santa Cruz de Tenerife → Puerto del Rosario → Arrecife/lanzarote → Las Palmas/gran Canaria,,2026-10-08,2026-10-08
CO14270102,AIDA,14 Nächte - Große Kanaren-Reise mit Madeira ab Gran Canaria,AIDAcosma,2027-01-02,2027-01-16,14,CA,CALPA14,Las Palmas/gran Canaria → Funchal/madeira → Santa Cruz de Tenerife → Puerto del Rosario → Arrecife/lanzarote → Las Palmas/gran Canaria → Funchal/madeira → Santa Cruz/la Palma → Santa Cruz de Tenerife → Puerto del Rosario → Arrecife/lanzarote → Las Palmas/gran Canaria,,2026-10-08,2026-10-08
CO14270123,AIDA,14 Nächte - Große Kanaren-Reise mit Madeira ab Gran Canaria,AIDAcosma,2027-01-23,2027-02-06,14,CA,CALPA14,Las Palmas/gran Canaria → Funchal/madeira → Santa Cruz de Tenerife → Puerto del Rosario → Arrecife/lanzarote → Las Palmas/gran Canaria → Funchal/madeira → Santa Cruz/la Palma → Santa Cruz de Tenerife → Puerto del Rosario → Arrecife/lanzarote → Las Palmas/gran Canaria,,2026-10-08,2026-10-08
CO14270130,AIDA,14 Nächte - Große Kanaren-Reise mit Madeira ab Gran Canaria,AIDAcosma,2027-01-30,2027-02-13,14,CA,CALPA14,Las Palmas/gran Canaria → Funchal/madeira → Santa Cruz de Tenerife → Puerto del Rosario → Arrecife/lanzarote → Las Palmas/gran Canaria → Funchal/madeira → Santa Cruz/la Palma → Santa Cruz de Tenerife → Puerto del Rosario → Arrecife/lanzarote → Las Palmas/gran Canaria,,2026-10-08,2026-10-08
CO14270206,AIDA,14 Nächte - Große Kanaren-Reise mit Madeira ab Gran Canaria,AIDAcosma,2027-02-06,2027-02-20,14,CA,CALPA14,Las Palmas/gran Canaria → Funchal/madeira → Santa Cruz de Tenerife → Puerto del Rosario → Arrecife/lanzarote → Las Palmas/gran Canaria → Funchal/madeira → Santa Cruz/la Palma → Santa Cruz de Tenerife → Puerto del Rosario → Arrecife/lanzarote → Las Palmas/gran Canaria,,2026-10-08,2026-10-08
CO14270213,AIDA,14 Nächte - Große Kanaren-Reise mit Madeira ab Gran Canaria,AIDAcosma,2027-02-13,2027-02-27,14,CA,CALPA14,Las Palmas/gran Canaria → Funchal/madeira → Santa Cruz de Tenerife → Puerto del Rosario → Arrecife/lanzarote → Las Palmas/gran Canaria → Funchal/madeira → Santa Cruz/la Palma → Santa Cruz de Tenerife → Puerto del Rosario → Arrecife/lanzarote → Las Palmas/gran Canaria,,2026-10-08,2026-10-08
CO14270220,AIDA,14 Nächte - Große Kanaren-Reise mit Madeira ab Gran Canaria,AIDAcosma,2027-02-20,2027-03-06,14,CA,CALPA14,Las Palmas/gran Canaria → Funchal/madeira → Santa Cruz de Tenerife → Puerto del Rosario → Arrecife/lanzarote → Las Palmas/gran Canaria → Funchal/madeira → Santa Cruz/la Palma → Santa Cruz de Tenerife → Puerto del Rosario → Arrecife/lanzarote → Las Palmas/gran Canaria,,2026-10-08,2026-10-08
CO14270227,AIDA,14 Nächte - Große Kanaren-Reise mit Madeira ab Gran Canaria,AIDAcosma,2027-02-27,2027-03-13,14,CA,CALPA14,Las Palmas/gran Canaria → Funchal/madeira → Santa Cruz de Tenerife → Puerto del Rosario → Arrecife/lanzarote → Las Palmas/gran Canaria → Funchal/madeira → Santa Cruz/la Palma → Santa Cruz de Tenerife → Puerto del Rosario → Arrecife/lanzarote → Las Palmas/gran Canaria,,2026-10-08,2026-10-08
CO14270306,AIDA,14 Nächte - Große Kanaren-Reise mit Madeira ab Gran Canaria,AIDAcosma,2027-03-06,2027-03-20,14,CA,CALPA14,Las Palmas/gran Canaria → Funchal/madeira → Santa Cruz de Tenerife → Puerto del Rosario → Arrecife/lanzarote → Las Palmas/gran Canaria → Funchal/madeira → Santa Cruz/la Palma → Santa Cruz de Tenerife → Puerto del Rosario → Arrecife/lanzarote → Las Palmas/gran Canaria,,2026-10-08,2026-10-08
CO14270313,AIDA,14 Nächte - Große Kanaren-Reise mit Madeira ab Gran Canaria,AIDAcosma,2027-03-13,2027-03-27,14,CA,CALPA14,Las Palmas/gran Canaria → Funchal/madeira → Santa Cruz de Tenerife → Puerto del Rosario → Arrecife/lanzarote → Las Palmas/gran Canaria → Funchal/madeira → Santa Cruz/la Palma → Santa Cruz de Tenerife → Puerto del Rosario → Arrecife/lanzarote → Las Palmas/gran Canaria,,2026-10-08,2026-10-08
CO14270320,AIDA,14 Nächte - Große Kanaren-Reise mit Madeira ab Gran Canaria,AIDAcosma,2027-03-20,2027-04-03,14,CA,CALPA14,Las Palmas/gran Canaria → Funchal/madeira → Santa Cruz de Tenerife → Puerto del Rosario → Arrecife/lanzarote → Las Palmas/gran Canaria → Funchal/madeira → Santa Cruz/la Palma → Santa Cruz de Tenerife → Puerto del Rosario → Arrecife/lanzarote → Las Palmas/gran Canaria,,2026-10-08,2026-10-08
CO14270327,AIDA,14 Nächte - Große Kanaren-Reise mit Madeira ab Gran Canaria,AIDAcosma,2027-03-27,2027-04-10,14,CA,CALPA14,Las Palmas/gran Canaria → Funchal/madeira → Santa Cruz de Tenerife → Puerto del Rosario → Arrecife/lanzarote → Las Palmas/gran Canaria → Funchal/madeira → Santa Cruz/la Palma → Santa Cruz de Tenerife → Puerto del Rosario → Arrecife/lanzarote → Las Palmas/gran Canaria,,2026-10-08,2026-10-08
CO14270403,AIDA,14 Nächte - Große Kanaren-Reise mit Madeira ab Gran Canaria,AIDAcosma,2027-04-03,2027-04-17,14,CA,CALPA14,Las Palmas/gran Canaria → Funchal/madeira → Santa Cruz de Tenerife → Puerto del Rosario → Arrecife/lanzarote → Las Palmas/gran Canaria → Funchal/madeira → Santa Cruz/la Palma → Santa Cruz de Tenerife → Puerto del Rosario → Arrecife/lanzarote → Las Palmas/gran Canaria,,2026-10-08,2026-10-08
CO14270410,AIDA,14 Nächte - Große Kanaren-Reise mit Madeira ab Gran Canaria,AIDAcosma,2027-04-10,2027-04-24,14,CA,CALPA14,Las Palmas/gran Canaria → Funchal/madeira → Santa Cruz de Tenerife → Puerto del Rosario → Arrecife/lanzarote → Las Palmas/gran Canaria → Funchal/madeira → Santa Cruz/la Palma → Santa Cruz de Tenerife → Puerto del Rosario → Arrecife/lanzarote → Las Palmas/gran Canaria,,2026-10-08,2026-10-08
CO14270417,AIDA,"14 Nächte - Kanaren, Madeira & Andalusien ab Gran Canaria",AIDAcosma,2027-04-17,2027-05-01,14,LP,LPAPMI14,Las Palmas/gran Canaria → Funchal/madeira → Santa Cruz de Tenerife → Puerto del Rosario → Arrecife/lanzarote → Las Palmas/gran Canaria → Arrecife/lanzarote → Sevilla/cadiz → Malaga → Barcelona → Palma,,2026-10-08,2026-10-08
CO14270424,AIDA,14 Nächte - Kanaren & Mittelmeer ab Gran Canaria,AIDAcosma,2027-04-24,2027-05-08,14,LP,LPAPMI14,Las Palmas/gran Canaria → Arrecife/lanzarote → Sevilla/cadiz → Malaga → Barcelona → Palma → Florenz/la Spezia → Rom/civitavecchia → Ajaccio/korsika → Barcelona → Palma,,2026-10-08,2026-10-08
CO14270501,AIDA,14 Nächte - Große Mittelmeer-Reise ab Mallorca 2,AIDAcosma,2027-05-01,2027-05-15,14,WM,WMPMI14W,Palma → Malaga → Gibraltar → Cartagena → Ibiza → Barcelona → Palma → Florenz/la Spezia → Rom/civitavecchia → Ajaccio/korsika → Barcelona → Palma,,2026-10-08,2026-10-08
CO14270508,AIDA,14 Nächte - Große Mittelmeer-Reise ab Mallorca 3,AIDAcosma,2027-05-08,2027-05-22,14,WM,WMPMI14W,Palma → Gibraltar → Malaga → Cartagena → Ibiza → Barcelona → Palma → Florenz/la Spezia → Rom/civitavecchia → Ajaccio/korsika → Barcelona → Palma,,2026-10-08,2026-10-08
CO14270515,AIDA,14 Nächte - Große Mittelmeer-Reise ab Mallorca 1,AIDAcosma,2027-05-15,2027-05-29,14,WM,WMPMI14E,Palma → Florenz/la Spezia → Rom/civitavecchia → Ajaccio/korsika → Barcelona → Palma → Cagliari → Rom/civitavecchia → Marseille → Barcelona → Palma,,2026-10-08,2026-10-08
CO14270522,AIDA,14 Nächte - Große Mittelmeer-Reise ab Mallorca 1,AIDAcosma,2027-05-22,2027-06-05,14,WM,WMPMI14E,Palma → Florenz/la Spezia → Rom/civitavecchia → Ajaccio/korsika → Barcelona → Palma → Cagliari → Rom/civitavecchia → Marseille → Barcelona → Palma,,2026-10-08,2026-10-08
CO14270529,AIDA,14 Nächte - Große Mittelmeer-Reise ab Mallorca 1,AIDAcosma,2027-05-29,2027-06-12,14,WM,WMPMI14E,Palma → Florenz/la Spezia → Rom/civitavecchia → Ajaccio/korsika → Barcelona → Palma → Cagliari → Rom/civitavecchia → Marseille → Barcelona → Palma,,2026-10-08,2026-10-08
CO14270605,AIDA,14 Nächte - Große Mittelmeer-Reise ab Mallorca 1,AIDAcosma,2027-06-05,2027-06-19,14,WM,WMPMI14E,Palma → Florenz/la Spezia → Rom/civitavecchia → Ajaccio/korsika → Barcelona → Palma → Cagliari → Rom/civitavecchia → Marseille → Barcelona → Palma,,2026-10-08,2026-10-08
CO14270612,AIDA,14 Nächte - Große Mittelmeer-Reise ab Mallorca 2,AIDAcosma,2027-06-12,2027-06-26,14,WM,WMPMI14W,Palma → Malaga → Gibraltar → Cartagena → Ibiza → Barcelona → Palma → Florenz/la Spezia → Rom/civitavecchia → Ajaccio/korsika → Barcelona → Palma,,2026-10-08,2026-10-08
CO14270619,AIDA,14 Nächte - Große Mittelmeer-Reise ab Mallorca 3,AIDAcosma,2027-06-19,2027-07-03,14,WM,WMPMI14W,Palma → Gibraltar → Malaga → Cartagena → Ibiza → Barcelona → Palma → Florenz/la Spezia → Rom/civitavecchia → Ajaccio/korsika → Barcelona → Palma,,2026-10-08,2026-10-08
CO14270626,AIDA,14 Nächte - Große Mittelmeer-Reise ab Mallorca 1,AIDAcosma,2027-06-26,2027-07-10,14,WM,WMPMI14E,Palma → Florenz/la Spezia → Rom/civitavecchia → Ajaccio/korsika → Barcelona → Palma → Cagliari → Rom/civitavecchia → Marseille → Barcelona → Palma,,2026-10-08,2026-10-08
CO14270703,AIDA,14 Nächte - Große Mittelmeer-Reise ab Mallorca 1,AIDAcosma,2027-07-03,2027-07-17,14,WM,WMPMI14E,Palma → Florenz/la Spezia → Rom/civitavecchia → Ajaccio/korsika → Barcelona → Palma → Cagliari → Rom/civitavecchia → Marseille → Barcelona → Palma,,2026-10-08,2026-10-08
CO14270710,AIDA,14 Nächte - Große Mittelmeer-Reise ab Mallorca 1,AIDAcosma,2027-07-10,2027-07-24,14,WM,WMPMI14E,Palma → Florenz/la Spezia → Rom/civitavecchia → Ajaccio/korsika → Barcelona → Palma → Cagliari → Rom/civitavecchia → Marseille → Barcelona → Palma,,2026-10-08,2026-10-08
CO14270717,AIDA,14 Nächte - Große Mittelmeer-Reise ab Mallorca 1,AIDAcosma,2027-07-17,2027-07-31,14,WM,WMPMI14E,Palma → Florenz/la Spezia → Rom/civitavecchia → Ajaccio/korsika → Barcelona → Palma → Cagliari → Rom/civitavecchia → Marseille → Barcelona → Palma,,2026-10-08,2026-10-08
CO14270724,AIDA,14 Nächte - Große Mittelmeer-Reise mit Sonnenfinsternis 1,AIDAcosma,2027-07-24,2027-08-07,14,WM,WMPMI14W,Palma → Florenz/la Spezia → Rom/civitavecchia → Ajaccio/korsika → Barcelona → Palma → Gibraltar → Highlight Sonnenfinsternis → Malaga → Cartagena → Ibiza → Barcelona → Palma,,2026-10-08,2026-10-08
CO14270731,AIDA,14 Nächte - Große Mittelmeer-Reise mit Sonnenfinsternis 2,AIDAcosma,2027-07-31,2027-08-14,14,WM,WMPMI14W,Palma → Gibraltar → Highlight Sonnenfinsternis → Malaga → Cartagena → Ibiza → Barcelona → Palma → Florenz/la Spezia → Rom/civitavecchia → Ajaccio/korsika → Barcelona → Palma,,2026-10-08,2026-10-08
CO14270807,AIDA,14 Nächte - Große Mittelmeer-Reise ab Mallorca 1,AIDAcosma,2027-08-07,2027-08-21,14,WM,WMPMI14E,Palma → Florenz/la Spezia → Rom/civitavecchia → Ajaccio/korsika → Barcelona → Palma → Cagliari → Rom/civitavecchia → Marseille → Barcelona → Palma,,2026-10-08,2026-10-08
CO14270814,AIDA,14 Nächte - Große Mittelmeer-Reise ab Mallorca 1,AIDAcosma,2027-08-14,2027-08-28,14,WM,WMPMI14E,Palma → Florenz/la Spezia → Rom/civitavecchia → Ajaccio/korsika → Barcelona → Palma → Cagliari → Rom/civitavecchia → Marseille → Barcelona → Palma,,2026-10-08,2026-10-08
CO14270821,AIDA,14 Nächte - Große Mittelmeer-Reise ab Mallorca 1,AIDAcosma,2027-08-21,2027-09-04,14,WM,WMPMI14E,Palma → Florenz/la Spezia → Rom/civitavecchia → Ajaccio/korsika → Barcelona → Palma → Cagliari → Rom/civitavecchia → Marseille → Barcelona → Palma,,2026-10-08,2026-10-08
CO14270828,AIDA,14 Nächte - Große Mittelmeer-Reise ab Mallorca 1,AIDAcosma,2027-08-28,2027-09-11,14,WM,WMPMI14E,Palma → Florenz/la Spezia → Rom/civitavecchia → Ajaccio/korsika → Barcelona → Palma → Cagliari → Rom/civitavecchia → Marseille → Barcelona → Palma,,2026-10-08,2026-10-08
CO14270904,AIDA,14 Nächte - Große Mittelmeer-Reise ab Mallorca 2,AIDAcosma,2027-09-04,2027-09-18,14,WM,WMPMI14W,Palma → Malaga → Gibraltar → Cartagena → Ibiza → Barcelona → Palma → Florenz/la Spezia → Rom/civitavecchia → Ajaccio/korsika → Barcelona → Palma,,2026-10-08,2026-10-08
CO14270911,AIDA,14 Nächte - Große Mittelmeer-Reise ab Mallorca 3,AIDAcosma,2027-09-11,2027-09-25,14,WM,WMPMI14W,Palma → Gibraltar → Malaga → Cartagena → Ibiza → Barcelona → Palma → Florenz/la Spezia → Rom/civitavecchia → Ajaccio/korsika → Barcelona → Palma,,2026-10-08,2026-10-08
CO14270918,AIDA,14 Nächte - Große Mittelmeer-Reise ab Mallorca 1,AIDAcosma,2027-09-18,2027-10-02,14,WM,WMPMI14E,Palma → Florenz/la Spezia → Rom/civitavecchia → Ajaccio/korsika → Barcelona → Palma → Cagliari → Rom/civitavecchia → Marseille → Barcelona → Palma,,2026-10-08,2026-10-08
CO14270925,AIDA,14 Nächte - Große Mittelmeer-Reise ab Mallorca 1,AIDAcosma,2027-09-25,2027-10-09,14,WM,WMPMI14E,Palma → Florenz/la Spezia → Rom/civitavecchia → Ajaccio/korsika → Barcelona → Palma → Cagliari → Rom/civitavecchia → Marseille → Barcelona → Palma,,2026-10-08,2026-10-08
CO14271002,AIDA,14 Nächte - Große Mittelmeer-Reise ab Mallorca 1,AIDAcosma,2027-10-02,2027-10-16,14,WM,WMPMI14E,Palma → Florenz/la Spezia → Rom/civitavecchia → Ajaccio/korsika → Barcelona → Palma → Cagliari → Rom/civitavecchia → Marseille → Barcelona → Palma,,2026-10-08,2026-10-08
CO14271009,AIDA,14 Nächte - Große Mittelmeer-Reise ab Mallorca 1,AIDAcosma,2027-10-09,2027-10-23,14,WM,WMPMI14E,Palma → Florenz/la Spezia → Rom/civitavecchia → Ajaccio/korsika → Barcelona → Palma → Cagliari → Rom/civitavecchia → Marseille → Barcelona → Palma,,2026-10-08,2026-10-08
CO14271016,AIDA,14 Nächte - Große Mittelmeer-Reise ab Mallorca 2,AIDAcosma,2027-10-16,2027-10-30,14,WM,WMPMI14W,Palma → Malaga → Gibraltar → Cartagena → Ibiza → Barcelona → Palma → Florenz/la Spezia → Rom/civitavecchia → Ajaccio/korsika → Barcelona → Palma,,2026-10-08,2026-10-08
CO14271023,AIDA,14 Nächte - Große Mittelmeer-Reise ab Mallorca 3,AIDAcosma,2027-10-23,2027-11-06,14,WM,WMPMI14W,Palma → Gibraltar → Malaga → Cartagena → Ibiza → Barcelona → Palma → Florenz/la Spezia → Rom/civitavecchia → Ajaccio/korsika → Barcelona → Palma,,2026-10-08,2026-10-08
CO14271030,AIDA,"14 Nächte - Korsika, Italien & Kanaren ab Mallorca",AIDAcosma,2027-10-30,2027-11-13,14,PM,PMILPA14,Palma → Florenz/la Spezia → Rom/civitavecchia → Ajaccio/korsika → Barcelona → Palma → Ibiza → Cartagena → Malaga → Arrecife/lanzarote → Puerto del Rosario → Las Palmas/gran Canaria,,2026-10-08,2026-10-08
CO14271106,AIDA,"14 Nächte - Andalusien, Kanaren & Madeira ab Mallorca 2",AIDAcosma,2027-11-06,2027-11-20,14,PM,PMILPA14,Palma → Ibiza → Cartagena → Malaga → Arrecife/lanzarote → Puerto del Rosario → Las Palmas/gran Canaria → Funchal/madeira → Santa Cruz de Tenerife → Puerto del Rosario → Arrecife/lanzarote → Las Palmas/gran Canaria,,2026-10-08,2026-10-08
CO14271113,AIDA,14 Nächte - Große Kanaren-Reise mit Madeira ab Gran Canaria,AIDAcosma,2027-11-13,2027-11-27,14,CA,CALPA14,Las Palmas/gran Canaria → Funchal/madeira → Santa Cruz de Tenerife → Puerto del Rosario → Arrecife/lanzarote → Las Palmas/gran Canaria → Funchal/madeira → Santa Cruz/la Palma → Santa Cruz de Tenerife → Puerto del Rosario → Arrecife/lanzarote → Las Palmas/gran Canaria,,2026-10-08,2026-10-08
CO14271120,AIDA,14 Nächte - Große Kanaren-Reise mit Madeira ab Gran Canaria,AIDAcosma,2027-11-20,2027-12-04,14,CA,CALPA14,Las Palmas/gran Canaria → Funchal/madeira → Santa Cruz de Tenerife → Puerto del Rosario → Arrecife/lanzarote → Las Palmas/gran Canaria → Funchal/madeira → Santa Cruz/la Palma → Santa Cruz de Tenerife → Puerto del Rosario → Arrecife/lanzarote → Las Palmas/gran Canaria,,2026-10-08,2026-10-08
CO14271127,AIDA,14 Nächte - Große Kanaren-Reise mit Madeira ab Gran Canaria,AIDAcosma,2027-11-27,2027-12-11,14,CA,CALPA14,Las Palmas/gran Canaria → Funchal/madeira → Santa Cruz de Tenerife → Puerto del Rosario → Arrecife/lanzarote → Las Palmas/gran Canaria → Funchal/madeira → Santa Cruz/la Palma → Santa Cruz de Tenerife → Puerto del Rosario → Arrecife/lanzarote → Las Palmas/gran Canaria,,2026-10-08,2026-10-08
CO14271204,AIDA,14 Nächte - Große Kanaren-Reise mit Madeira ab Gran Canaria,AIDAcosma,2027-12-04,2027-12-18,14,CA,CALPA14,Las Palmas/gran Canaria → Funchal/madeira → Santa Cruz de Tenerife → Puerto del Rosario → Arrecife/lanzarote → Las Palmas/gran Canaria → Funchal/madeira → Santa Cruz/la Palma → Santa Cruz de Tenerife → Puerto del Rosario → Arrecife/lanzarote → Las Palmas/gran Canaria,,2026-10-08,2026-10-08
CO14271211,AIDA,14 Nächte - Große Kanaren-Reise mit Madeira ab Gran Canaria,AIDAcosma,2027-12-11,2027-12-25,14,CA,CALPA14,Las Palmas/gran Canaria → Funchal/madeira → Santa Cruz de Tenerife → Puerto del Rosario → Arrecife/lanzarote → Las Palmas/gran Canaria → Funchal/madeira → Santa Cruz/la Palma → Santa Cruz de Tenerife → Puerto del Rosario → Arrecife/lanzarote → Las Palmas/gran Canaria,,2026-10-08,2026-10-08
CO14271218,AIDA,14 Nächte - Große Kanaren-Reise mit Madeira ab Gran Canaria,AIDAcosma,2027-12-18,2028-01-01,14,CA,CALPA14,Las Palmas/gran Canaria → Funchal/madeira → Santa Cruz de Tenerife → Puerto del Rosario → Arrecife/lanzarote → Las Palmas/gran Canaria → Funchal/madeira → Santa Cruz/la Palma → Santa Cruz de Tenerife → Puerto del Rosario → Arrecife/lanzarote → Las Palmas/gran Canaria,,2026-10-08,2026-10-08
CO14280101,AIDA,14 Nächte - Große Kanaren-Reise mit Madeira ab Gran Canaria,AIDAcosma,2028-01-01,2028-01-15,14,CA,CALPA14,Las Palmas/gran Canaria → Funchal/madeira → Santa Cruz de Tenerife → Puerto del Rosario → Arrecife/lanzarote → Las Palmas/gran Canaria → Funchal/madeira → Santa Cruz/la Palma → Santa Cruz de Tenerife → Puerto del Rosario → Arrecife/lanzarote → Las Palmas/gran Canaria,,2026-10-08,2026-10-08
CO14280108,AIDA,14 Nächte - Große Kanaren-Reise mit Madeira ab Gran Canaria,AIDAcosma,2028-01-08,2028-01-22,14,CA,CALPA14,Las Palmas/gran Canaria → Funchal/madeira → Santa Cruz de Tenerife → Puerto del Rosario → Arrecife/lanzarote → Las Palmas/gran Canaria → Funchal/madeira → Santa Cruz/la Palma → Santa Cruz de Tenerife → Puerto del Rosario → Arrecife/lanzarote → Las Palmas/gran Canaria,,2026-10-08,2026-10-08
CO14280115,AIDA,14 Nächte - Große Kanaren-Reise mit Madeira ab Gran Canaria,AIDAcosma,2028-01-15,2028-01-29,14,CA,CALPA14,Las Palmas/gran Canaria → Funchal/madeira → Santa Cruz de Tenerife → Puerto del Rosario → Arrecife/lanzarote → Las Palmas/gran Canaria → Funchal/madeira → Santa Cruz/la Palma → Santa Cruz de Tenerife → Puerto del Rosario → Arrecife/lanzarote → Las Palmas/gran Canaria,,2026-10-08,2026-10-08
CO14280122,AIDA,14 Nächte - Große Kanaren-Reise mit Madeira ab Gran Canaria,AIDAcosma,2028-01-22,2028-02-05,14,CA,CALPA14,Las Palmas/gran Canaria → Funchal/madeira → Santa Cruz de Tenerife → Puerto del Rosario → Arrecife/lanzarote → Las Palmas/gran Canaria → Funchal/madeira → Santa Cruz/la Palma → Santa Cruz de Tenerife → Puerto del Rosario → Arrecife/lanzarote → Las Palmas/gran Canaria,,2026-10-08,2026-10-08
CO14280129,AIDA,14 Nächte - Große Kanaren-Reise mit Madeira ab Gran Canaria,AIDAcosma,2028-01-29,2028-02-12,14,CA,CALPA14,Las Palmas/gran Canaria → Funchal/madeira → Santa Cruz de Tenerife → Puerto del Rosario → Arrecife/lanzarote → Las Palmas/gran Canaria → Funchal/madeira → Santa Cruz/la Palma → Santa Cruz de Tenerife → Puerto del Rosario → Arrecife/lanzarote → Las Palmas/gran Canaria,,2026-10-08,2026-10-08
CO14280205,AIDA,14 Nächte - Große Kanaren-Reise mit Madeira ab Gran Canaria,AIDAcosma,2028-02-05,2028-02-19,14,CA,CALPA14,Las Palmas/gran Canaria → Funchal/madeira → Santa Cruz de Tenerife → Puerto del Rosario → Arrecife/lanzarote → Las Palmas/gran Canaria → Funchal/madeira → Santa Cruz/la Palma → Santa Cruz de Tenerife → Puerto del Rosario → Arrecife/lanzarote → Las Palmas/gran Canaria,,2026-10-08,2026-10-08
CO14280212,AIDA,14 Nächte - Große Kanaren-Reise mit Madeira ab Gran Canaria,AIDAcosma,2028-02-12,2028-02-26,14,CA,CALPA14,Las Palmas/gran Canaria → Funchal/madeira → Santa Cruz de Tenerife → Puerto del Rosario → Arrecife/lanzarote → Las Palmas/gran Canaria → Funchal/madeira → Santa Cruz/la Palma → Santa Cruz de Tenerife → Puerto del Rosario → Arrecife/lanzarote → Las Palmas/gran Canaria,,2026-10-08,2026-10-08
CO14280219,AIDA,14 Nächte - Große Kanaren-Reise mit Madeira ab Gran Canaria,AIDAcosma,2028-02-19,2028-03-04,14,CA,CALPA14,Las Palmas/gran Canaria → Funchal/madeira → Santa Cruz de Tenerife → Puerto del Rosario → Arrecife/lanzarote → Las Palmas/gran Canaria → Funchal/madeira → Santa Cruz/la Palma → Santa Cruz de Tenerife → Puerto del Rosario → Arrecife/lanzarote → Las Palmas/gran Canaria,,2026-10-08,2026-10-08
CO14280226,AIDA,14 Nächte - Große Kanaren-Reise mit Madeira ab Gran Canaria,AIDAcosma,2028-02-26,2028-03-11,14,CA,CALPA14,Las Palmas/gran Canaria → Funchal/madeira → Santa Cruz de Tenerife → Puerto del Rosario → Arrecife/lanzarote → Las Palmas/gran Canaria → Funchal/madeira → Santa Cruz/la Palma → Santa Cruz de Tenerife → Puerto del Rosario → Arrecife/lanzarote → Las Palmas/gran Canaria,,2026-10-08,2026-10-08
CO14280304,AIDA,14 Nächte - Große Kanaren-Reise mit Madeira ab Gran Canaria,AIDAcosma,2028-03-04,2028-03-18,14,CA,CALPA14,Las Palmas/gran Canaria → Funchal/madeira → Santa Cruz de Tenerife → Puerto del Rosario → Arrecife/lanzarote → Las Palmas/gran Canaria → Funchal/madeira → Santa Cruz/la Palma → Santa Cruz de Tenerife → Puerto del Rosario → Arrecife/lanzarote → Las Palmas/gran Canaria,,2026-10-08,2026-10-08
CO14280311,AIDA,14 Nächte - Große Kanaren-Reise mit Madeira ab Gran Canaria,AIDAcosma,2028-03-11,2028-03-25,14,CA,CALPA14,Las Palmas/gran Canaria → Funchal/madeira → Santa Cruz de Tenerife → Puerto del Rosario → Arrecife/lanzarote → Las Palmas/gran Canaria → Funchal/madeira → Santa Cruz/la Palma → Santa Cruz de Tenerife → Puerto del Rosario → Arrecife/lanzarote → Las Palmas/gran Canaria,,2026-10-08,2026-10-08
CO14280318,AIDA,14 Nächte - Große Kanaren-Reise mit Madeira ab Gran Canaria,AIDAcosma,2028-03-18,2028-04-01,14,CA,CALPA14,Las Palmas/gran Canaria → Funchal/madeira → Santa Cruz de Tenerife → Puerto del Rosario → Arrecife/lanzarote → Las Palmas/gran Canaria → Funchal/madeira → Santa Cruz/la Palma → Santa Cruz de Tenerife → Puerto del Rosario → Arrecife/lanzarote → Las Palmas/gran Canaria,,2026-10-08,2026-10-08
CO14280325,AIDA,14 Nächte - Große Kanaren-Reise mit Madeira ab Gran Canaria,AIDAcosma,2028-03-25,2028-04-08,14,CA,CALPA14,Las Palmas/gran Canaria → Funchal/madeira → Santa Cruz de Tenerife → Puerto del Rosario → Arrecife/lanzarote → Las Palmas/gran Canaria → Funchal/madeira → Santa Cruz/la Palma → Santa Cruz de Tenerife → Puerto del Rosario → Arrecife/lanzarote → Las Palmas/gran Canaria,,2026-10-08,2026-10-08
CO14280401,AIDA,14 Nächte - Große Kanaren-Reise mit Madeira ab Gran Canaria,AIDAcosma,2028-04-01,2028-04-15,14,CA,CALPA14,Las Palmas/gran Canaria → Funchal/madeira → Santa Cruz de Tenerife → Puerto del Rosario → Arrecife/lanzarote → Las Palmas/gran Canaria → Funchal/madeira → Santa Cruz/la Palma → Santa Cruz de Tenerife → Puerto del Rosario → Arrecife/lanzarote → Las Palmas/gran Canaria,,2026-10-08,2026-10-08
CO14280415,AIDA,"14 Nächte - Kanaren, Madeira & Mittelmeer ab Gran Canaria",AIDAcosma,2028-04-15,2028-04-29,14,LP,LPAPMI14,Las Palmas/gran Canaria → Funchal/madeira → Santa Cruz de Tenerife → Puerto del Rosario → Arrecife/lanzarote → Las Palmas/gran Canaria → Puerto del Rosario → Arrecife/lanzarote → Gibraltar → Barcelona → Palma,,2026-10-08,2026-10-08
CO14280422,AIDA,14 Nächte - Kanaren & Mittelmeer ab Gran Canaria,AIDAcosma,2028-04-22,2028-05-06,14,LP,LPAPMI14,Las Palmas/gran Canaria → Arrecife/lanzarote → Sevilla/cadiz → Malaga → Barcelona → Palma → Florenz/la Spezia → Rom/civitavecchia → Ajaccio/korsika → Barcelona → Palma,,2026-10-08,2026-10-08
CO14280429,AIDA,14 Nächte - Große Mittelmeer-Reise ab Mallorca 1,AIDAcosma,2028-04-29,2028-05-13,14,WM,WMPMI14E,Palma → Florenz/la Spezia → Rom/civitavecchia → Ajaccio/korsika → Barcelona → Palma → Cagliari → Rom/civitavecchia → Marseille → Barcelona → Palma,,2026-10-08,2026-10-08
CO14280506,AIDA,14 Nächte - Große Mittelmeer-Reise ab Mallorca 1,AIDAcosma,2028-05-06,2028-05-20,14,WM,WMPMI14E,Palma → Florenz/la Spezia → Rom/civitavecchia → Ajaccio/korsika → Barcelona → Palma → Cagliari → Rom/civitavecchia → Marseille → Barcelona → Palma,,2026-10-08,2026-10-08
CO14280513,AIDA,14 Nächte - Große Mittelmeer-Reise ab Mallorca 2,AIDAcosma,2028-05-13,2028-05-27,14,WM,WMPMI14W,Palma → Malaga → Gibraltar → Cartagena → Ibiza → Barcelona → Palma → Florenz/la Spezia → Rom/civitavecchia → Ajaccio/korsika → Barcelona → Palma,,2026-10-08,2026-10-08
CO14280520,AIDA,14 Nächte - Große Mittelmeer-Reise ab Mallorca 2,AIDAcosma,2028-05-20,2028-06-03,14,WM,WMPMI14W,Palma → Malaga → Gibraltar → Cartagena → Ibiza → Barcelona → Palma → Florenz/la Spezia → Rom/civitavecchia → Ajaccio/korsika → Barcelona → Palma,,2026-10-08,2026-10-08
CO14280527,AIDA,14 Nächte - Große Mittelmeer-Reise ab Mallorca 1,AIDAcosma,2028-05-27,2028-06-10,14,WM,WMPMI14E,Palma → Florenz/la Spezia → Rom/civitavecchia → Ajaccio/korsika → Barcelona → Palma → Cagliari → Rom/civitavecchia → Marseille → Barcelona → Palma,,2026-10-08,2026-10-08
CO14280603,AIDA,14 Nächte - Große Mittelmeer-Reise ab Mallorca 1,AIDAcosma,2028-06-03,2028-06-17,14,WM,WMPMI14E,Palma → Florenz/la Spezia → Rom/civitavecchia → Ajaccio/korsika → Barcelona → Palma → Cagliari → Rom/civitavecchia → Marseille → Barcelona → Palma,,2026-10-08,2026-10-08
CO14280610,AIDA,14 Nächte - Große Mittelmeer-Reise ab Mallorca 2,AIDAcosma,2028-06-10,2028-06-24,14,WM,WMPMI14W,Palma → Malaga → Gibraltar → Cartagena → Ibiza → Barcelona → Palma → Florenz/la Spezia → Rom/civitavecchia → Ajaccio/korsika → Barcelona → Palma,,2026-10-08,2026-10-08
CO14280617,AIDA,14 Nächte - Große Mittelmeer-Reise ab Mallorca 2,AIDAcosma,2028-06-17,2028-07-01,14,WM,WMPMI14W,Palma → Malaga → Gibraltar → Cartagena → Ibiza → Barcelona → Palma → Florenz/la Spezia → Rom/civitavecchia → Ajaccio/korsika → Barcelona → Palma,,2026-10-08,2026-10-08
CO14280624,AIDA,14 Nächte - Große Mittelmeer-Reise ab Mallorca 1,AIDAcosma,2028-06-24,2028-07-08,14,WM,WMPMI14E,Palma → Florenz/la Spezia → Rom/civitavecchia → Ajaccio/korsika → Barcelona → Palma → Cagliari → Rom/civitavecchia → Marseille → Barcelona → Palma,,2026-10-08,2026-10-08
CO14280701,AIDA,14 Nächte - Große Mittelmeer-Reise ab Mallorca 1,AIDAcosma,2028-07-01,2028-07-15,14,WM,WMPMI14E,Palma → Florenz/la Spezia → Rom/civitavecchia → Ajaccio/korsika → Barcelona → Palma → Cagliari → Rom/civitavecchia → Marseille → Barcelona → Palma,,2026-10-08,2026-10-08
CO14280708,AIDA,14 Nächte - Große Mittelmeer-Reise ab Mallorca 1,AIDAcosma,2028-07-08,2028-07-22,14,WM,WMPMI14E,Palma → Florenz/la Spezia → Rom/civitavecchia → Ajaccio/korsika → Barcelona → Palma → Cagliari → Rom/civitavecchia → Marseille → Barcelona → Palma,,2026-10-08,2026-10-08
CO14280715,AIDA,14 Nächte - Große Mittelmeer-Reise ab Mallorca 1,AIDAcosma,2028-07-15,2028-07-29,14,WM,WMPMI14E,Palma → Florenz/la Spezia → Rom/civitavecchia → Ajaccio/korsika → Barcelona → Palma → Cagliari → Rom/civitavecchia → Marseille → Barcelona → Palma,,2026-10-08,2026-10-08
CO14280722,AIDA,14 Nächte - Große Mittelmeer-Reise ab Mallorca 2,AIDAcosma,2028-07-22,2028-08-05,14,WM,WMPMI14W,Palma → Malaga → Gibraltar → Cartagena → Ibiza → Barcelona → Palma → Florenz/la Spezia → Rom/civitavecchia → Ajaccio/korsika → Barcelona → Palma,,2026-10-08,2026-10-08
CO14280729,AIDA,14 Nächte - Große Mittelmeer-Reise ab Mallorca 2,AIDAcosma,2028-07-29,2028-08-12,14,WM,WMPMI14W,Palma → Malaga → Gibraltar → Cartagena → Ibiza → Barcelona → Palma → Florenz/la Spezia → Rom/civitavecchia → Ajaccio/korsika → Barcelona → Palma,,2026-10-08,2026-10-08
CO14280805,AIDA,14 Nächte - Große Mittelmeer-Reise ab Mallorca 2,AIDAcosma,2028-08-05,2028-08-19,14,WM,WMPMI14W,Palma → Malaga → Gibraltar → Cartagena → Ibiza → Barcelona → Palma → Florenz/la Spezia → Rom/civitavecchia → Ajaccio/korsika → Barcelona → Palma,,2026-10-08,2026-10-08
CO14280812,AIDA,14 Nächte - Große Mittelmeer-Reise ab Mallorca 2,AIDAcosma,2028-08-12,2028-08-26,14,WM,WMPMI14W,Palma → Malaga → Gibraltar → Cartagena → Ibiza → Barcelona → Palma → Florenz/la Spezia → Rom/civitavecchia → Ajaccio/korsika → Barcelona → Palma,,2026-10-08,2026-10-08
CO14280819,AIDA,14 Nächte - Große Mittelmeer-Reise ab Mallorca 1,AIDAcosma,2028-08-19,2028-09-02,14,WM,WMPMI14E,Palma → Florenz/la Spezia → Rom/civitavecchia → Ajaccio/korsika → Barcelona → Palma → Cagliari → Rom/civitavecchia → Marseille → Barcelona → Palma,,2026-10-08,2026-10-08
CO14280826,AIDA,14 Nächte - Große Mittelmeer-Reise ab Mallorca 1,AIDAcosma,2028-08-26,2028-09-09,14,WM,WMPMI14E,Palma → Florenz/la Spezia → Rom/civitavecchia → Ajaccio/korsika → Barcelona → Palma → Cagliari → Rom/civitavecchia → Marseille → Barcelona → Palma,,2026-10-08,2026-10-08
CO14280902,AIDA,14 Nächte - Große Mittelmeer-Reise ab Mallorca 2,AIDAcosma,2028-09-02,2028-09-16,14,WM,WMPMI14W,Palma → Malaga → Gibraltar → Cartagena → Ibiza → Barcelona → Palma → Florenz/la Spezia → Rom/civitavecchia → Ajaccio/korsika → Barcelona → Palma,,2026-10-08,2026-10-08
CO14280909,AIDA,14 Nächte - Große Mittelmeer-Reise ab Mallorca 2,AIDAcosma,2028-09-09,2028-09-23,14,WM,WMPMI14W,Palma → Malaga → Gibraltar → Cartagena → Ibiza → Barcelona → Palma → Florenz/la Spezia → Rom/civitavecchia → Ajaccio/korsika → Barcelona → Palma,,2026-10-08,2026-10-08
CO14280916,AIDA,14 Nächte - Große Mittelmeer-Reise ab Mallorca 1,AIDAcosma,2028-09-16,2028-09-30,14,WM,WMPMI14E,Palma → Florenz/la Spezia → Rom/civitavecchia → Ajaccio/korsika → Barcelona → Palma → Cagliari → Rom/civitavecchia → Marseille → Barcelona → Palma,,2026-10-08,2026-10-08
CO14280923,AIDA,14 Nächte - Große Mittelmeer-Reise ab Mallorca 3,AIDAcosma,2028-09-23,2028-10-07,14,WM,WMPMI14W,Palma → Gibraltar → Malaga → Cartagena → Ibiza → Barcelona → Palma → Florenz/la Spezia → Rom/civitavecchia → Ajaccio/korsika → Barcelona → Palma,,2026-10-08,2026-10-08
CO14280930,AIDA,14 Nächte - Große Mittelmeer-Reise ab Mallorca 3,AIDAcosma,2028-09-30,2028-10-14,14,WM,WMPMI14W,Palma → Gibraltar → Malaga → Cartagena → Ibiza → Barcelona → Palma → Florenz/la Spezia → Rom/civitavecchia → Ajaccio/korsika → Barcelona → Palma,,2026-10-08,2026-10-08
CO14281007,AIDA,14 Nächte - Große Mittelmeer-Reise ab Mallorca 1,AIDAcosma,2028-10-07,2028-10-21,14,WM,WMPMI14E,Palma → Florenz/la Spezia → Rom/civitavecchia → Ajaccio/korsika → Barcelona → Palma → Cagliari → Rom/civitavecchia → Marseille → Barcelona → Palma,,2026-10-08,2026-10-08
CO14281014,AIDA,14 Nächte - Große Mittelmeer-Reise ab Mallorca 2,AIDAcosma,2028-10-14,2028-10-28,14,WM,WMPMI14W,Palma → Malaga → Gibraltar → Cartagena → Ibiza → Barcelona → Palma → Florenz/la Spezia → Rom/civitavecchia → Ajaccio/korsika → Barcelona → Palma,,2026-10-08,2026-10-08
CO14281021,AIDA,14 Nächte - Große Mittelmeer-Reise ab Mallorca 2,AIDAcosma,2028-10-21,2028-11-04,14,WM,WMPMI14W,Palma → Malaga → Gibraltar → Cartagena → Ibiza → Barcelona → Palma → Florenz/la Spezia → Rom/civitavecchia → Ajaccio/korsika → Barcelona → Palma,,2026-10-08,2026-10-08
CO14281028,AIDA,"14 Nächte - Korsika, Italien & Kanaren ab Mallorca",AIDAcosma,2028-10-28,2028-11-11,14,PM,PMILPA14,Palma → Florenz/la Spezia → Rom/civitavecchia → Ajaccio/korsika → Barcelona → Palma → Ibiza → Cartagena → Malaga → Arrecife/lanzarote → Puerto del Rosario → Las Palmas/gran Canaria,,2026-10-08,2026-10-08
CO14281104,AIDA,"14 Nächte - Andalusien, Kanaren & Madeira ab Mallorca 1",AIDAcosma,2028-11-04,2028-11-18,14,PM,PMILPA14,Palma → Malaga → Gibraltar → Funchal/madeira → Santa Cruz de Tenerife → Las Palmas/gran Canaria → Funchal/madeira → Santa Cruz de Tenerife → Puerto del Rosario → Arrecife/lanzarote → Las Palmas/gran Canaria,,2026-10-08,2026-10-08
CO14281111,AIDA,14 Nächte - Große Kanaren-Reise mit Madeira ab Gran Canaria,AIDAcosma,2028-11-11,2028-11-25,14,CA,CALPA14,Las Palmas/gran Canaria → Funchal/madeira → Santa Cruz de Tenerife → Puerto del Rosario → Arrecife/lanzarote → Las Palmas/gran Canaria → Funchal/madeira → Santa Cruz/la Palma → Santa Cruz de Tenerife → Puerto del Rosario → Arrecife/lanzarote → Las Palmas/gran Canaria,,2026-10-08,2026-10-08
CO14281118,AIDA,14 Nächte - Große Kanaren-Reise mit Madeira ab Gran Canaria,AIDAcosma,2028-11-18,2028-12-02,14,CA,CALPA14,Las Palmas/gran Canaria → Funchal/madeira → Santa Cruz de Tenerife → Puerto del Rosario → Arrecife/lanzarote → Las Palmas/gran Canaria → Funchal/madeira → Santa Cruz/la Palma → Santa Cruz de Tenerife → Puerto del Rosario → Arrecife/lanzarote → Las Palmas/gran Canaria,,2026-10-08,2026-10-08
CO14281125,AIDA,14 Nächte - Große Kanaren-Reise mit Madeira ab Gran Canaria,AIDAcosma,2028-11-25,2028-12-09,14,CA,CALPA14,Las Palmas/gran Canaria → Funchal/madeira → Santa Cruz de Tenerife → Puerto del Rosario → Arrecife/lanzarote → Las Palmas/gran Canaria → Funchal/madeira → Santa Cruz/la Palma → Santa Cruz de Tenerife → Puerto del Rosario → Arrecife/lanzarote → Las Palmas/gran Canaria,,2026-10-08,2026-10-08
CO14281202,AIDA,14 Nächte - Große Kanaren-Reise mit Madeira ab Gran Canaria,AIDAcosma,2028-12-02,2028-12-16,14,CA,CALPA14,Las Palmas/gran Canaria → Funchal/madeira → Santa Cruz de Tenerife → Puerto del Rosario → Arrecife/lanzarote → Las Palmas/gran Canaria → Funchal/madeira → Santa Cruz/la Palma → Santa Cruz de Tenerife → Puerto del Rosario → Arrecife/lanzarote → Las Palmas/gran Canaria,,2026-10-08,2026-10-08
CO14281209,AIDA,14 Nächte - Große Kanaren-Reise mit Madeira ab Gran Canaria,AIDAcosma,2028-12-09,2028-12-23,14,CA,CALPA14,Las Palmas/gran Canaria → Funchal/madeira → Santa Cruz de Tenerife → Puerto del Rosario → Arrecife/lanzarote → Las Palmas/gran Canaria → Funchal/madeira → Santa Cruz/la Palma → Santa Cruz de Tenerife → Puerto del Rosario → Arrecife/lanzarote → Las Palmas/gran Canaria,,2026-10-08,2026-10-08
CO14281216,AIDA,14 Nächte - Große Kanaren-Reise mit Madeira ab Gran Canaria,AIDAcosma,2028-12-16,2028-12-30,14,CA,CALPA14,Las Palmas/gran Canaria → Funchal/madeira → Santa Cruz de Tenerife → Puerto del Rosario → Arrecife/lanzarote → Las Palmas/gran Canaria → Funchal/madeira → Santa Cruz/la Palma → Santa Cruz de Tenerife → Puerto del Rosario → Arrecife/lanzarote → Las Palmas/gran Canaria,,2026-10-08,2026-10-08
CO14281223,AIDA,14 Nächte - Große Kanaren-Reise mit Madeira ab Gran Canaria,AIDAcosma,2028-12-23,2029-01-06,14,CA,CALPA14,Las Palmas/gran Canaria → Funchal/madeira → Santa Cruz de Tenerife → Puerto del Rosario → Arrecife/lanzarote → Las Palmas/gran Canaria → Funchal/madeira → Santa Cruz/la Palma → Santa Cruz de Tenerife → Puerto del Rosario → Arrecife/lanzarote → Las Palmas/gran Canaria,,2026-10-08,2026-10-08
CO14281230,AIDA,14 Nächte - Große Kanaren-Reise mit Madeira ab Gran Canaria,AIDAcosma,2028-12-30,2029-01-13,14,CA,CALPA14,Las Palmas/gran Canaria → Funchal/madeira → Santa Cruz de Tenerife → Puerto del Rosario → Arrecife/lanzarote → Las Palmas/gran Canaria → Funchal/madeira → Santa Cruz/la Palma → Santa Cruz de Tenerife → Puerto del Rosario → Arrecife/lanzarote → Las Palmas/gran Canaria,,2026-10-08,2026-10-08
CO14290106,AIDA,14 Nächte - Große Kanaren-Reise mit Madeira ab Gran Canaria,AIDAcosma,2029-01-06,2029-01-20,14,CA,CALPA14,Las Palmas/gran Canaria → Funchal/madeira → Santa Cruz de Tenerife → Puerto del Rosario → Arrecife/lanzarote → Las Palmas/gran Canaria → Funchal/madeira → Santa Cruz/la Palma → Santa Cruz de Tenerife → Puerto del Rosario → Arrecife/lanzarote → Las Palmas/gran Canaria,,2026-10-08,2026-10-08
CO14290113,AIDA,14 Nächte - Große Kanaren-Reise mit Madeira ab Gran Canaria,AIDAcosma,2029-01-13,2029-01-27,14,CA,CALPA14,Las Palmas/gran Canaria → Funchal/madeira → Santa Cruz de Tenerife → Puerto del Rosario → Arrecife/lanzarote → Las Palmas/gran Canaria → Funchal/madeira → Santa Cruz/la Palma → Santa Cruz de Tenerife → Puerto del Rosario → Arrecife/lanzarote → Las Palmas/gran Canaria,,2026-10-08,2026-10-08
CO14290120,AIDA,14 Nächte - Große Kanaren-Reise mit Madeira ab Gran Canaria,AIDAcosma,2029-01-20,2029-02-03,14,CA,CALPA14,Las Palmas/gran Canaria → Funchal/madeira → Santa Cruz de Tenerife → Puerto del Rosario → Arrecife/lanzarote → Las Palmas/gran Canaria → Funchal/madeira → Santa Cruz/la Palma → Santa Cruz de Tenerife → Puerto del Rosario → Arrecife/lanzarote → Las Palmas/gran Canaria,,2026-10-08,2026-10-08
CO14290127,AIDA,14 Nächte - Große Kanaren-Reise mit Madeira ab Gran Canaria,AIDAcosma,2029-01-27,2029-02-10,14,CA,CALPA14,Las Palmas/gran Canaria → Funchal/madeira → Santa Cruz de Tenerife → Puerto del Rosario → Arrecife/lanzarote → Las Palmas/gran Canaria → Funchal/madeira → Santa Cruz/la Palma → Santa Cruz de Tenerife → Puerto del Rosario → Arrecife/lanzarote → Las Palmas/gran Canaria,,2026-10-08,2026-10-08
CO14290203,AIDA,14 Nächte - Große Kanaren-Reise mit Madeira ab Gran Canaria,AIDAcosma,2029-02-03,2029-02-17,14,CA,CALPA14,Las Palmas/gran Canaria → Funchal/madeira → Santa Cruz de Tenerife → Puerto del Rosario → Arrecife/lanzarote → Las Palmas/gran Canaria → Funchal/madeira → Santa Cruz/la Palma → Santa Cruz de Tenerife → Puerto del Rosario → Arrecife/lanzarote → Las Palmas/gran Canaria,,2026-10-08,2026-10-08
CO14290210,AIDA,14 Nächte - Große Kanaren-Reise mit Madeira ab Gran Canaria,AIDAcosma,2029-02-10,2029-02-24,14,CA,CALPA14,Las Palmas/gran Canaria → Funchal/madeira → Santa Cruz de Tenerife → Puerto del Rosario → Arrecife/lanzarote → Las Palmas/gran Canaria → Funchal/madeira → Santa Cruz/la Palma → Santa Cruz de Tenerife → Puerto del Rosario → Arrecife/lanzarote → Las Palmas/gran Canaria,,2026-10-08,2026-10-08
CO14290217,AIDA,14 Nächte - Große Kanaren-Reise mit Madeira ab Gran Canaria,AIDAcosma,2029-02-17,2029-03-03,14,CA,CALPA14,Las Palmas/gran Canaria → Funchal/madeira → Santa Cruz de Tenerife → Puerto del Rosario → Arrecife/lanzarote → Las Palmas/gran Canaria → Funchal/madeira → Santa Cruz/la Palma → Santa Cruz de Tenerife → Puerto del Rosario → Arrecife/lanzarote → Las Palmas/gran Canaria,,2026-10-08,2026-10-08
CO14290224,AIDA,14 Nächte - Große Kanaren-Reise mit Madeira ab Gran Canaria,AIDAcosma,2029-02-24,2029-03-10,14,CA,CALPA14,Las Palmas/gran Canaria → Funchal/madeira → Santa Cruz de Tenerife → Puerto del Rosario → Arrecife/lanzarote → Las Palmas/gran Canaria → Funchal/madeira → Santa Cruz/la Palma → Santa Cruz de Tenerife → Puerto del Rosario → Arrecife/lanzarote → Las Palmas/gran Canaria,,2026-10-08,2026-10-08
CO14290303,AIDA,14 Nächte - Große Kanaren-Reise mit Madeira ab Gran Canaria,AIDAcosma,2029-03-03,2029-03-17,14,CA,CALPA14,Las Palmas/gran Canaria → Funchal/madeira → Santa Cruz de Tenerife → Puerto del Rosario → Arrecife/lanzarote → Las Palmas/gran Canaria → Funchal/madeira → Santa Cruz/la Palma → Santa Cruz de Tenerife → Puerto del Rosario → Arrecife/lanzarote → Las Palmas/gran Canaria,,2026-10-08,2026-10-08
CO14290310,AIDA,14 Nächte - Große Kanaren-Reise mit Madeira ab Gran Canaria,AIDAcosma,2029-03-10,2029-03-24,14,CA,CALPA14,Las Palmas/gran Canaria → Funchal/madeira → Santa Cruz de Tenerife → Puerto del Rosario → Arrecife/lanzarote → Las Palmas/gran Canaria → Funchal/madeira → Santa Cruz/la Palma → Santa Cruz de Tenerife → Puerto del Rosario → Arrecife/lanzarote → Las Palmas/gran Canaria,,2026-10-08,2026-10-08
CO14290317,AIDA,14 Nächte - Große Kanaren-Reise mit Madeira ab Gran Canaria,AIDAcosma,2029-03-17,2029-03-31,14,CA,CALPA14,Las Palmas/gran Canaria → Funchal/madeira → Santa Cruz de Tenerife → Puerto del Rosario → Arrecife/lanzarote → Las Palmas/gran Canaria → Funchal/madeira → Santa Cruz/la Palma → Santa Cruz de Tenerife → Puerto del Rosario → Arrecife/lanzarote → Las Palmas/gran Canaria,,2026-10-08,2026-10-08
CO14290324,AIDA,14 Nächte - Große Kanaren-Reise mit Madeira ab Gran Canaria,AIDAcosma,2029-03-24,2029-04-07,14,CA,CALPA14,Las Palmas/gran Canaria → Funchal/madeira → Santa Cruz de Tenerife → Puerto del Rosario → Arrecife/lanzarote → Las Palmas/gran Canaria → Funchal/madeira → Santa Cruz/la Palma → Santa Cruz de Tenerife → Puerto del Rosario → Arrecife/lanzarote → Las Palmas/gran Canaria,,2026-10-08,2026-10-08
CO14290331,AIDA,14 Nächte - Große Kanaren-Reise mit Madeira ab Gran Canaria,AIDAcosma,2029-03-31,2029-04-14,14,CA,CALPA14,Las Palmas/gran Canaria → Funchal/madeira → Santa Cruz de Tenerife → Puerto del Rosario → Arrecife/lanzarote → Las Palmas/gran Canaria → Funchal/madeira → Santa Cruz/la Palma → Santa Cruz de Tenerife → Puerto del Rosario → Arrecife/lanzarote → Las Palmas/gran Canaria,,2026-10-08,2026-10-08
CO16261126,AIDA,16 Nächte - Perlen am Mittelmeer & Kanaren ab Mallorca,AIDAcosma,2026-11-26,2026-12-12,16,PM,PMILPA16,Palma → Barcelona → Marseille → Florenz/la Spezia → Rom/civitavecchia → Palma → Cartagena → Malaga → Santa Cruz/la Palma → Las Palmas/gran Canaria → Puerto del Rosario → Arrecife/lanzarote → Las Palmas/gran Canaria,,2026-10-08,2026-10-08
CO16261203,AIDA,"16 Nächte - Andalusien, Kanaren & Madeira ab Mallorca",AIDAcosma,2026-12-03,2026-12-19,16,PM,PMILPA16,Palma → Cartagena → Malaga → Santa Cruz/la Palma → Las Palmas/gran Canaria → Puerto del Rosario → Arrecife/lanzarote → Las Palmas/gran Canaria → Funchal/madeira → Santa Cruz de Tenerife → Puerto del Rosario → Arrecife/lanzarote → Las Palmas/gran Canaria,,2026-10-08,2026-10-08
DI03270414,AIDA,3 Nächte - Minikreuzfahrt nach Dänemark ab Warnemünde,AIDAdiva,2027-04-14,2027-04-17,3,NO,NOWAR03N,Warnemünde → Arhus → Kopenhagen → Warnemünde,,2026-10-08,2026-10-08
DI03280412,AIDA,3 Nächte - Minikreuzfahrt nach Dänemark ab Warnemünde,AIDAdiva,2028-04-12,2028-04-15,3,NO,NOWAR03N,Warnemünde → Arhus → Kopenhagen → Warnemünde,,2026-10-08,2026-10-08
DI04270325,AIDA,4 Nächte - Kurzreise zu Ostern ab Warnemünde,AIDAdiva,2027-03-25,2027-03-29,4,BA,BAWAR04,Warnemünde → Danzig/gdynia → Roenne/bornholm → Warnemünde,,2026-10-08,2026-10-08
DI04270410,AIDA,4 Nächte - Kurzreise nach Schweden ab Warnemünde 1,AIDAdiva,2027-04-10,2027-04-14,4,BA,BAWAR04,Warnemünde → Visby → Stockholm → Warnemünde,,2026-10-08,2026-10-08
DI04280408,AIDA,4 Nächte - Kurzreise nach Dänemark & Schweden ab Warnemünde,AIDAdiva,2028-04-08,2028-04-12,4,NO,NOWAR04N,Warnemünde → Arhus → Kopenhagen → Ystad → Warnemünde,,2026-10-08,2026-10-08
DI05270320,AIDA,5 Nächte - Kurzreise nach Skandinavien ab Warnemünde,AIDAdiva,2027-03-20,2027-03-25,5,NO,NOWAR05N,Warnemünde → Arhus → Göteborg → Oslo → Warnemünde,,2026-10-08,2026-10-08
DI05270329,AIDA,5 Nächte - Kurzreise nach Skandinavien ab Warnemünde,AIDAdiva,2027-03-29,2027-04-03,5,NO,NOWAR05N,Warnemünde → Arhus → Göteborg → Oslo → Warnemünde,,2026-10-08,2026-10-08
DI05280403,AIDA,5 Nächte - Kurzreise nach Skandinavien ab Warnemünde,AIDAdiva,2028-04-03,2028-04-08,5,NO,NOWAR05N,Warnemünde → Arhus → Göteborg → Oslo → Warnemünde,,2026-10-08,2026-10-08
DI07270403,AIDA,"7 Nächte - Schweden, Polen & Dänemark ab Warnemünde",AIDAdiva,2027-04-03,2027-04-10,7,BA,BAWAR07C,Warnemünde → Stockholm → Visby → Danzig/gdynia → Kopenhagen → Warnemünde,,2026-10-08,2026-10-08
DI07270417,AIDA,"7 Nächte - Schweden, Polen & Dänemark ab Warnemünde",AIDAdiva,2027-04-17,2027-04-24,7,BA,BAWAR07C,Warnemünde → Stockholm → Visby → Danzig/gdynia → Kopenhagen → Warnemünde,,2026-10-08,2026-10-08
DI07270424,AIDA,7 Nächte - Norwegens Fjorde ab Warnemünde 1,AIDAdiva,2027-04-24,2027-05-01,7,NO,NOWAR07F,Warnemünde → Kristiansand → Bergen → Vik - Sogn → Eidfjord → Warnemünde,,2026-10-08,2026-10-08
DI07270501,AIDA,7 Nächte - Ostsee ab Warnemünde 1,AIDAdiva,2027-05-01,2027-05-08,7,BA,BAWAR07,Warnemünde → Riga → Tallinn → Helsinki → Stockholm → Warnemünde,,2026-10-08,2026-10-08
DI07270508,AIDA,7 Nächte - Norwegens Fjorde ab Warnemünde 1,AIDAdiva,2027-05-08,2027-05-15,7,NO,NOWAR07F,Warnemünde → Kristiansand → Bergen → Vik - Sogn → Eidfjord → Warnemünde,,2026-10-08,2026-10-08
DI07270515,AIDA,"7 Nächte - Schweden, Polen & Dänemark ab Warnemünde",AIDAdiva,2027-05-15,2027-05-22,7,BA,BAWAR07C,Warnemünde → Stockholm → Visby → Danzig/gdynia → Kopenhagen → Warnemünde,,2026-10-08,2026-10-08
DI07270522,AIDA,7 Nächte - Norwegens Fjorde ab Warnemünde 1,AIDAdiva,2027-05-22,2027-05-29,7,NO,NOWAR07F,Warnemünde → Kristiansand → Bergen → Vik - Sogn → Eidfjord → Warnemünde,,2026-10-08,2026-10-08
DI07270529,AIDA,7 Nächte - Ostsee ab Warnemünde 1,AIDAdiva,2027-05-29,2027-06-05,7,BA,BAWAR07,Warnemünde → Riga → Tallinn → Helsinki → Stockholm → Warnemünde,,2026-10-08,2026-10-08
DI07270605,AIDA,7 Nächte - Norwegens Fjorde ab Warnemünde 1,AIDAdiva,2027-06-05,2027-06-12,7,NO,NOWAR07F,Warnemünde → Kristiansand → Bergen → Vik - Sogn → Eidfjord → Warnemünde,,2026-10-08,2026-10-08
DI07270612,AIDA,7 Nächte - Ostsee ab Warnemünde 1,AIDAdiva,2027-06-12,2027-06-19,7,BA,BAWAR07,Warnemünde → Riga → Tallinn → Helsinki → Stockholm → Warnemünde,,2026-10-08,2026-10-08
DI07270619,AIDA,"7 Nächte - Schweden, Polen & Dänemark ab Warnemünde",AIDAdiva,2027-06-19,2027-06-26,7,BA,BAWAR07C,Warnemünde → Stockholm → Visby → Danzig/gdynia → Kopenhagen → Warnemünde,,2026-10-08,2026-10-08
DI07270626,AIDA,7 Nächte - Ostsee ab Warnemünde 1,AIDAdiva,2027-06-26,2027-07-03,7,BA,BAWAR07,Warnemünde → Riga → Tallinn → Helsinki → Stockholm → Warnemünde,,2026-10-08,2026-10-08
DI07270703,AIDA,7 Nächte - Norwegens Fjorde ab Warnemünde 1,AIDAdiva,2027-07-03,2027-07-10,7,NO,NOWAR07F,Warnemünde → Kristiansand → Bergen → Vik - Sogn → Eidfjord → Warnemünde,,2026-10-08,2026-10-08
DI07270710,AIDA,"7 Nächte - Schweden, Polen & Dänemark ab Warnemünde",AIDAdiva,2027-07-10,2027-07-17,7,BA,BAWAR07C,Warnemünde → Stockholm → Visby → Danzig/gdynia → Kopenhagen → Warnemünde,,2026-10-08,2026-10-08
DI07270717,AIDA,7 Nächte - Norwegens Fjorde ab Warnemünde 1,AIDAdiva,2027-07-17,2027-07-24,7,NO,NOWAR07F,Warnemünde → Kristiansand → Bergen → Vik - Sogn → Eidfjord → Warnemünde,,2026-10-08,2026-10-08
DI07270724,AIDA,7 Nächte - Ostsee ab Warnemünde 1,AIDAdiva,2027-07-24,2027-07-31,7,BA,BAWAR07,Warnemünde → Riga → Tallinn → Helsinki → Stockholm → Warnemünde,,2026-10-08,2026-10-08
DI07270731,AIDA,7 Nächte - Norwegens Fjorde ab Warnemünde 1,AIDAdiva,2027-07-31,2027-08-07,7,NO,NOWAR07F,Warnemünde → Kristiansand → Bergen → Vik - Sogn → Eidfjord → Warnemünde,,2026-10-08,2026-10-08
DI07270807,AIDA,"7 Nächte - Schweden, Polen & Dänemark ab Warnemünde",AIDAdiva,2027-08-07,2027-08-14,7,BA,BAWAR07C,Warnemünde → Stockholm → Visby → Danzig/gdynia → Kopenhagen → Warnemünde,,2026-10-08,2026-10-08
DI07270814,AIDA,7 Nächte - Norwegens Fjorde ab Warnemünde 1,AIDAdiva,2027-08-14,2027-08-21,7,NO,NOWAR07F,Warnemünde → Kristiansand → Bergen → Vik - Sogn → Eidfjord → Warnemünde,,2026-10-08,2026-10-08
DI07270821,AIDA,7 Nächte - Ostsee ab Warnemünde 1,AIDAdiva,2027-08-21,2027-08-28,7,BA,BAWAR07,Warnemünde → Riga → Tallinn → Helsinki → Stockholm → Warnemünde,,2026-10-08,2026-10-08
DI07270828,AIDA,7 Nächte - Norwegens Fjorde ab Warnemünde 1,AIDAdiva,2027-08-28,2027-09-04,7,NO,NOWAR07F,Warnemünde → Kristiansand → Bergen → Vik - Sogn → Eidfjord → Warnemünde,,2026-10-08,2026-10-08
DI07270904,AIDA,7 Nächte - Ostsee ab Warnemünde 1,AIDAdiva,2027-09-04,2027-09-11,7,BA,BAWAR07,Warnemünde → Riga → Tallinn → Helsinki → Stockholm → Warnemünde,,2026-10-08,2026-10-08
DI07270911,AIDA,"7 Nächte - Schweden, Polen & Dänemark ab Warnemünde",AIDAdiva,2027-09-11,2027-09-18,7,BA,BAWAR07C,Warnemünde → Stockholm → Visby → Danzig/gdynia → Kopenhagen → Warnemünde,,2026-10-08,2026-10-08
DI07270918,AIDA,7 Nächte - Ostsee ab Warnemünde 1,AIDAdiva,2027-09-18,2027-09-25,7,BA,BAWAR07,Warnemünde → Riga → Tallinn → Helsinki → Stockholm → Warnemünde,,2026-10-08,2026-10-08
DI07270925,AIDA,7 Nächte - Norwegens Fjorde ab Warnemünde 1,AIDAdiva,2027-09-25,2027-10-02,7,NO,NOWAR07F,Warnemünde → Kristiansand → Bergen → Vik - Sogn → Eidfjord → Warnemünde,,2026-10-08,2026-10-08
DI07271002,AIDA,"7 Nächte - Schweden, Polen & Dänemark ab Warnemünde",AIDAdiva,2027-10-02,2027-10-09,7,BA,BAWAR07C,Warnemünde → Stockholm → Visby → Danzig/gdynia → Kopenhagen → Warnemünde,,2026-10-08,2026-10-08
DI07271009,AIDA,7 Nächte - Norwegens Fjorde ab Warnemünde 1,AIDAdiva,2027-10-09,2027-10-16,7,NO,NOWAR07F,Warnemünde → Kristiansand → Bergen → Vik - Sogn → Eidfjord → Warnemünde,,2026-10-08,2026-10-08
DI07280408,AIDA,7 Nächte - Schweden & Dänemark ab Warnemünde 1,AIDAdiva,2028-04-08,2028-04-15,7,NO,NOWAR07N,Warnemünde → Arhus → Lysekil → Kopenhagen → Warnemünde → Nyborg → Kopenhagen → Warnemünde,,2026-10-08,2026-10-08
DI07280415,AIDA,"7 Nächte - Schweden, Polen & Dänemark ab Warnemünde",AIDAdiva,2028-04-15,2028-04-22,7,BA,BAWAR07C,Warnemünde → Stockholm → Visby → Danzig/gdynia → Kopenhagen → Warnemünde,,2026-10-08,2026-10-08
DI07280422,AIDA,7 Nächte - Norwegens Fjorde ab Warnemünde 1,AIDAdiva,2028-04-22,2028-04-29,7,NO,NOWAR07F,Warnemünde → Kristiansand → Bergen → Vik - Sogn → Eidfjord → Warnemünde,,2026-10-08,2026-10-08
DI07280429,AIDA,7 Nächte - Ostsee ab Warnemünde 1,AIDAdiva,2028-04-29,2028-05-06,7,BA,BAWAR07,Warnemünde → Riga → Tallinn → Helsinki → Stockholm → Warnemünde,,2026-10-08,2026-10-08
DI07280506,AIDA,7 Nächte - Norwegens Fjorde ab Warnemünde 1,AIDAdiva,2028-05-06,2028-05-13,7,NO,NOWAR07F,Warnemünde → Kristiansand → Bergen → Vik - Sogn → Eidfjord → Warnemünde,,2026-10-08,2026-10-08
DI07280513,AIDA,"7 Nächte - Schweden, Polen & Dänemark ab Warnemünde",AIDAdiva,2028-05-13,2028-05-20,7,BA,BAWAR07C,Warnemünde → Stockholm → Visby → Danzig/gdynia → Kopenhagen → Warnemünde,,2026-10-08,2026-10-08
DI07280520,AIDA,7 Nächte - Norwegens Fjorde ab Warnemünde 1,AIDAdiva,2028-05-20,2028-05-27,7,NO,NOWAR07F,Warnemünde → Kristiansand → Bergen → Vik - Sogn → Eidfjord → Warnemünde,,2026-10-08,2026-10-08
DI07280527,AIDA,7 Nächte - Ostsee ab Warnemünde 1,AIDAdiva,2028-05-27,2028-06-03,7,BA,BAWAR07,Warnemünde → Riga → Tallinn → Helsinki → Stockholm → Warnemünde,,2026-10-08,2026-10-08
DI07280603,AIDA,7 Nächte - Norwegens Fjorde ab Warnemünde 1,AIDAdiva,2028-06-03,2028-06-10,7,NO,NOWAR07F,Warnemünde → Kristiansand → Bergen → Vik - Sogn → Eidfjord → Warnemünde,,2026-10-08,2026-10-08
DI07280610,AIDA,7 Nächte - Ostsee ab Warnemünde 1,AIDAdiva,2028-06-10,2028-06-17,7,BA,BAWAR07,Warnemünde → Riga → Tallinn → Helsinki → Stockholm → Warnemünde,,2026-10-08,2026-10-08
DI07280617,AIDA,"7 Nächte - Schweden, Polen & Dänemark ab Warnemünde",AIDAdiva,2028-06-17,2028-06-24,7,BA,BAWAR07C,Warnemünde → Stockholm → Visby → Danzig/gdynia → Kopenhagen → Warnemünde,,2026-10-08,2026-10-08
DI07280624,AIDA,7 Nächte - Ostsee ab Warnemünde 1,AIDAdiva,2028-06-24,2028-07-01,7,BA,BAWAR07,Warnemünde → Riga → Tallinn → Helsinki → Stockholm → Warnemünde,,2026-10-08,2026-10-08
DI07280701,AIDA,7 Nächte - Norwegens Fjorde ab Warnemünde 1,AIDAdiva,2028-07-01,2028-07-08,7,NO,NOWAR07F,Warnemünde → Kristiansand → Bergen → Vik - Sogn → Eidfjord → Warnemünde,,2026-10-08,2026-10-08
DI07280708,AIDA,7 Nächte - Ostsee ab Warnemünde 1,AIDAdiva,2028-07-08,2028-07-15,7,BA,BAWAR07,Warnemünde → Riga → Tallinn → Helsinki → Stockholm → Warnemünde,,2026-10-08,2026-10-08
DI07280715,AIDA,7 Nächte - Norwegens Fjorde ab Warnemünde 1,AIDAdiva,2028-07-15,2028-07-22,7,NO,NOWAR07F,Warnemünde → Kristiansand → Bergen → Vik - Sogn → Eidfjord → Warnemünde,,2026-10-08,2026-10-08
DI07280722,AIDA,"7 Nächte - Schweden, Polen & Dänemark ab Warnemünde",AIDAdiva,2028-07-22,2028-07-29,7,BA,BAWAR07C,Warnemünde → Stockholm → Visby → Danzig/gdynia → Kopenhagen → Warnemünde,,2026-10-08,2026-10-08
DI07280729,AIDA,7 Nächte - Norwegens Fjorde ab Warnemünde 1,AIDAdiva,2028-07-29,2028-08-05,7,NO,NOWAR07F,Warnemünde → Kristiansand → Bergen → Vik - Sogn → Eidfjord → Warnemünde,,2026-10-08,2026-10-08
DI07280805,AIDA,7 Nächte - Ostsee ab Warnemünde 1,AIDAdiva,2028-08-05,2028-08-12,7,BA,BAWAR07,Warnemünde → Riga → Tallinn → Helsinki → Stockholm → Warnemünde,,2026-10-08,2026-10-08
DI07280812,AIDA,7 Nächte - Norwegens Fjorde ab Warnemünde 1,AIDAdiva,2028-08-12,2028-08-19,7,NO,NOWAR07F,Warnemünde → Kristiansand → Bergen → Vik - Sogn → Eidfjord → Warnemünde,,2026-10-08,2026-10-08
DI07280819,AIDA,"7 Nächte - Schweden, Polen & Dänemark ab Warnemünde",AIDAdiva,2028-08-19,2028-08-26,7,BA,BAWAR07C,Warnemünde → Stockholm → Visby → Danzig/gdynia → Kopenhagen → Warnemünde,,2026-10-08,2026-10-08
DI07280826,AIDA,7 Nächte - Norwegens Fjorde ab Warnemünde 1,AIDAdiva,2028-08-26,2028-09-02,7,NO,NOWAR07F,Warnemünde → Kristiansand → Bergen → Vik - Sogn → Eidfjord → Warnemünde,,2026-10-08,2026-10-08
DI08271016,AIDA,8 Nächte - Ostsee von Warnemünde nach Hamburg,AIDAdiva,2027-10-16,2027-10-24,8,WA,WARHAM08,Warnemünde → Tallinn → Helsinki → Stockholm → Visby → Kopenhagen → Hamburg,,2026-10-08,2026-10-08
DI14261114,AIDA,14 Nächte - Karibik & Mittelamerika ab Dominikanische Republik,AIDAdiva,2026-11-14,2026-11-28,14,CB,CBLRM14C,La Romana/dom. Republik → St.johns → Basseterre → Philipsburg → Roadtown → Samana → Montego Bay/jamaika → Colon → Cartagena/kolumbien → Santa Marta → La Romana/dom. Republik,,2026-10-08,2026-10-08
DI14261122,AIDA,14 Nächte - Mittelamerika & Karibik ab Jamaika,AIDAdiva,2026-11-22,2026-12-06,14,CB,CBMBJ14C,Montego Bay/jamaika → Colon → Cartagena/kolumbien → Santa Marta → La Romana/dom. Republik → Philipsburg → Basseterre → St.johns → Rouseau → Castries → Kingstown → Bridgetown/barbados,,2026-10-08,2026-10-08
DI14261128,AIDA,14 Nächte - Karibische Inseln ab Dominikanische Republik 1,AIDAdiva,2026-11-28,2026-12-12,14,CB,CBLRM14I,La Romana/dom. Republik → Philipsburg → Basseterre → St.johns → Rouseau → Castries → Kingstown → Bridgetown/barbados → Kralendijk → Willemstad → Oranjestad → La Romana/dom. Republik,,2026-10-08,2026-10-08
DI14261206,AIDA,14 Nächte - Karibische Inseln ab Barbados,AIDAdiva,2026-12-06,2026-12-20,14,CB,CBBGI14I,Bridgetown/barbados → Kralendijk → Willemstad → Oranjestad → La Romana/dom. Republik → St.johns → Basseterre → Philipsburg → Roadtown → Samana → Montego Bay/jamaika,,2026-10-08,2026-10-08
DI14261212,AIDA,14 Nächte - Karibik & Mittelamerika ab Dominikanische Republik,AIDAdiva,2026-12-12,2026-12-26,14,CB,CBLRM14C,La Romana/dom. Republik → St.johns → Basseterre → Philipsburg → Roadtown → Samana → Montego Bay/jamaika → Colon → Cartagena/kolumbien → Santa Marta → La Romana/dom. Republik,,2026-10-08,2026-10-08
DI14261220,AIDA,14 Nächte - Mittelamerika & Mexiko ab Jamaika,AIDAdiva,2026-12-20,2027-01-03,14,CB,CBMBJ14X,Montego Bay/jamaika → Colon → Cartagena/kolumbien → Santa Marta → La Romana/dom. Republik → Cabo Rojo → Ocho Rios → Grand Cayman → Cozumel → Montego Bay/jamaika,,2026-10-08,2026-10-08
DI14261226,AIDA,14 Nächte - Mexiko & Karibik ab Dominikanische Republik,AIDAdiva,2026-12-26,2027-01-09,14,CB,CBLRM14X,La Romana/dom. Republik → Cabo Rojo → Ocho Rios → Grand Cayman → Cozumel → Montego Bay/jamaika → Arroyo Barril (samana) → Roadtown → St.johns → La Romana/dom. Republik,,2026-10-08,2026-10-08
DI14270103,AIDA,14 Nächte - Karibik mit Kleinen Antillen ab Jamaika,AIDAdiva,2027-01-03,2027-01-17,14,CB,CBMBJ14I,Montego Bay/jamaika → Arroyo Barril (samana) → Roadtown → St.johns → La Romana/dom. Republik → Philipsburg → Basseterre → St.johns → Rouseau → Pointe A Pitre → Castries → Bridgetown/barbados,,2026-10-08,2026-10-08
DI14270109,AIDA,14 Nächte - Karibische Inseln ab Dominikanische Republik 1,AIDAdiva,2027-01-09,2027-01-23,14,CB,CBLRM14I,La Romana/dom. Republik → Philipsburg → Basseterre → St.johns → Rouseau → Castries → Kingstown → Bridgetown/barbados → Kralendijk → Willemstad → Oranjestad → La Romana/dom. Republik,,2026-10-08,2026-10-08
DI14270117,AIDA,14 Nächte - Karibische Inseln ab Barbados,AIDAdiva,2027-01-17,2027-01-31,14,CB,CBBGI14I,Bridgetown/barbados → Kralendijk → Willemstad → Oranjestad → La Romana/dom. Republik → St.johns → Basseterre → Philipsburg → Roadtown → Samana → Montego Bay/jamaika,,2026-10-08,2026-10-08
DI14270123,AIDA,14 Nächte - Karibik & Mittelamerika ab Dominikanische Republik,AIDAdiva,2027-01-23,2027-02-06,14,CB,CBLRM14C,La Romana/dom. Republik → St.johns → Basseterre → Philipsburg → Roadtown → Samana → Montego Bay/jamaika → Colon → Cartagena/kolumbien → Santa Marta → La Romana/dom. Republik,,2026-10-08,2026-10-08
DI14270131,AIDA,14 Nächte - Mittelamerika & Mexiko ab Jamaika,AIDAdiva,2027-01-31,2027-02-14,14,CB,CBMBJ14X,Montego Bay/jamaika → Colon → Cartagena/kolumbien → Santa Marta → La Romana/dom. Republik → Cabo Rojo → Ocho Rios → Grand Cayman → Cozumel → Montego Bay/jamaika,,2026-10-08,2026-10-08
DI14270206,AIDA,14 Nächte - Mexiko & Karibik ab Dominikanische Republik,AIDAdiva,2027-02-06,2027-02-20,14,CB,CBLRM14X,La Romana/dom. Republik → Cabo Rojo → Ocho Rios → Grand Cayman → Cozumel → Montego Bay/jamaika → Arroyo Barril (samana) → Roadtown → St.johns → La Romana/dom. Republik,,2026-10-08,2026-10-08
DI14270214,AIDA,14 Nächte - Karibik mit Kleinen Antillen ab Jamaika,AIDAdiva,2027-02-14,2027-02-28,14,CB,CBMBJ14I,Montego Bay/jamaika → Arroyo Barril (samana) → Roadtown → St.johns → La Romana/dom. Republik → Philipsburg → Basseterre → St.johns → Rouseau → Pointe A Pitre → Castries → Bridgetown/barbados,,2026-10-08,2026-10-08
DI14270417,AIDA,14 Nächte - Highlights der Nord- und Ostseeküste 1,AIDAdiva,2027-04-17,2027-05-01,14,NO,NOWAR14N,Warnemünde → Stockholm → Visby → Danzig/gdynia → Kopenhagen → Warnemünde → Kristiansand → Bergen → Vik - Sogn → Eidfjord → Warnemünde,,2026-10-08,2026-10-08
DI14270424,AIDA,14 Nächte - Highlights der Nord- und Ostseeküste 2,AIDAdiva,2027-04-24,2027-05-08,14,BA,BAWAR14,Warnemünde → Kristiansand → Bergen → Vik - Sogn → Eidfjord → Warnemünde → Riga → Tallinn → Helsinki → Stockholm → Warnemünde,,2026-10-08,2026-10-08
DI14270501,AIDA,14 Nächte - Highlights der Nord- und Ostseeküste 2,AIDAdiva,2027-05-01,2027-05-15,14,BA,BAWAR14,Warnemünde → Kristiansand → Bergen → Vik - Sogn → Eidfjord → Warnemünde → Riga → Tallinn → Helsinki → Stockholm → Warnemünde,,2026-10-08,2026-10-08
DI14270508,AIDA,14 Nächte - Highlights der Nord- und Ostseeküste 1,AIDAdiva,2027-05-08,2027-05-22,14,NO,NOWAR14N,Warnemünde → Stockholm → Visby → Danzig/gdynia → Kopenhagen → Warnemünde → Kristiansand → Bergen → Vik - Sogn → Eidfjord → Warnemünde,,2026-10-08,2026-10-08
DI14270515,AIDA,14 Nächte - Highlights der Nord- und Ostseeküste 1,AIDAdiva,2027-05-15,2027-05-29,14,NO,NOWAR14N,Warnemünde → Stockholm → Visby → Danzig/gdynia → Kopenhagen → Warnemünde → Kristiansand → Bergen → Vik - Sogn → Eidfjord → Warnemünde,,2026-10-08,2026-10-08
DI14270522,AIDA,14 Nächte - Highlights der Nord- und Ostseeküste 2,AIDAdiva,2027-05-22,2027-06-05,14,BA,BAWAR14,Warnemünde → Kristiansand → Bergen → Vik - Sogn → Eidfjord → Warnemünde → Riga → Tallinn → Helsinki → Stockholm → Warnemünde,,2026-10-08,2026-10-08
DI14270529,AIDA,14 Nächte - Highlights der Nord- und Ostseeküste 2,AIDAdiva,2027-05-29,2027-06-12,14,BA,BAWAR14,Warnemünde → Kristiansand → Bergen → Vik - Sogn → Eidfjord → Warnemünde → Riga → Tallinn → Helsinki → Stockholm → Warnemünde,,2026-10-08,2026-10-08
DI14270605,AIDA,14 Nächte - Highlights der Nord- und Ostseeküste 2,AIDAdiva,2027-06-05,2027-06-19,14,BA,BAWAR14,Warnemünde → Kristiansand → Bergen → Vik - Sogn → Eidfjord → Warnemünde → Riga → Tallinn → Helsinki → Stockholm → Warnemünde,,2026-10-08,2026-10-08
DI14270612,AIDA,14 Nächte - Highlights der Ostseeküste ab Warnemünde,AIDAdiva,2027-06-12,2027-06-26,14,BA,BAWAR14,Warnemünde → Riga → Tallinn → Helsinki → Stockholm → Warnemünde → Stockholm → Visby → Danzig/gdynia → Kopenhagen → Warnemünde,,2026-10-08,2026-10-08
DI14270619,AIDA,14 Nächte - Highlights der Ostseeküste ab Warnemünde,AIDAdiva,2027-06-19,2027-07-03,14,BA,BAWAR14,Warnemünde → Riga → Tallinn → Helsinki → Stockholm → Warnemünde → Stockholm → Visby → Danzig/gdynia → Kopenhagen → Warnemünde,,2026-10-08,2026-10-08
DI14270626,AIDA,14 Nächte - Highlights der Nord- und Ostseeküste 2,AIDAdiva,2027-06-26,2027-07-10,14,BA,BAWAR14,Warnemünde → Kristiansand → Bergen → Vik - Sogn → Eidfjord → Warnemünde → Riga → Tallinn → Helsinki → Stockholm → Warnemünde,,2026-10-08,2026-10-08
DI14270703,AIDA,14 Nächte - Highlights der Nord- und Ostseeküste 1,AIDAdiva,2027-07-03,2027-07-17,14,NO,NOWAR14N,Warnemünde → Stockholm → Visby → Danzig/gdynia → Kopenhagen → Warnemünde → Kristiansand → Bergen → Vik - Sogn → Eidfjord → Warnemünde,,2026-10-08,2026-10-08
DI14270710,AIDA,14 Nächte - Highlights der Nord- und Ostseeküste 1,AIDAdiva,2027-07-10,2027-07-24,14,NO,NOWAR14N,Warnemünde → Stockholm → Visby → Danzig/gdynia → Kopenhagen → Warnemünde → Kristiansand → Bergen → Vik - Sogn → Eidfjord → Warnemünde,,2026-10-08,2026-10-08
DI14270717,AIDA,14 Nächte - Highlights der Nord- und Ostseeküste 2,AIDAdiva,2027-07-17,2027-07-31,14,BA,BAWAR14,Warnemünde → Kristiansand → Bergen → Vik - Sogn → Eidfjord → Warnemünde → Riga → Tallinn → Helsinki → Stockholm → Warnemünde,,2026-10-08,2026-10-08
DI14270724,AIDA,14 Nächte - Highlights der Nord- und Ostseeküste 2,AIDAdiva,2027-07-24,2027-08-07,14,BA,BAWAR14,Warnemünde → Kristiansand → Bergen → Vik - Sogn → Eidfjord → Warnemünde → Riga → Tallinn → Helsinki → Stockholm → Warnemünde,,2026-10-08,2026-10-08
DI14270731,AIDA,14 Nächte - Highlights der Nord- und Ostseeküste 1,AIDAdiva,2027-07-31,2027-08-14,14,NO,NOWAR14N,Warnemünde → Stockholm → Visby → Danzig/gdynia → Kopenhagen → Warnemünde → Kristiansand → Bergen → Vik - Sogn → Eidfjord → Warnemünde,,2026-10-08,2026-10-08
DI14270807,AIDA,14 Nächte - Highlights der Nord- und Ostseeküste 1,AIDAdiva,2027-08-07,2027-08-21,14,NO,NOWAR14N,Warnemünde → Stockholm → Visby → Danzig/gdynia → Kopenhagen → Warnemünde → Kristiansand → Bergen → Vik - Sogn → Eidfjord → Warnemünde,,2026-10-08,2026-10-08
DI14270814,AIDA,14 Nächte - Highlights der Nord- und Ostseeküste 2,AIDAdiva,2027-08-14,2027-08-28,14,BA,BAWAR14,Warnemünde → Kristiansand → Bergen → Vik - Sogn → Eidfjord → Warnemünde → Riga → Tallinn → Helsinki → Stockholm → Warnemünde,,2026-10-08,2026-10-08
DI14270821,AIDA,14 Nächte - Highlights der Nord- und Ostseeküste 2,AIDAdiva,2027-08-21,2027-09-04,14,BA,BAWAR14,Warnemünde → Kristiansand → Bergen → Vik - Sogn → Eidfjord → Warnemünde → Riga → Tallinn → Helsinki → Stockholm → Warnemünde,,2026-10-08,2026-10-08
DI14270828,AIDA,14 Nächte - Highlights der Nord- und Ostseeküste 2,AIDAdiva,2027-08-28,2027-09-11,14,BA,BAWAR14,Warnemünde → Kristiansand → Bergen → Vik - Sogn → Eidfjord → Warnemünde → Riga → Tallinn → Helsinki → Stockholm → Warnemünde,,2026-10-08,2026-10-08
DI14270911,AIDA,14 Nächte - Highlights der Ostseeküste ab Warnemünde,AIDAdiva,2027-09-11,2027-09-25,14,BA,BAWAR14,Warnemünde → Riga → Tallinn → Helsinki → Stockholm → Warnemünde → Stockholm → Visby → Danzig/gdynia → Kopenhagen → Warnemünde,,2026-10-08,2026-10-08
DI14270918,AIDA,14 Nächte - Highlights der Nord- und Ostseeküste 2,AIDAdiva,2027-09-18,2027-10-02,14,BA,BAWAR14,Warnemünde → Kristiansand → Bergen → Vik - Sogn → Eidfjord → Warnemünde → Riga → Tallinn → Helsinki → Stockholm → Warnemünde,,2026-10-08,2026-10-08
DI14270925,AIDA,14 Nächte - Highlights der Nord- und Ostseeküste 1,AIDAdiva,2027-09-25,2027-10-09,14,NO,NOWAR14N,Warnemünde → Stockholm → Visby → Danzig/gdynia → Kopenhagen → Warnemünde → Kristiansand → Bergen → Vik - Sogn → Eidfjord → Warnemünde,,2026-10-08,2026-10-08
DI14271002,AIDA,14 Nächte - Highlights der Nord- und Ostseeküste 1,AIDAdiva,2027-10-02,2027-10-16,14,NO,NOWAR14N,Warnemünde → Stockholm → Visby → Danzig/gdynia → Kopenhagen → Warnemünde → Kristiansand → Bergen → Vik - Sogn → Eidfjord → Warnemünde,,2026-10-08,2026-10-08
DI14280415,AIDA,14 Nächte - Highlights der Nord- und Ostseeküste 1,AIDAdiva,2028-04-15,2028-04-29,14,NO,NOWAR14N,Warnemünde → Stockholm → Visby → Danzig/gdynia → Kopenhagen → Warnemünde → Kristiansand → Bergen → Vik - Sogn → Eidfjord → Warnemünde,,2026-10-08,2026-10-08
DI14280422,AIDA,14 Nächte - Highlights der Nord- und Ostseeküste 2,AIDAdiva,2028-04-22,2028-05-06,14,BA,BAWAR14,Warnemünde → Kristiansand → Bergen → Vik - Sogn → Eidfjord → Warnemünde → Riga → Tallinn → Helsinki → Stockholm → Warnemünde,,2026-10-08,2026-10-08
DI14280429,AIDA,14 Nächte - Highlights der Nord- und Ostseeküste 2,AIDAdiva,2028-04-29,2028-05-13,14,BA,BAWAR14,Warnemünde → Kristiansand → Bergen → Vik - Sogn → Eidfjord → Warnemünde → Riga → Tallinn → Helsinki → Stockholm → Warnemünde,,2026-10-08,2026-10-08
DI14280506,AIDA,14 Nächte - Highlights der Nord- und Ostseeküste 1,AIDAdiva,2028-05-06,2028-05-20,14,NO,NOWAR14N,Warnemünde → Stockholm → Visby → Danzig/gdynia → Kopenhagen → Warnemünde → Kristiansand → Bergen → Vik - Sogn → Eidfjord → Warnemünde,,2026-10-08,2026-10-08
DI14280513,AIDA,14 Nächte - Highlights der Nord- und Ostseeküste 1,AIDAdiva,2028-05-13,2028-05-27,14,NO,NOWAR14N,Warnemünde → Stockholm → Visby → Danzig/gdynia → Kopenhagen → Warnemünde → Kristiansand → Bergen → Vik - Sogn → Eidfjord → Warnemünde,,2026-10-08,2026-10-08
DI14280520,AIDA,14 Nächte - Highlights der Nord- und Ostseeküste 2,AIDAdiva,2028-05-20,2028-06-03,14,BA,BAWAR14,Warnemünde → Kristiansand → Bergen → Vik - Sogn → Eidfjord → Warnemünde → Riga → Tallinn → Helsinki → Stockholm → Warnemünde,,2026-10-08,2026-10-08
DI14280527,AIDA,14 Nächte - Highlights der Nord- und Ostseeküste 2,AIDAdiva,2028-05-27,2028-06-10,14,BA,BAWAR14,Warnemünde → Kristiansand → Bergen → Vik - Sogn → Eidfjord → Warnemünde → Riga → Tallinn → Helsinki → Stockholm → Warnemünde,,2026-10-08,2026-10-08
DI14280603,AIDA,14 Nächte - Highlights der Nord- und Ostseeküste 2,AIDAdiva,2028-06-03,2028-06-17,14,BA,BAWAR14,Warnemünde → Kristiansand → Bergen → Vik - Sogn → Eidfjord → Warnemünde → Riga → Tallinn → Helsinki → Stockholm → Warnemünde,,2026-10-08,2026-10-08
DI14280610,AIDA,14 Nächte - Highlights der Ostseeküste ab Warnemünde,AIDAdiva,2028-06-10,2028-06-24,14,BA,BAWAR14,Warnemünde → Riga → Tallinn → Helsinki → Stockholm → Warnemünde → Stockholm → Visby → Danzig/gdynia → Kopenhagen → Warnemünde,,2026-10-08,2026-10-08
DI14280617,AIDA,14 Nächte - Highlights der Ostseeküste ab Warnemünde,AIDAdiva,2028-06-17,2028-07-01,14,BA,BAWAR14,Warnemünde → Riga → Tallinn → Helsinki → Stockholm → Warnemünde → Stockholm → Visby → Danzig/gdynia → Kopenhagen → Warnemünde,,2026-10-08,2026-10-08
DI14280624,AIDA,14 Nächte - Highlights der Nord- und Ostseeküste 2,AIDAdiva,2028-06-24,2028-07-08,14,BA,BAWAR14,Warnemünde → Kristiansand → Bergen → Vik - Sogn → Eidfjord → Warnemünde → Riga → Tallinn → Helsinki → Stockholm → Warnemünde,,2026-10-08,2026-10-08
DI14280701,AIDA,14 Nächte - Highlights der Nord- und Ostseeküste 2,AIDAdiva,2028-07-01,2028-07-15,14,BA,BAWAR14,Warnemünde → Kristiansand → Bergen → Vik - Sogn → Eidfjord → Warnemünde → Riga → Tallinn → Helsinki → Stockholm → Warnemünde,,2026-10-08,2026-10-08
DI14280708,AIDA,14 Nächte - Highlights der Nord- und Ostseeküste 2,AIDAdiva,2028-07-08,2028-07-22,14,BA,BAWAR14,Warnemünde → Kristiansand → Bergen → Vik - Sogn → Eidfjord → Warnemünde → Riga → Tallinn → Helsinki → Stockholm → Warnemünde,,2026-10-08,2026-10-08
DI14280715,AIDA,14 Nächte - Highlights der Nord- und Ostseeküste 1,AIDAdiva,2028-07-15,2028-07-29,14,NO,NOWAR14N,Warnemünde → Stockholm → Visby → Danzig/gdynia → Kopenhagen → Warnemünde → Kristiansand → Bergen → Vik - Sogn → Eidfjord → Warnemünde,,2026-10-08,2026-10-08
DI14280722,AIDA,14 Nächte - Highlights der Nord- und Ostseeküste 1,AIDAdiva,2028-07-22,2028-08-05,14,NO,NOWAR14N,Warnemünde → Stockholm → Visby → Danzig/gdynia → Kopenhagen → Warnemünde → Kristiansand → Bergen → Vik - Sogn → Eidfjord → Warnemünde,,2026-10-08,2026-10-08
DI14280729,AIDA,14 Nächte - Highlights der Nord- und Ostseeküste 2,AIDAdiva,2028-07-29,2028-08-12,14,BA,BAWAR14,Warnemünde → Kristiansand → Bergen → Vik - Sogn → Eidfjord → Warnemünde → Riga → Tallinn → Helsinki → Stockholm → Warnemünde,,2026-10-08,2026-10-08
DI14280805,AIDA,14 Nächte - Highlights der Nord- und Ostseeküste 2,AIDAdiva,2028-08-05,2028-08-19,14,BA,BAWAR14,Warnemünde → Kristiansand → Bergen → Vik - Sogn → Eidfjord → Warnemünde → Riga → Tallinn → Helsinki → Stockholm → Warnemünde,,2026-10-08,2026-10-08
DI14280812,AIDA,14 Nächte - Highlights der Nord- und Ostseeküste 1,AIDAdiva,2028-08-12,2028-08-26,14,NO,NOWAR14N,Warnemünde → Stockholm → Visby → Danzig/gdynia → Kopenhagen → Warnemünde → Kristiansand → Bergen → Vik - Sogn → Eidfjord → Warnemünde,,2026-10-08,2026-10-08
DI14280819,AIDA,14 Nächte - Highlights der Nord- und Ostseeküste 1,AIDAdiva,2028-08-19,2028-09-02,14,NO,NOWAR14N,Warnemünde → Stockholm → Visby → Danzig/gdynia → Kopenhagen → Warnemünde → Kristiansand → Bergen → Vik - Sogn → Eidfjord → Warnemünde,,2026-10-08,2026-10-08
DI14281118,AIDA,14 Nächte - Karibische Inseln ab Dom. Republik 1,AIDAdiva,2028-11-18,2028-12-02,14,CB,CBLRM14I,La Romana/dom. Republik → Oranjestad → Willemstad → Kralendijk → St.george's → Kingstown → Castries → Rouseau → Basseterre → Philipsburg → La Romana/dom. Republik,,2026-10-08,2026-10-08
DI14281119,AIDA,14 Nächte - Karibische Inseln ab Dom. Republik 4,AIDAdiva,2028-11-19,2028-12-03,14,CB,CBLRM14I,La Romana/dom. Republik → Oranjestad → Willemstad → Kralendijk → St.george's → Kingstown → Castries → Rouseau → Basseterre → Philipsburg → La Romana/dom. Republik → Santo Domingo/dom. Republik,,2026-10-08,2026-10-08
DI14281202,AIDA,14 Nächte - Karibik & Mittelamerika ab Dom. Republik 1,AIDAdiva,2028-12-02,2028-12-16,14,CB,CBLRM14C,La Romana/dom. Republik → St.johns → Basseterre → Philipsburg → Roadtown → Samana → Montego Bay/jamaika → Puerto Limon → Colon → Cartagena/kolumbien → La Romana/dom. Republik,,2026-10-08,2026-10-08
DI14281203,AIDA,14 Nächte - Karibik & Mittelamerika ab Dom. Republik 2,AIDAdiva,2028-12-03,2028-12-17,14,CB,CBLRM14C,La Romana/dom. Republik → Oranjestad → Santa Marta → Cartagena/kolumbien → Colon → Puerto Limon → Montego Bay/jamaika → Ocho Rios → Grand Turk Island → Puerto Plata/amber Cove → Samana → La Romana/dom. Republik,,2026-10-08,2026-10-08
DI14281216,AIDA,14 Nächte - Kleine Antillen & Mittelamerika ab Dom. Republik 1,AIDAdiva,2028-12-16,2028-12-30,14,CB,CBLRM14C,La Romana/dom. Republik → Santo Domingo/dom. Republik → Puerto Limon → Colon → Cartagena/kolumbien → Santa Marta → Oranjestad → Kingstown → Castries → Basseterre → La Romana/dom. Republik,,2026-10-08,2026-10-08
DI14281217,AIDA,14 Nächte - Kleine Antillen & Mittelamerika ab Dom. Republik 2,AIDAdiva,2028-12-17,2028-12-31,14,CB,CBSDQ14C,Santo Domingo/dom. Republik → Puerto Limon → Colon → Cartagena/kolumbien → Santa Marta → Oranjestad → Kingstown → Castries → Basseterre → La Romana/dom. Republik → Santo Domingo/dom. Republik,,2026-10-08,2026-10-08
DI14290113,AIDA,14 Nächte - Kleine Antillen & Mittelamerika ab Dom. Republik 1,AIDAdiva,2029-01-13,2029-01-27,14,CB,CBLRM14C,La Romana/dom. Republik → Santo Domingo/dom. Republik → Puerto Limon → Colon → Cartagena/kolumbien → Santa Marta → Oranjestad → Kingstown → Castries → Basseterre → La Romana/dom. Republik,,2026-10-08,2026-10-08
DI14290114,AIDA,14 Nächte - Kleine Antillen & Mittelamerika ab Dom. Republik 2,AIDAdiva,2029-01-14,2029-01-28,14,CB,CBSDQ14C,Santo Domingo/dom. Republik → Puerto Limon → Colon → Cartagena/kolumbien → Santa Marta → Oranjestad → Kingstown → Castries → Basseterre → La Romana/dom. Republik → Santo Domingo/dom. Republik,,2026-10-08,2026-10-08
DI14290210,AIDA,14 Nächte - Karibik & Mittelamerika ab Dom. Republik 1,AIDAdiva,2029-02-10,2029-02-24,14,CB,CBLRM14C,La Romana/dom. Republik → St.johns → Basseterre → Philipsburg → Roadtown → Samana → Montego Bay/jamaika → Puerto Limon → Colon → Cartagena/kolumbien → La Romana/dom. Republik,,2026-10-08,2026-10-08
DI14290224,AIDA,14 Nächte - Karibische Inseln ab Dom. Republik 3,AIDAdiva,2029-02-24,2029-03-10,14,CB,CBLRM14I,La Romana/dom. Republik → St.johns → Basseterre → Philipsburg → Roadtown → Samana → La Romana/dom. Republik → Kralendijk → Willemstad → Oranjestad → Cabo Rojo → La Romana/dom. Republik,,2026-10-08,2026-10-08
DI14290303,AIDA,14 Nächte - Karibische Inseln ab Dom. Republik 3,AIDAdiva,2029-03-03,2029-03-17,14,CB,CBLRM14I,La Romana/dom. Republik → St.johns → Basseterre → Philipsburg → Roadtown → Samana → La Romana/dom. Republik → Kralendijk → Willemstad → Oranjestad → Cabo Rojo → La Romana/dom. Republik,,2026-10-08,2026-10-08
DI14290310,AIDA,14 Nächte - Karibische Inseln ab Dom. Republik 3,AIDAdiva,2029-03-10,2029-03-24,14,CB,CBLRM14I,La Romana/dom. Republik → St.johns → Basseterre → Philipsburg → Roadtown → Samana → La Romana/dom. Republik → Kralendijk → Willemstad → Oranjestad → Cabo Rojo → La Romana/dom. Republik,,2026-10-08,2026-10-08
DI14290317,AIDA,14 Nächte - Karibische Inseln ab Dom. Republik 3,AIDAdiva,2029-03-17,2029-03-31,14,CB,CBLRM14I,La Romana/dom. Republik → St.johns → Basseterre → Philipsburg → Roadtown → Samana → La Romana/dom. Republik → Kralendijk → Willemstad → Oranjestad → Cabo Rojo → La Romana/dom. Republik,,2026-10-08,2026-10-08
DI14290324,AIDA,14 Nächte - Karibische Inseln ab Dom. Republik 3,AIDAdiva,2029-03-24,2029-04-07,14,CB,CBLRM14I,La Romana/dom. Republik → St.johns → Basseterre → Philipsburg → Roadtown → Samana → La Romana/dom. Republik → Kralendijk → Willemstad → Oranjestad → Cabo Rojo → La Romana/dom. Republik,,2026-10-08,2026-10-08
DI15271009,AIDA,15 Nächte - Highlights der Nord- und Ostseeküste 3,AIDAdiva,2027-10-09,2027-10-24,15,WA,WARHAM15,Warnemünde → Kristiansand → Bergen → Vik - Sogn → Eidfjord → Warnemünde → Tallinn → Helsinki → Stockholm → Visby → Kopenhagen → Hamburg,,2026-10-08,2026-10-08
DI20270228,AIDA,20 Nächte - Von Barbados nach Warnemünde,AIDAdiva,2027-02-28,2027-03-20,20,BG,BGIWAR20,Bridgetown/barbados → Castries → Fort de France → Rouseau → St.johns → Ponta Delgada → La Coruna → Gijon → Dover/london → Skagen → Warnemünde,,2026-10-08,2026-10-08
DI20290211,AIDA,20 Nächte - Karibische Insel-Rundreise & Mittelamerika 1,AIDAdiva,2029-02-11,2029-03-03,20,CB,CBSDQ20,Santo Domingo/dom. Republik → Ocho Rios → Grand Cayman → Puerto Limon → Colon → Cartagena/kolumbien → Santa Marta → Oranjestad → Willemstad → Kralendijk → La Romana/dom. Republik → St.johns → Basseterre → Philipsburg → Roadtown → Samana → La Romana/dom. Republik,,2026-10-08,2026-10-08
DI22261031,AIDA,"22 Nächte - Florida, Bahamas & Karibik ab New York 2",AIDAdiva,2026-10-31,2026-11-22,22,NY,NYCMBJ22,New York City → Hamilton → Miami → Celebration Key → Nassau → Grand Turk Island → Samana → La Romana/dom. Republik → St.johns → Basseterre → Philipsburg → Roadtown → Samana → Montego Bay/jamaika,,2026-10-08,2026-10-08
DI28270220,AIDA,28 Nächte - Von der Dominikanischen Republik nach Warnemünde,AIDAdiva,2027-02-20,2027-03-20,28,LR,LRMWAR28,La Romana/dom. Republik → Cartagena/kolumbien → Santa Marta → Willemstad → Oranjestad → St.george's → Bridgetown/barbados → Castries → Fort de France → Rouseau → St.johns → Ponta Delgada → La Coruna → Gijon → Dover/london → Skagen → Warnemünde,,2026-10-08,2026-10-08
DI28281118,AIDA,28 Nächte - Karibische Insel-Rundreise & Mittelamerika 2,AIDAdiva,2028-11-18,2028-12-16,28,CB,CBLRM28C,La Romana/dom. Republik → Oranjestad → Willemstad → Kralendijk → St.george's → Kingstown → Castries → Rouseau → Basseterre → Philipsburg → La Romana/dom. Republik → Santo Domingo/dom. Republik → Ocho Rios → Grand Cayman → Puerto Limon → Colon → Cartagena/kolumbien → Santa Marta → Oranjestad → Willemstad → Kralendijk → La Romana/dom. Republik,,2026-10-08,2026-10-08
DI28281202,AIDA,28 Nächte - Mittelamerika-Rundreise & Karibik,AIDAdiva,2028-12-02,2028-12-30,28,CB,CBLRM28C,La Romana/dom. Republik → Santo Domingo/dom. Republik → Ocho Rios → Grand Cayman → Puerto Limon → Colon → Cartagena/kolumbien → Santa Marta → Oranjestad → Willemstad → Kralendijk → La Romana/dom. Republik → Santo Domingo/dom. Republik → Puerto Limon → Colon → Cartagena/kolumbien → Santa Marta → Oranjestad → Kingstown → Castries → Basseterre → La Romana/dom. Republik,,2026-10-08,2026-10-08
DI28290210,AIDA,28 Nächte - Karibische Insel-Rundreise & Mittelamerika 2,AIDAdiva,2029-02-10,2029-03-10,28,CB,CBLRM28C,La Romana/dom. Republik → Oranjestad → Willemstad → Kralendijk → St.george's → Kingstown → Castries → Rouseau → Basseterre → Philipsburg → La Romana/dom. Republik → Santo Domingo/dom. Republik → Ocho Rios → Grand Cayman → Puerto Limon → Colon → Cartagena/kolumbien → Santa Marta → Oranjestad → Willemstad → Kralendijk → La Romana/dom. Republik,,2026-10-08,2026-10-08
DI28290224,AIDA,28 Nächte - Karibische Insel-Rundreise ab Dom. Republik 2,AIDAdiva,2029-02-24,2029-03-24,28,CB,CBLRM28I,La Romana/dom. Republik → St.johns → Basseterre → Philipsburg → Roadtown → Samana → La Romana/dom. Republik → Kralendijk → Willemstad → Oranjestad → Cabo Rojo → La Romana/dom. Republik → St.johns → Basseterre → Philipsburg → Roadtown → Samana → La Romana/dom. Republik → Kralendijk → Willemstad → Oranjestad → Cabo Rojo → La Romana/dom. Republik,,2026-10-08,2026-10-08
DI28290310,AIDA,28 Nächte - Karibische Insel-Rundreise ab Dom. Republik 2,AIDAdiva,2029-03-10,2029-04-07,28,CB,CBLRM28I,La Romana/dom. Republik → St.johns → Basseterre → Philipsburg → Roadtown → Samana → La Romana/dom. Republik → Kralendijk → Willemstad → Oranjestad → Cabo Rojo → La Romana/dom. Republik → St.johns → Basseterre → Philipsburg → Roadtown → Samana → La Romana/dom. Republik → Kralendijk → Willemstad → Oranjestad → Cabo Rojo → La Romana/dom. Republik,,2026-10-08,2026-10-08
LU03261031,AIDA,3 Nächte - Kurzreise nach Dänemark ab Warnemünde,AIDAluna,2026-10-31,2026-11-03,3,NO,NOWAR03N,Warnemünde → Arhus → Kopenhagen → Warnemünde,,2026-10-08,2026-10-08
LU04261103,AIDA,4 Nächte - Kurzreise nach Oslo & Kopenhagen ab Warnemünde,AIDAluna,2026-11-03,2026-11-07,4,WA,WARHAM04,Warnemünde → Kopenhagen → Oslo → Hamburg,,2026-10-08,2026-10-08
LU04280910,AIDA,4 Nächte - Kurzreise nach Norwegen & Dänemark ab Kiel 2,AIDAluna,2028-09-10,2028-09-14,4,NO,NOKEL04N,Kiel → Kristiansand → Kopenhagen → Kiel,,2026-10-08,2026-10-08
LU04280917,AIDA,4 Nächte - Kurzreise nach Norwegen & Dänemark ab Kiel 1,AIDAluna,2028-09-17,2028-09-21,4,NO,NOKEL04N,Kiel → Skagen → Oslo → Kiel,,2026-10-08,2026-10-08
LU04280929,AIDA,4 Nächte - Kurzreise nach Norwegen & Dänemark ab Kiel 2,AIDAluna,2028-09-29,2028-10-03,4,NO,NOKEL04N,Kiel → Kristiansand → Kopenhagen → Kiel,,2026-10-08,2026-10-08
LU05270411,AIDA,5 Nächte - Kurzreise Metropolen ab Hamburg,AIDAluna,2027-04-11,2027-04-16,5,NO,NOHAM05W,Hamburg → Ijmuiden → Dover/london → Cherbourg → Hamburg,,2026-10-08,2026-10-08
LU05270416,AIDA,5 Nächte - Kurzreise nach Norwegen ab Hamburg,AIDAluna,2027-04-16,2027-04-21,5,NO,NOHAM05N,Hamburg → Eidfjord → Haugesund → Hamburg,,2026-10-08,2026-10-08
LU05270421,AIDA,5 Nächte - Kurzreise nach Schottland ab Hamburg,AIDAluna,2027-04-21,2027-04-26,5,NO,NOHAM05U,"Hamburg → Invergordon → Newhaven, Scotland → Hamburg",,2026-10-08,2026-10-08
LU05270829,AIDA,5 Nächte - Kurzreise nach Schottland ab Hamburg,AIDAluna,2027-08-29,2027-09-03,5,NO,NOHAM05U,"Hamburg → Invergordon → Newhaven, Scotland → Hamburg",,2026-10-08,2026-10-08
LU05280924,AIDA,5 Nächte - Kurzreise nach Skandinavien ab Kiel,AIDAluna,2028-09-24,2028-09-29,5,NO,NOKEL05N,Kiel → Arhus → Kristiansand → Bergen → Kiel,,2026-10-08,2026-10-08
LU05281003,AIDA,5 Nächte - Kurzreise nach Skandinavien ab Kiel,AIDAluna,2028-10-03,2028-10-08,5,NO,NOKEL05N,Kiel → Arhus → Kristiansand → Bergen → Kiel,,2026-10-08,2026-10-08
LU05281213,AIDA,5 Nächte - Kurzreise nach Niederlande & Belgien ab Hamburg,AIDAluna,2028-12-13,2028-12-18,5,NO,NOHAM05N,Hamburg → Rotterdam → Zeebrügge → Hamburg,,2026-10-08,2026-10-08
LU06270315,AIDA,6 Nächte - Schottland ab Hamburg,AIDAluna,2027-03-15,2027-03-21,6,NO,NOHAM06U,Hamburg → Aberdeen → Kirkwall → Invergordon → Hamburg,,2026-10-08,2026-10-08
LU07261024,AIDA,7 Nächte - Norwegens Fjorde ab Warnemünde,AIDAluna,2026-10-24,2026-10-31,7,NO,NOWAR07F,Warnemünde → Kristiansand → Bergen → Vik - Sogn → Eidfjord → Warnemünde,,2026-10-08,2026-10-08
LU07270321,AIDA,7 Nächte - Schottische Highlights ab Hamburg,AIDAluna,2027-03-21,2027-03-28,7,NO,NOHAM07U,Hamburg → Newcastle Upon Tyne → Aberdeen → Invergordon → Kirkwall → Hamburg,,2026-10-08,2026-10-08
LU07270328,AIDA,7 Nächte - Osterreise nach Norwegen ab Hamburg,AIDAluna,2027-03-28,2027-04-04,7,NO,NOHAM07N,Hamburg → Bergen → Alesund → Haugesund → Eidfjord → Hamburg,,2026-10-08,2026-10-08
LU07270404,AIDA,7 Nächte - Schottische Highlights ab Hamburg,AIDAluna,2027-04-04,2027-04-11,7,NO,NOHAM07U,Hamburg → Newcastle Upon Tyne → Aberdeen → Invergordon → Kirkwall → Hamburg,,2026-10-08,2026-10-08
LU07270517,AIDA,7 Nächte - Schottische Highlights ab Hamburg,AIDAluna,2027-05-17,2027-05-24,7,NO,NOHAM07U,Hamburg → Newcastle Upon Tyne → Aberdeen → Invergordon → Kirkwall → Hamburg,,2026-10-08,2026-10-08
LU07280827,AIDA,"7 Nächte - Schweden, Polen & Dänemark ab Kiel",AIDAluna,2028-08-27,2028-09-03,7,BA,BAKEL07C,Kiel → Danzig/gdynia → Kopenhagen → Göteborg → Arhus → Kiel,,2026-10-08,2026-10-08
LU07281022,AIDA,7 Nächte - Ostsee ab Kiel,AIDAluna,2028-10-22,2028-10-29,7,BA,BAKEL07,Kiel → Tallinn → Helsinki → Stockholm → Schärengarten-passage → Kiel,,2026-10-08,2026-10-08
LU07281029,AIDA,7 Nächte - Skandinavische Highlights ab Kiel 1,AIDAluna,2028-10-29,2028-11-05,7,NO,NOKEL06N,Kiel → Oslofjord-passage → Oslo → Göteborg → Kopenhagen → Arhus → Kiel,,2026-10-08,2026-10-08
LU08271016,AIDA,8 Nächte - Kanada & Indian Summer ab New York 2,AIDAluna,2027-10-16,2027-10-24,8,US,USNYC08C,New York City → Halifax → Boston → New York City,,2026-10-08,2026-10-08
LU09270607,AIDA,9 Nächte - Schottische Highlights ab Hamburg 2,AIDAluna,2027-06-07,2027-06-16,9,NO,NOHAM09U,"Hamburg → Newcastle Upon Tyne → Newhaven, Scotland → Kirkwall → Stornoway → Invergordon → Aberdeen → Hamburg",,2026-10-08,2026-10-08
LU09280929,AIDA,9 Nächte - Skandinavien ab Kiel 2,AIDAluna,2028-09-29,2028-10-08,9,NO,NOKEL09N,Kiel → Kristiansand → Kopenhagen → Kiel → Oslo → Skagen → Arhus → Kiel,,2026-10-08,2026-10-08
LU10270426,AIDA,10 Nächte - Norwegische Fjordlandschaft ab Hamburg 1,AIDAluna,2027-04-26,2027-05-06,10,NO,NOHAM10F,Hamburg → Bergen → Innvikfjord-passage → Olden → Andalsnes → Romsdalsfjord-passage → Maloy → Skjolden → Sognefjord-passage → Haugesund → Eidfjord → Hamburg,,2026-10-08,2026-10-08
LU11270506,AIDA,11 Nächte - Norwegische Fjordlandschaft ab Hamburg 2,AIDAluna,2027-05-06,2027-05-17,11,NO,NOHAM11F,Hamburg → Bergen → Innvikfjord-passage → Olden → Alesund → Trondheim → Andalsnes → Romsdalsfjord-passage → Maloy → Skjolden → Sognefjord-passage → Stavanger → Hamburg,,2026-10-08,2026-10-08
LU12270922,AIDA,12 Nächte - Kanada & Indian Summer ab New York 1,AIDAluna,2027-09-22,2027-10-04,12,US,USNYC12C,New York City → Portland → St John → Halifax → Boston → Newport → New York City,,2026-10-08,2026-10-08
LU12271004,AIDA,12 Nächte - Florida & Bahamas ab New York,AIDAluna,2027-10-04,2027-10-16,12,US,USNYC12,New York City → Freeport → Miami → Port Canaveral → Norfolk → New York City,,2026-10-08,2026-10-08
LU12290227,AIDA,12 Nächte - Winter im hohen Norden ab Hamburg 1,AIDAluna,2029-02-27,2029-03-11,12,NO,NOHAM12F,Hamburg → Bergen → Bodo → Tromsö → Alta → Trondheim → Maloy → Hamburg,,2026-10-08,2026-10-08
LU13271024,AIDA,"13 Nächte - Florida, Maryland & Bahamas ab New York",AIDAluna,2027-10-24,2027-11-06,13,US,USNYC13,New York City → Freeport → Miami → Port Canaveral → Norfolk → Baltimore → New York City,,2026-10-08,2026-10-08
LU13280305,AIDA,13 Nächte - Kleine Antillen & Dom. Republik ab Jamaika,AIDAluna,2028-03-05,2028-03-18,13,CB,CBMBJ13I,Montego Bay/jamaika → Ocho Rios → Grand Turk Island → Puerto Plata/amber Cove → Samana → La Romana/dom. Republik → St.johns → Basseterre → Philipsburg → Roadtown → Samana → La Romana/dom. Republik,,2026-10-08,2026-10-08
LU13280422,AIDA,13 Nächte - New Orleans & Florida ab Dominikanische Republik,AIDAluna,2028-04-22,2028-05-05,13,LR,LRMMIA13,La Romana/dom. Republik → Ocho Rios → Mississippi River Passage → New Orleans → Mississippi River Passage → Tampa → Key West → Miami,,2026-10-08,2026-10-08
LU14271106,AIDA,"14 Nächte - Bermuda, Florida & Bahamas ab New York",AIDAluna,2027-11-06,2027-11-20,14,NY,NYCLRM14,New York City → Hamilton → Miami → Celebration Key → Grand Turk Island → Arroyo Barril (samana) → La Romana/dom. Republik,,2026-10-08,2026-10-08
LU14271120,AIDA,14 Nächte - Karibische Inseln ab Dominikanische Republik 1,AIDAluna,2027-11-20,2027-12-04,14,CB,CBLRM14I,La Romana/dom. Republik → Philipsburg → Basseterre → St.johns → Rouseau → Castries → Kingstown → Bridgetown/barbados → Kralendijk → Willemstad → Oranjestad → La Romana/dom. Republik,,2026-10-08,2026-10-08
LU14271128,AIDA,14 Nächte - Karibik & Mittelamerika ab Barbados,AIDAluna,2027-11-28,2027-12-12,14,CB,CBBGI14C,Bridgetown/barbados → Castries → Rouseau → Basseterre → Philipsburg → La Romana/dom. Republik → Cabo Rojo → Santa Marta → Cartagena/kolumbien → Colon → Puerto Limon → Montego Bay/jamaika,,2026-10-08,2026-10-08
LU14271204,AIDA,14 Nächte - Karibik & Mittelamerika ab Dom. Republik 1,AIDAluna,2027-12-04,2027-12-18,14,CB,CBLRM14C,La Romana/dom. Republik → St.johns → Basseterre → Philipsburg → Roadtown → Samana → Montego Bay/jamaika → Puerto Limon → Colon → Cartagena/kolumbien → La Romana/dom. Republik,,2026-10-08,2026-10-08
LU14271212,AIDA,14 Nächte - Karibik & Mittelamerika ab Jamaika,AIDAluna,2027-12-12,2027-12-26,14,CB,CBMBJ14C,Montego Bay/jamaika → Puerto Limon → Colon → Cartagena/kolumbien → La Romana/dom. Republik → St.johns → Basseterre → Philipsburg → Roadtown → Samana → Montego Bay/jamaika,,2026-10-08,2026-10-08
LU14271218,AIDA,14 Nächte - Karibik & Mittelamerika ab Dom. Republik 1,AIDAluna,2027-12-18,2028-01-01,14,CB,CBLRM14C,La Romana/dom. Republik → St.johns → Basseterre → Philipsburg → Roadtown → Samana → Montego Bay/jamaika → Puerto Limon → Colon → Cartagena/kolumbien → La Romana/dom. Republik,,2026-10-08,2026-10-08
LU14271226,AIDA,14 Nächte - Karibische Inseln ab Jamaika,AIDAluna,2027-12-26,2028-01-09,14,CB,CBMBJ14I,Montego Bay/jamaika → Samana → Roadtown → Philipsburg → La Romana/dom. Republik → Oranjestad → Willemstad → Kralendijk → St.george's → Kingstown → Bridgetown/barbados,,2026-10-08,2026-10-08
LU14280101,AIDA,14 Nächte - Karibische Inseln ab Dominikanische Republik 1,AIDAluna,2028-01-01,2028-01-15,14,CB,CBLRM14I,La Romana/dom. Republik → Philipsburg → Basseterre → St.johns → Rouseau → Castries → Kingstown → Bridgetown/barbados → Kralendijk → Willemstad → Oranjestad → La Romana/dom. Republik,,2026-10-08,2026-10-08
LU14280109,AIDA,14 Nächte - Karibik & Mittelamerika ab Barbados,AIDAluna,2028-01-09,2028-01-23,14,CB,CBBGI14C,Bridgetown/barbados → Castries → Rouseau → Basseterre → Philipsburg → La Romana/dom. Republik → Cabo Rojo → Santa Marta → Cartagena/kolumbien → Colon → Puerto Limon → Montego Bay/jamaika,,2026-10-08,2026-10-08
LU14280115,AIDA,14 Nächte - Karibik & Mittelamerika ab Dom. Republik 2,AIDAluna,2028-01-15,2028-01-29,14,CB,CBLRM14C,La Romana/dom. Republik → Oranjestad → Santa Marta → Cartagena/kolumbien → Colon → Puerto Limon → Montego Bay/jamaika → Ocho Rios → Grand Turk Island → Puerto Plata/amber Cove → Samana → La Romana/dom. Republik,,2026-10-08,2026-10-08
LU14280123,AIDA,14 Nächte - Mittelamerika & Dominikanische Republik ab Jamaika,AIDAluna,2028-01-23,2028-02-06,14,CB,CBMBJ14C,Montego Bay/jamaika → Ocho Rios → Grand Turk Island → Puerto Plata/amber Cove → Samana → La Romana/dom. Republik → Santa Marta → Cartagena/kolumbien → Colon → Puerto Limon → Grand Cayman → Montego Bay/jamaika,,2026-10-08,2026-10-08
LU14280129,AIDA,14 Nächte - Karibik & Mittelamerika ab Dom. Republik 1,AIDAluna,2028-01-29,2028-02-12,14,CB,CBLRM14C,La Romana/dom. Republik → St.johns → Basseterre → Philipsburg → Roadtown → Samana → Montego Bay/jamaika → Puerto Limon → Colon → Cartagena/kolumbien → La Romana/dom. Republik,,2026-10-08,2026-10-08
LU14280206,AIDA,14 Nächte - Karibische Inseln ab Jamaika,AIDAluna,2028-02-06,2028-02-20,14,CB,CBMBJ14I,Montego Bay/jamaika → Samana → Roadtown → Philipsburg → La Romana/dom. Republik → Oranjestad → Willemstad → Kralendijk → St.george's → Kingstown → Bridgetown/barbados,,2026-10-08,2026-10-08
LU14280212,AIDA,14 Nächte - Karibische Inseln ab Dominikanische Republik 1,AIDAluna,2028-02-12,2028-02-26,14,CB,CBLRM14I,La Romana/dom. Republik → Philipsburg → Basseterre → St.johns → Rouseau → Castries → Kingstown → Bridgetown/barbados → Kralendijk → Willemstad → Oranjestad → La Romana/dom. Republik,,2026-10-08,2026-10-08
LU14280220,AIDA,14 Nächte - Karibik & Mittelamerika ab Barbados,AIDAluna,2028-02-20,2028-03-05,14,CB,CBBGI14C,Bridgetown/barbados → Castries → Rouseau → Basseterre → Philipsburg → La Romana/dom. Republik → Cabo Rojo → Santa Marta → Cartagena/kolumbien → Colon → Puerto Limon → Montego Bay/jamaika,,2026-10-08,2026-10-08
LU14280226,AIDA,14 Nächte - Karibik & Mittelamerika ab Dom. Republik 2,AIDAluna,2028-02-26,2028-03-11,14,CB,CBLRM14C,La Romana/dom. Republik → Oranjestad → Santa Marta → Cartagena/kolumbien → Colon → Puerto Limon → Montego Bay/jamaika → Ocho Rios → Grand Turk Island → Puerto Plata/amber Cove → Samana → La Romana/dom. Republik,,2026-10-08,2026-10-08
LU14280311,AIDA,14 Nächte - Karibische Inseln ab Dominikanische Republik 2,AIDAluna,2028-03-11,2028-03-25,14,CB,CBLRM14I,La Romana/dom. Republik → St.johns → Basseterre → Philipsburg → Roadtown → Samana → La Romana/dom. Republik → Santa Marta → Willemstad → Oranjestad → La Romana/dom. Republik,,2026-10-08,2026-10-08
LU14280318,AIDA,14 Nächte - Karibische Inseln ab Dominikanische Republik 2,AIDAluna,2028-03-18,2028-04-01,14,CB,CBLRM14I,La Romana/dom. Republik → St.johns → Basseterre → Philipsburg → Roadtown → Samana → La Romana/dom. Republik → Santa Marta → Willemstad → Oranjestad → La Romana/dom. Republik,,2026-10-08,2026-10-08
LU14280325,AIDA,14 Nächte - Karibische Inseln ab Dominikanische Republik 2,AIDAluna,2028-03-25,2028-04-08,14,CB,CBLRM14I,La Romana/dom. Republik → St.johns → Basseterre → Philipsburg → Roadtown → Samana → La Romana/dom. Republik → Santa Marta → Willemstad → Oranjestad → La Romana/dom. Republik,,2026-10-08,2026-10-08
LU14280401,AIDA,14 Nächte - Karibische Inseln ab Dominikanische Republik 2,AIDAluna,2028-04-01,2028-04-15,14,CB,CBLRM14I,La Romana/dom. Republik → St.johns → Basseterre → Philipsburg → Roadtown → Samana → La Romana/dom. Republik → Santa Marta → Willemstad → Oranjestad → La Romana/dom. Republik,,2026-10-08,2026-10-08
LU14280408,AIDA,14 Nächte - Karibische Inseln ab Dominikanische Republik 2,AIDAluna,2028-04-08,2028-04-22,14,CB,CBLRM14I,La Romana/dom. Republik → St.johns → Basseterre → Philipsburg → Roadtown → Samana → La Romana/dom. Republik → Santa Marta → Willemstad → Oranjestad → La Romana/dom. Republik,,2026-10-08,2026-10-08
LU14280528,AIDA,14 Nächte - Norwegen mit Lofoten & Nordkap ab Kiel,AIDAluna,2028-05-28,2028-06-11,14,NO,NOKEL14F,Kiel → Göteborg → Molde → Tromsö → Hammerfest → Honningsvag/nordkap → Sortland → Leknes → Bodo → Stavanger → Kiel,,2026-10-08,2026-10-08
LU14280611,AIDA,14 Nächte - Norwegen mit Lofoten & Nordkap ab Kiel,AIDAluna,2028-06-11,2028-06-25,14,NO,NOKEL14F,Kiel → Göteborg → Molde → Tromsö → Hammerfest → Honningsvag/nordkap → Sortland → Leknes → Bodo → Stavanger → Kiel,,2026-10-08,2026-10-08
LU14280710,AIDA,14 Nächte - Norwegen mit Lofoten & Nordkap ab Kiel,AIDAluna,2028-07-10,2028-07-24,14,NO,NOKEL14F,Kiel → Göteborg → Molde → Tromsö → Hammerfest → Honningsvag/nordkap → Sortland → Leknes → Bodo → Stavanger → Kiel,,2026-10-08,2026-10-08
LU14280813,AIDA,14 Nächte - Großbritannien & Irland ab Kiel,AIDAluna,2028-08-13,2028-08-27,14,NO,NOKEL14U,Kiel → Arhus → Dover/london → Cork / Cobh → Holyhead → Glasgow / Greenock → Oban → Portree → Stornoway → Kirkwall → Göteborg → Kiel,,2026-10-08,2026-10-08
LU14281008,AIDA,14 Nächte - Herbstliche Nordlichter ab Kiel,AIDAluna,2028-10-08,2028-10-22,14,NO,NOKEL14N,Kiel → Haugesund → Leknes → Tromsö → Sortland → Bodo → Bronnoysund → Trondheim → Molde → Göteborg → Kiel,,2026-10-08,2026-10-08
LU14290311,AIDA,14 Nächte - Winter im hohen Norden ab Hamburg 2,AIDAluna,2029-03-11,2029-03-25,14,NO,NOHAM14F,Hamburg → Bergen → Bodo → Tromsö → Honningsvag/nordkap → Alta → Trondheim → Maloy → Hamburg,,2026-10-08,2026-10-08
LU15270705,AIDA,15 Nächte - Norwegen mit Spitzbergen & Lofoten ab Hamburg,AIDAluna,2027-07-05,2027-07-20,15,NO,NOHAM15N,Hamburg → Bergen → Romsdalsfjord-passage → Andalsnes → Longyearbyen/spitzbergen → Honningsvag/nordkap → Tromsö → Leknes → Alesund → Stavanger → Hamburg,,2026-10-08,2026-10-08
LU15280625,AIDA,15 Nächte - Norwegen mit Spitzbergen & Lofoten ab Kiel,AIDAluna,2028-06-25,2028-07-10,15,NO,NOKEL15F,Kiel → Bergen → Romsdalsfjord-passage → Andalsnes → Polarkreisüberquerung → Longyearbyen/spitzbergen → Honningsvag/nordkap → Harstad → Leknes → Polarkreisüberquerung → Alesund → Haugesund → Kiel,,2026-10-08,2026-10-08
LU18280510,AIDA,18 Nächte - Von New York über Island nach Kiel,AIDAluna,2028-05-10,2028-05-28,18,NY,NYCKEL18,New York City → Newport → Boston → Portland → Halifax → St.johns → Island/reykjavik → Kopenhagen → Kiel,,2026-10-08,2026-10-08
LU19270616,AIDA,19 Nächte - Highlights am Polarkreis ab Hamburg,AIDAluna,2027-06-16,2027-07-05,19,NO,NOHAM19N,Hamburg → Kirkwall → Island/reykjavik → Island/isafjord → Island/akureyri → Longyearbyen/spitzbergen → Honningsvag/nordkap → Hammerfest → Tromsö → Leknes → Bergen → Hamburg,,2026-10-08,2026-10-08
LU19270720,AIDA,19 Nächte - Highlights am Polarkreis ab Hamburg,AIDAluna,2027-07-20,2027-08-08,19,NO,NOHAM19N,Hamburg → Kirkwall → Island/reykjavik → Island/isafjord → Island/akureyri → Longyearbyen/spitzbergen → Honningsvag/nordkap → Hammerfest → Tromsö → Leknes → Bergen → Hamburg,,2026-10-08,2026-10-08
LU19270903,AIDA,19 Nächte - Von Hamburg über Grönland nach New York,AIDAluna,2027-09-03,2027-09-22,19,HA,HAMNYC19,Hamburg → Island/reykjavik → Prins-christian-sund-passage → Nanortalik → St.johns → Halifax → Boston → Portland → Newport → New York City,,2026-10-08,2026-10-08
LU20280415,AIDA,20 Nächte - Karibik & Südstaaten ab Dominikanische Republik,AIDAluna,2028-04-15,2028-05-05,20,LR,LRMMIA20,La Romana/dom. Republik → Kralendijk → Willemstad → Oranjestad → Cabo Rojo → La Romana/dom. Republik → Ocho Rios → Mississippi River Passage → New Orleans → Mississippi River Passage → Tampa → Key West → Miami,,2026-10-08,2026-10-08
LU20280724,AIDA,20 Nächte - Highlights am Polarkreis ab Kiel,AIDAluna,2028-07-24,2028-08-13,20,NO,NOKEL20N,Kiel → Bergen → Lerwick/shetland Inseln → Island/reykjavik → Island/isafjord → Polarkreisüberquerung → Longyearbyen/spitzbergen → Honningsvag/nordkap → Hammerfest → Tromsö → Leknes → Polarkreisüberquerung → Haugesund → Kiel,,2026-10-08,2026-10-08
LU21281218,AIDA,21 Nächte - Große Winterpause Kanaren,AIDAluna,2028-12-18,2029-01-08,21,CA,CAKEL24,Kiel → Cherbourg → Vigo → Lissabon → Arrecife/lanzarote → Puerto del Rosario → Las Palmas/gran Canaria → Santa Cruz de Tenerife → Santa Cruz/la Palma → Funchal/madeira → Lissabon → Porto/leixoes → La Coruna → Paris/le Havre → Kiel,,2026-10-08,2026-10-08
LU23280505,AIDA,23 Nächte - Von Miami über Island nach Kiel,AIDAluna,2028-05-05,2028-05-28,23,MI,MIAKEL23,Miami → New York City → Newport → Boston → Portland → Halifax → St.johns → Island/reykjavik → Kopenhagen → Kiel,,2026-10-08,2026-10-08
LU25280415,AIDA,25 Nächte - Karibik & Südstaaten mit New York ab Dom. Republik,AIDAluna,2028-04-15,2028-05-10,25,LR,LRMNYC25,La Romana/dom. Republik → Kralendijk → Willemstad → Oranjestad → Cabo Rojo → La Romana/dom. Republik → Ocho Rios → Mississippi River Passage → New Orleans → Mississippi River Passage → Tampa → Key West → Miami → New York City,,2026-10-08,2026-10-08
LU27281105,AIDA,27 Nächte - Große Winterpause Kanaren & Azoren,AIDAluna,2028-11-05,2028-12-02,27,KE,KELHAM27,Kiel → Skagen → Dover/london → Praia di Vitoria/azoren → Ponta Delgada → Funchal/madeira → Santa Cruz/la Palma → San Sebastian → Las Palmas/gran Canaria → Arrecife/lanzarote → Agadir → Sevilla/cadiz → Lissabon → Porto/leixoes → Vigo → La Coruna → Hamburg,,2026-10-08,2026-10-08
LU36280422,AIDA,36 Nächte - Weltenbummler USA & Kanada ab Dom. Republik,AIDAluna,2028-04-22,2028-05-28,36,LR,LRMKEL36,La Romana/dom. Republik → Ocho Rios → Mississippi River Passage → New Orleans → Mississippi River Passage → Tampa → Key West → Miami → New York City → Newport → Boston → Portland → Halifax → St.johns → Island/reykjavik → Kopenhagen → Kiel,,2026-10-08,2026-10-08
LU43261107,AIDA,43 Nächte - Große Winterpause Karibik mit Bermuda,AIDAluna,2026-11-07,2026-12-20,43,CB,CBHAM43,"Hamburg → Portland, Uk → Hamilton → Santo Domingo/dom. Republik → Philipsburg → Rouseau → Castries → Bridgetown/barbados → St.george's → Willemstad → Kralendijk → Oranjestad → Roadtown → St.johns → Basseterre → Ponta Delgada → Porto/leixoes → Vigo → Cherbourg → Hamburg",,2026-10-08,2026-10-08
LU43270110,AIDA,43 Nächte - Große Winterpause Karibik mit Kolumbien,AIDAluna,2027-01-10,2027-02-22,43,CB,CBHAM43,"Hamburg → Portland, Uk → La Coruna → Santa Cruz de Tenerife → Bridgetown/barbados → St.george's → Oranjestad → Willemstad → Cartagena/kolumbien → Santa Marta → Santo Domingo/dom. Republik → Roadtown → Philipsburg → Pointe A Pitre → Rouseau → Basseterre → Ponta Delgada → Lissabon → Cherbourg → Hamburg",,2026-10-08,2026-10-08
LU43280415,AIDA,43 Nächte - Weltenbummler Karibik & USA ab Dom. Republik,AIDAluna,2028-04-15,2028-05-28,43,LR,LRMKEL43,La Romana/dom. Republik → Kralendijk → Willemstad → Oranjestad → Cabo Rojo → La Romana/dom. Republik → Ocho Rios → Mississippi River Passage → New Orleans → Mississippi River Passage → Tampa → Key West → Miami → New York City → Newport → Boston → Portland → Halifax → St.johns → Island/reykjavik → Kopenhagen → Kiel,,2026-10-08,2026-10-08
LU50290108,AIDA,50 Nächte - Große Winterpause Brasilien zum Karneval,AIDAluna,2029-01-08,2029-02-27,50,SA,SAHAM48,Hamburg → Lissabon → Santa Cruz de Tenerife → Mindelo → Fortaleza → Recife → Buzios → Ilhabela → Buenos Aires → Montevideo → Punta del Este → Balneario Camboriu → Santos → Rio de Janeiro → Ilheus → Salvador → Santiago/praia (kapverden) → Las Palmas/gran Canaria → Arrecife/lanzarote → La Coruna → Hamburg,,2026-10-08,2026-10-08
MA03271014,AIDA,3 Nächte - Minikreuzfahrt nach Dänemark ab Warnemünde,AIDAmar,2027-10-14,2027-10-17,3,NO,NOWAR03N,Warnemünde → Arhus → Kopenhagen → Warnemünde,,2026-10-08,2026-10-08
MA03280521,AIDA,3 Nächte - Minikreuzfahrt nach Dänemark ab Warnemünde,AIDAmar,2028-05-21,2028-05-24,3,NO,NOWAR03N,Warnemünde → Arhus → Kopenhagen → Warnemünde,,2026-10-08,2026-10-08
MA03280707,AIDA,3 Nächte - Minikreuzfahrt nach Dänemark ab Warnemünde,AIDAmar,2028-07-07,2028-07-10,3,NO,NOWAR03N,Warnemünde → Arhus → Kopenhagen → Warnemünde,,2026-10-08,2026-10-08
MA03280710,AIDA,3 Nächte - Minikreuzfahrt nach Dänemark ab Warnemünde,AIDAmar,2028-07-10,2028-07-13,3,NO,NOWAR03N,Warnemünde → Arhus → Kopenhagen → Warnemünde,,2026-10-08,2026-10-08
MA04270506,AIDA,4 Nächte - Kurzreise nach Polen & Dänemark ab Warnemünde,AIDAmar,2027-05-06,2027-05-10,4,BA,BAWAR04,Warnemünde → Danzig/gdynia → Roenne/bornholm → Warnemünde,,2026-10-08,2026-10-08
MA04270510,AIDA,4 Nächte - Kurzreise nach Schweden ab Warnemünde 1,AIDAmar,2027-05-10,2027-05-14,4,BA,BAWAR04,Warnemünde → Visby → Stockholm → Warnemünde,,2026-10-08,2026-10-08
MA04270514,AIDA,4 Nächte - Kurzreise nach Dänemark & Schweden ab Warnemünde,AIDAmar,2027-05-14,2027-05-18,4,NO,NOWAR04N,Warnemünde → Arhus → Kopenhagen → Ystad → Warnemünde,,2026-10-08,2026-10-08
MA04270606,AIDA,4 Nächte - Kurzreise nach Polen & Dänemark ab Warnemünde,AIDAmar,2027-06-06,2027-06-10,4,BA,BAWAR04,Warnemünde → Danzig/gdynia → Roenne/bornholm → Warnemünde,,2026-10-08,2026-10-08
MA04270726,AIDA,4 Nächte - Kurzreise nach Polen & Dänemark ab Warnemünde,AIDAmar,2027-07-26,2027-07-30,4,BA,BAWAR04,Warnemünde → Danzig/gdynia → Roenne/bornholm → Warnemünde,,2026-10-08,2026-10-08
MA04270818,AIDA,4 Nächte - Kurzreise nach Schweden ab Warnemünde 1,AIDAmar,2027-08-18,2027-08-22,4,BA,BAWAR04,Warnemünde → Visby → Stockholm → Warnemünde,,2026-10-08,2026-10-08
MA04271022,AIDA,4 Nächte - Kurzreise nach Dänemark & Schweden ab Warnemünde,AIDAmar,2027-10-22,2027-10-26,4,NO,NOWAR04N,Warnemünde → Arhus → Kopenhagen → Ystad → Warnemünde,,2026-10-08,2026-10-08
MA04280414,AIDA,4 Nächte - Kurzreise zu Ostern ab Warnemünde,AIDAmar,2028-04-14,2028-04-18,4,BA,BAWAR04,Warnemünde → Danzig/gdynia → Roenne/bornholm → Warnemünde,,2026-10-08,2026-10-08
MA04280428,AIDA,4 Nächte - Kurzreise nach Polen & Dänemark ab Warnemünde,AIDAmar,2028-04-28,2028-05-02,4,BA,BAWAR04,Warnemünde → Danzig/gdynia → Roenne/bornholm → Warnemünde,,2026-10-08,2026-10-08
MA04280524,AIDA,4 Nächte - Kurzreise nach Dänemark & Schweden ab Warnemünde,AIDAmar,2028-05-24,2028-05-28,4,NO,NOWAR04N,Warnemünde → Arhus → Kopenhagen → Ystad → Warnemünde,,2026-10-08,2026-10-08
MA04280602,AIDA,4 Nächte - Kurzreise nach Schweden ab Warnemünde 1,AIDAmar,2028-06-02,2028-06-06,4,BA,BAWAR04,Warnemünde → Visby → Stockholm → Warnemünde,,2026-10-08,2026-10-08
MA04280628,AIDA,4 Nächte - Kurzreise nach Polen & Dänemark ab Warnemünde,AIDAmar,2028-06-28,2028-07-02,4,BA,BAWAR04,Warnemünde → Danzig/gdynia → Roenne/bornholm → Warnemünde,,2026-10-08,2026-10-08
MA04280811,AIDA,4 Nächte - Kurzreise nach Dänemark & Schweden ab Warnemünde,AIDAmar,2028-08-11,2028-08-15,4,NO,NOWAR04N,Warnemünde → Arhus → Kopenhagen → Ystad → Warnemünde,,2026-10-08,2026-10-08
MA04280820,AIDA,4 Nächte - Kurzreise nach Schweden ab Warnemünde 1,AIDAmar,2028-08-20,2028-08-24,4,BA,BAWAR04,Warnemünde → Visby → Stockholm → Warnemünde,,2026-10-08,2026-10-08
MA04280829,AIDA,4 Nächte - Kurzreise nach Polen & Dänemark ab Warnemünde,AIDAmar,2028-08-29,2028-09-02,4,BA,BAWAR04,Warnemünde → Danzig/gdynia → Roenne/bornholm → Warnemünde,,2026-10-08,2026-10-08
MA04280902,AIDA,4 Nächte - Kurzreise nach Dänemark & Schweden ab Warnemünde,AIDAmar,2028-09-02,2028-09-06,4,NO,NOWAR04N,Warnemünde → Arhus → Kopenhagen → Ystad → Warnemünde,,2026-10-08,2026-10-08
MA04281018,AIDA,4 Nächte - Kurzreise nach Schweden ab Warnemünde 1,AIDAmar,2028-10-18,2028-10-22,4,BA,BAWAR04,Warnemünde → Visby → Stockholm → Warnemünde,,2026-10-08,2026-10-08
MA04281027,AIDA,4 Nächte - Kurzreise nach Polen & Dänemark ab Warnemünde,AIDAmar,2028-10-27,2028-10-31,4,BA,BAWAR04,Warnemünde → Danzig/gdynia → Roenne/bornholm → Warnemünde,,2026-10-08,2026-10-08
MA05270501,AIDA,5 Nächte - Kurzreise nach Schweden ab Warnemünde 2,AIDAmar,2027-05-01,2027-05-06,5,BA,BAWAR05C,Warnemünde → Karlskrona → Visby → Stockholm → Warnemünde,,2026-10-08,2026-10-08
MA05270527,AIDA,5 Nächte - Kurzreise nach Schweden ab Warnemünde 2,AIDAmar,2027-05-27,2027-06-01,5,BA,BAWAR05C,Warnemünde → Karlskrona → Visby → Stockholm → Warnemünde,,2026-10-08,2026-10-08
MA05270601,AIDA,5 Nächte - Kurzreise nach Skandinavien ab Warnemünde,AIDAmar,2027-06-01,2027-06-06,5,NO,NOWAR05N,Warnemünde → Arhus → Göteborg → Oslo → Warnemünde,,2026-10-08,2026-10-08
MA05270610,AIDA,5 Nächte - Kurzreise nach Schweden ab Warnemünde 2,AIDAmar,2027-06-10,2027-06-15,5,BA,BAWAR05C,Warnemünde → Karlskrona → Visby → Stockholm → Warnemünde,,2026-10-08,2026-10-08
MA05270721,AIDA,5 Nächte - Kurzreise nach Schweden ab Warnemünde 2,AIDAmar,2027-07-21,2027-07-26,5,BA,BAWAR05C,Warnemünde → Karlskrona → Visby → Stockholm → Warnemünde,,2026-10-08,2026-10-08
MA05270808,AIDA,5 Nächte - Kurzreise nach Schweden ab Warnemünde 2,AIDAmar,2027-08-08,2027-08-13,5,BA,BAWAR05C,Warnemünde → Karlskrona → Visby → Stockholm → Warnemünde,,2026-10-08,2026-10-08
MA05270813,AIDA,5 Nächte - Kurzreise nach Skandinavien ab Warnemünde,AIDAmar,2027-08-13,2027-08-18,5,NO,NOWAR05N,Warnemünde → Arhus → Göteborg → Oslo → Warnemünde,,2026-10-08,2026-10-08
MA05270913,AIDA,5 Nächte - Kurzreise nach Schweden ab Warnemünde 2,AIDAmar,2027-09-13,2027-09-18,5,BA,BAWAR05C,Warnemünde → Karlskrona → Visby → Stockholm → Warnemünde,,2026-10-08,2026-10-08
MA05270918,AIDA,5 Nächte - Kurzreise nach Skandinavien ab Warnemünde,AIDAmar,2027-09-18,2027-09-23,5,NO,NOWAR05N,Warnemünde → Arhus → Göteborg → Oslo → Warnemünde,,2026-10-08,2026-10-08
MA05271009,AIDA,5 Nächte - Kurzreise nach Schweden ab Warnemünde 2,AIDAmar,2027-10-09,2027-10-14,5,BA,BAWAR05C,Warnemünde → Karlskrona → Visby → Stockholm → Warnemünde,,2026-10-08,2026-10-08
MA05271017,AIDA,5 Nächte - Kurzreise nach Skandinavien ab Warnemünde,AIDAmar,2027-10-17,2027-10-22,5,NO,NOWAR05N,Warnemünde → Arhus → Göteborg → Oslo → Warnemünde,,2026-10-08,2026-10-08
MA05271026,AIDA,5 Nächte - Kurzreise nach Skandinavien ab Warnemünde,AIDAmar,2027-10-26,2027-10-31,5,NO,NOWAR05N,Warnemünde → Arhus → Göteborg → Oslo → Warnemünde,,2026-10-08,2026-10-08
MA05271031,AIDA,5 Nächte - Kurzreise nach Norwegen & Dänemark ab Warnemünde,AIDAmar,2027-10-31,2027-11-05,5,WA,WARHAM05,Warnemünde → Kopenhagen → Kristiansand → Haugesund → Hamburg,,2026-10-08,2026-10-08
MA05280418,AIDA,5 Nächte - Kurzreise nach Skandinavien ab Warnemünde,AIDAmar,2028-04-18,2028-04-23,5,NO,NOWAR05N,Warnemünde → Arhus → Göteborg → Oslo → Warnemünde,,2026-10-08,2026-10-08
MA05280423,AIDA,5 Nächte - Kurzreise nach Schweden ab Warnemünde 2,AIDAmar,2028-04-23,2028-04-28,5,BA,BAWAR05C,Warnemünde → Karlskrona → Visby → Stockholm → Warnemünde,,2026-10-08,2026-10-08
MA05280528,AIDA,5 Nächte - Kurzreise nach Schweden ab Warnemünde 2,AIDAmar,2028-05-28,2028-06-02,5,BA,BAWAR05C,Warnemünde → Karlskrona → Visby → Stockholm → Warnemünde,,2026-10-08,2026-10-08
MA05280606,AIDA,5 Nächte - Kurzreise nach Skandinavien ab Warnemünde,AIDAmar,2028-06-06,2028-06-11,5,NO,NOWAR05N,Warnemünde → Arhus → Göteborg → Oslo → Warnemünde,,2026-10-08,2026-10-08
MA05280611,AIDA,5 Nächte - Kurzreise nach Schweden ab Warnemünde 2,AIDAmar,2028-06-11,2028-06-16,5,BA,BAWAR05C,Warnemünde → Karlskrona → Visby → Stockholm → Warnemünde,,2026-10-08,2026-10-08
MA05280702,AIDA,5 Nächte - Kurzreise nach Schweden ab Warnemünde 2,AIDAmar,2028-07-02,2028-07-07,5,BA,BAWAR05C,Warnemünde → Karlskrona → Visby → Stockholm → Warnemünde,,2026-10-08,2026-10-08
MA05280722,AIDA,5 Nächte - Kurzreise nach Skandinavien ab Warnemünde,AIDAmar,2028-07-22,2028-07-27,5,NO,NOWAR05N,Warnemünde → Arhus → Göteborg → Oslo → Warnemünde,,2026-10-08,2026-10-08
MA05280727,AIDA,5 Nächte - Kurzreise nach Schweden ab Warnemünde 2,AIDAmar,2028-07-27,2028-08-01,5,BA,BAWAR05C,Warnemünde → Karlskrona → Visby → Stockholm → Warnemünde,,2026-10-08,2026-10-08
MA05280815,AIDA,5 Nächte - Kurzreise nach Schweden ab Warnemünde 2,AIDAmar,2028-08-15,2028-08-20,5,BA,BAWAR05C,Warnemünde → Karlskrona → Visby → Stockholm → Warnemünde,,2026-10-08,2026-10-08
MA05280824,AIDA,5 Nächte - Kurzreise nach Skandinavien ab Warnemünde,AIDAmar,2028-08-24,2028-08-29,5,NO,NOWAR05N,Warnemünde → Arhus → Göteborg → Oslo → Warnemünde,,2026-10-08,2026-10-08
MA05280928,AIDA,5 Nächte - Kurzreise nach Schweden ab Warnemünde 2,AIDAmar,2028-09-28,2028-10-03,5,BA,BAWAR05C,Warnemünde → Karlskrona → Visby → Stockholm → Warnemünde,,2026-10-08,2026-10-08
MA05281013,AIDA,5 Nächte - Kurzreise nach Skandinavien ab Warnemünde,AIDAmar,2028-10-13,2028-10-18,5,NO,NOWAR05N,Warnemünde → Arhus → Göteborg → Oslo → Warnemünde,,2026-10-08,2026-10-08
MA05281022,AIDA,5 Nächte - Kurzreise nach Schweden ab Warnemünde 2,AIDAmar,2028-10-22,2028-10-27,5,BA,BAWAR05C,Warnemünde → Karlskrona → Visby → Stockholm → Warnemünde,,2026-10-08,2026-10-08
MA06271003,AIDA,6 Nächte - Ostsee ab Warnemünde 2,AIDAmar,2027-10-03,2027-10-09,6,BA,BAWAR06,Warnemünde → Tallinn → Helsinki → Stockholm → Warnemünde,,2026-10-08,2026-10-08
MA07261025,AIDA,7 Nächte - Perlen am Mittelmeer ab Mallorca 2,AIDAmar,2026-10-25,2026-11-01,7,WM,WMPMI07E,Palma → Valencia → Tarragona → Barcelona → Florenz/livorno → Cannes → Marseille,,2026-10-08,2026-10-08
MA07261220,AIDA,7 Nächte - Weihnachtsreise im Mittelmeer ab Mallorca,AIDAmar,2026-12-20,2026-12-27,7,WM,WMPMI07E,Palma → Florenz/la Spezia → Rom/civitavecchia → Ajaccio/korsika → Barcelona → Palma,,2026-10-08,2026-10-08
MA07261227,AIDA,7 Nächte - Silvesterreise im Mittelmeer ab Mallorca,AIDAmar,2026-12-27,2027-01-03,7,WM,WMPMI07W,Palma → Sevilla/cadiz → Gibraltar → Malaga → Alicante → Palma,,2026-10-08,2026-10-08
MA07270103,AIDA,7 Nächte - Perlen am Mittelmeer ab Mallorca,AIDAmar,2027-01-03,2027-01-10,7,WM,WMPMI07E,Palma → Barcelona → Marseille → Florenz/la Spezia → Rom/civitavecchia → Palma,,2026-10-08,2026-10-08
MA07270122,AIDA,7 Nächte - Kanaren mit La Gomera ab Fuerteventura,AIDAmar,2027-01-22,2027-01-29,7,CA,CAFUE07G,Puerto del Rosario → Santa Cruz de Tenerife → Las Palmas/gran Canaria → San Sebastian → Santa Cruz/la Palma → Arrecife/lanzarote → Puerto del Rosario,,2026-10-08,2026-10-08
MA07270124,AIDA,7 Nächte - Kanaren mit La Gomera,AIDAmar,2027-01-24,2027-01-31,7,CA,CALPA07G,Las Palmas/gran Canaria → San Sebastian → Santa Cruz/la Palma → Arrecife/lanzarote → Puerto del Rosario → Santa Cruz de Tenerife → Las Palmas/gran Canaria,,2026-10-08,2026-10-08
MA07270129,AIDA,7 Nächte - Kanaren & Madeira ab Fuerteventura,AIDAmar,2027-01-29,2027-02-05,7,CA,CAFUE07,Puerto del Rosario → Arrecife/lanzarote → Las Palmas/gran Canaria → Funchal/madeira → Puerto del Rosario,,2026-10-08,2026-10-08
MA07270205,AIDA,7 Nächte - Kanaren & Marokko ab Fuerteventura,AIDAmar,2027-02-05,2027-02-12,7,CA,CAFUE07S,Puerto del Rosario → Santa Cruz de Tenerife → Las Palmas/gran Canaria → Arrecife/lanzarote → Agadir → Santa Cruz de Tenerife → Puerto del Rosario,,2026-10-08,2026-10-08
MA07270207,AIDA,7 Nächte - Kanaren & Marokko,AIDAmar,2027-02-07,2027-02-14,7,CA,CALPA07S,Las Palmas/gran Canaria → Arrecife/lanzarote → Agadir → Santa Cruz de Tenerife → Puerto del Rosario → San Sebastian → Las Palmas/gran Canaria,,2026-10-08,2026-10-08
MA07270212,AIDA,7 Nächte - Kanaren & Madeira ab Fuerteventura,AIDAmar,2027-02-12,2027-02-19,7,CA,CAFUE07,Puerto del Rosario → Arrecife/lanzarote → Las Palmas/gran Canaria → Funchal/madeira → Puerto del Rosario,,2026-10-08,2026-10-08
MA07270219,AIDA,7 Nächte - Kanaren mit La Gomera ab Fuerteventura,AIDAmar,2027-02-19,2027-02-26,7,CA,CAFUE07G,Puerto del Rosario → Santa Cruz de Tenerife → Las Palmas/gran Canaria → San Sebastian → Santa Cruz/la Palma → Arrecife/lanzarote → Puerto del Rosario,,2026-10-08,2026-10-08
MA07270221,AIDA,7 Nächte - Kanaren mit La Gomera,AIDAmar,2027-02-21,2027-02-28,7,CA,CALPA07G,Las Palmas/gran Canaria → San Sebastian → Santa Cruz/la Palma → Arrecife/lanzarote → Puerto del Rosario → Santa Cruz de Tenerife → Las Palmas/gran Canaria,,2026-10-08,2026-10-08
MA07270226,AIDA,7 Nächte - Kanaren & Madeira ab Fuerteventura,AIDAmar,2027-02-26,2027-03-05,7,CA,CAFUE07,Puerto del Rosario → Arrecife/lanzarote → Las Palmas/gran Canaria → Funchal/madeira → Puerto del Rosario,,2026-10-08,2026-10-08
MA07270305,AIDA,7 Nächte - Kanaren & Marokko ab Fuerteventura,AIDAmar,2027-03-05,2027-03-12,7,CA,CAFUE07S,Puerto del Rosario → Santa Cruz de Tenerife → Las Palmas/gran Canaria → Arrecife/lanzarote → Agadir → Santa Cruz de Tenerife → Puerto del Rosario,,2026-10-08,2026-10-08
MA07270307,AIDA,7 Nächte - Kanaren & Marokko,AIDAmar,2027-03-07,2027-03-14,7,CA,CALPA07S,Las Palmas/gran Canaria → Arrecife/lanzarote → Agadir → Santa Cruz de Tenerife → Puerto del Rosario → San Sebastian → Las Palmas/gran Canaria,,2026-10-08,2026-10-08
MA07270312,AIDA,7 Nächte - Kanaren & Madeira ab Fuerteventura,AIDAmar,2027-03-12,2027-03-19,7,CA,CAFUE07,Puerto del Rosario → Arrecife/lanzarote → Las Palmas/gran Canaria → Funchal/madeira → Puerto del Rosario,,2026-10-08,2026-10-08
MA07270319,AIDA,7 Nächte - Kanaren mit La Gomera ab Fuerteventura,AIDAmar,2027-03-19,2027-03-26,7,CA,CAFUE07G,Puerto del Rosario → Santa Cruz de Tenerife → Las Palmas/gran Canaria → San Sebastian → Santa Cruz/la Palma → Arrecife/lanzarote → Puerto del Rosario,,2026-10-08,2026-10-08
MA07270321,AIDA,7 Nächte - Kanaren mit La Gomera,AIDAmar,2027-03-21,2027-03-28,7,CA,CALPA07G,Las Palmas/gran Canaria → San Sebastian → Santa Cruz/la Palma → Arrecife/lanzarote → Puerto del Rosario → Santa Cruz de Tenerife → Las Palmas/gran Canaria,,2026-10-08,2026-10-08
MA07270326,AIDA,7 Nächte - Kanaren & Madeira ab Fuerteventura,AIDAmar,2027-03-26,2027-04-02,7,CA,CAFUE07,Puerto del Rosario → Arrecife/lanzarote → Las Palmas/gran Canaria → Funchal/madeira → Puerto del Rosario,,2026-10-08,2026-10-08
MA07270402,AIDA,7 Nächte - Kanaren & Marokko ab Fuerteventura,AIDAmar,2027-04-02,2027-04-09,7,CA,CAFUE07S,Puerto del Rosario → Santa Cruz de Tenerife → Las Palmas/gran Canaria → Arrecife/lanzarote → Agadir → Santa Cruz de Tenerife → Puerto del Rosario,,2026-10-08,2026-10-08
MA07270404,AIDA,7 Nächte - Kanaren & Marokko,AIDAmar,2027-04-04,2027-04-11,7,CA,CALPA07S,Las Palmas/gran Canaria → Arrecife/lanzarote → Agadir → Santa Cruz de Tenerife → Puerto del Rosario → San Sebastian → Las Palmas/gran Canaria,,2026-10-08,2026-10-08
MA07270424,AIDA,"7 Nächte - Schweden, Polen & Dänemark ab Warnemünde",AIDAmar,2027-04-24,2027-05-01,7,BA,BAWAR07C,Warnemünde → Stockholm → Visby → Danzig/gdynia → Kopenhagen → Warnemünde,,2026-10-08,2026-10-08
MA07280521,AIDA,7 Nächte - Schweden & Dänemark ab Warnemünde 1,AIDAmar,2028-05-21,2028-05-28,7,NO,NOWAR07N,Warnemünde → Arhus → Lysekil → Kopenhagen → Warnemünde → Nyborg → Kopenhagen → Warnemünde,,2026-10-08,2026-10-08
MA08270510,AIDA,8 Nächte - Schweden & Dänemark mit Stockholm ab Warnemünde 1,AIDAmar,2027-05-10,2027-05-18,8,BA,BAWAR08,Warnemünde → Stockholm → Visby → Warnemünde → Arhus → Kopenhagen → Ystad → Warnemünde,,2026-10-08,2026-10-08
MA08271009,AIDA,8 Nächte - Schweden & Dänemark mit Stockholm ab Warnemünde 2,AIDAmar,2027-10-09,2027-10-17,8,BA,BAWAR08,Warnemünde → Stockholm → Visby → Karlskrona → Warnemünde → Arhus → Kopenhagen → Warnemünde,,2026-10-08,2026-10-08
MA08280702,AIDA,8 Nächte - Schweden & Dänemark ab Warnemünde 3,AIDAmar,2028-07-02,2028-07-10,8,BA,BAWAR08,Warnemünde → Stockholm → Schärengarten-passage → Visby → Karlskrona → Warnemünde → Nyborg → Kopenhagen → Warnemünde,,2026-10-08,2026-10-08
MA08280829,AIDA,"8 Nächte - Schweden, Polen & Dänemark ab Warnemünde 2",AIDAmar,2028-08-29,2028-09-06,8,BA,BAWAR08C,Warnemünde → Danzig/gdynia → Roenne/bornholm → Warnemünde → Arhus → Kopenhagen → Ystad → Warnemünde,,2026-10-08,2026-10-08
MA09270122,AIDA,9 Nächte - Kanarische Inselwelt ab Fuerteventura,AIDAmar,2027-01-22,2027-01-31,9,CA,CAFUE09,Puerto del Rosario → Santa Cruz de Tenerife → Las Palmas/gran Canaria → San Sebastian → Santa Cruz/la Palma → Arrecife/lanzarote → Puerto del Rosario → Santa Cruz de Tenerife → Las Palmas/gran Canaria,,2026-10-08,2026-10-08
MA09270129,AIDA,9 Nächte - Kanarische Inselwelt & Madeira,AIDAmar,2027-01-29,2027-02-07,9,CA,CAFUE09,Puerto del Rosario → San Sebastian → Las Palmas/gran Canaria → Santa Cruz/la Palma → Funchal/madeira → Puerto del Rosario → Santa Cruz de Tenerife → Las Palmas/gran Canaria,,2026-10-08,2026-10-08
MA09270205,AIDA,9 Nächte - Kanarische Inselwelt & Marokko,AIDAmar,2027-02-05,2027-02-14,9,CA,CAFUE09S,Puerto del Rosario → Santa Cruz de Tenerife → Las Palmas/gran Canaria → San Sebastian → Arrecife/lanzarote → Agadir → Puerto del Rosario → Santa Cruz de Tenerife → Las Palmas/gran Canaria,,2026-10-08,2026-10-08
MA09270212,AIDA,9 Nächte - Kanarische Inselwelt & Madeira,AIDAmar,2027-02-12,2027-02-21,9,CA,CAFUE09,Puerto del Rosario → San Sebastian → Las Palmas/gran Canaria → Santa Cruz/la Palma → Funchal/madeira → Puerto del Rosario → Santa Cruz de Tenerife → Las Palmas/gran Canaria,,2026-10-08,2026-10-08
MA09270219,AIDA,9 Nächte - Kanarische Inselwelt ab Fuerteventura,AIDAmar,2027-02-19,2027-02-28,9,CA,CAFUE09,Puerto del Rosario → Santa Cruz de Tenerife → Las Palmas/gran Canaria → San Sebastian → Santa Cruz/la Palma → Arrecife/lanzarote → Puerto del Rosario → Santa Cruz de Tenerife → Las Palmas/gran Canaria,,2026-10-08,2026-10-08
MA09270226,AIDA,9 Nächte - Kanarische Inselwelt & Madeira,AIDAmar,2027-02-26,2027-03-07,9,CA,CAFUE09,Puerto del Rosario → San Sebastian → Las Palmas/gran Canaria → Santa Cruz/la Palma → Funchal/madeira → Puerto del Rosario → Santa Cruz de Tenerife → Las Palmas/gran Canaria,,2026-10-08,2026-10-08
MA09270305,AIDA,9 Nächte - Kanarische Inselwelt & Marokko,AIDAmar,2027-03-05,2027-03-14,9,CA,CAFUE09S,Puerto del Rosario → Santa Cruz de Tenerife → Las Palmas/gran Canaria → San Sebastian → Arrecife/lanzarote → Agadir → Puerto del Rosario → Santa Cruz de Tenerife → Las Palmas/gran Canaria,,2026-10-08,2026-10-08
MA09270312,AIDA,9 Nächte - Kanarische Inselwelt & Madeira,AIDAmar,2027-03-12,2027-03-21,9,CA,CAFUE09,Puerto del Rosario → San Sebastian → Las Palmas/gran Canaria → Santa Cruz/la Palma → Funchal/madeira → Puerto del Rosario → Santa Cruz de Tenerife → Las Palmas/gran Canaria,,2026-10-08,2026-10-08
MA09270319,AIDA,9 Nächte - Kanarische Inselwelt ab Fuerteventura,AIDAmar,2027-03-19,2027-03-28,9,CA,CAFUE09,Puerto del Rosario → Santa Cruz de Tenerife → Las Palmas/gran Canaria → San Sebastian → Santa Cruz/la Palma → Arrecife/lanzarote → Puerto del Rosario → Santa Cruz de Tenerife → Las Palmas/gran Canaria,,2026-10-08,2026-10-08
MA09270326,AIDA,9 Nächte - Kanarische Inselwelt & Madeira,AIDAmar,2027-03-26,2027-04-04,9,CA,CAFUE09,Puerto del Rosario → San Sebastian → Las Palmas/gran Canaria → Santa Cruz/la Palma → Funchal/madeira → Puerto del Rosario → Santa Cruz de Tenerife → Las Palmas/gran Canaria,,2026-10-08,2026-10-08
MA09270402,AIDA,9 Nächte - Kanarische Inselwelt & Marokko,AIDAmar,2027-04-02,2027-04-11,9,CA,CAFUE09S,Puerto del Rosario → Santa Cruz de Tenerife → Las Palmas/gran Canaria → San Sebastian → Arrecife/lanzarote → Agadir → Puerto del Rosario → Santa Cruz de Tenerife → Las Palmas/gran Canaria,,2026-10-08,2026-10-08
MA09270501,AIDA,9 Nächte - Schweden mit Danzig & Bornholm ab Warnemünde,AIDAmar,2027-05-01,2027-05-10,9,BA,BAWAR09,Warnemünde → Karlskrona → Visby → Stockholm → Warnemünde → Danzig/gdynia → Roenne/bornholm → Warnemünde,,2026-10-08,2026-10-08
MA09270518,AIDA,9 Nächte - Norwegens Fjorde ab Warnemünde 2,AIDAmar,2027-05-18,2027-05-27,9,NO,NOWAR09F,Warnemünde → Eidfjord → Haugesund → Vik - Sogn → Olden → Maloy → Bergen → Warnemünde,,2026-10-08,2026-10-08
MA09270606,AIDA,9 Nächte - Schweden mit Danzig & Bornholm ab Warnemünde,AIDAmar,2027-06-06,2027-06-15,9,BA,BAWAR09,Warnemünde → Karlskrona → Visby → Stockholm → Warnemünde → Danzig/gdynia → Roenne/bornholm → Warnemünde,,2026-10-08,2026-10-08
MA09270721,AIDA,9 Nächte - Schweden mit Danzig & Bornholm ab Warnemünde,AIDAmar,2027-07-21,2027-07-30,9,BA,BAWAR09,Warnemünde → Karlskrona → Visby → Stockholm → Warnemünde → Danzig/gdynia → Roenne/bornholm → Warnemünde,,2026-10-08,2026-10-08
MA09270730,AIDA,9 Nächte - Norwegens Fjorde ab Warnemünde 2,AIDAmar,2027-07-30,2027-08-08,9,NO,NOWAR09F,Warnemünde → Eidfjord → Haugesund → Vik - Sogn → Olden → Maloy → Bergen → Warnemünde,,2026-10-08,2026-10-08
MA09271017,AIDA,9 Nächte - Schweden & Dänemark ab Warnemünde,AIDAmar,2027-10-17,2027-10-26,9,BA,BAWAR09C,Warnemünde → Oslo → Kristiansand → Arhus → Warnemünde → Nyborg → Göteborg → Kopenhagen → Warnemünde,,2026-10-08,2026-10-08
MA09280414,AIDA,9 Nächte - Skandinavien zu Ostern ab Warnemünde,AIDAmar,2028-04-14,2028-04-23,9,NO,NOWAR09N,Warnemünde → Visby → Schärengarten-passage → Stockholm → Warnemünde → Oslo → Lysekil → Arhus → Warnemünde,,2026-10-08,2026-10-08
MA09280423,AIDA,9 Nächte - Schweden mit Danzig & Bornholm ab Warnemünde,AIDAmar,2028-04-23,2028-05-02,9,BA,BAWAR09,Warnemünde → Karlskrona → Visby → Stockholm → Warnemünde → Danzig/gdynia → Roenne/bornholm → Warnemünde,,2026-10-08,2026-10-08
MA09280502,AIDA,9 Nächte - Norwegens Fjorde ab Warnemünde 2,AIDAmar,2028-05-02,2028-05-11,9,NO,NOWAR09F,Warnemünde → Eidfjord → Haugesund → Vik - Sogn → Olden → Maloy → Bergen → Warnemünde,,2026-10-08,2026-10-08
MA09280524,AIDA,9 Nächte - Schweden & Dänemark ab Warnemünde 2,AIDAmar,2028-05-24,2028-06-02,9,BA,BAWAR09,Warnemünde → Arhus → Kopenhagen → Ystad → Warnemünde → Stockholm → Schärengarten-passage → Visby → Karlskrona → Warnemünde,,2026-10-08,2026-10-08
MA09280602,AIDA,9 Nächte - Skandinavien ab Warnemünde,AIDAmar,2028-06-02,2028-06-11,9,BA,BAWAR09,Warnemünde → Visby → Schärengarten-passage → Stockholm → Warnemünde → Oslo → Lysekil → Arhus → Warnemünde,,2026-10-08,2026-10-08
MA09280628,AIDA,9 Nächte - Schweden mit Danzig & Bornholm ab Warnemünde,AIDAmar,2028-06-28,2028-07-07,9,BA,BAWAR09,Warnemünde → Karlskrona → Visby → Stockholm → Warnemünde → Danzig/gdynia → Roenne/bornholm → Warnemünde,,2026-10-08,2026-10-08
MA09280713,AIDA,9 Nächte - Norwegens Fjorde ab Warnemünde 2,AIDAmar,2028-07-13,2028-07-22,9,NO,NOWAR09F,Warnemünde → Eidfjord → Haugesund → Vik - Sogn → Olden → Maloy → Bergen → Warnemünde,,2026-10-08,2026-10-08
MA09280811,AIDA,9 Nächte - Schweden & Dänemark ab Warnemünde 2,AIDAmar,2028-08-11,2028-08-20,9,BA,BAWAR09,Warnemünde → Arhus → Kopenhagen → Ystad → Warnemünde → Stockholm → Schärengarten-passage → Visby → Karlskrona → Warnemünde,,2026-10-08,2026-10-08
MA09280820,AIDA,9 Nächte - Skandinavien ab Warnemünde,AIDAmar,2028-08-20,2028-08-29,9,BA,BAWAR09,Warnemünde → Visby → Schärengarten-passage → Stockholm → Warnemünde → Oslo → Lysekil → Arhus → Warnemünde,,2026-10-08,2026-10-08
MA09280824,AIDA,9 Nächte - Skandinavien & Polen ab Warnemünde,AIDAmar,2028-08-24,2028-09-02,9,BA,BAWAR09C,Warnemünde → Oslo → Lysekil → Arhus → Warnemünde → Danzig/gdynia → Roenne/bornholm → Warnemünde,,2026-10-08,2026-10-08
MA09281013,AIDA,9 Nächte - Skandinavien ab Warnemünde,AIDAmar,2028-10-13,2028-10-22,9,BA,BAWAR09,Warnemünde → Visby → Schärengarten-passage → Stockholm → Warnemünde → Oslo → Lysekil → Arhus → Warnemünde,,2026-10-08,2026-10-08
MA09281022,AIDA,9 Nächte - Schweden mit Danzig & Bornholm ab Warnemünde,AIDAmar,2028-10-22,2028-10-31,9,BA,BAWAR09,Warnemünde → Karlskrona → Visby → Stockholm → Warnemünde → Danzig/gdynia → Roenne/bornholm → Warnemünde,,2026-10-08,2026-10-08
MA10270527,AIDA,10 Nächte - Städte der Ostsee ab Warnemünde 2,AIDAmar,2027-05-27,2027-06-06,10,BA,BAWAR10,Warnemünde → Stockholm → Visby → Karlskrona → Warnemünde → Oslo → Lysekil → Arhus → Warnemünde,,2026-10-08,2026-10-08
MA10270711,AIDA,10 Nächte - Städte der Ostsee ab Warnemünde 1,AIDAmar,2027-07-11,2027-07-21,10,BA,BAWAR10,Warnemünde → Visby → Riga → Tallinn → Helsinki → Stockholm → Danzig/gdynia → Roenne/bornholm → Warnemünde,,2026-10-08,2026-10-08
MA10270808,AIDA,10 Nächte - Städte der Ostsee ab Warnemünde 2,AIDAmar,2027-08-08,2027-08-18,10,BA,BAWAR10,Warnemünde → Stockholm → Visby → Karlskrona → Warnemünde → Oslo → Lysekil → Arhus → Warnemünde,,2026-10-08,2026-10-08
MA10270822,AIDA,10 Nächte - Städte der Ostsee ab Warnemünde 1,AIDAmar,2027-08-22,2027-09-01,10,BA,BAWAR10,Warnemünde → Visby → Riga → Tallinn → Helsinki → Stockholm → Danzig/gdynia → Roenne/bornholm → Warnemünde,,2026-10-08,2026-10-08
MA10270913,AIDA,10 Nächte - Städte der Ostsee ab Warnemünde 2,AIDAmar,2027-09-13,2027-09-23,10,BA,BAWAR10,Warnemünde → Stockholm → Visby → Karlskrona → Warnemünde → Oslo → Lysekil → Arhus → Warnemünde,,2026-10-08,2026-10-08
MA10270923,AIDA,10 Nächte - Städte der Ostsee ab Warnemünde 1,AIDAmar,2027-09-23,2027-10-03,10,BA,BAWAR10,Warnemünde → Visby → Riga → Tallinn → Helsinki → Stockholm → Danzig/gdynia → Roenne/bornholm → Warnemünde,,2026-10-08,2026-10-08
MA10280418,AIDA,10 Nächte - Städte der Ostsee ab Warnemünde 2,AIDAmar,2028-04-18,2028-04-28,10,BA,BAWAR10,Warnemünde → Stockholm → Visby → Karlskrona → Warnemünde → Oslo → Lysekil → Arhus → Warnemünde,,2026-10-08,2026-10-08
MA10280511,AIDA,10 Nächte - Städte der Ostsee ab Warnemünde 1,AIDAmar,2028-05-11,2028-05-21,10,BA,BAWAR10,Warnemünde → Visby → Riga → Tallinn → Helsinki → Stockholm → Danzig/gdynia → Roenne/bornholm → Warnemünde,,2026-10-08,2026-10-08
MA10280606,AIDA,10 Nächte - Städte der Ostsee ab Warnemünde 2,AIDAmar,2028-06-06,2028-06-16,10,BA,BAWAR10,Warnemünde → Stockholm → Visby → Karlskrona → Warnemünde → Oslo → Lysekil → Arhus → Warnemünde,,2026-10-08,2026-10-08
MA10280722,AIDA,10 Nächte - Städte der Ostsee ab Warnemünde 2,AIDAmar,2028-07-22,2028-08-01,10,BA,BAWAR10,Warnemünde → Stockholm → Visby → Karlskrona → Warnemünde → Oslo → Lysekil → Arhus → Warnemünde,,2026-10-08,2026-10-08
MA10280801,AIDA,10 Nächte - Städte der Ostsee ab Warnemünde 1,AIDAmar,2028-08-01,2028-08-11,10,BA,BAWAR10,Warnemünde → Visby → Riga → Tallinn → Helsinki → Stockholm → Danzig/gdynia → Roenne/bornholm → Warnemünde,,2026-10-08,2026-10-08
MA10280906,AIDA,10 Nächte - Städte der Ostsee ab Warnemünde 1,AIDAmar,2028-09-06,2028-09-16,10,BA,BAWAR10,Warnemünde → Visby → Riga → Tallinn → Helsinki → Stockholm → Danzig/gdynia → Roenne/bornholm → Warnemünde,,2026-10-08,2026-10-08
MA10281003,AIDA,10 Nächte - Städte der Ostsee ab Warnemünde 1,AIDAmar,2028-10-03,2028-10-13,10,BA,BAWAR10,Warnemünde → Visby → Riga → Tallinn → Helsinki → Stockholm → Danzig/gdynia → Roenne/bornholm → Warnemünde,,2026-10-08,2026-10-08
MA12270110,AIDA,"12 Nächte - Andalusien, Madeira & Kanaren ab Mallorca 3",AIDAmar,2027-01-10,2027-01-22,12,PM,PMIFUE12,Palma → Valencia → Malaga → Gibraltar → Sevilla/cadiz → Lissabon → Funchal/madeira → Arrecife/lanzarote → Puerto del Rosario,,2026-10-08,2026-10-08
MA12270124,AIDA,12 Nächte - Große Rundreise Kanaren & Madeira,AIDAmar,2027-01-24,2027-02-05,12,CA,CALPA12,Las Palmas/gran Canaria → Santa Cruz/la Palma → Funchal/madeira → Puerto del Rosario → Santa Cruz de Tenerife → Las Palmas/gran Canaria → San Sebastian → Santa Cruz/la Palma → Arrecife/lanzarote → Puerto del Rosario,,2026-10-08,2026-10-08
MA12270131,AIDA,"12 Nächte - Kanaren, Madeira & Marokko",AIDAmar,2027-01-31,2027-02-12,12,CA,CALPA12S,Las Palmas/gran Canaria → Santa Cruz/la Palma → Funchal/madeira → Puerto del Rosario → Santa Cruz de Tenerife → Las Palmas/gran Canaria → San Sebastian → Arrecife/lanzarote → Agadir → Puerto del Rosario,,2026-10-08,2026-10-08
MA12270207,AIDA,"12 Nächte - Kanaren, Madeira & Marokko",AIDAmar,2027-02-07,2027-02-19,12,CA,CALPA12S,Las Palmas/gran Canaria → Santa Cruz/la Palma → Funchal/madeira → Puerto del Rosario → Santa Cruz de Tenerife → Las Palmas/gran Canaria → San Sebastian → Arrecife/lanzarote → Agadir → Puerto del Rosario,,2026-10-08,2026-10-08
MA12270214,AIDA,12 Nächte - Große Rundreise Kanaren & Madeira,AIDAmar,2027-02-14,2027-02-26,12,CA,CALPA12,Las Palmas/gran Canaria → Santa Cruz/la Palma → Funchal/madeira → Puerto del Rosario → Santa Cruz de Tenerife → Las Palmas/gran Canaria → San Sebastian → Santa Cruz/la Palma → Arrecife/lanzarote → Puerto del Rosario,,2026-10-08,2026-10-08
MA12270221,AIDA,12 Nächte - Große Rundreise Kanaren & Madeira,AIDAmar,2027-02-21,2027-03-05,12,CA,CALPA12,Las Palmas/gran Canaria → Santa Cruz/la Palma → Funchal/madeira → Puerto del Rosario → Santa Cruz de Tenerife → Las Palmas/gran Canaria → San Sebastian → Santa Cruz/la Palma → Arrecife/lanzarote → Puerto del Rosario,,2026-10-08,2026-10-08
MA12270228,AIDA,"12 Nächte - Kanaren, Madeira & Marokko",AIDAmar,2027-02-28,2027-03-12,12,CA,CALPA12S,Las Palmas/gran Canaria → Santa Cruz/la Palma → Funchal/madeira → Puerto del Rosario → Santa Cruz de Tenerife → Las Palmas/gran Canaria → San Sebastian → Arrecife/lanzarote → Agadir → Puerto del Rosario,,2026-10-08,2026-10-08
MA12270307,AIDA,"12 Nächte - Kanaren, Madeira & Marokko",AIDAmar,2027-03-07,2027-03-19,12,CA,CALPA12S,Las Palmas/gran Canaria → Santa Cruz/la Palma → Funchal/madeira → Puerto del Rosario → Santa Cruz de Tenerife → Las Palmas/gran Canaria → San Sebastian → Arrecife/lanzarote → Agadir → Puerto del Rosario,,2026-10-08,2026-10-08
MA12270314,AIDA,12 Nächte - Große Rundreise Kanaren & Madeira,AIDAmar,2027-03-14,2027-03-26,12,CA,CALPA12,Las Palmas/gran Canaria → Santa Cruz/la Palma → Funchal/madeira → Puerto del Rosario → Santa Cruz de Tenerife → Las Palmas/gran Canaria → San Sebastian → Santa Cruz/la Palma → Arrecife/lanzarote → Puerto del Rosario,,2026-10-08,2026-10-08
MA12270321,AIDA,12 Nächte - Große Rundreise Kanaren & Madeira,AIDAmar,2027-03-21,2027-04-02,12,CA,CALPA12,Las Palmas/gran Canaria → Santa Cruz/la Palma → Funchal/madeira → Puerto del Rosario → Santa Cruz de Tenerife → Las Palmas/gran Canaria → San Sebastian → Santa Cruz/la Palma → Arrecife/lanzarote → Puerto del Rosario,,2026-10-08,2026-10-08
MA12270328,AIDA,"12 Nächte - Kanaren, Madeira & Marokko",AIDAmar,2027-03-28,2027-04-09,12,CA,CALPA12S,Las Palmas/gran Canaria → Santa Cruz/la Palma → Funchal/madeira → Puerto del Rosario → Santa Cruz de Tenerife → Las Palmas/gran Canaria → San Sebastian → Arrecife/lanzarote → Agadir → Puerto del Rosario,,2026-10-08,2026-10-08
MA12270615,AIDA,12 Nächte - Schärengärten der Ostsee ab Warnemünde,AIDAmar,2027-06-15,2027-06-27,12,BA,BAWAR12,Warnemünde → Stockholm → Kemi → Oulu → Riga → Klaipeda → Danzig/gdynia → Karlskrona → Warnemünde,,2026-10-08,2026-10-08
MA12270901,AIDA,12 Nächte - Schärengärten der Ostsee ab Warnemünde,AIDAmar,2027-09-01,2027-09-13,12,BA,BAWAR12,Warnemünde → Stockholm → Kemi → Oulu → Riga → Klaipeda → Danzig/gdynia → Karlskrona → Warnemünde,,2026-10-08,2026-10-08
MA12280616,AIDA,12 Nächte - Schärengärten der Ostsee ab Warnemünde,AIDAmar,2028-06-16,2028-06-28,12,BA,BAWAR12,Warnemünde → Stockholm → Kemi → Oulu → Riga → Klaipeda → Danzig/gdynia → Karlskrona → Warnemünde,,2026-10-08,2026-10-08
MA12280916,AIDA,12 Nächte - Schärengärten der Ostsee ab Warnemünde,AIDAmar,2028-09-16,2028-09-28,12,BA,BAWAR12,Warnemünde → Stockholm → Kemi → Oulu → Riga → Klaipeda → Danzig/gdynia → Karlskrona → Warnemünde,,2026-10-08,2026-10-08
MA13270411,AIDA,13 Nächte - Von Gran Canaria über Portugal nach Warnemünde,AIDAmar,2027-04-11,2027-04-24,13,LP,LPAWAR13,Las Palmas/gran Canaria → Santa Cruz/la Palma → Santa Cruz de Tenerife → Funchal/madeira → Lissabon → Porto/leixoes → La Coruna → Paris/le Havre → Zeebrügge → Skagen → Warnemünde,,2026-10-08,2026-10-08
MA13280401,AIDA,13 Nächte - Winter im hohen Norden von Hamburg nach Warnemünde,AIDAmar,2028-04-01,2028-04-14,13,HA,HAMWAR13,Hamburg → Haugesund → Bodo → Alta → Tromsö → Trondheim → Skagen → Warnemünde,,2026-10-08,2026-10-08
MA14261011,AIDA,14 Nächte - Westeuropa-Highlights von Warnemünde nach Mallorca,AIDAmar,2026-10-11,2026-10-25,14,WA,WARPMI14,"Warnemünde → Dover/london → Portland, Uk → La Coruna → Porto/leixoes → Lissabon → Sevilla/cadiz → Malaga → Cartagena → Valencia → Palma",,2026-10-08,2026-10-08
MA14261220,AIDA,14 Nächte - Feiertagsreise im Mittelmeer ab Mallorca,AIDAmar,2026-12-20,2027-01-03,14,WM,WMPMI14E,Palma → Florenz/la Spezia → Rom/civitavecchia → Ajaccio/korsika → Barcelona → Palma → Sevilla/cadiz → Gibraltar → Malaga → Alicante → Palma,,2026-10-08,2026-10-08
MA14270110,AIDA,"14 Nächte - Andalusien, Madeira & Kanaren ab Mallorca 2",AIDAmar,2027-01-10,2027-01-24,14,PM,PMILPA14,Palma → Valencia → Malaga → Gibraltar → Sevilla/cadiz → Lissabon → Funchal/madeira → Arrecife/lanzarote → Puerto del Rosario → Santa Cruz de Tenerife → Las Palmas/gran Canaria,,2026-10-08,2026-10-08
MA14270124,AIDA,14 Nächte - Große Kanaren-Reise mit La Gomera & Madeira,AIDAmar,2027-01-24,2027-02-07,14,CA,CALPA14,Las Palmas/gran Canaria → Santa Cruz/la Palma → Funchal/madeira → Puerto del Rosario → Santa Cruz de Tenerife → Las Palmas/gran Canaria → San Sebastian → Santa Cruz/la Palma → Arrecife/lanzarote → Puerto del Rosario → Santa Cruz de Tenerife → Las Palmas/gran Canaria,,2026-10-08,2026-10-08
MA14270131,AIDA,14 Nächte - Große Kanaren-Reise mit Madeira & Marokko,AIDAmar,2027-01-31,2027-02-14,14,CA,CALPA14S,Las Palmas/gran Canaria → Funchal/madeira → Puerto del Rosario → Santa Cruz de Tenerife → Las Palmas/gran Canaria → Arrecife/lanzarote → Agadir → Santa Cruz de Tenerife → Puerto del Rosario → San Sebastian → Las Palmas/gran Canaria,,2026-10-08,2026-10-08
MA14270207,AIDA,14 Nächte - Große Kanaren-Reise mit Madeira & Marokko,AIDAmar,2027-02-07,2027-02-21,14,CA,CALPA14S,Las Palmas/gran Canaria → Funchal/madeira → Puerto del Rosario → Santa Cruz de Tenerife → Las Palmas/gran Canaria → Arrecife/lanzarote → Agadir → Santa Cruz de Tenerife → Puerto del Rosario → San Sebastian → Las Palmas/gran Canaria,,2026-10-08,2026-10-08
MA14270214,AIDA,14 Nächte - Große Kanaren-Reise mit La Gomera & Madeira,AIDAmar,2027-02-14,2027-02-28,14,CA,CALPA14,Las Palmas/gran Canaria → Santa Cruz/la Palma → Funchal/madeira → Puerto del Rosario → Santa Cruz de Tenerife → Las Palmas/gran Canaria → San Sebastian → Santa Cruz/la Palma → Arrecife/lanzarote → Puerto del Rosario → Santa Cruz de Tenerife → Las Palmas/gran Canaria,,2026-10-08,2026-10-08
MA14270221,AIDA,14 Nächte - Große Kanaren-Reise mit La Gomera & Madeira,AIDAmar,2027-02-21,2027-03-07,14,CA,CALPA14,Las Palmas/gran Canaria → Santa Cruz/la Palma → Funchal/madeira → Puerto del Rosario → Santa Cruz de Tenerife → Las Palmas/gran Canaria → San Sebastian → Santa Cruz/la Palma → Arrecife/lanzarote → Puerto del Rosario → Santa Cruz de Tenerife → Las Palmas/gran Canaria,,2026-10-08,2026-10-08
MA14270228,AIDA,14 Nächte - Große Kanaren-Reise mit Madeira & Marokko,AIDAmar,2027-02-28,2027-03-14,14,CA,CALPA14S,Las Palmas/gran Canaria → Funchal/madeira → Puerto del Rosario → Santa Cruz de Tenerife → Las Palmas/gran Canaria → Arrecife/lanzarote → Agadir → Santa Cruz de Tenerife → Puerto del Rosario → San Sebastian → Las Palmas/gran Canaria,,2026-10-08,2026-10-08
MA14270307,AIDA,14 Nächte - Große Kanaren-Reise mit Madeira & Marokko,AIDAmar,2027-03-07,2027-03-21,14,CA,CALPA14S,Las Palmas/gran Canaria → Funchal/madeira → Puerto del Rosario → Santa Cruz de Tenerife → Las Palmas/gran Canaria → Arrecife/lanzarote → Agadir → Santa Cruz de Tenerife → Puerto del Rosario → San Sebastian → Las Palmas/gran Canaria,,2026-10-08,2026-10-08
MA14270314,AIDA,14 Nächte - Große Kanaren-Reise mit La Gomera & Madeira,AIDAmar,2027-03-14,2027-03-28,14,CA,CALPA14,Las Palmas/gran Canaria → Santa Cruz/la Palma → Funchal/madeira → Puerto del Rosario → Santa Cruz de Tenerife → Las Palmas/gran Canaria → San Sebastian → Santa Cruz/la Palma → Arrecife/lanzarote → Puerto del Rosario → Santa Cruz de Tenerife → Las Palmas/gran Canaria,,2026-10-08,2026-10-08
MA14270321,AIDA,14 Nächte - Große Kanaren-Reise mit La Gomera & Madeira,AIDAmar,2027-03-21,2027-04-04,14,CA,CALPA14,Las Palmas/gran Canaria → Santa Cruz/la Palma → Funchal/madeira → Puerto del Rosario → Santa Cruz de Tenerife → Las Palmas/gran Canaria → San Sebastian → Santa Cruz/la Palma → Arrecife/lanzarote → Puerto del Rosario → Santa Cruz de Tenerife → Las Palmas/gran Canaria,,2026-10-08,2026-10-08
MA14270328,AIDA,14 Nächte - Große Kanaren-Reise mit Madeira & Marokko,AIDAmar,2027-03-28,2027-04-11,14,CA,CALPA14S,Las Palmas/gran Canaria → Funchal/madeira → Puerto del Rosario → Santa Cruz de Tenerife → Las Palmas/gran Canaria → Arrecife/lanzarote → Agadir → Santa Cruz de Tenerife → Puerto del Rosario → San Sebastian → Las Palmas/gran Canaria,,2026-10-08,2026-10-08
MA14270627,AIDA,14 Nächte - Island-Rundreise ab Warnemünde,AIDAmar,2027-06-27,2027-07-11,14,NO,NOWAR14N,Warnemünde → Lerwick/shetland Inseln → Island/reykjavik → Island/isafjord → Island/akureyri → Kirkwall → Invergordon → Arhus → Warnemünde,,2026-10-08,2026-10-08
MA14280318,AIDA,14 Nächte - Winter im hohen Norden ab Hamburg,AIDAmar,2028-03-18,2028-04-01,14,NO,NOHAM14F,Hamburg → Bergen → Bodo → Alta → Honningsvag/nordkap → Tromsö → Trondheim → Maloy → Hamburg,,2026-10-08,2026-10-08
MA15270409,AIDA,15 Nächte - Von Fuerteventura über Portugal nach Warnemünde,AIDAmar,2027-04-09,2027-04-24,15,FU,FUEWAR15,Puerto del Rosario → Santa Cruz de Tenerife → Las Palmas/gran Canaria → Santa Cruz/la Palma → Santa Cruz de Tenerife → Funchal/madeira → Lissabon → Porto/leixoes → La Coruna → Paris/le Havre → Zeebrügge → Skagen → Warnemünde,,2026-10-08,2026-10-08
MA19270110,AIDA,"19 Nächte - Andalusien, Madeira & Kanaren ab Mallorca 1",AIDAmar,2027-01-10,2027-01-29,19,PM,PMIFUE19,Palma → Valencia → Malaga → Gibraltar → Sevilla/cadiz → Lissabon → Funchal/madeira → Arrecife/lanzarote → Puerto del Rosario → Santa Cruz de Tenerife → Las Palmas/gran Canaria → Santa Cruz/la Palma → San Sebastian → Arrecife/lanzarote → Puerto del Rosario,,2026-10-08,2026-10-08
MA21271219,AIDA,21 Nächte - Große Winterpause Kanaren zu den Feiertagen,AIDAmar,2027-12-19,2028-01-09,21,CA,CAHAM21,Hamburg → Paris/le Havre → Gijon → Agadir → Puerto del Rosario → Las Palmas/gran Canaria → San Sebastian → Santa Cruz de Tenerife → Funchal/madeira → Lissabon → Porto/leixoes → La Coruna → Southampton → Hamburg,,2026-10-08,2026-10-08
MA21280109,AIDA,21 Nächte - Große Winterpause Azoren & Marokko,AIDAmar,2028-01-09,2028-01-30,21,CA,CAHAM21,"Hamburg → Portland, Uk → Praia di Vitoria/azoren → Ponta Delgada → Funchal/madeira → Casablanca → Sevilla/cadiz → Lissabon → Porto/leixoes → La Coruna → Gijon → Hamburg",,2026-10-08,2026-10-08
MA44271105,AIDA,44 Nächte - Große Winterpause Karibik mit Amazonas,AIDAmar,2027-11-05,2027-12-19,44,CB,CBHAM44,Hamburg → La Coruna → Las Palmas/gran Canaria → Mindelo → Amazonas-passage → Äquatorüberquerung → Santarem → Amazonas-passage → Bridgetown/barbados → Fort de France → Castries → Kingstown → Pointe A Pitre → Rouseau → Basseterre → Philipsburg → St.johns → Santa Cruz de Tenerife → Santa Cruz/la Palma → Funchal/madeira → Lissabon → Hamburg,,2026-10-08,2026-10-08
MA48280130,AIDA,48 Nächte - Große Winterpause Brasilien zum Karneval,AIDAmar,2028-01-30,2028-03-18,48,SA,SAHAM48,Hamburg → Lissabon → Santa Cruz de Tenerife → Mindelo → Fortaleza → Recife → Buzios → Ilhabela → Buenos Aires → Montevideo → Punta del Este → Balneario Camboriu → Santos → Rio de Janeiro → Ilheus → Salvador → Santiago/praia (kapverden) → Las Palmas/gran Canaria → Arrecife/lanzarote → La Coruna → Hamburg,,2026-10-08,2026-10-08
MSA2658SEE,Mein Schiff,7 Nächte - Vielfalt Norwegens - ab Kiel/bis Hamburg,Mein Schiff Relax,2026-10-14,2026-10-21,7,NL,Südnorwegen 68,Kiel → Bergen → Stavanger → Kristiansand → Oslo (Oslofjord) → Hamburg,https://www.meinschiff.com/de/trips/7-naechte-vielfalt-norwegens-ab-kielbis-hamburg-MSA2658SEE?cabinType=Balcony&cabinCategoryType=BAUR2V&priceMode=perPerson&tariff=PUR,2026-10-08,2026-10-08
MSA266162SEE,Mein Schiff,14 Nächte - Perlen des Atlantiks - ab Hamburg/bis Las Palmas,Mein Schiff Relax,2026-11-01,2026-11-15,14,WE,Hamburg bis Gran Canaria,Hamburg → Southampton (London) → A Coruña → Lissabon → Funchal (Madeira) → Santa Cruz (La Palma) → Puerto del Rosario (Fuerteventura) → Santa Cruz (Teneriffa) → Arrecife (Lanzarote) → Las Palmas (Gran Canaria),https://www.meinschiff.com/de/trips/14-naechte-perlen-des-atlantiks-ab-hamburgbis-las-palmas-MSA266162SEE?cabinCategoryType=IKUR2V&priceMode=perPerson&tariff=PUR,2026-10-08,2026-10-08
MSA2661SEE,Mein Schiff,12 Nächte - Perlen des Atlantiks - ab Hamburg/bis Santa Cruz,Mein Schiff Relax,2026-11-01,2026-11-13,12,WE,Hamburg bis Teneriffa,Hamburg → Southampton (London) → A Coruña → Lissabon → Funchal (Madeira) → Santa Cruz (La Palma) → Puerto del Rosario (Fuerteventura) → Santa Cruz (Teneriffa),https://www.meinschiff.com/de/trips/12-naechte-perlen-des-atlantiks-ab-hamburgbis-santa-cruz-MSA2661SEE?cabinType=Outside&cabinCategoryType=AUBO2V&priceMode=perPerson&tariff=PRO,2026-10-08,2026-10-08
MSA266263SEE,Mein Schiff,7 Nächte - Kanaren mit Madeira - ab/bis Santa Cruz,Mein Schiff Relax,2026-11-13,2026-11-20,7,KN,Kanaren 137 ab/bis Teneriffa,Santa Cruz (Teneriffa) → Arrecife (Lanzarote) → Las Palmas (Gran Canaria) → Santa Cruz (La Palma) → Funchal (Madeira) → Santa Cruz (Teneriffa),https://www.meinschiff.com/de/trips/7-naechte-kanaren-mit-madeira-abbis-santa-cruz-MSA266263SEE?cabinType=Outside&cabinCategoryType=AUBO2V&priceMode=perPerson&tariff=PRO,2026-10-08,2026-10-08
MSA266364SEE,Mein Schiff,7 Nächte - Kanaren mit Madeira - ab/bis Las Palmas,Mein Schiff Relax,2026-11-15,2026-11-22,7,KN,Kanaren 138 ab/bis Las Palmas,Las Palmas (Gran Canaria) → Santa Cruz (La Palma) → Funchal (Madeira) → Santa Cruz (Teneriffa) → Arrecife (Lanzarote) → Las Palmas (Gran Canaria),https://www.meinschiff.com/de/trips/7-naechte-kanaren-mit-madeira-abbis-las-palmas-MSA266364SEE?cabinCategoryType=IKBO2V&priceMode=perPerson&tariff=PRO,2026-10-08,2026-10-08
MSA266465SEE,Mein Schiff,7 Nächte - Kanaren mit Marokko - ab/bis Santa Cruz,Mein Schiff Relax,2026-11-20,2026-11-27,7,KN,Kanaren 139 ab/bis Teneriffa,Santa Cruz (Teneriffa) → Arrecife (Lanzarote) → Las Palmas (Gran Canaria) → Agadir → Puerto del Rosario (Fuerteventura) → Santa Cruz (Teneriffa),https://www.meinschiff.com/de/trips/7-naechte-kanaren-mit-marokko-abbis-santa-cruz-MSA266465SEE?cabinType=JuniorSuite&cabinCategoryType=JBBO2V&priceMode=perPerson&tariff=PRO,2026-10-08,2026-10-08
MSA266566SEE,Mein Schiff,7 Nächte - Kanaren mit Marokko - ab/bis Las Palmas,Mein Schiff Relax,2026-11-22,2026-11-29,7,KN,Kanaren 140 ab/bis Las Palmas,Las Palmas (Gran Canaria) → Agadir → Puerto del Rosario (Fuerteventura) → Santa Cruz (Teneriffa) → Arrecife (Lanzarote) → Las Palmas (Gran Canaria),https://www.meinschiff.com/de/trips/7-naechte-kanaren-mit-marokko-abbis-las-palmas-MSA266566SEE?cabinType=Outside&cabinCategoryType=AKUR2V&priceMode=perPerson&tariff=PUR,2026-10-08,2026-10-08
MSA266667SEE,Mein Schiff,7 Nächte - Kanaren mit Madeira - ab/bis Santa Cruz,Mein Schiff Relax,2026-11-27,2026-12-04,7,KN,Kanaren 137 ab/bis Teneriffa,Santa Cruz (Teneriffa) → Arrecife (Lanzarote) → Las Palmas (Gran Canaria) → Santa Cruz (La Palma) → Funchal (Madeira) → Santa Cruz (Teneriffa),https://www.meinschiff.com/de/trips/7-naechte-kanaren-mit-madeira-abbis-santa-cruz-MSA266667SEE?cabinType=Outside&cabinCategoryType=AUUR2V&priceMode=perPerson&tariff=PUR,2026-10-08,2026-10-08
MSA266768SEE,Mein Schiff,7 Nächte - Kanaren mit Madeira - ab/bis Las Palmas,Mein Schiff Relax,2026-11-29,2026-12-06,7,KN,Kanaren 138 ab/bis Las Palmas,Las Palmas (Gran Canaria) → Santa Cruz (La Palma) → Funchal (Madeira) → Santa Cruz (Teneriffa) → Arrecife (Lanzarote) → Las Palmas (Gran Canaria),https://www.meinschiff.com/de/trips/7-naechte-kanaren-mit-madeira-abbis-las-palmas-MSA266768SEE?cabinType=Balcony&cabinCategoryType=BKUR2V&priceMode=perPerson&tariff=PUR,2026-10-08,2026-10-08
MSA266869SEE,Mein Schiff,7 Nächte - Kanaren mit Marokko - ab/bis Santa Cruz,Mein Schiff Relax,2026-12-04,2026-12-11,7,KN,Kanaren 139 ab/bis Teneriffa,Santa Cruz (Teneriffa) → Arrecife (Lanzarote) → Las Palmas (Gran Canaria) → Agadir → Puerto del Rosario (Fuerteventura) → Santa Cruz (Teneriffa),https://www.meinschiff.com/de/trips/7-naechte-kanaren-mit-marokko-abbis-santa-cruz-MSA266869SEE?cabinType=Balcony&cabinCategoryType=BAUR2V&priceMode=perPerson&tariff=PUR,2026-10-08,2026-10-08
MSA266970SEE,Mein Schiff,7 Nächte - Kanaren mit Marokko - ab/bis Las Palmas,Mein Schiff Relax,2026-12-06,2026-12-13,7,KN,Kanaren 140 ab/bis Las Palmas,Las Palmas (Gran Canaria) → Agadir → Puerto del Rosario (Fuerteventura) → Santa Cruz (Teneriffa) → Arrecife (Lanzarote) → Las Palmas (Gran Canaria),https://www.meinschiff.com/de/trips/7-naechte-kanaren-mit-marokko-abbis-las-palmas-MSA266970SEE?cabinCategoryType=IKBO2V&inboundAirport=FRA&outboundAirport=FRA&priceMode=perPerson&tariff=PRO,2026-10-08,2026-10-08
MSA267071SEE,Mein Schiff,7 Nächte - Kanaren mit Madeira - ab/bis Santa Cruz,Mein Schiff Relax,2026-12-11,2026-12-18,7,KN,Kanaren 137 ab/bis Teneriffa,Santa Cruz (Teneriffa) → Arrecife (Lanzarote) → Las Palmas (Gran Canaria) → Santa Cruz (La Palma) → Funchal (Madeira) → Santa Cruz (Teneriffa),https://www.meinschiff.com/de/trips/7-naechte-kanaren-mit-madeira-abbis-santa-cruz-MSA267071SEE?cabinCategoryType=INUS2V&priceMode=perPerson&tariff=PLUS,2026-10-08,2026-10-08
MSA267172SEE,Mein Schiff,7 Nächte - Kanaren mit Madeira - ab/bis Las Palmas,Mein Schiff Relax,2026-12-13,2026-12-20,7,KN,Kanaren 138 ab/bis Las Palmas,Las Palmas (Gran Canaria) → Santa Cruz (La Palma) → Funchal (Madeira) → Santa Cruz (Teneriffa) → Arrecife (Lanzarote) → Las Palmas (Gran Canaria),https://www.meinschiff.com/de/trips/7-naechte-kanaren-mit-madeira-abbis-las-palmas-MSA267172SEE?cabinCategoryType=IKUS2V&inboundAirport=HAM&outboundAirport=BER&priceMode=perPerson&tariff=PLUS,2026-10-08,2026-10-08
MSA267273SEE,Mein Schiff,7 Nächte - Kanaren mit Marokko - ab/bis Santa Cruz,Mein Schiff Relax,2026-12-18,2026-12-25,7,KN,Kanaren 141  ab/bis Teneriffa,Santa Cruz (Teneriffa) → Arrecife (Lanzarote) → Las Palmas (Gran Canaria) → Agadir → Puerto del Rosario (Fuerteventura) → Santa Cruz (Teneriffa),https://www.meinschiff.com/de/trips/7-naechte-kanaren-mit-marokko-abbis-santa-cruz-MSA267273SEE?cabinType=Balcony&cabinCategoryType=BAUR2V&inboundAirport=DUS&outboundAirport=HAJ&priceMode=perPerson&tariff=PUR,2026-10-08,2026-10-08
MSA267374SEE,Mein Schiff,7 Nächte - Festtage Kanaren & Marokko - ab/bis Las Palmas,Mein Schiff Relax,2026-12-20,2026-12-27,7,KN,Kanaren 140 ab/bis Las Palmas,Las Palmas (Gran Canaria) → Agadir → Puerto del Rosario (Fuerteventura) → Santa Cruz (Teneriffa) → Arrecife (Lanzarote) → Las Palmas (Gran Canaria),https://www.meinschiff.com/de/trips/7-naechte-festtage-kanaren-marokko-abbis-las-palmas-MSA267374SEE?cabinType=Balcony&cabinCategoryType=BKUS2V&inboundAirport=DUS&outboundAirport=DUS&priceMode=perPerson&tariff=PLUS,2026-10-08,2026-10-08
MSA267475SEE,Mein Schiff,7 Nächte - Festtage Kanaren & Madeira - ab/bis Santa Cruz,Mein Schiff Relax,2026-12-25,2027-01-01,7,KN,Kanaren 158,Santa Cruz (Teneriffa) → Arrecife (Lanzarote) → Las Palmas (Gran Canaria) → Santa Cruz (La Palma) → Funchal (Madeira) → Santa Cruz (Teneriffa),https://www.meinschiff.com/de/trips/7-naechte-festtage-kanaren-madeira-abbis-santa-cruz-MSA267475SEE?cabinType=Balcony&cabinCategoryType=BAUR2V&priceMode=perPerson&tariff=PUR,2026-10-08,2026-10-08
MSA267501SEE,Mein Schiff,7 Nächte - Kanaren mit Madeira - ab/bis Las Palmas,Mein Schiff Relax,2026-12-27,2027-01-03,7,KN,Kanaren 144 ab/bis Las Palmas,Las Palmas (Gran Canaria) → Santa Cruz (La Palma) → Funchal (Madeira) → Santa Cruz (Teneriffa) → Arrecife (Lanzarote) → Las Palmas (Gran Canaria),https://www.meinschiff.com/de/trips/7-naechte-kanaren-mit-madeira-abbis-las-palmas-MSA267501SEE?cabinType=Balcony&cabinCategoryType=BKUS2V&priceMode=perPerson&tariff=PLUS,2026-10-08,2026-10-08
MSA270102SEE,Mein Schiff,7 Nächte - Kanaren mit Madeira - ab/bis Santa Cruz,Mein Schiff Relax,2027-01-01,2027-01-08,7,KN,Kanaren 184,Santa Cruz (Teneriffa) → Arrecife (Lanzarote) → Las Palmas (Gran Canaria) → Funchal (Madeira) → Puerto del Rosario (Fuerteventura) → Santa Cruz (Teneriffa),https://www.meinschiff.com/de/trips/7-naechte-kanaren-mit-madeira-abbis-santa-cruz-MSA270102SEE?cabinCategoryType=INUS2V&inboundAirport=DUS&outboundAirport=DUS&priceMode=perPerson&tariff=PLUS,2026-10-08,2026-10-08
MSA270203SEE,Mein Schiff,7 Nächte - Kanaren mit Madeira - ab/bis Las Palmas,Mein Schiff Relax,2027-01-03,2027-01-10,7,KN,Kanaren 185,Las Palmas (Gran Canaria) → Funchal (Madeira) → Puerto del Rosario (Fuerteventura) → Santa Cruz (Teneriffa) → Arrecife (Lanzarote) → Las Palmas (Gran Canaria),https://www.meinschiff.com/de/trips/7-naechte-kanaren-mit-madeira-abbis-las-palmas-MSA270203SEE?cabinCategoryType=IKUS2V&priceMode=perPerson&tariff=PLUS,2026-10-08,2026-10-08
MSA270304SEE,Mein Schiff,7 Nächte - Kanaren mit Madeira - ab/bis Santa Cruz,Mein Schiff Relax,2027-01-08,2027-01-15,7,KN,Kanaren 137 ab/bis Teneriffa,Santa Cruz (Teneriffa) → Arrecife (Lanzarote) → Las Palmas (Gran Canaria) → Santa Cruz (La Palma) → Funchal (Madeira) → Santa Cruz (Teneriffa),https://www.meinschiff.com/de/trips/7-naechte-kanaren-mit-madeira-abbis-santa-cruz-MSA270304SEE?cabinCategoryType=INUS2V&priceMode=perPerson&tariff=PLUS,2026-10-08,2026-10-08
MSA270405SEE,Mein Schiff,7 Nächte - Kanaren mit Madeira - ab/bis Las Palmas,Mein Schiff Relax,2027-01-10,2027-01-17,7,KN,Kanaren 138 ab/bis Las Palmas,Las Palmas (Gran Canaria) → Santa Cruz (La Palma) → Funchal (Madeira) → Santa Cruz (Teneriffa) → Arrecife (Lanzarote) → Las Palmas (Gran Canaria),https://www.meinschiff.com/de/trips/7-naechte-kanaren-mit-madeira-abbis-las-palmas-MSA270405SEE?cabinCategoryType=IKAO2V&inboundAirport=BER&outboundAirport=DUS&priceMode=perPerson&tariff=PRO,2026-10-08,2026-10-08
MSA270506SEE,Mein Schiff,7 Nächte - Kanaren mit Marokko - ab/bis Santa Cruz,Mein Schiff Relax,2027-01-15,2027-01-22,7,KN,Kanaren 139 ab/bis Teneriffa,Santa Cruz (Teneriffa) → Arrecife (Lanzarote) → Las Palmas (Gran Canaria) → Agadir → Puerto del Rosario (Fuerteventura) → Santa Cruz (Teneriffa),https://www.meinschiff.com/de/trips/7-naechte-kanaren-mit-marokko-abbis-santa-cruz-MSA270506SEE?cabinCategoryType=INBO2V&inboundAirport=HAM&outboundAirport=BER&priceMode=perPerson&tariff=PRO,2026-10-08,2026-10-08
MSA270607SEE,Mein Schiff,7 Nächte - Kanaren mit Marokko - ab/bis Las Palmas,Mein Schiff Relax,2027-01-17,2027-01-24,7,KN,Kanaren 140 ab/bis Las Palmas,Las Palmas (Gran Canaria) → Agadir → Puerto del Rosario (Fuerteventura) → Santa Cruz (Teneriffa) → Arrecife (Lanzarote) → Las Palmas (Gran Canaria),https://www.meinschiff.com/de/trips/7-naechte-kanaren-mit-marokko-abbis-las-palmas-MSA270607SEE?cabinType=Balcony&cabinCategoryType=BKUS2V&inboundAirport=HAM&outboundAirport=BER&priceMode=perPerson&tariff=PLUS,2026-10-08,2026-10-08
MSA270708SEE,Mein Schiff,7 Nächte - Kanaren mit Madeira - ab/bis Santa Cruz,Mein Schiff Relax,2027-01-22,2027-01-29,7,KN,Kanaren 137 ab/bis Teneriffa,Santa Cruz (Teneriffa) → Arrecife (Lanzarote) → Las Palmas (Gran Canaria) → Santa Cruz (La Palma) → Funchal (Madeira) → Santa Cruz (Teneriffa),https://www.meinschiff.com/de/trips/7-naechte-kanaren-mit-madeira-abbis-santa-cruz-MSA270708SEE?cabinType=Balcony&cabinCategoryType=BAUS2V&priceMode=perPerson&tariff=PLUS,2026-10-08,2026-10-08
MSA270809SEE,Mein Schiff,7 Nächte - Kanaren mit Madeira - ab/bis Las Palmas,Mein Schiff Relax,2027-01-24,2027-01-31,7,KN,Kanaren 138 ab/bis Las Palmas,Las Palmas (Gran Canaria) → Santa Cruz (La Palma) → Funchal (Madeira) → Santa Cruz (Teneriffa) → Arrecife (Lanzarote) → Las Palmas (Gran Canaria),https://www.meinschiff.com/de/trips/7-naechte-kanaren-mit-madeira-abbis-las-palmas-MSA270809SEE?cabinCategoryType=IKBO2V&priceMode=perPerson&tariff=PRO,2026-10-08,2026-10-08
MSA270910SEE,Mein Schiff,7 Nächte - Kanaren mit Madeira - ab/bis Santa Cruz,Mein Schiff Relax,2027-01-29,2027-02-05,7,KN,Kanaren 145 ab/bis Teneriffa,Santa Cruz (Teneriffa) → Arrecife (Lanzarote) → Las Palmas (Gran Canaria) → Puerto del Rosario (Fuerteventura) → Funchal (Madeira) → Santa Cruz (Teneriffa),https://www.meinschiff.com/de/trips/7-naechte-kanaren-mit-madeira-abbis-santa-cruz-MSA270910SEE?cabinType=Outside&cabinCategoryType=AUUS2V&priceMode=perPerson&tariff=PLUS,2026-10-08,2026-10-08
MSA271011SEE,Mein Schiff,7 Nächte - Kanaren mit Madeira - ab/bis Las Palmas,Mein Schiff Relax,2027-01-31,2027-02-07,7,KN,Kanaren 146 ab/bis Las Palmas,Las Palmas (Gran Canaria) → Puerto del Rosario (Fuerteventura) → Funchal (Madeira) → Santa Cruz (Teneriffa) → Arrecife (Lanzarote) → Las Palmas (Gran Canaria),https://www.meinschiff.com/de/trips/7-naechte-kanaren-mit-madeira-abbis-las-palmas-MSA271011SEE?cabinCategoryType=IKUS2V&priceMode=perPerson&tariff=PLUS,2026-10-08,2026-10-08
MSA271112SEE,Mein Schiff,7 Nächte - Kanaren mit Madeira - ab/bis Santa Cruz,Mein Schiff Relax,2027-02-05,2027-02-12,7,KN,Kanaren 137 ab/bis Teneriffa,Santa Cruz (Teneriffa) → Arrecife (Lanzarote) → Las Palmas (Gran Canaria) → Santa Cruz (La Palma) → Funchal (Madeira) → Santa Cruz (Teneriffa),https://www.meinschiff.com/de/trips/7-naechte-kanaren-mit-madeira-abbis-santa-cruz-MSA271112SEE?cabinCategoryType=INUS2V&priceMode=perPerson&tariff=PLUS,2026-10-08,2026-10-08
MSA271213SEE,Mein Schiff,7 Nächte - Kanaren mit Madeira - ab/bis Las Palmas,Mein Schiff Relax,2027-02-07,2027-02-14,7,KN,Kanaren 138 ab/bis Las Palmas,Las Palmas (Gran Canaria) → Santa Cruz (La Palma) → Funchal (Madeira) → Santa Cruz (Teneriffa) → Arrecife (Lanzarote) → Las Palmas (Gran Canaria),https://www.meinschiff.com/de/trips/7-naechte-kanaren-mit-madeira-abbis-las-palmas-MSA271213SEE?cabinCategoryType=IKUS2V&priceMode=perPerson&tariff=PLUS,2026-10-08,2026-10-08
MSA271314SEE,Mein Schiff,7 Nächte - Kanaren mit Madeira - ab/bis Santa Cruz,Mein Schiff Relax,2027-02-12,2027-02-19,7,KN,Kanaren 137 ab/bis Teneriffa,Santa Cruz (Teneriffa) → Arrecife (Lanzarote) → Las Palmas (Gran Canaria) → Santa Cruz (La Palma) → Funchal (Madeira) → Santa Cruz (Teneriffa),https://www.meinschiff.com/de/trips/7-naechte-kanaren-mit-madeira-abbis-santa-cruz-MSA271314SEE?cabinCategoryType=INUS2V&priceMode=perPerson&tariff=PLUS,2026-10-08,2026-10-08
MSA271415SEE,Mein Schiff,7 Nächte - Kanaren mit Madeira - ab/bis Las Palmas,Mein Schiff Relax,2027-02-14,2027-02-21,7,KN,Kanaren 138 ab/bis Las Palmas,Las Palmas (Gran Canaria) → Santa Cruz (La Palma) → Funchal (Madeira) → Santa Cruz (Teneriffa) → Arrecife (Lanzarote) → Las Palmas (Gran Canaria),https://www.meinschiff.com/de/trips/7-naechte-kanaren-mit-madeira-abbis-las-palmas-MSA271415SEE?cabinCategoryType=IKUS2V&priceMode=perPerson&tariff=PLUS,2026-10-08,2026-10-08
MSA271516SEE,Mein Schiff,7 Nächte - Kanaren mit Madeira - ab/bis Santa Cruz,Mein Schiff Relax,2027-02-19,2027-02-26,7,KN,Kanaren 137 ab/bis Teneriffa,Santa Cruz (Teneriffa) → Arrecife (Lanzarote) → Las Palmas (Gran Canaria) → Santa Cruz (La Palma) → Funchal (Madeira) → Santa Cruz (Teneriffa),https://www.meinschiff.com/de/trips/7-naechte-kanaren-mit-madeira-abbis-santa-cruz-MSA271516SEE?cabinCategoryType=INUS2V&priceMode=perPerson&tariff=PLUS,2026-10-08,2026-10-08
MSA271617SEE,Mein Schiff,7 Nächte - Kanaren mit Madeira - ab/bis Las Palmas,Mein Schiff Relax,2027-02-21,2027-02-28,7,KN,Kanaren 138 ab/bis Las Palmas,Las Palmas (Gran Canaria) → Santa Cruz (La Palma) → Funchal (Madeira) → Santa Cruz (Teneriffa) → Arrecife (Lanzarote) → Las Palmas (Gran Canaria),https://www.meinschiff.com/de/trips/7-naechte-kanaren-mit-madeira-abbis-las-palmas-MSA271617SEE?cabinCategoryType=IKUS2V&priceMode=perPerson&tariff=PLUS,2026-10-08,2026-10-08
MSA271718SEE,Mein Schiff,7 Nächte - Kanaren mit Madeira - ab/bis Santa Cruz,Mein Schiff Relax,2027-02-26,2027-03-05,7,KN,Kanaren 147 ab/bis Teneriffa,Santa Cruz (Teneriffa) → Arrecife (Lanzarote) → Las Palmas (Gran Canaria) → Funchal (Madeira) → Santa Cruz (La Palma) → Santa Cruz (Teneriffa),https://www.meinschiff.com/de/trips/7-naechte-kanaren-mit-madeira-abbis-santa-cruz-MSA271718SEE?cabinCategoryType=INUS2V&priceMode=perPerson&tariff=PLUS,2026-10-08,2026-10-08
MSA271819SEE,Mein Schiff,7 Nächte - Kanaren mit Madeira - ab/bis Las Palmas,Mein Schiff Relax,2027-02-28,2027-03-07,7,KN,Kanaren 148 ab/bis Las Palmas,Las Palmas (Gran Canaria) → Funchal (Madeira) → Santa Cruz (La Palma) → Santa Cruz (Teneriffa) → Las Palmas (Gran Canaria),https://www.meinschiff.com/de/trips/7-naechte-kanaren-mit-madeira-abbis-las-palmas-MSA271819SEE?cabinCategoryType=IKBO2V&priceMode=perPerson&tariff=PRO,2026-10-08,2026-10-08
MSA271920SEE,Mein Schiff,7 Nächte - Kanaren mit Madeira - ab/bis Santa Cruz,Mein Schiff Relax,2027-03-05,2027-03-12,7,KN,Kanaren 143 ab/bis Teneriffa,Santa Cruz (Teneriffa) → Las Palmas (Gran Canaria) → Santa Cruz (La Palma) → Funchal (Madeira) → Santa Cruz (Teneriffa),https://www.meinschiff.com/de/trips/7-naechte-kanaren-mit-madeira-abbis-santa-cruz-MSA271920SEE?cabinCategoryType=INUS2V&priceMode=perPerson&tariff=PLUS,2026-10-08,2026-10-08
MSA272021SEE,Mein Schiff,7 Nächte - Kanaren mit Madeira - ab/bis Las Palmas,Mein Schiff Relax,2027-03-07,2027-03-14,7,KN,Kanaren 144 ab/bis Las Palmas,Las Palmas (Gran Canaria) → Santa Cruz (La Palma) → Funchal (Madeira) → Santa Cruz (Teneriffa) → Arrecife (Lanzarote) → Las Palmas (Gran Canaria),https://www.meinschiff.com/de/trips/7-naechte-kanaren-mit-madeira-abbis-las-palmas-MSA272021SEE?cabinCategoryType=IKUS2V&priceMode=perPerson&tariff=PLUS,2026-10-08,2026-10-08
MSA272122SEE,Mein Schiff,7 Nächte - Kanaren mit Madeira - ab/bis Santa Cruz,Mein Schiff Relax,2027-03-12,2027-03-19,7,KN,Kanaren 149 ab/bis Teneriffa,Santa Cruz (Teneriffa) → Arrecife (Lanzarote) → Las Palmas (Gran Canaria) → Funchal (Madeira) → Santa Cruz (La Palma) → Santa Cruz (Teneriffa),https://www.meinschiff.com/de/trips/7-naechte-kanaren-mit-madeira-abbis-santa-cruz-MSA272122SEE?cabinCategoryType=INUS2V&priceMode=perPerson&tariff=PLUS,2026-10-08,2026-10-08
MSA272223SEE,Mein Schiff,7 Nächte - Kanaren mit Madeira - ab/bis Las Palmas,Mein Schiff Relax,2027-03-14,2027-03-21,7,KN,Kanaren 150 ab/bis Las Palmas,Las Palmas (Gran Canaria) → Funchal (Madeira) → Santa Cruz (La Palma) → Santa Cruz (Teneriffa) → Arrecife (Lanzarote) → Las Palmas (Gran Canaria),https://www.meinschiff.com/de/trips/7-naechte-kanaren-mit-madeira-abbis-las-palmas-MSA272223SEE?cabinCategoryType=IKUS2V&priceMode=perPerson&tariff=PLUS,2026-10-08,2026-10-08
MSA272324SEE,Mein Schiff,7 Nächte - Kanaren mit Madeira - ab/bis Santa Cruz,Mein Schiff Relax,2027-03-19,2027-03-26,7,KN,Kanaren 137 ab/bis Teneriffa,Santa Cruz (Teneriffa) → Arrecife (Lanzarote) → Las Palmas (Gran Canaria) → Santa Cruz (La Palma) → Funchal (Madeira) → Santa Cruz (Teneriffa),https://www.meinschiff.com/de/trips/7-naechte-kanaren-mit-madeira-abbis-santa-cruz-MSA272324SEE?cabinCategoryType=INUS2V&priceMode=perPerson&tariff=PLUS,2026-10-08,2026-10-08
MSA272425SEE,Mein Schiff,7 Nächte - Kanaren mit Madeira - ab/bis Las Palmas,Mein Schiff Relax,2027-03-21,2027-03-28,7,KN,Kanaren 138 ab/bis Las Palmas,Las Palmas (Gran Canaria) → Santa Cruz (La Palma) → Funchal (Madeira) → Santa Cruz (Teneriffa) → Arrecife (Lanzarote) → Las Palmas (Gran Canaria),https://www.meinschiff.com/de/trips/7-naechte-kanaren-mit-madeira-abbis-las-palmas-MSA272425SEE?cabinCategoryType=IKBO2V&priceMode=perPerson&tariff=PRO,2026-10-08,2026-10-08
MSA272526SEE,Mein Schiff,7 Nächte - Kanaren mit Madeira - ab/bis Santa Cruz,Mein Schiff Relax,2027-03-26,2027-04-02,7,KN,Kanaren 145 ab/bis Teneriffa,Santa Cruz (Teneriffa) → Arrecife (Lanzarote) → Las Palmas (Gran Canaria) → Puerto del Rosario (Fuerteventura) → Funchal (Madeira) → Santa Cruz (Teneriffa),https://www.meinschiff.com/de/trips/7-naechte-kanaren-mit-madeira-abbis-santa-cruz-MSA272526SEE?cabinCategoryType=INBO2V&priceMode=perPerson&tariff=PRO,2026-10-08,2026-10-08
MSA272627SEE,Mein Schiff,7 Nächte - Kanaren mit Madeira - ab/bis Las Palmas,Mein Schiff Relax,2027-03-28,2027-04-04,7,KN,Kanaren 146 ab/bis Las Palmas,Las Palmas (Gran Canaria) → Puerto del Rosario (Fuerteventura) → Funchal (Madeira) → Santa Cruz (Teneriffa) → Arrecife (Lanzarote) → Las Palmas (Gran Canaria),https://www.meinschiff.com/de/trips/7-naechte-kanaren-mit-madeira-abbis-las-palmas-MSA272627SEE?cabinCategoryType=IKBO2V&priceMode=perPerson&tariff=PRO,2026-10-08,2026-10-08
MSA272728SEE,Mein Schiff,7 Nächte - Kanaren mit Madeira - ab/bis Santa Cruz,Mein Schiff Relax,2027-04-02,2027-04-09,7,KN,Kanaren 137 ab/bis Teneriffa,Santa Cruz (Teneriffa) → Arrecife (Lanzarote) → Las Palmas (Gran Canaria) → Santa Cruz (La Palma) → Funchal (Madeira) → Santa Cruz (Teneriffa),https://www.meinschiff.com/de/trips/7-naechte-kanaren-mit-madeira-abbis-santa-cruz-MSA272728SEE?cabinCategoryType=INCO2V&priceMode=perPerson&tariff=PRO,2026-10-08,2026-10-08
MSA272829SEE,Mein Schiff,7 Nächte - Kanaren mit Madeira - ab/bis Las Palmas,Mein Schiff Relax,2027-04-04,2027-04-11,7,KN,Kanaren 138 ab/bis Las Palmas,Las Palmas (Gran Canaria) → Santa Cruz (La Palma) → Funchal (Madeira) → Santa Cruz (Teneriffa) → Arrecife (Lanzarote) → Las Palmas (Gran Canaria),https://www.meinschiff.com/de/trips/7-naechte-kanaren-mit-madeira-abbis-las-palmas-MSA272829SEE?cabinCategoryType=IKBO2V&priceMode=perPerson&tariff=PRO,2026-10-08,2026-10-08
MSA272930SEE,Mein Schiff,7 Nächte - Kanaren mit Madeira - ab/bis Santa Cruz,Mein Schiff Relax,2027-04-09,2027-04-16,7,KN,Kanaren 145 ab/bis Teneriffa,Santa Cruz (Teneriffa) → Arrecife (Lanzarote) → Las Palmas (Gran Canaria) → Puerto del Rosario (Fuerteventura) → Funchal (Madeira) → Santa Cruz (Teneriffa),https://www.meinschiff.com/de/trips/7-naechte-kanaren-mit-madeira-abbis-santa-cruz-MSA272930SEE?cabinCategoryType=INCO2V&priceMode=perPerson&tariff=PRO,2026-10-08,2026-10-08
MSA273031SEE,Mein Schiff,7 Nächte - Kanaren mit Madeira - ab/bis Las Palmas,Mein Schiff Relax,2027-04-11,2027-04-18,7,KN,Kanaren 146 ab/bis Las Palmas,Las Palmas (Gran Canaria) → Puerto del Rosario (Fuerteventura) → Funchal (Madeira) → Santa Cruz (Teneriffa) → Arrecife (Lanzarote) → Las Palmas (Gran Canaria),https://www.meinschiff.com/de/trips/7-naechte-kanaren-mit-madeira-abbis-las-palmas-MSA273031SEE?cabinCategoryType=IKCO2V&priceMode=perPerson&tariff=PRO,2026-10-08,2026-10-08
MSA273132SEE,Mein Schiff,7 Nächte - Kanaren mit Madeira - ab/bis Santa Cruz,Mein Schiff Relax,2027-04-16,2027-04-23,7,KN,Kanaren 137 ab/bis Teneriffa,Santa Cruz (Teneriffa) → Arrecife (Lanzarote) → Las Palmas (Gran Canaria) → Santa Cruz (La Palma) → Funchal (Madeira) → Santa Cruz (Teneriffa),https://www.meinschiff.com/de/trips/7-naechte-kanaren-mit-madeira-abbis-santa-cruz-MSA273132SEE?cabinCategoryType=INBO2V&priceMode=perPerson&tariff=PRO,2026-10-08,2026-10-08
MSA273233SEE,Mein Schiff,7 Nächte - Kanaren mit Madeira - ab/bis Las Palmas,Mein Schiff Relax,2027-04-18,2027-04-25,7,KN,Kanaren 138 ab/bis Las Palmas,Las Palmas (Gran Canaria) → Santa Cruz (La Palma) → Funchal (Madeira) → Santa Cruz (Teneriffa) → Arrecife (Lanzarote) → Las Palmas (Gran Canaria),https://www.meinschiff.com/de/trips/7-naechte-kanaren-mit-madeira-abbis-las-palmas-MSA273233SEE?cabinCategoryType=IKBO2V&priceMode=perPerson&tariff=PRO,2026-10-08,2026-10-08
MSA273334SEE,Mein Schiff,12 Nächte - Perlen des Atlantiks - ab Santa Cruz/bis Hamburg,Mein Schiff Relax,2027-04-23,2027-05-05,12,WE,Teneriffa bis Hamburg,Santa Cruz (Teneriffa) → Arrecife (Lanzarote) → Las Palmas (Gran Canaria) → Puerto del Rosario (Fuerteventura) → Funchal (Madeira) → Lissabon → A Coruña → Hamburg,https://www.meinschiff.com/de/trips/12-naechte-perlen-des-atlantiks-ab-santa-cruzbis-hamburg-MSA273334SEE?cabinCategoryType=INBO2V&priceMode=perPerson&tariff=PRO,2026-10-08,2026-10-08
MSA2734SEE,Mein Schiff,"10 Nächte - Kanaren, Madeira & Europas Westküste - ab Las Palmas/bis Hamburg",Mein Schiff Relax,2027-04-25,2027-05-05,10,WE,Gran Canaria bis Hamburg,Las Palmas (Gran Canaria) → Puerto del Rosario (Fuerteventura) → Funchal (Madeira) → Lissabon → A Coruña → Hamburg,https://www.meinschiff.com/de/trips/10-naechte-kanaren-madeira-europas-westkueste-ab-las-palmasbis-hamburg-MSA2734SEE?cabinCategoryType=IKCO2V&priceMode=perPerson&tariff=PRO,2026-10-08,2026-10-08
MSA2735SEE,Mein Schiff,4 Nächte - Oslo erleben: Feiern an Bord & Hygge an Land - ab/bis Hamburg,Mein Schiff Relax,2027-05-05,2027-05-09,4,OB,Südskandinavien 32,Hamburg → Oslo (Oslofjord) → Hamburg,https://www.meinschiff.com/de/trips/4-naechte-oslo-erleben-feiern-an-bord-hygge-an-land-abbis-hamburg-MSA2735SEE?cabinCategoryType=INBO2V&priceMode=perPerson&tariff=PRO,2026-10-08,2026-10-08
MSA2736SEE,Mein Schiff,7 Nächte - Norwegens Fjordwelten - ab/bis Hamburg,Mein Schiff Relax,2027-05-09,2027-05-16,7,NL,Südnorwegen 90,Hamburg → Flåm (Aurlandsfjord) → Ålesund → Nordfjordeid (Eidsfjord) → Bergen → Hamburg,https://www.meinschiff.com/de/trips/7-naechte-norwegens-fjordwelten-abbis-hamburg-MSA2736SEE?cabinCategoryType=INBO2V&priceMode=perPerson&tariff=PRO,2026-10-08,2026-10-08
MSA2737SEE,Mein Schiff,7 Nächte - Norwegens Fjordwelten - ab/bis Hamburg,Mein Schiff Relax,2027-05-16,2027-05-23,7,NL,Südnorwegen 91,Hamburg → Flåm (Aurlandsfjord) → Nordfjordeid (Eidsfjord) → Ålesund → Bergen → Hamburg,https://www.meinschiff.com/de/trips/7-naechte-norwegens-fjordwelten-abbis-hamburg-MSA2737SEE?cabinCategoryType=INAO2V&priceMode=perPerson&tariff=PRO,2026-10-08,2026-10-08
MSA2738SEE,Mein Schiff,7 Nächte - Norwegens Fjordwelten - ab/bis Hamburg,Mein Schiff Relax,2027-05-23,2027-05-30,7,NL,Südnorwegen 92,Hamburg → Flåm (Aurlandsfjord) → Nordfjordeid (Eidsfjord) → Ålesund → Haugesund → Hamburg,https://www.meinschiff.com/de/trips/7-naechte-norwegens-fjordwelten-abbis-hamburg-MSA2738SEE?cabinCategoryType=INAO2V&priceMode=perPerson&tariff=PRO,2026-10-08,2026-10-08
MSA2739SEE,Mein Schiff,7 Nächte - Norwegens Fjordwelten - ab/bis Hamburg,Mein Schiff Relax,2027-05-30,2027-06-06,7,NL,Südnorwegen 93,Hamburg → Stavanger → Nordfjordeid (Eidsfjord) → Ålesund → Bergen → Hamburg,https://www.meinschiff.com/de/trips/7-naechte-norwegens-fjordwelten-abbis-hamburg-MSA2739SEE?cabinCategoryType=INAO2V&priceMode=perPerson&tariff=PRO,2026-10-08,2026-10-08
MSA2740SEE,Mein Schiff,7 Nächte - Norwegens Fjordwelten - ab/bis Hamburg,Mein Schiff Relax,2027-06-06,2027-06-13,7,NL,Südnorwegen 135,Hamburg → Ålesund → Molde (Moldefjord) → Nordfjordeid (Eidsfjord) → Sightseeing Hardangerfjord → Hamburg,https://www.meinschiff.com/de/trips/7-naechte-norwegens-fjordwelten-abbis-hamburg-MSA2740SEE?cabinCategoryType=INBO2V&priceMode=perPerson&tariff=PRO,2026-10-08,2026-10-08
MSA2741SEE,Mein Schiff,7 Nächte - Norwegens Fjordwelten - ab/bis Hamburg,Mein Schiff Relax,2027-06-13,2027-06-20,7,NL,Südnorwegen 95,Hamburg → Stavanger → Nordfjordeid (Eidsfjord) → Ålesund → Haugesund → Hamburg,https://www.meinschiff.com/de/trips/7-naechte-norwegens-fjordwelten-abbis-hamburg-MSA2741SEE?cabinCategoryType=INBO2V&priceMode=perPerson&tariff=PRO,2026-10-08,2026-10-08
MSA2742SEE,Mein Schiff,4 Nächte - Oslo entdecken: Entspannung im hohen Norden - ab Hamburg/bis Kiel,Mein Schiff Relax,2027-06-20,2027-06-24,4,OB,Ostsee & Baltikum 35,Hamburg → Oslo (Oslofjord) → Kiel,https://www.meinschiff.com/de/trips/4-naechte-oslo-entdecken-entspannung-im-hohen-norden-ab-hamburgbis-kiel-MSA2742SEE?cabinCategoryType=INBO2V&priceMode=perPerson&tariff=PRO,2026-10-08,2026-10-08
MSA2744SEE,Mein Schiff,11 Nächte - Schönheiten des Nordens - ab Kiel/bis Hamburg,Mein Schiff Relax,2027-06-27,2027-07-08,11,NL,Südnorwegen 96,Kiel → Kopenhagen → Nordfjordeid (Eidsfjord) → Ålesund → Geiranger (Geirangerfjord) → Hellesylt (Sunnylvsfjord) → Molde (Moldefjord) → Trondheim (Trondheimfjord) → Hamburg,https://www.meinschiff.com/de/trips/11-naechte-schoenheiten-des-nordens-ab-kielbis-hamburg-MSA2744SEE?cabinCategoryType=INBO2V&priceMode=perPerson&tariff=PRO,2026-10-08,2026-10-08
MSA2745SEE,Mein Schiff,11 Nächte - Norwegens Fjordwelten - ab/bis Hamburg,Mein Schiff Relax,2027-07-08,2027-07-19,11,NL,Südnorwegen 97,Hamburg → Bergen → Geiranger (Geirangerfjord) → Hellesylt (Sunnylvsfjord) → Trondheim (Trondheimfjord) → Ålesund → Oslo (Oslofjord) → Kristiansand → Hamburg,https://www.meinschiff.com/de/trips/11-naechte-norwegens-fjordwelten-abbis-hamburg-MSA2745SEE?cabinCategoryType=INBO2V&priceMode=perPerson&tariff=PRO,2026-10-08,2026-10-08
MSA2746SEE,Mein Schiff,14 Nächte - Im Land der Mitternachtssonne - ab/bis Hamburg,Mein Schiff Relax,2027-07-19,2027-08-02,14,NL,Südnorwegen 98,Hamburg → Nordfjordeid (Eidsfjord) → Geiranger (Geirangerfjord) → Hellesylt (Sunnylvsfjord) → Honningsvåg (Nordkap) → Trondheim (Trondheimfjord) → Molde (Moldefjord) → Flåm (Aurlandsfjord) → Haugesund → Hamburg,https://www.meinschiff.com/de/trips/14-naechte-im-land-der-mitternachtssonne-abbis-hamburg-MSA2746SEE?cabinCategoryType=INBO2V&priceMode=perPerson&tariff=PRO,2026-10-08,2026-10-08
MSA2747SEE,Mein Schiff,9 Nächte - Norwegens Fjordwelten - ab/bis Hamburg ,Mein Schiff Relax,2027-08-02,2027-08-11,9,NL,Südnorwegen 99,Hamburg → Oslo (Oslofjord) → Nordfjordeid (Eidsfjord) → Geiranger (Geirangerfjord) → Hellesylt (Sunnylvsfjord) → Molde (Moldefjord) → Ålesund → Hamburg,https://www.meinschiff.com/de/trips/9-naechte-norwegens-fjordwelten-abbis-hamburg-MSA2747SEE?cabinCategoryType=INBO2V&priceMode=perPerson&tariff=PRO,2026-10-08,2026-10-08
MSA2748SEE,Mein Schiff,11 Nächte - Norwegens Fjordwelten - ab/bis Hamburg,Mein Schiff Relax,2027-08-11,2027-08-22,11,NL,Südnorwegen 100,Hamburg → Nordfjordeid (Eidsfjord) → Ålesund → Geiranger (Geirangerfjord) → Hellesylt (Sunnylvsfjord) → Trondheim (Trondheimfjord) → Molde (Moldefjord) → Kristiansand → Hamburg,https://www.meinschiff.com/de/trips/11-naechte-norwegens-fjordwelten-abbis-hamburg-MSA2748SEE?cabinCategoryType=INCO2V&priceMode=perPerson&tariff=PRO,2026-10-08,2026-10-08
MSA2749SEE,Mein Schiff,7 Nächte - Fjordland Norwegen - ab/bis Hamburg,Mein Schiff Relax,2027-08-22,2027-08-29,7,NL,Südnorwegen 101,Hamburg → Nordfjordeid (Eidsfjord) → Molde (Moldefjord) → Bergen → Haugesund → Hamburg,https://www.meinschiff.com/de/trips/7-naechte-fjordland-norwegen-abbis-hamburg-MSA2749SEE?cabinCategoryType=INBO2V&priceMode=perPerson&tariff=PRO,2026-10-08,2026-10-08
MSA2750SEE,Mein Schiff,7 Nächte - Norwegen mit Geirangerfjord - ab/bis Hamburg,Mein Schiff Relax,2027-08-29,2027-09-05,7,NL,Südnorwegen 102,Hamburg → Nordfjordeid (Eidsfjord) → Geiranger (Geirangerfjord) → Hellesylt (Sunnylvsfjord) → Molde (Moldefjord) → Ålesund → Hamburg,https://www.meinschiff.com/de/trips/7-naechte-norwegen-mit-geirangerfjord-abbis-hamburg-MSA2750SEE?cabinCategoryType=INBO2V&priceMode=perPerson&tariff=PRO,2026-10-08,2026-10-08
MSA2751SEE,Mein Schiff,7 Nächte - Vielfalt Norwegens - ab/bis Hamburg,Mein Schiff Relax,2027-09-05,2027-09-12,7,NL,Südnorwegen 103,Hamburg → Flåm (Aurlandsfjord) → Nordfjordeid (Eidsfjord) → Ålesund → Bergen → Hamburg,https://www.meinschiff.com/de/trips/7-naechte-vielfalt-norwegens-abbis-hamburg-MSA2751SEE?cabinCategoryType=INBO2V&priceMode=perPerson&tariff=PRO,2026-10-08,2026-10-08
MSA2752SEE,Mein Schiff,6 Nächte - Norwegen mit Geirangerfjord - ab/bis Hamburg,Mein Schiff Relax,2027-09-12,2027-09-18,6,NL,Südnorwegen 104,Hamburg → Bergen → Geiranger (Geirangerfjord) → Hellesylt (Sunnylvsfjord) → Ålesund → Hamburg,https://www.meinschiff.com/de/trips/6-naechte-norwegen-mit-geirangerfjord-abbis-hamburg-MSA2752SEE?cabinCategoryType=INBO2V&priceMode=perPerson&tariff=PRO,2026-10-08,2026-10-08
MSA2753SEE,Mein Schiff,8 Nächte - Adults-only: Norwegen mit Geirangerfjord - ab/bis Hamburg,Mein Schiff Relax,2027-09-18,2027-09-26,8,NL,Südnorwegen 105,Hamburg → Stavanger → Bergen → Geiranger (Geirangerfjord) → Hellesylt (Sunnylvsfjord) → Ålesund → Haugesund → Hamburg,https://www.meinschiff.com/de/trips/8-naechte-adults-only-norwegen-mit-geirangerfjord-abbis-hamburg-MSA2753SEE?cabinCategoryType=INBO2V&priceMode=perPerson&tariff=PRO,2026-10-08,2026-10-08
MSA2754SEE,Mein Schiff,7 Nächte - Adults-only: Norwegens Fjordwelten - ab/bis Hamburg,Mein Schiff Relax,2027-09-26,2027-10-03,7,NL,Südnorwegen 103,Hamburg → Flåm (Aurlandsfjord) → Nordfjordeid (Eidsfjord) → Ålesund → Bergen → Hamburg,https://www.meinschiff.com/de/trips/7-naechte-adults-only-norwegens-fjordwelten-abbis-hamburg-MSA2754SEE?cabinCategoryType=INBO2V&priceMode=perPerson&tariff=PRO,2026-10-08,2026-10-08
MSA2755SEE,Mein Schiff,8 Nächte - Fjordland Norwegen - ab/bis Hamburg,Mein Schiff Relax,2027-10-03,2027-10-11,8,NL,Südnorwegen 106,Hamburg → Nordfjordeid (Eidsfjord) → Molde (Moldefjord) → Bergen → Haugesund → Kristiansand → Hamburg,https://www.meinschiff.com/de/trips/8-naechte-fjordland-norwegen-abbis-hamburg-MSA2755SEE?cabinCategoryType=INBO2V&priceMode=perPerson&tariff=PRO,2026-10-08,2026-10-08
MSA2756SEE,Mein Schiff,9 Nächte - Norwegens Fjordwelten - ab/bis Hamburg,Mein Schiff Relax,2027-10-11,2027-10-20,9,NL,Südnorwegen 107,Hamburg → Bergen → Flåm (Aurlandsfjord) → Nordfjordeid (Eidsfjord) → Kristiansand → Oslo (Oslofjord) → Hamburg,https://www.meinschiff.com/de/trips/9-naechte-norwegens-fjordwelten-abbis-hamburg-MSA2756SEE?cabinCategoryType=INBO2V&priceMode=perPerson&tariff=PRO,2026-10-08,2026-10-08
MSA275758SEE,Mein Schiff,11 Nächte - Westküste mit Kanaren - ab Hamburg/bis Las Palmas,Mein Schiff Relax,2027-10-20,2027-10-31,11,WE,Hamburg bis Gran Canaria 007,Hamburg → Le Havre (Paris) → A Coruña → Funchal (Madeira) → Santa Cruz (La Palma) → Santa Cruz (Teneriffa) → Arrecife (Lanzarote) → Las Palmas (Gran Canaria),https://www.meinschiff.com/de/trips/11-naechte-westkueste-mit-kanaren-ab-hamburgbis-las-palmas-MSA275758SEE?cabinCategoryType=IKCO2V&priceMode=perPerson&tariff=PRO,2026-10-08,2026-10-08
MSA2757SEE,Mein Schiff,9 Nächte - Westküste mit Kanaren - ab Hamburg/bis Santa Cruz,Mein Schiff Relax,2027-10-20,2027-10-29,9,WE,Hamburg bis Teneriffa 006,Hamburg → Le Havre (Paris) → A Coruña → Funchal (Madeira) → Santa Cruz (La Palma) → Santa Cruz (Teneriffa),https://www.meinschiff.com/de/trips/9-naechte-westkueste-mit-kanaren-ab-hamburgbis-santa-cruz-MSA2757SEE?cabinCategoryType=INCO2V&priceMode=perPerson&tariff=PRO,2026-10-08,2026-10-08
MSA275859SEE,Mein Schiff,7 Nächte - Kanaren mit Madeira - ab/bis Santa Cruz,Mein Schiff Relax,2027-10-29,2027-11-05,7,KN,Kanaren 43,Santa Cruz (Teneriffa) → Arrecife (Lanzarote) → Las Palmas (Gran Canaria) → Funchal (Madeira) → Santa Cruz (La Palma) → Santa Cruz (Teneriffa),https://www.meinschiff.com/de/trips/7-naechte-kanaren-mit-madeira-abbis-santa-cruz-MSA275859SEE?cabinCategoryType=INCO2V&priceMode=perPerson&tariff=PRO,2026-10-08,2026-10-08
MSA275960SEE,Mein Schiff,7 Nächte - Kanaren mit Madeira - ab/bis Las Palmas,Mein Schiff Relax,2027-10-31,2027-11-07,7,KN,Kanaren 150 ab/bis Las Palmas,Las Palmas (Gran Canaria) → Funchal (Madeira) → Santa Cruz (La Palma) → Santa Cruz (Teneriffa) → Arrecife (Lanzarote) → Las Palmas (Gran Canaria),https://www.meinschiff.com/de/trips/7-naechte-kanaren-mit-madeira-abbis-las-palmas-MSA275960SEE?cabinCategoryType=IKBO2V&priceMode=perPerson&tariff=PRO,2026-10-08,2026-10-08
MSA276061SEE,Mein Schiff,7 Nächte - Kanaren mit Marokko - ab/bis Santa Cruz,Mein Schiff Relax,2027-11-05,2027-11-12,7,KN,Kanaren 168,Santa Cruz (Teneriffa) → Arrecife (Lanzarote) → Las Palmas (Gran Canaria) → Puerto del Rosario (Fuerteventura) → Agadir → Santa Cruz (Teneriffa),https://www.meinschiff.com/de/trips/7-naechte-kanaren-mit-marokko-abbis-santa-cruz-MSA276061SEE?cabinCategoryType=INCO2V&priceMode=perPerson&tariff=PRO,2026-10-08,2026-10-08
MSA276162SEE,Mein Schiff,7 Nächte - Kanaren mit Marokko - ab/bis Las Palmas,Mein Schiff Relax,2027-11-07,2027-11-14,7,KN,Kanaren 169,Las Palmas (Gran Canaria) → Puerto del Rosario (Fuerteventura) → Agadir → Santa Cruz (Teneriffa) → Arrecife (Lanzarote) → Las Palmas (Gran Canaria),https://www.meinschiff.com/de/trips/7-naechte-kanaren-mit-marokko-abbis-las-palmas-MSA276162SEE?cabinCategoryType=IKCO2V&priceMode=perPerson&tariff=PRO,2026-10-08,2026-10-08
MSA276263SEE,Mein Schiff,7 Nächte - Kanaren mit Madeira - ab/bis Santa Cruz,Mein Schiff Relax,2027-11-12,2027-11-19,7,KN,Kanaren 66,Santa Cruz (Teneriffa) → Arrecife (Lanzarote) → Las Palmas (Gran Canaria) → Funchal (Madeira) → Santa Cruz (La Palma) → Santa Cruz (Teneriffa),https://www.meinschiff.com/de/trips/7-naechte-kanaren-mit-madeira-abbis-santa-cruz-MSA276263SEE?cabinCategoryType=INCO2V&priceMode=perPerson&tariff=PRO,2026-10-08,2026-10-08
MSA276364SEE,Mein Schiff,7 Nächte - Kanaren mit Madeira - ab/bis Las Palmas,Mein Schiff Relax,2027-11-14,2027-11-21,7,KN,Kanaren 72,Las Palmas (Gran Canaria) → Funchal (Madeira) → Santa Cruz (La Palma) → Santa Cruz (Teneriffa) → Arrecife (Lanzarote) → Las Palmas (Gran Canaria),https://www.meinschiff.com/de/trips/7-naechte-kanaren-mit-madeira-abbis-las-palmas-MSA276364SEE?cabinCategoryType=IKCO2V&priceMode=perPerson&tariff=PRO,2026-10-08,2026-10-08
MSA276465SEE,Mein Schiff,7 Nächte - Kanaren mit Madeira - ab/bis Santa Cruz,Mein Schiff Relax,2027-11-19,2027-11-26,7,KN,Kanaren 145 ab/bis Teneriffa,Santa Cruz (Teneriffa) → Arrecife (Lanzarote) → Las Palmas (Gran Canaria) → Puerto del Rosario (Fuerteventura) → Funchal (Madeira) → Santa Cruz (Teneriffa),https://www.meinschiff.com/de/trips/7-naechte-kanaren-mit-madeira-abbis-santa-cruz-MSA276465SEE?cabinCategoryType=INBO2V&priceMode=perPerson&tariff=PRO,2026-10-08,2026-10-08
MSA276566SEE,Mein Schiff,7 Nächte - Kanaren mit Madeira - ab/bis Las Palmas,Mein Schiff Relax,2027-11-21,2027-11-28,7,KN,Kanaren 146 ab/bis Las Palmas,Las Palmas (Gran Canaria) → Puerto del Rosario (Fuerteventura) → Funchal (Madeira) → Santa Cruz (Teneriffa) → Arrecife (Lanzarote) → Las Palmas (Gran Canaria),https://www.meinschiff.com/de/trips/7-naechte-kanaren-mit-madeira-abbis-las-palmas-MSA276566SEE?cabinCategoryType=IKCO2V&priceMode=perPerson&tariff=PRO,2026-10-08,2026-10-08
MSA276667SEE,Mein Schiff,7 Nächte - Kanaren mit Madeira - ab/bis Santa Cruz,Mein Schiff Relax,2027-11-26,2027-12-03,7,KN,Kanaren 66,Santa Cruz (Teneriffa) → Arrecife (Lanzarote) → Las Palmas (Gran Canaria) → Funchal (Madeira) → Santa Cruz (La Palma) → Santa Cruz (Teneriffa),https://www.meinschiff.com/de/trips/7-naechte-kanaren-mit-madeira-abbis-santa-cruz-MSA276667SEE?cabinCategoryType=INCO2V&priceMode=perPerson&tariff=PRO,2026-10-08,2026-10-08
MSA276768SEE,Mein Schiff,7 Nächte - Kanaren mit Madeira - ab/bis Las Palmas,Mein Schiff Relax,2027-11-28,2027-12-05,7,KN,Kanaren 72,Las Palmas (Gran Canaria) → Funchal (Madeira) → Santa Cruz (La Palma) → Santa Cruz (Teneriffa) → Arrecife (Lanzarote) → Las Palmas (Gran Canaria),https://www.meinschiff.com/de/trips/7-naechte-kanaren-mit-madeira-abbis-las-palmas-MSA276768SEE?cabinCategoryType=IKCO2V&priceMode=perPerson&tariff=PRO,2026-10-08,2026-10-08
MSA276869SEE,Mein Schiff,7 Nächte - Kanaren mit Madeira - ab/bis Santa Cruz,Mein Schiff Relax,2027-12-03,2027-12-10,7,KN,Kanaren 145 ab/bis Teneriffa,Santa Cruz (Teneriffa) → Arrecife (Lanzarote) → Las Palmas (Gran Canaria) → Puerto del Rosario (Fuerteventura) → Funchal (Madeira) → Santa Cruz (Teneriffa),https://www.meinschiff.com/de/trips/7-naechte-kanaren-mit-madeira-abbis-santa-cruz-MSA276869SEE?cabinCategoryType=INCO2V&priceMode=perPerson&tariff=PRO,2026-10-08,2026-10-08
MSA276970SEE,Mein Schiff,7 Nächte - Kanaren mit Madeira - ab/bis Las Palmas,Mein Schiff Relax,2027-12-05,2027-12-12,7,KN,Kanaren 146 ab/bis Las Palmas,Las Palmas (Gran Canaria) → Puerto del Rosario (Fuerteventura) → Funchal (Madeira) → Santa Cruz (Teneriffa) → Arrecife (Lanzarote) → Las Palmas (Gran Canaria),https://www.meinschiff.com/de/trips/7-naechte-kanaren-mit-madeira-abbis-las-palmas-MSA276970SEE?cabinCategoryType=IKCO2V&priceMode=perPerson&tariff=PRO,2026-10-08,2026-10-08
MSA277071SEE,Mein Schiff,7 Nächte - Kanaren mit Madeira - ab/bis Santa Cruz,Mein Schiff Relax,2027-12-10,2027-12-17,7,KN,Kanaren 66,Santa Cruz (Teneriffa) → Arrecife (Lanzarote) → Las Palmas (Gran Canaria) → Funchal (Madeira) → Santa Cruz (La Palma) → Santa Cruz (Teneriffa),https://www.meinschiff.com/de/trips/7-naechte-kanaren-mit-madeira-abbis-santa-cruz-MSA277071SEE?cabinCategoryType=INCO2V&priceMode=perPerson&tariff=PRO,2026-10-08,2026-10-08
MSA277172SEE,Mein Schiff,7 Nächte - Kanaren mit Madeira - ab/bis Las Palmas,Mein Schiff Relax,2027-12-12,2027-12-19,7,KN,Kanaren 72,Las Palmas (Gran Canaria) → Funchal (Madeira) → Santa Cruz (La Palma) → Santa Cruz (Teneriffa) → Arrecife (Lanzarote) → Las Palmas (Gran Canaria),https://www.meinschiff.com/de/trips/7-naechte-kanaren-mit-madeira-abbis-las-palmas-MSA277172SEE?cabinCategoryType=IKCO2V&priceMode=perPerson&tariff=PRO,2026-10-08,2026-10-08
MSA277273SEE,Mein Schiff,11 Nächte - Festtage Kanaren und Spaniens Süden- ab Santa Cruz/bis Palma,Mein Schiff Relax,2027-12-17,2027-12-28,11,KN,Kanaren 171,Santa Cruz (Teneriffa) → Arrecife (Lanzarote) → Las Palmas (Gran Canaria) → Puerto del Rosario (Fuerteventura) → Funchal (Madeira) → Cádiz → Cartagena (Murcia) → Barcelona → Palma (Mallorca),https://www.meinschiff.com/de/trips/11-naechte-festtage-kanaren-und-spaniens-sueden-ab-santa-cruzbis-palma-MSA277273SEE?cabinCategoryType=INCO2V&priceMode=perPerson&tariff=PRO,2026-10-08,2026-10-08
MSA277374SEE,Mein Schiff,10 Nächte - Festtage Kanaren und Spaniens Süden - ab Las Palmas/bis Palma,Mein Schiff Relax,2027-12-19,2027-12-29,10,KN,Trans-Kanaren-Mittelmeer 29,Las Palmas (Gran Canaria) → Puerto del Rosario (Fuerteventura) → Funchal (Madeira) → Cádiz → Cartagena (Murcia) → Barcelona → Palma (Mallorca),https://www.meinschiff.com/de/trips/10-naechte-festtage-kanaren-und-spaniens-sueden-ab-las-palmasbis-palma-MSA277374SEE?cabinCategoryType=IKCO2V&priceMode=perPerson&tariff=PRO,2026-10-08,2026-10-08
MSA277475SEE,Mein Schiff,10 Nächte - Jahresauftakt Spaniens Süden und Kanaren - ab Palma/bis Santa Cruz,Mein Schiff Relax,2027-12-28,2028-01-07,10,KN,Trans-Kanaren Mittelmeer 30,Palma (Mallorca) → Málaga → Lissabon → Agadir → Puerto del Rosario (Fuerteventura) → Santa Cruz (Teneriffa),https://www.meinschiff.com/de/trips/10-naechte-jahresauftakt-spaniens-sueden-und-kanaren-ab-palmabis-santa-cruz-MSA277475SEE?cabinCategoryType=INCO2V&priceMode=perPerson&tariff=PRO,2026-10-08,2026-10-08
MSA277501SEE,Mein Schiff,11 Nächte - Jahresauftakt Spaniens Süden und Kanaren - ab Palma/bis Las Palmas,Mein Schiff Relax,2027-12-29,2028-01-09,11,KN,Trans-Kanaren Mittelmeer 32,Palma (Mallorca) → Málaga → Lissabon → Agadir → Puerto del Rosario (Fuerteventura) → Santa Cruz (Teneriffa) → Arrecife (Lanzarote) → Las Palmas (Gran Canaria),https://www.meinschiff.com/de/trips/11-naechte-jahresauftakt-spaniens-sueden-und-kanaren-ab-palmabis-las-palmas-MSA277501SEE?cabinCategoryType=IKCO2V&priceMode=perPerson&tariff=PRO,2026-10-08,2026-10-08
MSA280102SEE,Mein Schiff,7 Nächte - Kanaren mit Madeira - ab/bis Santa Cruz,Mein Schiff Relax,2028-01-07,2028-01-14,7,KN,Kanaren 43,Santa Cruz (Teneriffa) → Arrecife (Lanzarote) → Las Palmas (Gran Canaria) → Funchal (Madeira) → Santa Cruz (La Palma) → Santa Cruz (Teneriffa),https://www.meinschiff.com/de/trips/7-naechte-kanaren-mit-madeira-abbis-santa-cruz-MSA280102SEE?cabinCategoryType=INCO2V&priceMode=perPerson&tariff=PRO,2026-10-08,2026-10-08
MSA280203SEE,Mein Schiff,7 Nächte - Kanaren mit Madeira - ab/bis Las Palmas,Mein Schiff Relax,2028-01-09,2028-01-16,7,KN,Kanaren 150 ab/bis Las Palmas,Las Palmas (Gran Canaria) → Funchal (Madeira) → Santa Cruz (La Palma) → Santa Cruz (Teneriffa) → Arrecife (Lanzarote) → Las Palmas (Gran Canaria),https://www.meinschiff.com/de/trips/7-naechte-kanaren-mit-madeira-abbis-las-palmas-MSA280203SEE?cabinCategoryType=IKCO2V&priceMode=perPerson&tariff=PRO,2026-10-08,2026-10-08
MSA280304SEE,Mein Schiff,7 Nächte - Kanaren mit Marokko - ab/bis Santa Cruz,Mein Schiff Relax,2028-01-14,2028-01-21,7,KN,Kanaren 168,Santa Cruz (Teneriffa) → Arrecife (Lanzarote) → Las Palmas (Gran Canaria) → Puerto del Rosario (Fuerteventura) → Agadir → Santa Cruz (Teneriffa),https://www.meinschiff.com/de/trips/7-naechte-kanaren-mit-marokko-abbis-santa-cruz-MSA280304SEE?cabinCategoryType=INCO2V&priceMode=perPerson&tariff=PRO,2026-10-08,2026-10-08
MSA280405SEE,Mein Schiff,7 Nächte - Kanaren mit Marokko - ab/bis Las Palmas,Mein Schiff Relax,2028-01-16,2028-01-23,7,KN,Kanaren 169,Las Palmas (Gran Canaria) → Puerto del Rosario (Fuerteventura) → Agadir → Santa Cruz (Teneriffa) → Arrecife (Lanzarote) → Las Palmas (Gran Canaria),https://www.meinschiff.com/de/trips/7-naechte-kanaren-mit-marokko-abbis-las-palmas-MSA280405SEE?cabinCategoryType=IKCO2V&priceMode=perPerson&tariff=PRO,2026-10-08,2026-10-08
MSA280506SEE,Mein Schiff,7 Nächte - Kanaren mit Madeira - ab/bis Santa Cruz,Mein Schiff Relax,2028-01-21,2028-01-28,7,KN,Kanaren 43,Santa Cruz (Teneriffa) → Arrecife (Lanzarote) → Las Palmas (Gran Canaria) → Funchal (Madeira) → Santa Cruz (La Palma) → Santa Cruz (Teneriffa),https://www.meinschiff.com/de/trips/7-naechte-kanaren-mit-madeira-abbis-santa-cruz-MSA280506SEE?cabinCategoryType=INCO2V&priceMode=perPerson&tariff=PRO,2026-10-08,2026-10-08
MSA280607SEE,Mein Schiff,7 Nächte - Kanaren mit Madeira - ab/bis Las Palmas,Mein Schiff Relax,2028-01-23,2028-01-30,7,KN,Kanaren 150 ab/bis Las Palmas,Las Palmas (Gran Canaria) → Funchal (Madeira) → Santa Cruz (La Palma) → Santa Cruz (Teneriffa) → Arrecife (Lanzarote) → Las Palmas (Gran Canaria),https://www.meinschiff.com/de/trips/7-naechte-kanaren-mit-madeira-abbis-las-palmas-MSA280607SEE?cabinCategoryType=IKCO2V&priceMode=perPerson&tariff=PRO,2026-10-08,2026-10-08
MSA280708SEE,Mein Schiff,7 Nächte - Kanaren mit Madeira - ab/bis Santa Cruz,Mein Schiff Relax,2028-01-28,2028-02-04,7,KN,Kanaren 145 ab/bis Teneriffa,Santa Cruz (Teneriffa) → Arrecife (Lanzarote) → Las Palmas (Gran Canaria) → Puerto del Rosario (Fuerteventura) → Funchal (Madeira) → Santa Cruz (Teneriffa),https://www.meinschiff.com/de/trips/7-naechte-kanaren-mit-madeira-abbis-santa-cruz-MSA280708SEE?cabinCategoryType=INCO2V&priceMode=perPerson&tariff=PRO,2026-10-08,2026-10-08
MSA280809SEE,Mein Schiff,7 Nächte - Kanaren mit Madeira - ab/bis Las Palmas,Mein Schiff Relax,2028-01-30,2028-02-06,7,KN,Kanaren 146 ab/bis Las Palmas,Las Palmas (Gran Canaria) → Puerto del Rosario (Fuerteventura) → Funchal (Madeira) → Santa Cruz (Teneriffa) → Arrecife (Lanzarote) → Las Palmas (Gran Canaria),https://www.meinschiff.com/de/trips/7-naechte-kanaren-mit-madeira-abbis-las-palmas-MSA280809SEE?cabinCategoryType=IKCO2V&priceMode=perPerson&tariff=PRO,2026-10-08,2026-10-08
MSA280910SEE,Mein Schiff,7 Nächte - Kanaren mit Madeira - ab/bis Santa Cruz,Mein Schiff Relax,2028-02-04,2028-02-11,7,KN,Kanaren 66,Santa Cruz (Teneriffa) → Arrecife (Lanzarote) → Las Palmas (Gran Canaria) → Funchal (Madeira) → Santa Cruz (La Palma) → Santa Cruz (Teneriffa),https://www.meinschiff.com/de/trips/7-naechte-kanaren-mit-madeira-abbis-santa-cruz-MSA280910SEE?cabinCategoryType=INCO2V&priceMode=perPerson&tariff=PRO,2026-10-08,2026-10-08
MSA281011SEE,Mein Schiff,7 Nächte - Kanaren mit Madeira - ab/bis Las Palmas,Mein Schiff Relax,2028-02-06,2028-02-13,7,KN,Kanaren 72,Las Palmas (Gran Canaria) → Funchal (Madeira) → Santa Cruz (La Palma) → Santa Cruz (Teneriffa) → Arrecife (Lanzarote) → Las Palmas (Gran Canaria),https://www.meinschiff.com/de/trips/7-naechte-kanaren-mit-madeira-abbis-las-palmas-MSA281011SEE?cabinCategoryType=IKCO2V&priceMode=perPerson&tariff=PRO,2026-10-08,2026-10-08
MSA281112SEE,Mein Schiff,7 Nächte - Kanaren mit Madeira - ab/bis Santa Cruz,Mein Schiff Relax,2028-02-11,2028-02-18,7,KN,Kanaren 145 ab/bis Teneriffa,Santa Cruz (Teneriffa) → Arrecife (Lanzarote) → Las Palmas (Gran Canaria) → Puerto del Rosario (Fuerteventura) → Funchal (Madeira) → Santa Cruz (Teneriffa),https://www.meinschiff.com/de/trips/7-naechte-kanaren-mit-madeira-abbis-santa-cruz-MSA281112SEE?cabinCategoryType=INCO2V&priceMode=perPerson&tariff=PRO,2026-10-08,2026-10-08
MSA281213SEE,Mein Schiff,7 Nächte - Kanaren mit Madeira - ab/bis Las Palmas,Mein Schiff Relax,2028-02-13,2028-02-20,7,KN,Kanaren 146 ab/bis Las Palmas,Las Palmas (Gran Canaria) → Puerto del Rosario (Fuerteventura) → Funchal (Madeira) → Santa Cruz (Teneriffa) → Arrecife (Lanzarote) → Las Palmas (Gran Canaria),https://www.meinschiff.com/de/trips/7-naechte-kanaren-mit-madeira-abbis-las-palmas-MSA281213SEE?cabinCategoryType=IKCO2V&priceMode=perPerson&tariff=PRO,2026-10-08,2026-10-08
MSA281314SEE,Mein Schiff,7 Nächte - Kanaren mit Madeira - ab/bis Santa Cruz,Mein Schiff Relax,2028-02-18,2028-02-25,7,KN,Kanaren 66,Santa Cruz (Teneriffa) → Arrecife (Lanzarote) → Las Palmas (Gran Canaria) → Funchal (Madeira) → Santa Cruz (La Palma) → Santa Cruz (Teneriffa),https://www.meinschiff.com/de/trips/7-naechte-kanaren-mit-madeira-abbis-santa-cruz-MSA281314SEE?cabinCategoryType=INCO2V&priceMode=perPerson&tariff=PRO,2026-10-08,2026-10-08
MSA281415SEE,Mein Schiff,7 Nächte - Kanaren mit Madeira - ab/bis Las Palmas,Mein Schiff Relax,2028-02-20,2028-02-27,7,KN,Kanaren 72,Las Palmas (Gran Canaria) → Funchal (Madeira) → Santa Cruz (La Palma) → Santa Cruz (Teneriffa) → Arrecife (Lanzarote) → Las Palmas (Gran Canaria),https://www.meinschiff.com/de/trips/7-naechte-kanaren-mit-madeira-abbis-las-palmas-MSA281415SEE?cabinCategoryType=IKCO2V&priceMode=perPerson&tariff=PRO,2026-10-08,2026-10-08
MSA281516SEE,Mein Schiff,7 Nächte - Kanaren mit Marokko - ab/bis Santa Cruz,Mein Schiff Relax,2028-02-25,2028-03-03,7,KN,Kanaren 168,Santa Cruz (Teneriffa) → Arrecife (Lanzarote) → Las Palmas (Gran Canaria) → Puerto del Rosario (Fuerteventura) → Agadir → Santa Cruz (Teneriffa),https://www.meinschiff.com/de/trips/7-naechte-kanaren-mit-marokko-abbis-santa-cruz-MSA281516SEE?cabinCategoryType=INCO2V&priceMode=perPerson&tariff=PRO,2026-10-08,2026-10-08
MSA281617SEE,Mein Schiff,7 Nächte - Kanaren mit Marokko - ab/bis Las Palmas,Mein Schiff Relax,2028-02-27,2028-03-05,7,KN,Kanaren 169,Las Palmas (Gran Canaria) → Puerto del Rosario (Fuerteventura) → Agadir → Santa Cruz (Teneriffa) → Arrecife (Lanzarote) → Las Palmas (Gran Canaria),https://www.meinschiff.com/de/trips/7-naechte-kanaren-mit-marokko-abbis-las-palmas-MSA281617SEE?cabinCategoryType=IKCO2V&priceMode=perPerson&tariff=PRO,2026-10-08,2026-10-08
MSA281718SEE,Mein Schiff,7 Nächte - Kanaren mit Madeira - ab/bis Santa Cruz,Mein Schiff Relax,2028-03-03,2028-03-10,7,KN,Kanaren 66,Santa Cruz (Teneriffa) → Arrecife (Lanzarote) → Las Palmas (Gran Canaria) → Funchal (Madeira) → Santa Cruz (La Palma) → Santa Cruz (Teneriffa),https://www.meinschiff.com/de/trips/7-naechte-kanaren-mit-madeira-abbis-santa-cruz-MSA281718SEE?cabinCategoryType=INCO2V&priceMode=perPerson&tariff=PRO,2026-10-08,2026-10-08
MSA281819SEE,Mein Schiff,7 Nächte - Kanaren mit Madeira - ab/bis Las Palmas,Mein Schiff Relax,2028-03-05,2028-03-12,7,KN,Kanaren 72,Las Palmas (Gran Canaria) → Funchal (Madeira) → Santa Cruz (La Palma) → Santa Cruz (Teneriffa) → Arrecife (Lanzarote) → Las Palmas (Gran Canaria),https://www.meinschiff.com/de/trips/7-naechte-kanaren-mit-madeira-abbis-las-palmas-MSA281819SEE?cabinCategoryType=IKCO2V&priceMode=perPerson&tariff=PRO,2026-10-08,2026-10-08
MSA281920SEE,Mein Schiff,7 Nächte - Kanaren mit Madeira - ab/bis Santa Cruz,Mein Schiff Relax,2028-03-10,2028-03-17,7,KN,Kanaren 145 ab/bis Teneriffa,Santa Cruz (Teneriffa) → Arrecife (Lanzarote) → Las Palmas (Gran Canaria) → Puerto del Rosario (Fuerteventura) → Funchal (Madeira) → Santa Cruz (Teneriffa),https://www.meinschiff.com/de/trips/7-naechte-kanaren-mit-madeira-abbis-santa-cruz-MSA281920SEE?cabinCategoryType=INCO2V&priceMode=perPerson&tariff=PRO,2026-10-08,2026-10-08
MSA282021SEE,Mein Schiff,7 Nächte - Kanaren mit Madeira - ab/bis Las Palmas,Mein Schiff Relax,2028-03-12,2028-03-19,7,KN,Kanaren 146 ab/bis Las Palmas,Las Palmas (Gran Canaria) → Puerto del Rosario (Fuerteventura) → Funchal (Madeira) → Santa Cruz (Teneriffa) → Arrecife (Lanzarote) → Las Palmas (Gran Canaria),https://www.meinschiff.com/de/trips/7-naechte-kanaren-mit-madeira-abbis-las-palmas-MSA282021SEE?cabinCategoryType=IKCO2V&priceMode=perPerson&tariff=PRO,2026-10-08,2026-10-08
MSA282122SEE,Mein Schiff,7 Nächte - Kanaren mit Madeira - ab/bis Santa Cruz,Mein Schiff Relax,2028-03-17,2028-03-24,7,KN,Kanaren 66,Santa Cruz (Teneriffa) → Arrecife (Lanzarote) → Las Palmas (Gran Canaria) → Funchal (Madeira) → Santa Cruz (La Palma) → Santa Cruz (Teneriffa),https://www.meinschiff.com/de/trips/7-naechte-kanaren-mit-madeira-abbis-santa-cruz-MSA282122SEE?cabinCategoryType=INCO2V&priceMode=perPerson&tariff=PRO,2026-10-08,2026-10-08
MSA282223SEE,Mein Schiff,7 Nächte - Kanaren mit Madeira - ab/bis Las Palmas,Mein Schiff Relax,2028-03-19,2028-03-26,7,KN,Kanaren 72,Las Palmas (Gran Canaria) → Funchal (Madeira) → Santa Cruz (La Palma) → Santa Cruz (Teneriffa) → Arrecife (Lanzarote) → Las Palmas (Gran Canaria),https://www.meinschiff.com/de/trips/7-naechte-kanaren-mit-madeira-abbis-las-palmas-MSA282223SEE?cabinCategoryType=IKCO2V&priceMode=perPerson&tariff=PRO,2026-10-08,2026-10-08
MSA282324SEE,Mein Schiff,7 Nächte - Kanaren mit Marokko - ab/bis Santa Cruz,Mein Schiff Relax,2028-03-24,2028-03-31,7,KN,Kanaren 168,Santa Cruz (Teneriffa) → Arrecife (Lanzarote) → Las Palmas (Gran Canaria) → Puerto del Rosario (Fuerteventura) → Agadir → Santa Cruz (Teneriffa),https://www.meinschiff.com/de/trips/7-naechte-kanaren-mit-marokko-abbis-santa-cruz-MSA282324SEE?cabinCategoryType=INCO2V&priceMode=perPerson&tariff=PRO,2026-10-08,2026-10-08
MSA282425SEE,Mein Schiff,7 Nächte - Kanaren mit Marokko - ab/bis Las Palmas,Mein Schiff Relax,2028-03-26,2028-04-02,7,KN,Kanaren 169,Las Palmas (Gran Canaria) → Puerto del Rosario (Fuerteventura) → Agadir → Santa Cruz (Teneriffa) → Arrecife (Lanzarote) → Las Palmas (Gran Canaria),https://www.meinschiff.com/de/trips/7-naechte-kanaren-mit-marokko-abbis-las-palmas-MSA282425SEE?cabinCategoryType=IKCO2V&priceMode=perPerson&tariff=PRO,2026-10-08,2026-10-08
MSA282526SEE,Mein Schiff,7 Nächte - Kanaren mit Madeira - ab/bis Santa Cruz,Mein Schiff Relax,2028-03-31,2028-04-07,7,KN,Kanaren 66,Santa Cruz (Teneriffa) → Arrecife (Lanzarote) → Las Palmas (Gran Canaria) → Funchal (Madeira) → Santa Cruz (La Palma) → Santa Cruz (Teneriffa),https://www.meinschiff.com/de/trips/7-naechte-kanaren-mit-madeira-abbis-santa-cruz-MSA282526SEE?cabinCategoryType=INCO2V&priceMode=perPerson&tariff=PRO,2026-10-08,2026-10-08
MSA282627SEE,Mein Schiff,7 Nächte - Kanaren mit Madeira - ab/bis Las Palmas,Mein Schiff Relax,2028-04-02,2028-04-09,7,KN,Kanaren 72,Las Palmas (Gran Canaria) → Funchal (Madeira) → Santa Cruz (La Palma) → Santa Cruz (Teneriffa) → Arrecife (Lanzarote) → Las Palmas (Gran Canaria),https://www.meinschiff.com/de/trips/7-naechte-kanaren-mit-madeira-abbis-las-palmas-MSA282627SEE?cabinCategoryType=IKCO2V&priceMode=perPerson&tariff=PRO,2026-10-08,2026-10-08
MSA282728SEE,Mein Schiff,7 Nächte - Kanaren mit Marokko - ab/bis Santa Cruz,Mein Schiff Relax,2028-04-07,2028-04-14,7,KN,Kanaren 170,Santa Cruz (Teneriffa) → Arrecife (Lanzarote) → Las Palmas (Gran Canaria) → Puerto del Rosario (Fuerteventura) → Agadir → Santa Cruz (Teneriffa),https://www.meinschiff.com/de/trips/7-naechte-kanaren-mit-marokko-abbis-santa-cruz-MSA282728SEE?cabinCategoryType=INCO2V&priceMode=perPerson&tariff=PRO,2026-10-08,2026-10-08
MSA282829SEE,Mein Schiff,7 Nächte - Kanaren mit Marokko - ab/bis Las Palmas,Mein Schiff Relax,2028-04-09,2028-04-16,7,KN,Kanaren 169,Las Palmas (Gran Canaria) → Puerto del Rosario (Fuerteventura) → Agadir → Santa Cruz (Teneriffa) → Arrecife (Lanzarote) → Las Palmas (Gran Canaria),https://www.meinschiff.com/de/trips/7-naechte-kanaren-mit-marokko-abbis-las-palmas-MSA282829SEE?cabinCategoryType=IKCO2V&priceMode=perPerson&tariff=PRO,2026-10-08,2026-10-08
MSA282930SEE,Mein Schiff,7 Nächte - Kanaren mit Madeira - ab/bis Santa Cruz,Mein Schiff Relax,2028-04-14,2028-04-21,7,KN,Kanaren 66,Santa Cruz (Teneriffa) → Arrecife (Lanzarote) → Las Palmas (Gran Canaria) → Funchal (Madeira) → Santa Cruz (La Palma) → Santa Cruz (Teneriffa),https://www.meinschiff.com/de/trips/7-naechte-kanaren-mit-madeira-abbis-santa-cruz-MSA282930SEE?cabinCategoryType=INCO2V&priceMode=perPerson&tariff=PRO,2026-10-08,2026-10-08
MSA283031SEE,Mein Schiff,7 Nächte - Kanaren mit Madeira - ab/bis Las Palmas,Mein Schiff Relax,2028-04-16,2028-04-23,7,KN,Kanaren 72,Las Palmas (Gran Canaria) → Funchal (Madeira) → Santa Cruz (La Palma) → Santa Cruz (Teneriffa) → Arrecife (Lanzarote) → Las Palmas (Gran Canaria),https://www.meinschiff.com/de/trips/7-naechte-kanaren-mit-madeira-abbis-las-palmas-MSA283031SEE?cabinCategoryType=IKCO2V&priceMode=perPerson&tariff=PRO,2026-10-08,2026-10-08
MSA283132SEE,Mein Schiff,"11 Nächte - Kanaren, Madeira und Europas Westküste - ab Santa Cruz/bis Hamburg",Mein Schiff Relax,2028-04-21,2028-05-02,11,WE,Teneriffa bis Hamburg 008,Santa Cruz (Teneriffa) → Arrecife (Lanzarote) → Las Palmas (Gran Canaria) → Funchal (Madeira) → Lissabon → A Coruña → Hamburg,https://www.meinschiff.com/de/trips/11-naechte-kanaren-madeira-und-europas-westkueste-ab-santa-cruzbis-hamburg-MSA283132SEE?cabinCategoryType=INCO2V&priceMode=perPerson&tariff=PRO,2026-10-08,2026-10-08
MSA2832SEE,Mein Schiff,"9 Nächte - Kanaren, Madeira und Europas Westküste - ab Las Palmas/bis Hamburg",Mein Schiff Relax,2028-04-23,2028-05-02,9,WE,Gran Canaria bis Hamburg 009,Las Palmas (Gran Canaria) → Funchal (Madeira) → Lissabon → A Coruña → Hamburg,https://www.meinschiff.com/de/trips/9-naechte-kanaren-madeira-und-europas-westkueste-ab-las-palmasbis-hamburg-MSA2832SEE?cabinCategoryType=IKCO2V&priceMode=perPerson&tariff=PRO,2026-10-08,2026-10-08
MSD2628SEE,Mein Schiff,14 Nächte - Westeuropas Vielfalt - ab/bis Bremerhaven,Mein Schiff 3,2026-10-11,2026-10-25,14,WE,Westeuropa 32,Bremerhaven → Cherbourg → A Coruña → Leixões (Porto) → Lissabon → Bilbao → Le Verdon (Bordeaux) → Le Havre (Paris) → Bremerhaven,https://www.meinschiff.com/de/trips/14-naechte-westeuropas-vielfalt-abbis-bremerhaven-MSD2628SEE?cabinType=Balcony&cabinCategoryType=BAUS2V&priceMode=perPerson&tariff=PLUS,2026-10-08,2026-10-08
MSD2629SEE,Mein Schiff,20 Nächte - Zeitlose Kanaren - ab/bis Bremerhaven,Mein Schiff 3,2026-10-25,2026-11-14,20,KN,Kanaren 117,Bremerhaven → Leixões (Porto) → Lissabon → Funchal (Madeira) → San Sebastián (La Gomera) → Santa Cruz (Teneriffa) → Arrecife (Lanzarote) → Las Palmas (Gran Canaria) → Agadir → A Coruña → Bremerhaven,https://www.meinschiff.com/de/trips/20-naechte-zeitlose-kanaren-abbis-bremerhaven-MSD2629SEE?cabinCategoryType=INUR2V&priceMode=perPerson&tariff=PUR,2026-10-08,2026-10-08
MSD2630SEE,Mein Schiff,14 Nächte - Zauberhaftes Norwegen - ab/bis Bremerhaven,Mein Schiff 3,2026-11-14,2026-11-28,14,NL,Norwegen Nordkap 32,Bremerhaven → Nordfjordeid (Eidsfjord) → Narvik → Honningsvåg (Nordkap) → Tromsø → Ålesund → Bremerhaven,https://www.meinschiff.com/de/trips/14-naechte-zauberhaftes-norwegen-abbis-bremerhaven-MSD2630SEE?cabinCategoryType=INUS2V&priceMode=perPerson&tariff=PLUS,2026-10-08,2026-10-08
MSD2631SEE,Mein Schiff,4 Nächte - Oslo entdecken: Entspannung im hohen Norden - ab Bremerhaven/bis Kiel,Mein Schiff 3,2026-11-28,2026-12-02,4,NL,Südnorwegen 85,Bremerhaven → Oslo (Oslofjord) → Kiel,https://www.meinschiff.com/de/trips/4-naechte-oslo-entdecken-entspannung-im-hohen-norden-ab-bremerhavenbis-kiel-MSD2631SEE?cabinType=Outside&cabinCategoryType=AUUS2V&priceMode=perPerson&tariff=PLUS,2026-10-08,2026-10-08
MSD263233SEE,Mein Schiff,14 Nächte - Zauberhaftes Norwegen und Ostseemetropolen - ab/bis Kiel,Mein Schiff 3,2026-12-02,2026-12-16,14,OB,Ostsee & Baltikum 79,Kiel → Bergen → Stavanger → Kristiansand → Oslo (Oslofjord) → Kiel → Helsinki → Tallinn → Stockholm → Kiel,https://www.meinschiff.com/de/trips/14-naechte-zauberhaftes-norwegen-und-ostseemetropolen-abbis-kiel-MSD263233SEE?cabinCategoryType=INAO2V&priceMode=perPerson&tariff=PRO,2026-10-08,2026-10-08
MSD2632SEE,Mein Schiff,7 Nächte - Vielfalt Norwegens - ab/bis Kiel,Mein Schiff 3,2026-12-02,2026-12-09,7,NL,Südnorwegen 87,Kiel → Bergen → Stavanger → Kristiansand → Oslo (Oslofjord) → Kiel,https://www.meinschiff.com/de/trips/7-naechte-vielfalt-norwegens-abbis-kiel-MSD2632SEE?cabinCategoryType=INUR2V&priceMode=perPerson&tariff=PUR,2026-10-08,2026-10-08
MSD263334SEE,Mein Schiff,14 Nächte - Zauberhaftes Norwegen und Ostseemetropolen - ab Kiel/bis Bremerhaven,Mein Schiff 3,2026-12-09,2026-12-23,14,OB,Ostsee & Baltikum 81,Kiel → Helsinki → Tallinn → Stockholm → Kiel → Stavanger → Bergen → Molde (Moldefjord) → Ålesund → Bremerhaven,https://www.meinschiff.com/de/trips/14-naechte-zauberhaftes-norwegen-und-ostseemetropolen-ab-kielbis-bremerhaven-MSD263334SEE?cabinType=Balcony&cabinCategoryType=BAUS2V&priceMode=perPerson&tariff=PLUS,2026-10-08,2026-10-08
MSD2633SEE,Mein Schiff,7 Nächte - Metropolen der Ostsee - ab/bis Kiel,Mein Schiff 3,2026-12-09,2026-12-16,7,OB,Ostsee & Baltikum 80,Kiel → Helsinki → Tallinn → Stockholm → Kiel,https://www.meinschiff.com/de/trips/7-naechte-metropolen-der-ostsee-abbis-kiel-MSD2633SEE?cabinType=Balcony&cabinCategoryType=BAUS2V&priceMode=perPerson&tariff=PLUS,2026-10-08,2026-10-08
MSD2634SEE,Mein Schiff,7 Nächte - Norwegens Fjordwelten - ab Kiel/ bis Bremerhaven,Mein Schiff 3,2026-12-16,2026-12-23,7,NL,Südnorwegen 137,Kiel → Stavanger → Bergen → Molde (Moldefjord) → Ålesund → Bremerhaven,https://www.meinschiff.com/de/trips/7-naechte-norwegens-fjordwelten-ab-kiel-bis-bremerhaven-MSD2634SEE?cabinCategoryType=INUR2V&priceMode=perPerson&tariff=PUR,2026-10-08,2026-10-08
MSD2701SEE,Mein Schiff,35 Nächte - Traumreise in die Karibik - ab/bis Bremerhaven,Mein Schiff 3,2027-01-10,2027-02-14,35,KA,Karibische Inseln 37,Bremerhaven → Las Palmas (Gran Canaria) → Basseterre (St. Kitts) → Pointe-à-Pitre (Guadeloupe) → Philipsburg (St. Maarten) → Road Town (Tortola) → St. John's (Antigua) → Roseau (Dominica) → Castries (St. Lucia) → Fort-de-France (Martinique) → Bridgetown (Barbados) → Santa Cruz (Teneriffa) → Bremerhaven,https://www.meinschiff.com/de/trips/35-naechte-traumreise-in-die-karibik-abbis-bremerhaven-MSD2701SEE?cabinCategoryType=INUR2V&priceMode=perPerson&tariff=PUR,2026-10-08,2026-10-08
MSD2702SEE,Mein Schiff,14 Nächte - Winterliches Norwegen - ab/bis Bremerhaven,Mein Schiff 3,2027-02-14,2027-02-28,14,NL,Südnorwegen 63,Bremerhaven → Nordfjordeid (Eidsfjord) → Tromsø → Honningsvåg (Nordkap) → Narvik → Ålesund → Bremerhaven,https://www.meinschiff.com/de/trips/14-naechte-winterliches-norwegen-abbis-bremerhaven-MSD2702SEE?cabinCategoryType=INAO2V&priceMode=perPerson&tariff=PRO,2026-10-08,2026-10-08
MSD2703SEE,Mein Schiff,14 Nächte - Winterliches Norwegen - ab/bis Bremerhaven,Mein Schiff 3,2027-02-28,2027-03-14,14,NL,Südnorwegen 63,Bremerhaven → Nordfjordeid (Eidsfjord) → Tromsø → Honningsvåg (Nordkap) → Narvik → Ålesund → Bremerhaven,https://www.meinschiff.com/de/trips/14-naechte-winterliches-norwegen-abbis-bremerhaven-MSD2703SEE?cabinType=Balcony&cabinCategoryType=BABO2V&priceMode=perPerson&tariff=PRO,2026-10-08,2026-10-08
MSD2704SEE,Mein Schiff,7 Nächte - Norwegens Fjordwelten - ab/bis Bremerhaven,Mein Schiff 3,2027-03-14,2027-03-21,7,NL,Südnorwegen 14,Bremerhaven → Ålesund → Nordfjordeid (Eidsfjord) → Bergen → Stavanger → Bremerhaven,https://www.meinschiff.com/de/trips/7-naechte-norwegens-fjordwelten-abbis-bremerhaven-MSD2704SEE?cabinType=Balcony&cabinCategoryType=BAUS2V&priceMode=perPerson&tariff=PLUS,2026-10-08,2026-10-08
MSD2705SEE,Mein Schiff,14 Nächte - Westeuropas Vielfalt - ab/bis Bremerhaven,Mein Schiff 3,2027-03-21,2027-04-04,14,WE,Westeuropa 44,Bremerhaven → Lissabon → A Coruña → Cherbourg → Portland (England) → Southampton (London) → Le Havre (Paris) → Bremerhaven,https://www.meinschiff.com/de/trips/14-naechte-westeuropas-vielfalt-abbis-bremerhaven-MSD2705SEE?cabinCategoryType=INUS2V&priceMode=perPerson&tariff=PLUS,2026-10-08,2026-10-08
MSD2706SEE,Mein Schiff,14 Nächte - Westeuropas Vielfalt - ab/ bis Bremerhaven,Mein Schiff 3,2027-04-04,2027-04-18,14,WE,Westeuropa 45,Bremerhaven → Southampton (London) → A Coruña → Leixões (Porto) → Lissabon → Bilbao → Cherbourg → Le Havre (Paris) → Bremerhaven,https://www.meinschiff.com/de/trips/14-naechte-westeuropas-vielfalt-ab-bis-bremerhaven-MSD2706SEE?cabinCategoryType=INCO2V&priceMode=perPerson&tariff=PRO,2026-10-08,2026-10-08
MSD2707SEE,Mein Schiff,13 Nächte - Westeuropas Vielfalt - ab/bis Bremerhaven,Mein Schiff 3,2027-04-18,2027-05-01,13,WE,Westeuropa 47,Bremerhaven → Southampton (London) → Portland (England) → Bilbao → Lissabon → Leixões (Porto) → A Coruña → Le Havre (Paris) → Bremerhaven,https://www.meinschiff.com/de/trips/13-naechte-westeuropas-vielfalt-abbis-bremerhaven-MSD2707SEE?cabinCategoryType=INCO2V&priceMode=perPerson&tariff=PRO,2026-10-08,2026-10-08
MSD2708SEE,Mein Schiff,3 Nächte - Amsterdam erleben: Feiern an Bord & Grachten an Land - ab/bis Bremerhaven,Mein Schiff 3,2027-05-01,2027-05-04,3,WE,Westeuropa 57,Bremerhaven → Amsterdam → Bremerhaven,https://www.meinschiff.com/de/trips/3-naechte-amsterdam-erleben-feiern-an-bord-grachten-an-land-abbis-bremerhaven-MSD2708SEE?cabinCategoryType=INBO2V&priceMode=perPerson&tariff=PRO,2026-10-08,2026-10-08
MSD2709SEE,Mein Schiff,10 Nächte - Schottisches Hochland und britischer Charme - ab/bis Bremerhaven,Mein Schiff 3,2027-05-04,2027-05-14,10,NL,Großbritannien & Irland 35,Bremerhaven → Invergordon → Stornoway (Hebriden) → Greenock (Edinburgh) → Portland (England) → Southampton (London) → Bremerhaven,https://www.meinschiff.com/de/trips/10-naechte-schottisches-hochland-und-britischer-charme-abbis-bremerhaven-MSD2709SEE?cabinCategoryType=INAO2V&priceMode=perPerson&tariff=PRO,2026-10-08,2026-10-08
MSD2710SEE,Mein Schiff,7 Nächte - Westeuropas Vielfalt - ab/bis Bremerhaven,Mein Schiff 3,2027-05-14,2027-05-21,7,WE,Westeuropa 55,Bremerhaven → Rotterdam → Zeebrügge → Le Havre (Paris) → Southampton (London) → Bremerhaven,https://www.meinschiff.com/de/trips/7-naechte-westeuropas-vielfalt-abbis-bremerhaven-MSD2710SEE?cabinCategoryType=INAO2V&priceMode=perPerson&tariff=PRO,2026-10-08,2026-10-08
MSD2711SEE,Mein Schiff,14 Nächte - Islands Naturwunder - ab/bis Bremerhaven,Mein Schiff 3,2027-05-21,2027-06-04,14,NL,Großbritannien & Island 14,Bremerhaven → Akureyri → Isafjördur → Reykjavik → Stornoway (Hebriden) → Invergordon → Bremerhaven,https://www.meinschiff.com/de/trips/14-naechte-islands-naturwunder-abbis-bremerhaven-MSD2711SEE?cabinCategoryType=INBO2V&priceMode=perPerson&tariff=PRO,2026-10-08,2026-10-08
MSD2712SEE,Mein Schiff,12 Nächte - Fjordland Norwegen - ab/bis Bremerhaven,Mein Schiff 3,2027-06-04,2027-06-16,12,NL,Südnorwegen 117,Bremerhaven → Haugesund → Ålesund → Narvik → Leknes (Lofoten) → Harstad (Vesterålen) → Trondheim (Trondheimfjord) → Nordfjordeid (Eidsfjord) → Bremerhaven,https://www.meinschiff.com/de/trips/12-naechte-fjordland-norwegen-abbis-bremerhaven-MSD2712SEE?cabinCategoryType=INCO2V&priceMode=perPerson&tariff=PRO,2026-10-08,2026-10-08
MSD2713SEE,Mein Schiff,12 Nächte - Fjordland Norwegen - ab/bis Bremerhaven,Mein Schiff 3,2027-06-16,2027-06-28,12,NL,Südnorwegen 118,Bremerhaven → Bergen → Nordfjordeid (Eidsfjord) → Molde (Moldefjord) → Narvik → Leknes (Lofoten) → Harstad (Vesterålen) → Ålesund → Bremerhaven,https://www.meinschiff.com/de/trips/12-naechte-fjordland-norwegen-abbis-bremerhaven-MSD2713SEE?cabinCategoryType=INCO2V&priceMode=perPerson&tariff=PRO,2026-10-08,2026-10-08
MSD2714SEE,Mein Schiff,10 Nächte - Best of Großbritannien- ab/bis Bremerhaven,Mein Schiff 3,2027-06-28,2027-07-08,10,NL,Großbritannien & Irland 34,Bremerhaven → Stornoway (Hebriden) → Greenock (Edinburgh) → Belfast → St. Peter Port (Guernsey) → Southampton (London) → Bremerhaven,https://www.meinschiff.com/de/trips/10-naechte-best-of-grossbritannien-abbis-bremerhaven-MSD2714SEE?cabinCategoryType=INBO2V&priceMode=perPerson&tariff=PRO,2026-10-08,2026-10-08
MSD2715SEE,Mein Schiff,12 Nächte - Rund um die grüne Insel - ab/bis Bremerhaven,Mein Schiff 3,2027-07-08,2027-07-20,12,NL,Großbritannien & Irland 37,Bremerhaven → Newcastle upon Tyne → Invergordon → Greenock (Edinburgh) → Belfast → St. Peter Port (Guernsey) → Southampton (London) → Dover (London) → Bremerhaven,https://www.meinschiff.com/de/trips/12-naechte-rund-um-die-gruene-insel-abbis-bremerhaven-MSD2715SEE?cabinCategoryType=INCO2V&priceMode=perPerson&tariff=PRO,2026-10-08,2026-10-08
MSD2716SEE,Mein Schiff,13 Nächte - Islands Naturwunder - ab/bis Bremerhaven,Mein Schiff 3,2027-07-20,2027-08-02,13,NL,Großbritannien & Island 15,Bremerhaven → Akureyri → Reykjavik → Stornoway (Hebriden) → Kirkwall (Orkney-Inseln) → Invergordon → Bremerhaven,https://www.meinschiff.com/de/trips/13-naechte-islands-naturwunder-abbis-bremerhaven-MSD2716SEE?cabinCategoryType=INCO2V&priceMode=perPerson&tariff=PRO,2026-10-08,2026-10-08
MSD2717SEE,Mein Schiff,13 Nächte - Fjordland Norwegen - ab/bis Bremerhaven,Mein Schiff 3,2027-08-02,2027-08-15,13,NL,Südnorwegen 119,Bremerhaven → Molde (Moldefjord) → Leknes (Lofoten) → Harstad (Vesterålen) → Honningsvåg (Nordkap) → Tromsø → Trondheim (Trondheimfjord) → Ålesund → Bremerhaven,https://www.meinschiff.com/de/trips/13-naechte-fjordland-norwegen-abbis-bremerhaven-MSD2717SEE?cabinCategoryType=INCO2V&priceMode=perPerson&tariff=PRO,2026-10-08,2026-10-08
MSD2718SEE,Mein Schiff,12 Nächte - Westeuropas Vielfalt - ab/bis Bremerhaven,Mein Schiff 3,2027-08-15,2027-08-27,12,WE,Westeuropa 56,Bremerhaven → Le Havre (Paris) → Bilbao → Lissabon → Leixões (Porto) → A Coruña → Southampton (London) → Bremerhaven,https://www.meinschiff.com/de/trips/12-naechte-westeuropas-vielfalt-abbis-bremerhaven-MSD2718SEE?cabinCategoryType=INCO2V&priceMode=perPerson&tariff=PRO,2026-10-08,2026-10-08
MSD2719SEE,Mein Schiff,10 Nächte - Europas Westküste - ab Bremerhaven/bis Palma,Mein Schiff 3,2027-08-27,2027-09-06,10,WE,Westeuropa-Trans-Mittelmeer 38,Bremerhaven → Le Havre (Paris) → Southampton (London) → Ferrol → Leixões (Porto) → Lissabon → Palma (Mallorca),https://www.meinschiff.com/de/trips/10-naechte-europas-westkueste-ab-bremerhavenbis-palma-MSD2719SEE?cabinCategoryType=INBO2V&priceMode=perPerson&tariff=PRO,2026-10-08,2026-10-08
MSD2720SEE,Mein Schiff,9 Nächte - Glanzlichter des Westlichen Mittelmeers - ab/bis Palma,Mein Schiff 3,2027-09-06,2027-09-15,9,MM,Westliches Mittelmeer 223,Palma (Mallorca) → Civitavecchia (Rom) → Salerno → Catania (Sizilien) → Valletta (Malta) → Cagliari (Sardinien) → Palma (Mallorca),https://www.meinschiff.com/de/trips/9-naechte-glanzlichter-des-westlichen-mittelmeers-abbis-palma-MSD2720SEE?cabinCategoryType=INCO2V&priceMode=perPerson&tariff=PRO,2026-10-08,2026-10-08
MSD2722SEE,Mein Schiff,7 Nächte - Faszination Mittelmeer - ab/bis Palma,Mein Schiff 3,2027-09-23,2027-09-30,7,MM,Westliches Mittelmeer 224,Palma (Mallorca) → Ajaccio (Korsika) → Civitavecchia (Rom) → La Spezia → Valencia → Palma (Mallorca),https://www.meinschiff.com/de/trips/7-naechte-faszination-mittelmeer-abbis-palma-MSD2722SEE?cabinCategoryType=INCO2V&priceMode=perPerson&tariff=PRO,2026-10-08,2026-10-08
MSD272526SEE,Mein Schiff,14 Nächte - Italiens Inseln und Höhepunkte - ab/bis Palma,Mein Schiff 3,2027-10-08,2027-10-22,14,MM,Westliches Mittelmeer 226,Palma (Mallorca) → Cagliari (Sardinien) → Palermo (Sizilien) → Salerno → Civitavecchia (Rom) → Palma (Mallorca) → Valencia → Ajaccio (Korsika) → Civitavecchia (Rom) → La Spezia → Palma (Mallorca),https://www.meinschiff.com/de/trips/14-naechte-italiens-inseln-und-hoehepunkte-abbis-palma-MSD272526SEE?cabinCategoryType=INCO2V&priceMode=perPerson&tariff=PRO,2026-10-08,2026-10-08
MSD2725SEE,Mein Schiff,7 Nächte - La dolce vita - ab/bis Palma,Mein Schiff 3,2027-10-08,2027-10-15,7,MM,Westliches Mittelmeer 225,Palma (Mallorca) → Cagliari (Sardinien) → Palermo (Sizilien) → Salerno → Civitavecchia (Rom) → Palma (Mallorca),https://www.meinschiff.com/de/trips/7-naechte-la-dolce-vita-abbis-palma-MSD2725SEE?cabinCategoryType=INCO2V&priceMode=perPerson&tariff=PRO,2026-10-08,2026-10-08
MSD2726SEE,Mein Schiff,7 Nächte - Höhepunkte des Westlichen Mittelmeers - ab/bis Palma,Mein Schiff 3,2027-10-15,2027-10-22,7,MM,Westliches Mittelmeer 227,Palma (Mallorca) → Valencia → Ajaccio (Korsika) → Civitavecchia (Rom) → La Spezia → Palma (Mallorca),https://www.meinschiff.com/de/trips/7-naechte-hoehepunkte-des-westlichen-mittelmeers-abbis-palma-MSD2726SEE?cabinCategoryType=INCO2V&priceMode=perPerson&tariff=PRO,2026-10-08,2026-10-08
MSD272728SEE,Mein Schiff,17 Nächte - Transatlantik - ab Palma/bis Montego Bay,Mein Schiff 3,2027-10-22,2027-11-08,17,KA,Trans-Karibik Europa 46,Palma (Mallorca) → Gibraltar → Las Palmas (Gran Canaria) → St. John's (Antigua) → Philipsburg (St. Maarten) → Road Town (Tortola) → La Romana → Ocho Rios (Jamaika) → Montego Bay (Jamaika),https://www.meinschiff.com/de/trips/17-naechte-transatlantik-ab-palmabis-montego-bay-MSD272728SEE?cabinCategoryType=IKAO2V&priceMode=perPerson&tariff=PRO,2026-10-08,2026-10-08
MSD2727SEE,Mein Schiff,14 Nächte - Transatlantik - ab Palma/bis La Romana,Mein Schiff 3,2027-10-22,2027-11-05,14,KA,Trans-Karibik Europa 45,Palma (Mallorca) → Gibraltar → Las Palmas (Gran Canaria) → St. John's (Antigua) → Philipsburg (St. Maarten) → Road Town (Tortola) → La Romana,https://www.meinschiff.com/de/trips/14-naechte-transatlantik-ab-palmabis-la-romana-MSD2727SEE?cabinCategoryType=INCO2V&priceMode=perPerson&tariff=PRO,2026-10-08,2026-10-08
MSD272829SEE,Mein Schiff,14 Nächte - Best of Mittelamerika - ab/bis La Romana,Mein Schiff 3,2027-11-05,2027-11-19,14,KA,Mittelamerika & Karibik 1,La Romana → Ocho Rios (Jamaika) → Montego Bay (Jamaika) → Cozumel → Costa Maya → Belize City → Coxen Hole (Roatán) → Puerto Limón → Colón → Cartagena → La Romana,https://www.meinschiff.com/de/trips/14-naechte-best-of-mittelamerika-abbis-la-romana-MSD272829SEE?cabinCategoryType=INCO2V&inboundAirport=FRA&outboundAirport=DUS&priceMode=perPerson&tariff=PRO,2026-10-08,2026-10-08
MSD272930SEE,Mein Schiff,14 Nächte - Best of Mittelamerika - ab/bis Montego Bay,Mein Schiff 3,2027-11-08,2027-11-22,14,KA,Mittelamerika & Karibik 2,Montego Bay (Jamaika) → Cozumel → Costa Maya → Belize City → Coxen Hole (Roatán) → Puerto Limón → Colón → Cartagena → La Romana → Ocho Rios (Jamaika) → Montego Bay (Jamaika),https://www.meinschiff.com/de/trips/14-naechte-best-of-mittelamerika-abbis-montego-bay-MSD272930SEE?cabinCategoryType=IKCO2V&priceMode=perPerson&tariff=PRO,2026-10-08,2026-10-08
MSD273031SEE,Mein Schiff,14 Nächte - Best of Mittelamerika - ab/bis La Romana,Mein Schiff 3,2027-11-19,2027-12-03,14,KA,Mittelamerika & Karibik 3,La Romana → Ocho Rios (Jamaika) → Montego Bay (Jamaika) → Cozumel → Belize City → Coxen Hole (Roatán) → Puerto Limón → Colón → Cartagena → La Romana,https://www.meinschiff.com/de/trips/14-naechte-best-of-mittelamerika-abbis-la-romana-MSD273031SEE?cabinCategoryType=INCO2V&inboundAirport=FRA&outboundAirport=DUS&priceMode=perPerson&tariff=PRO,2026-10-08,2026-10-08
MSD273132SEE,Mein Schiff,14 Nächte - Best of Mittelamerika - ab/bis Montego Bay,Mein Schiff 3,2027-11-22,2027-12-06,14,KA,Mittelamerika & Karibik 5,Montego Bay (Jamaika) → Cozumel → Belize City → Coxen Hole (Roatán) → Puerto Limón → Colón → Cartagena → La Romana → Ocho Rios (Jamaika) → Montego Bay (Jamaika),https://www.meinschiff.com/de/trips/14-naechte-best-of-mittelamerika-abbis-montego-bay-MSD273132SEE?cabinCategoryType=IKCO2V&priceMode=perPerson&tariff=PRO,2026-10-08,2026-10-08
MSD273233SEE,Mein Schiff,14 Nächte - Best of Mittelamerika - ab/bis La Romana,Mein Schiff 3,2027-12-03,2027-12-17,14,KA,Mittelamerika & Karibik 1,La Romana → Ocho Rios (Jamaika) → Montego Bay (Jamaika) → Cozumel → Costa Maya → Belize City → Coxen Hole (Roatán) → Puerto Limón → Colón → Cartagena → La Romana,https://www.meinschiff.com/de/trips/14-naechte-best-of-mittelamerika-abbis-la-romana-MSD273233SEE?cabinCategoryType=INCO2V&priceMode=perPerson&tariff=PRO,2026-10-08,2026-10-08
MSD273334SEE,Mein Schiff,14 Nächte - Best of Mittelamerika - ab/bis Montego Bay,Mein Schiff 3,2027-12-06,2027-12-20,14,KA,Mittelamerika & Karibik 2,Montego Bay (Jamaika) → Cozumel → Costa Maya → Belize City → Coxen Hole (Roatán) → Puerto Limón → Colón → Cartagena → La Romana → Ocho Rios (Jamaika) → Montego Bay (Jamaika),https://www.meinschiff.com/de/trips/14-naechte-best-of-mittelamerika-abbis-montego-bay-MSD273334SEE?cabinCategoryType=IKCO2V&priceMode=perPerson&tariff=PRO,2026-10-08,2026-10-08
MSD273435SEE,Mein Schiff,14 Nächte - Festtage in Mittelamerika- ab/bis La Romana,Mein Schiff 3,2027-12-17,2027-12-31,14,KA,Mittelamerika & Karibik 1,La Romana → Ocho Rios (Jamaika) → Montego Bay (Jamaika) → Cozumel → Costa Maya → Belize City → Coxen Hole (Roatán) → Puerto Limón → Colón → Cartagena → La Romana,https://www.meinschiff.com/de/trips/14-naechte-festtage-in-mittelamerika-abbis-la-romana-MSD273435SEE?cabinCategoryType=INCO2V&priceMode=perPerson&tariff=PRO,2026-10-08,2026-10-08
MSD273536SEE,Mein Schiff,14 Nächte - Festtage in Mittelamerika - ab/bis Montego Bay,Mein Schiff 3,2027-12-20,2028-01-03,14,KA,Mittelamerika & Karibik 2,Montego Bay (Jamaika) → Cozumel → Costa Maya → Belize City → Coxen Hole (Roatán) → Puerto Limón → Colón → Cartagena → La Romana → Ocho Rios (Jamaika) → Montego Bay (Jamaika),https://www.meinschiff.com/de/trips/14-naechte-festtage-in-mittelamerika-abbis-montego-bay-MSD273536SEE?cabinCategoryType=IKCO2V&priceMode=perPerson&tariff=PRO,2026-10-08,2026-10-08
MSD273601SEE,Mein Schiff,14 Nächte - Jahresauftakt in Mittelamerika - ab/bis La Romana,Mein Schiff 3,2027-12-31,2028-01-14,14,KA,Mittelamerika & Karibik 3,La Romana → Ocho Rios (Jamaika) → Montego Bay (Jamaika) → Cozumel → Belize City → Coxen Hole (Roatán) → Puerto Limón → Colón → Cartagena → La Romana,https://www.meinschiff.com/de/trips/14-naechte-jahresauftakt-in-mittelamerika-abbis-la-romana-MSD273601SEE?cabinCategoryType=INCO2V&priceMode=perPerson&tariff=PRO,2026-10-08,2026-10-08
MSD280102SEE,Mein Schiff,14 Nächte - Best of Mittelamerika - ab/bis Montego Bay,Mein Schiff 3,2028-01-03,2028-01-17,14,KA,Mittelamerika & Karibik 5,Montego Bay (Jamaika) → Cozumel → Belize City → Coxen Hole (Roatán) → Puerto Limón → Colón → Cartagena → La Romana → Ocho Rios (Jamaika) → Montego Bay (Jamaika),https://www.meinschiff.com/de/trips/14-naechte-best-of-mittelamerika-abbis-montego-bay-MSD280102SEE?cabinCategoryType=IKCO2V&priceMode=perPerson&tariff=PRO,2026-10-08,2026-10-08
MSD280203SEE,Mein Schiff,14 Nächte - Best of Mittelamerika - ab/bis La Romana,Mein Schiff 3,2028-01-14,2028-01-28,14,KA,Mittelamerika & Karibik 3,La Romana → Ocho Rios (Jamaika) → Montego Bay (Jamaika) → Cozumel → Belize City → Coxen Hole (Roatán) → Puerto Limón → Colón → Cartagena → La Romana,https://www.meinschiff.com/de/trips/14-naechte-best-of-mittelamerika-abbis-la-romana-MSD280203SEE?cabinCategoryType=INCO2V&inboundAirport=FRA&outboundAirport=DUS&priceMode=perPerson&tariff=PRO,2026-10-08,2026-10-08
MSD280304SEE,Mein Schiff,14 Nächte - Best of Mittelamerika - ab/bis Montego Bay,Mein Schiff 3,2028-01-17,2028-01-31,14,KA,Mittelamerika & Karibik 5,Montego Bay (Jamaika) → Cozumel → Belize City → Coxen Hole (Roatán) → Puerto Limón → Colón → Cartagena → La Romana → Ocho Rios (Jamaika) → Montego Bay (Jamaika),https://www.meinschiff.com/de/trips/14-naechte-best-of-mittelamerika-abbis-montego-bay-MSD280304SEE?cabinCategoryType=IKCO2V&priceMode=perPerson&tariff=PRO,2026-10-08,2026-10-08
MSD280405SEE,Mein Schiff,14 Nächte - Best of Mittelamerika - ab/bis La Romana,Mein Schiff 3,2028-01-28,2028-02-11,14,KA,Mittelamerika & Karibik 1,La Romana → Ocho Rios (Jamaika) → Montego Bay (Jamaika) → Cozumel → Costa Maya → Belize City → Coxen Hole (Roatán) → Puerto Limón → Colón → Cartagena → La Romana,https://www.meinschiff.com/de/trips/14-naechte-best-of-mittelamerika-abbis-la-romana-MSD280405SEE?cabinCategoryType=INCO2V&inboundAirport=FRA&outboundAirport=FRA&priceMode=perPerson&tariff=PRO,2026-10-08,2026-10-08
MSD280506SEE,Mein Schiff,14 Nächte - Best of Mittelamerika - ab/bis Montego Bay,Mein Schiff 3,2028-01-31,2028-02-14,14,KA,Mittelamerika & Karibik 2,Montego Bay (Jamaika) → Cozumel → Costa Maya → Belize City → Coxen Hole (Roatán) → Puerto Limón → Colón → Cartagena → La Romana → Ocho Rios (Jamaika) → Montego Bay (Jamaika),https://www.meinschiff.com/de/trips/14-naechte-best-of-mittelamerika-abbis-montego-bay-MSD280506SEE?cabinCategoryType=IKCO2V&priceMode=perPerson&tariff=PRO,2026-10-08,2026-10-08
MSD280607SEE,Mein Schiff,14 Nächte - Best of Mittelamerika - ab/bis La Romana,Mein Schiff 3,2028-02-11,2028-02-25,14,KA,Mittelamerika & Karibik 3,La Romana → Ocho Rios (Jamaika) → Montego Bay (Jamaika) → Cozumel → Belize City → Coxen Hole (Roatán) → Puerto Limón → Colón → Cartagena → La Romana,https://www.meinschiff.com/de/trips/14-naechte-best-of-mittelamerika-abbis-la-romana-MSD280607SEE?cabinCategoryType=INCO2V&priceMode=perPerson&tariff=PRO,2026-10-08,2026-10-08
MSD280708SEE,Mein Schiff,14 Nächte - Best of Mittelamerika - ab/bis Montego Bay,Mein Schiff 3,2028-02-14,2028-02-28,14,KA,Mittelamerika & Karibik 5,Montego Bay (Jamaika) → Cozumel → Belize City → Coxen Hole (Roatán) → Puerto Limón → Colón → Cartagena → La Romana → Ocho Rios (Jamaika) → Montego Bay (Jamaika),https://www.meinschiff.com/de/trips/14-naechte-best-of-mittelamerika-abbis-montego-bay-MSD280708SEE?cabinCategoryType=IKCO2V&priceMode=perPerson&tariff=PRO,2026-10-08,2026-10-08
MSD280809SEE,Mein Schiff,14 Nächte - Best of Mittelamerika - ab/bis La Romana,Mein Schiff 3,2028-02-25,2028-03-10,14,KA,Mittelamerika & Karibik 1,La Romana → Ocho Rios (Jamaika) → Montego Bay (Jamaika) → Cozumel → Costa Maya → Belize City → Coxen Hole (Roatán) → Puerto Limón → Colón → Cartagena → La Romana,https://www.meinschiff.com/de/trips/14-naechte-best-of-mittelamerika-abbis-la-romana-MSD280809SEE?cabinCategoryType=INCO2V&priceMode=perPerson&tariff=PRO,2026-10-08,2026-10-08
MSD280910SEE,Mein Schiff,14 Nächte - Best of Mittelamerika - ab/bis Montego Bay,Mein Schiff 3,2028-02-28,2028-03-13,14,KA,Mittelamerika & Karibik 2,Montego Bay (Jamaika) → Cozumel → Costa Maya → Belize City → Coxen Hole (Roatán) → Puerto Limón → Colón → Cartagena → La Romana → Ocho Rios (Jamaika) → Montego Bay (Jamaika),https://www.meinschiff.com/de/trips/14-naechte-best-of-mittelamerika-abbis-montego-bay-MSD280910SEE?cabinCategoryType=IKCO2V&priceMode=perPerson&tariff=PRO,2026-10-08,2026-10-08
MSD281011SEE,Mein Schiff,14 Nächte - Best of Mittelamerika - ab/bis La Romana,Mein Schiff 3,2028-03-10,2028-03-24,14,KA,Mittelamerika & Karibik 3,La Romana → Ocho Rios (Jamaika) → Montego Bay (Jamaika) → Cozumel → Belize City → Coxen Hole (Roatán) → Puerto Limón → Colón → Cartagena → La Romana,https://www.meinschiff.com/de/trips/14-naechte-best-of-mittelamerika-abbis-la-romana-MSD281011SEE?cabinCategoryType=INCO2V&priceMode=perPerson&tariff=PRO,2026-10-08,2026-10-08
MSD281112SEE,Mein Schiff,14 Nächte - Best of Mittelamerika - ab/bis Montego Bay,Mein Schiff 3,2028-03-13,2028-03-27,14,KA,Mittelamerika & Karibik 5,Montego Bay (Jamaika) → Cozumel → Belize City → Coxen Hole (Roatán) → Puerto Limón → Colón → Cartagena → La Romana → Ocho Rios (Jamaika) → Montego Bay (Jamaika),https://www.meinschiff.com/de/trips/14-naechte-best-of-mittelamerika-abbis-montego-bay-MSD281112SEE?cabinCategoryType=IKCO2V&priceMode=perPerson&tariff=PRO,2026-10-08,2026-10-08
MSD281213SEE,Mein Schiff,14 Nächte - Best of Mittelamerika - ab/bis La Romana,Mein Schiff 3,2028-03-24,2028-04-07,14,KA,Mittelamerika & Karibik 3,La Romana → Ocho Rios (Jamaika) → Montego Bay (Jamaika) → Cozumel → Belize City → Coxen Hole (Roatán) → Puerto Limón → Colón → Cartagena → La Romana,https://www.meinschiff.com/de/trips/14-naechte-best-of-mittelamerika-abbis-la-romana-MSD281213SEE?cabinCategoryType=INCO2V&priceMode=perPerson&tariff=PRO,2026-10-08,2026-10-08
MSD281314SEE,Mein Schiff,14 Nächte - Best of Mittelamerika - ab Montego Bay/bis Bridgetown,Mein Schiff 3,2028-03-27,2028-04-10,14,KA,Mittelamerika & Karibik 19,Montego Bay (Jamaika) → Cozumel → Belize City → Coxen Hole (Roatán) → Puerto Limón → Colón → Cartagena → La Romana → St. George's (Grenada) → Bridgetown (Barbados),https://www.meinschiff.com/de/trips/14-naechte-best-of-mittelamerika-ab-montego-baybis-bridgetown-MSD281314SEE?cabinCategoryType=IKCO2V&priceMode=perPerson&tariff=PRO,2026-10-08,2026-10-08
MSD281415SEE,Mein Schiff,21 Nächte - Transatlantik - ab La Romana/bis Palma,Mein Schiff 3,2028-04-07,2028-04-28,21,KA,Trans-Karibik Europa 47,La Romana → St. George's (Grenada) → Bridgetown (Barbados) → Kingstown (St. Vincent) → Castries (St. Lucia) → Roseau (Dominica) → Praia (Santiago) → Mindelo (São Vicente) → Las Palmas (Gran Canaria) → Tanger → Palma (Mallorca),https://www.meinschiff.com/de/trips/21-naechte-transatlantik-ab-la-romanabis-palma-MSD281415SEE?cabinCategoryType=INCO2V&priceMode=perPerson&tariff=PRO,2026-10-08,2026-10-08
MSD2815SEE,Mein Schiff,18 Nächte - Transatlantik - ab Bridgetown/bis Palma,Mein Schiff 3,2028-04-10,2028-04-28,18,KA,Trans-Karibik Europa 48,Bridgetown (Barbados) → Kingstown (St. Vincent) → Castries (St. Lucia) → Roseau (Dominica) → Praia (Santiago) → Mindelo (São Vicente) → Las Palmas (Gran Canaria) → Tanger → Palma (Mallorca),https://www.meinschiff.com/de/trips/18-naechte-transatlantik-ab-bridgetownbis-palma-MSD2815SEE?cabinCategoryType=IKCO2V&priceMode=perPerson&tariff=PRO,2026-10-08,2026-10-08
MSE2634SEE,Mein Schiff,10 Nächte - Florida und Bahamas - ab/bis Bayonne (New York),Mein Schiff 1,2026-10-12,2026-10-22,10,NA,USA & Bahamas 6,Bayonne (New York) → Norfolk → Port Canaveral → Miami → Nassau (Bahamas) → Bayonne (New York),https://www.meinschiff.com/de/trips/10-naechte-florida-und-bahamas-abbis-bayonne-new-york-MSE2634SEE?cabinType=Outside&cabinCategoryType=AUUR2V&priceMode=perPerson&tariff=PUR,2026-10-08,2026-10-08
MSE263536SEE,Mein Schiff,18 Nächte - USA Ostküste & Karibiksonne - ab Bayonne/bis Montego Bay,Mein Schiff 1,2026-10-22,2026-11-09,18,KA,Trans-Karibik-Nordamerika 10,Bayonne (New York) → Port Canaveral → Miami → San Juan (Puerto Rico) → Charlotte Amalie (St. Thomas) → Basseterre (St. Kitts) → Philipsburg (St. Maarten) → Road Town (Tortola) → Samana → La Romana → Ocho Rios (Jamaika) → Montego Bay (Jamaika),https://www.meinschiff.com/de/trips/18-naechte-usa-ostkueste-karibiksonne-ab-bayonnebis-montego-bay-MSE263536SEE?cabinCategoryType=IKUR2V&priceMode=perPerson&tariff=PUR,2026-10-08,2026-10-08
MSE2635SEE,Mein Schiff,15 Nächte - USA Ostküste & Karibiksonne - ab Bayonne/bis La Romana,Mein Schiff 1,2026-10-22,2026-11-06,15,KA,Trans-Karibik Nordamerika 9,Bayonne (New York) → Port Canaveral → Miami → San Juan (Puerto Rico) → Charlotte Amalie (St. Thomas) → Basseterre (St. Kitts) → Philipsburg (St. Maarten) → Road Town (Tortola) → Samana → La Romana,https://www.meinschiff.com/de/trips/15-naechte-usa-ostkueste-karibiksonne-ab-bayonnebis-la-romana-MSE2635SEE?cabinCategoryType=INUR2V&priceMode=perPerson&tariff=PUR,2026-10-08,2026-10-08
MSE263637SEE,Mein Schiff,14 Nächte - Best of Mittelamerika - ab/bis La Romana,Mein Schiff 1,2026-11-06,2026-11-20,14,KA,Mittelamerika & Karibik 3,La Romana → Ocho Rios (Jamaika) → Montego Bay (Jamaika) → Cozumel → Belize City → Coxen Hole (Roatán) → Puerto Limón → Colón → Cartagena → La Romana,https://www.meinschiff.com/de/trips/14-naechte-best-of-mittelamerika-abbis-la-romana-MSE263637SEE?cabinType=Outside&cabinCategoryType=AUUS2V&priceMode=perPerson&tariff=PLUS,2026-10-08,2026-10-08
MSE263738SEE,Mein Schiff,14 Nächte - Best of Mittelamerika - ab/bis Montego Bay,Mein Schiff 1,2026-11-09,2026-11-23,14,KA,Mittelamerika & Karibik 5,Montego Bay (Jamaika) → Cozumel → Belize City → Coxen Hole (Roatán) → Puerto Limón → Colón → Cartagena → La Romana → Ocho Rios (Jamaika) → Montego Bay (Jamaika),https://www.meinschiff.com/de/trips/14-naechte-best-of-mittelamerika-abbis-montego-bay-MSE263738SEE?cabinType=Outside&cabinCategoryType=AKUS2V&inboundAirport=FRA&outboundAirport=FRA&priceMode=perPerson&tariff=PLUS,2026-10-08,2026-10-08
MSE263839SEE,Mein Schiff,14 Nächte - Best of Mittelamerika - ab/bis La Romana,Mein Schiff 1,2026-11-20,2026-12-04,14,KA,Mittelamerika & Karibik 6,La Romana → Ocho Rios (Jamaika) → Montego Bay (Jamaika) → George Town (Grand Cayman) → Cozumel → Belize City → Coxen Hole (Roatán) → Puerto Limón → Colón → Cartagena → La Romana,https://www.meinschiff.com/de/trips/14-naechte-best-of-mittelamerika-abbis-la-romana-MSE263839SEE?cabinType=Balcony&cabinCategoryType=BAUS2V&inboundAirport=FRA&outboundAirport=FRA&priceMode=perPerson&tariff=PLUS,2026-10-08,2026-10-08
MSE263940SEE,Mein Schiff,14 Nächte - Best of Mittelamerika - ab/bis Montego Bay,Mein Schiff 1,2026-11-23,2026-12-07,14,KA,Mittelamerika & Karibik 16,Montego Bay (Jamaika) → George Town (Grand Cayman) → Cozumel → Belize City → Coxen Hole (Roatán) → Puerto Limón → Colón → Cartagena → La Romana → Ocho Rios (Jamaika) → Montego Bay (Jamaika),https://www.meinschiff.com/de/trips/14-naechte-best-of-mittelamerika-abbis-montego-bay-MSE263940SEE?cabinCategoryType=IKUS2V&inboundAirport=FRA&outboundAirport=FRA&priceMode=perPerson&tariff=PLUS,2026-10-08,2026-10-08
MSE264041SEE,Mein Schiff,14 Nächte - Best of Mittelamerika - ab/bis La Romana,Mein Schiff 1,2026-12-04,2026-12-18,14,KA,Mittelamerika & Karibik 6,La Romana → Ocho Rios (Jamaika) → Montego Bay (Jamaika) → George Town (Grand Cayman) → Cozumel → Belize City → Coxen Hole (Roatán) → Puerto Limón → Colón → Cartagena → La Romana,https://www.meinschiff.com/de/trips/14-naechte-best-of-mittelamerika-abbis-la-romana-MSE264041SEE?cabinCategoryType=INUR2V&inboundAirport=FRA&outboundAirport=FRA&priceMode=perPerson&tariff=PUR,2026-10-08,2026-10-08
MSE264142SEE,Mein Schiff,14 Nächte - Best of Mittelamerika - ab/bis Montego Bay,Mein Schiff 1,2026-12-07,2026-12-21,14,KA,Mittelamerika & Karibik 16,Montego Bay (Jamaika) → George Town (Grand Cayman) → Cozumel → Belize City → Coxen Hole (Roatán) → Puerto Limón → Colón → Cartagena → La Romana → Ocho Rios (Jamaika) → Montego Bay (Jamaika),https://www.meinschiff.com/de/trips/14-naechte-best-of-mittelamerika-abbis-montego-bay-MSE264142SEE?cabinCategoryType=IKUR2V&inboundAirport=FRA&outboundAirport=FRA&priceMode=perPerson&tariff=PUR,2026-10-08,2026-10-08
MSE264243SEE,Mein Schiff,14 Nächte - Festtage in Mittelamerika - ab/bis La Romana,Mein Schiff 1,2026-12-18,2027-01-01,14,KA,Mittelamerika & Karibik 3,La Romana → Ocho Rios (Jamaika) → Montego Bay (Jamaika) → Cozumel → Belize City → Coxen Hole (Roatán) → Puerto Limón → Colón → Cartagena → La Romana,https://www.meinschiff.com/de/trips/14-naechte-festtage-in-mittelamerika-abbis-la-romana-MSE264243SEE?cabinType=Suite&cabinCategoryType=SHZO2V&priceMode=perPerson&tariff=PRO,2026-10-08,2026-10-08
MSE264301SEE,Mein Schiff,14 Nächte - Festtage in Mittelamerika - ab/bis Montego Bay,Mein Schiff 1,2026-12-21,2027-01-04,14,KA,Mittelamerika & Karibik 5,Montego Bay (Jamaika) → Cozumel → Belize City → Coxen Hole (Roatán) → Puerto Limón → Colón → Cartagena → La Romana → Ocho Rios (Jamaika) → Montego Bay (Jamaika),https://www.meinschiff.com/de/trips/14-naechte-festtage-in-mittelamerika-abbis-montego-bay-MSE264301SEE?cabinCategoryType=IKUR2V&priceMode=perPerson&tariff=PUR,2026-10-08,2026-10-08
MSE270102SEE,Mein Schiff,14 Nächte - Best of Mittelamerika - ab/bis La Romana,Mein Schiff 1,2027-01-01,2027-01-15,14,KA,Mittelamerika & Karibik,La Romana → Ocho Rios (Jamaika) → Montego Bay (Jamaika) → George Town (Grand Cayman) → Costa Maya → Belize City → Coxen Hole (Roatán) → Puerto Limón → Colón → Cartagena → La Romana,https://www.meinschiff.com/de/trips/14-naechte-best-of-mittelamerika-abbis-la-romana-MSE270102SEE?cabinCategoryType=INUS2V&priceMode=perPerson&tariff=PLUS,2026-10-08,2026-10-08
MSE270203SEE,Mein Schiff,14 Nächte - Best of Mittelamerika - ab/bis Montego Bay,Mein Schiff 1,2027-01-04,2027-01-18,14,KA,Mittelamerika & Karibik 12,Montego Bay (Jamaika) → George Town (Grand Cayman) → Costa Maya → Belize City → Coxen Hole (Roatán) → Puerto Limón → Colón → Cartagena → La Romana → Ocho Rios (Jamaika) → Montego Bay (Jamaika),https://www.meinschiff.com/de/trips/14-naechte-best-of-mittelamerika-abbis-montego-bay-MSE270203SEE?cabinCategoryType=IKAO2V&inboundAirport=FRA&outboundAirport=DUS&priceMode=perPerson&tariff=PRO,2026-10-08,2026-10-08
MSE270304SEE,Mein Schiff,14 Nächte - Best of Mittelamerika - ab/bis La Romana,Mein Schiff 1,2027-01-15,2027-01-29,14,KA,Mittelamerika & Karibik 17,La Romana → Ocho Rios (Jamaika) → Montego Bay (Jamaika) → George Town (Grand Cayman) → Costa Maya → Belize City → Coxen Hole (Roatán) → Puerto Limón → Colón → Cartagena → La Romana,https://www.meinschiff.com/de/trips/14-naechte-best-of-mittelamerika-abbis-la-romana-MSE270304SEE?cabinCategoryType=INUS2V&inboundAirport=FRA&outboundAirport=FRA&priceMode=perPerson&tariff=PLUS,2026-10-08,2026-10-08
MSE270405SEE,Mein Schiff,14 Nächte - Best of Mittelamerika - ab/bis Montego Bay,Mein Schiff 1,2027-01-18,2027-02-01,14,KA,Mittelamerika & Karibik 7,Montego Bay (Jamaika) → George Town (Grand Cayman) → Costa Maya → Belize City → Coxen Hole (Roatán) → Puerto Limón → Colón → Cartagena → La Romana → Ocho Rios (Jamaika) → Montego Bay (Jamaika),https://www.meinschiff.com/de/trips/14-naechte-best-of-mittelamerika-abbis-montego-bay-MSE270405SEE?cabinCategoryType=IKAO2V&inboundAirport=DUS&outboundAirport=FRA&priceMode=perPerson&tariff=PRO,2026-10-08,2026-10-08
MSE270506SEE,Mein Schiff,14 Nächte - Best of Mittelamerika - ab/bis La Romana,Mein Schiff 1,2027-01-29,2027-02-12,14,KA,Mittelamerika & Karibik 17,La Romana → Ocho Rios (Jamaika) → Montego Bay (Jamaika) → George Town (Grand Cayman) → Costa Maya → Belize City → Coxen Hole (Roatán) → Puerto Limón → Colón → Cartagena → La Romana,https://www.meinschiff.com/de/trips/14-naechte-best-of-mittelamerika-abbis-la-romana-MSE270506SEE?cabinCategoryType=INUS2V&inboundAirport=FRA&outboundAirport=FRA&priceMode=perPerson&tariff=PLUS,2026-10-08,2026-10-08
MSE270607SEE,Mein Schiff,14 Nächte - Best of Mittelamerika - ab/bis Montego Bay,Mein Schiff 1,2027-02-01,2027-02-15,14,KA,Mittelamerika & Karibik 7,Montego Bay (Jamaika) → George Town (Grand Cayman) → Costa Maya → Belize City → Coxen Hole (Roatán) → Puerto Limón → Colón → Cartagena → La Romana → Ocho Rios (Jamaika) → Montego Bay (Jamaika),https://www.meinschiff.com/de/trips/14-naechte-best-of-mittelamerika-abbis-montego-bay-MSE270607SEE?cabinType=Balcony&cabinCategoryType=BKDO2V&inboundAirport=DUS&outboundAirport=DUS&priceMode=perPerson&tariff=PRO,2026-10-08,2026-10-08
MSE270708SEE,Mein Schiff,14 Nächte - Best of Mittelamerika - ab/bis La Romana,Mein Schiff 1,2027-02-12,2027-02-26,14,KA,Mittelamerika & Karibik 6,La Romana → Ocho Rios (Jamaika) → Montego Bay (Jamaika) → George Town (Grand Cayman) → Cozumel → Belize City → Coxen Hole (Roatán) → Puerto Limón → Colón → Cartagena → La Romana,https://www.meinschiff.com/de/trips/14-naechte-best-of-mittelamerika-abbis-la-romana-MSE270708SEE?cabinType=Outside&cabinCategoryType=AUAO2V&inboundAirport=FRA&outboundAirport=FRA&priceMode=perPerson&tariff=PRO,2026-10-08,2026-10-08
MSE270809SEE,Mein Schiff,14 Nächte - Best of Mittelamerika - ab/bis Montego Bay,Mein Schiff 1,2027-02-15,2027-03-01,14,KA,Mittelamerika & Karibik 16,Montego Bay (Jamaika) → George Town (Grand Cayman) → Cozumel → Belize City → Coxen Hole (Roatán) → Puerto Limón → Colón → Cartagena → La Romana → Ocho Rios (Jamaika) → Montego Bay (Jamaika),https://www.meinschiff.com/de/trips/14-naechte-best-of-mittelamerika-abbis-montego-bay-MSE270809SEE?cabinType=Outside&cabinCategoryType=AKAO2V&inboundAirport=FRA&outboundAirport=FRA&priceMode=perPerson&tariff=PRO,2026-10-08,2026-10-08
MSE270910SEE,Mein Schiff,14 Nächte - Best of Mittelamerika - ab/bis La Romana,Mein Schiff 1,2027-02-26,2027-03-12,14,KA,Mittelamerika & Karibik 6,La Romana → Ocho Rios (Jamaika) → Montego Bay (Jamaika) → George Town (Grand Cayman) → Cozumel → Belize City → Coxen Hole (Roatán) → Puerto Limón → Colón → Cartagena → La Romana,https://www.meinschiff.com/de/trips/14-naechte-best-of-mittelamerika-abbis-la-romana-MSE270910SEE?cabinCategoryType=INBO2V&inboundAirport=FRA&outboundAirport=FRA&priceMode=perPerson&tariff=PRO,2026-10-08,2026-10-08
MSE271011SEE,Mein Schiff,14 Nächte - Best of Mittelamerika - ab/bis Montego Bay,Mein Schiff 1,2027-03-01,2027-03-15,14,KA,Mittelamerika & Karibik 16,Montego Bay (Jamaika) → George Town (Grand Cayman) → Cozumel → Belize City → Coxen Hole (Roatán) → Puerto Limón → Colón → Cartagena → La Romana → Ocho Rios (Jamaika) → Montego Bay (Jamaika),https://www.meinschiff.com/de/trips/14-naechte-best-of-mittelamerika-abbis-montego-bay-MSE271011SEE?cabinCategoryType=IKAO2V&inboundAirport=FRA&outboundAirport=FRA&priceMode=perPerson&tariff=PRO,2026-10-08,2026-10-08
MSE271112SEE,Mein Schiff,14 Nächte - Best of Mittelamerika - ab/bis La Romana,Mein Schiff 1,2027-03-12,2027-03-26,14,KA,Mittelamerika & Karibik 6,La Romana → Ocho Rios (Jamaika) → Montego Bay (Jamaika) → George Town (Grand Cayman) → Cozumel → Belize City → Coxen Hole (Roatán) → Puerto Limón → Colón → Cartagena → La Romana,https://www.meinschiff.com/de/trips/14-naechte-best-of-mittelamerika-abbis-la-romana-MSE271112SEE?cabinCategoryType=INCO2V&inboundAirport=DUS&outboundAirport=FRA&priceMode=perPerson&tariff=PRO,2026-10-08,2026-10-08
MSE271213SEE,Mein Schiff,14 Nächte - Best of Mittelamerika - ab/bis Montego Bay,Mein Schiff 1,2027-03-15,2027-03-29,14,KA,Mittelamerika & Karibik 15,Montego Bay (Jamaika) → George Town (Grand Cayman) → Cozumel → Belize City → Coxen Hole (Roatán) → Puerto Limón → Colón → Cartagena → La Romana → Ocho Rios (Jamaika) → Montego Bay (Jamaika),https://www.meinschiff.com/de/trips/14-naechte-best-of-mittelamerika-abbis-montego-bay-MSE271213SEE?cabinCategoryType=IKCO2V&inboundAirport=FRA&outboundAirport=FRA&priceMode=perPerson&tariff=PRO,2026-10-08,2026-10-08
MSE271314SEE,Mein Schiff,14 Nächte - Best of Mittelamerika - ab/bis La Romana,Mein Schiff 1,2027-03-26,2027-04-09,14,KA,Mittelamerika & Karibik 3,La Romana → Ocho Rios (Jamaika) → Montego Bay (Jamaika) → Cozumel → Belize City → Coxen Hole (Roatán) → Puerto Limón → Colón → Cartagena → La Romana,https://www.meinschiff.com/de/trips/14-naechte-best-of-mittelamerika-abbis-la-romana-MSE271314SEE?cabinCategoryType=INUS2V&inboundAirport=DUS&outboundAirport=DUS&priceMode=perPerson&tariff=PLUS,2026-10-08,2026-10-08
MSE271415SEE,Mein Schiff,14 Nächte - Best of Mittelamerika - ab Montego Bay/bis Bridgetown,Mein Schiff 1,2027-03-29,2027-04-12,14,KA,Mittelamerika & Karibik 9,Montego Bay (Jamaika) → Cozumel → Belize City → Coxen Hole (Roatán) → Puerto Limón → Colón → Cartagena → La Romana → Castries (St. Lucia) → Bridgetown (Barbados),https://www.meinschiff.com/de/trips/14-naechte-best-of-mittelamerika-ab-montego-baybis-bridgetown-MSE271415SEE?cabinCategoryType=IKUS2V&inboundAirport=FRA&outboundAirport=FRA&priceMode=perPerson&tariff=PLUS,2026-10-08,2026-10-08
MSE271516SEE,Mein Schiff,17 Nächte - Auszeit auf dem Atlantik - ab La Romana/bis Palma,Mein Schiff 1,2027-04-09,2027-04-26,17,KA,Trans-Karibik Europa 36,La Romana → Castries (St. Lucia) → Bridgetown (Barbados) → Kingstown (St. Vincent) → Funchal (Madeira) → Gibraltar → Palma (Mallorca),https://www.meinschiff.com/de/trips/17-naechte-auszeit-auf-dem-atlantik-ab-la-romanabis-palma-MSE271516SEE?cabinCategoryType=INUS2V&priceMode=perPerson&tariff=PLUS,2026-10-08,2026-10-08
MSE2716SEE,Mein Schiff,14 Nächte - Auszeit auf dem Atlantik - ab Bridgetown/bis Palma,Mein Schiff 1,2027-04-12,2027-04-26,14,KA,Trans-Karibik Europa 37,Bridgetown (Barbados) → Kingstown (St. Vincent) → Funchal (Madeira) → Gibraltar → Palma (Mallorca),https://www.meinschiff.com/de/trips/14-naechte-auszeit-auf-dem-atlantik-ab-bridgetownbis-palma-MSE2716SEE?cabinCategoryType=IKUS2V&priceMode=perPerson&tariff=PLUS,2026-10-08,2026-10-08
MSE2717SEE,Mein Schiff,"7 Nächte - Faszination Mittelmeer - ab/bis Palma
",Mein Schiff 1,2027-04-26,2027-05-03,7,MM,Westliches Mittelmeer 66,Palma (Mallorca) → Málaga → Cádiz → Tanger → Barcelona → Palma (Mallorca),https://www.meinschiff.com/de/trips/7-naechte-faszination-mittelmeer-abbis-palma-MSE2717SEE?cabinCategoryType=INCO2V&priceMode=perPerson&tariff=PRO,2026-10-08,2026-10-08
MSE2718SEE,Mein Schiff,8 Nächte - Höhepunkte des Westlichen Mittelmeers - ab/bis Palma,Mein Schiff 1,2027-05-03,2027-05-11,8,MM,Westliches Mittelmeer 218,Palma (Mallorca) → La Spezia → Civitavecchia (Rom) → Ajaccio (Korsika) → La Seyne (Toulon) → Barcelona → Palma (Mallorca),https://www.meinschiff.com/de/trips/8-naechte-hoehepunkte-des-westlichen-mittelmeers-abbis-palma-MSE2718SEE?cabinCategoryType=INCO2V&priceMode=perPerson&tariff=PRO,2026-10-08,2026-10-08
MSE2719SEE,Mein Schiff,10 Nächte - Sonniges Iberien und Marokko - ab/bis Palma,Mein Schiff 1,2027-05-11,2027-05-21,10,MM,Westliches Mittelmeer 219,Palma (Mallorca) → Gibraltar → Cádiz → Lissabon → Tanger → Málaga → Barcelona → Palma (Mallorca),https://www.meinschiff.com/de/trips/10-naechte-sonniges-iberien-und-marokko-abbis-palma-MSE2719SEE?cabinCategoryType=INCO2V&priceMode=perPerson&tariff=PRO,2026-10-08,2026-10-08
MSE2720SEE,Mein Schiff,11 Nächte - Europas Westküste - ab Palma/bis Hamburg,Mein Schiff 1,2027-05-21,2027-06-01,11,MM,Trans-Mittelmeer 40,Palma (Mallorca) → Málaga → Gibraltar → Cádiz → Lissabon → Leixões (Porto) → A Coruña → Le Havre (Paris) → Hamburg,https://www.meinschiff.com/de/trips/11-naechte-europas-westkueste-ab-palmabis-hamburg-MSE2720SEE?cabinCategoryType=INAO2V&priceMode=perPerson&tariff=PRO,2026-10-08,2026-10-08
MSE2721SEE,Mein Schiff,12 Nächte - Norwegens Fjordwelten mit Nordkap - ab Hamburg/bis Kiel,Mein Schiff 1,2027-06-01,2027-06-13,12,NL,Norwegen Nordkap 52,Hamburg → Nordfjordeid (Eidsfjord) → Geiranger (Geirangerfjord) → Hellesylt (Sunnylvsfjord) → Honningsvåg (Nordkap) → Tromsø → Trondheim (Trondheimfjord) → Ålesund → Kiel,https://www.meinschiff.com/de/trips/12-naechte-norwegens-fjordwelten-mit-nordkap-ab-hamburgbis-kiel-MSE2721SEE?cabinCategoryType=INCO2V&priceMode=perPerson&tariff=PRO,2026-10-08,2026-10-08
MSE2722SEE,Mein Schiff,12 Nächte - Ostsee intensiv - ab/bis Kiel,Mein Schiff 1,2027-06-13,2027-06-25,12,OB,Ostsee & Baltikum 38,Kiel → Gdynia (Danzig) → Klaipeda → Tallinn → Helsinki → Stockholm → Visby (Gotland) → Kopenhagen → Aarhus → Kiel,https://www.meinschiff.com/de/trips/12-naechte-ostsee-intensiv-abbis-kiel-MSE2722SEE?cabinCategoryType=INCO2V&priceMode=perPerson&tariff=PRO,2026-10-08,2026-10-08
MSE2723SEE,Mein Schiff,5 Nächte - Landschaftszauber im Nordland - ab/bis Kiel ,Mein Schiff 1,2027-06-25,2027-06-30,5,NL,Norwegen Nordkap 53,Kiel → Oslo (Oslofjord) → Skagen → Kopenhagen → Kiel,https://www.meinschiff.com/de/trips/5-naechte-landschaftszauber-im-nordland-abbis-kiel-MSE2723SEE?cabinCategoryType=INCO2V&priceMode=perPerson&tariff=PRO,2026-10-08,2026-10-08
MSE2724SEE,Mein Schiff,11 Nächte - Metropolen der Ostsee - ab/bis Kiel,Mein Schiff 1,2027-06-30,2027-07-11,11,OB,Ostsee & Baltikum 39,Kiel → Riga → Tallinn → Helsinki → Stockholm → Visby (Gotland) → Kopenhagen → Aarhus → Kiel,https://www.meinschiff.com/de/trips/11-naechte-metropolen-der-ostsee-abbis-kiel-MSE2724SEE?cabinCategoryType=INCO2V&priceMode=perPerson&tariff=PRO,2026-10-08,2026-10-08
MSE2725SEE,Mein Schiff,7 Nächte - Stippvisite ins Nordland - ab/bis Kiel,Mein Schiff 1,2027-07-11,2027-07-18,7,NL,Norwegen Nordkap 54,Kiel → Kopenhagen → Oslo (Oslofjord) → Skagen → Kristiansand → Kiel,https://www.meinschiff.com/de/trips/7-naechte-stippvisite-ins-nordland-abbis-kiel-MSE2725SEE?cabinCategoryType=INCO2V&priceMode=perPerson&tariff=PRO,2026-10-08,2026-10-08
MSE272627SEE,Mein Schiff,14 Nächte - Fjordwelten und Ostseeperlen - ab/bis Kiel,Mein Schiff 1,2027-07-18,2027-08-01,14,NL,Norwegen Nordkap 55,Kiel → Skagen → Geiranger (Geirangerfjord) → Hellesylt (Sunnylvsfjord) → Nordfjordeid (Eidsfjord) → Kopenhagen → Kiel → Riga → Tallinn → Helsinki → Stockholm → Kiel,https://www.meinschiff.com/de/trips/14-naechte-fjordwelten-und-ostseeperlen-abbis-kiel-MSE272627SEE?cabinCategoryType=INCO2V&priceMode=perPerson&tariff=PRO,2026-10-08,2026-10-08
MSE2726SEE,Mein Schiff,7 Nächte - Norwegens Fjordwelten - ab/bis Kiel ,Mein Schiff 1,2027-07-18,2027-07-25,7,NL,Norwegen Nordkap 39,Kiel → Skagen → Geiranger (Geirangerfjord) → Hellesylt (Sunnylvsfjord) → Nordfjordeid (Eidsfjord) → Kopenhagen → Kiel,https://www.meinschiff.com/de/trips/7-naechte-norwegens-fjordwelten-abbis-kiel-MSE2726SEE?cabinCategoryType=INCO2V&priceMode=perPerson&tariff=PRO,2026-10-08,2026-10-08
MSE2727SEE,Mein Schiff,7 Nächte - Metropolen der Ostsee - ab/bis Kiel,Mein Schiff 1,2027-07-25,2027-08-01,7,OB,Ostsee & Baltikum 76,Kiel → Riga → Tallinn → Helsinki → Stockholm → Kiel,https://www.meinschiff.com/de/trips/7-naechte-metropolen-der-ostsee-abbis-kiel-MSE2727SEE?cabinCategoryType=INCO2V&priceMode=perPerson&tariff=PRO,2026-10-08,2026-10-08
MSE2728SEE,Mein Schiff,10 Nächte - Sommerträume in der Ostsee - ab/bis Kiel,Mein Schiff 1,2027-08-01,2027-08-11,10,OB,Ostsee & Baltikum 40,Kiel → Klaipeda → Gdynia (Danzig) → Tallinn → Helsinki → Stockholm → Visby (Gotland) → Kiel,https://www.meinschiff.com/de/trips/10-naechte-sommertraeume-in-der-ostsee-abbis-kiel-MSE2728SEE?cabinCategoryType=INCO2V&priceMode=perPerson&tariff=PRO,2026-10-08,2026-10-08
MSE2729SEE,Mein Schiff,12 Nächte - Sommerzauber in Norwegen - ab/bis Kiel,Mein Schiff 1,2027-08-11,2027-08-23,12,OB,Ostsee & Baltikum 41,Kiel → Molde (Moldefjord) → Geiranger (Geirangerfjord) → Hellesylt (Sunnylvsfjord) → Honningsvåg (Nordkap) → Tromsø → Trondheim (Trondheimfjord) → Ålesund → Kiel,https://www.meinschiff.com/de/trips/12-naechte-sommerzauber-in-norwegen-abbis-kiel-MSE2729SEE?cabinCategoryType=INCO2V&priceMode=perPerson&tariff=PRO,2026-10-08,2026-10-08
MSE2730SEE,Mein Schiff,7 Nächte - Norwegens Fjordwelten - ab Kiel/bis Hamburg,Mein Schiff 1,2027-08-23,2027-08-30,7,NL,Norwegen Nordkap 56,Kiel → Kopenhagen → Nordfjordeid (Eidsfjord) → Geiranger (Geirangerfjord) → Hellesylt (Sunnylvsfjord) → Ålesund → Hamburg,https://www.meinschiff.com/de/trips/7-naechte-norwegens-fjordwelten-ab-kielbis-hamburg-MSE2730SEE?cabinCategoryType=INCO2V&priceMode=perPerson&tariff=PRO,2026-10-08,2026-10-08
MSE2731SEE,Mein Schiff,15 Nächte - Transatlantikreise USA - ab Hamburg/bis Bayonne,Mein Schiff 1,2027-08-30,2027-09-14,15,NA,Trans-Nordamerika Europa 1,Hamburg → Akureyri → Reykjavik → Sydney (Neuschottland) → Halifax → Bayonne (New York),https://www.meinschiff.com/de/trips/15-naechte-transatlantikreise-usa-ab-hamburgbis-bayonne-MSE2731SEE?cabinCategoryType=INCO2V&priceMode=perPerson&tariff=PRO,2026-10-08,2026-10-08
MSE2732SEE,Mein Schiff,14 Nächte - Ostküste der USA und Kanada - ab/bis Bayonne,Mein Schiff 1,2027-09-14,2027-09-28,14,NA,USA & Kanada 13,Bayonne (New York) → Boston → Halifax → Quebec → Saguenay (Saguenay-Fjord) → Charlottetown (Prince Edward Island) → Bayonne (New York),https://www.meinschiff.com/de/trips/14-naechte-ostkueste-der-usa-und-kanada-abbis-bayonne-MSE2732SEE?cabinCategoryType=INCO2V&priceMode=perPerson&tariff=PRO,2026-10-08,2026-10-08
MSE2733SEE,Mein Schiff,10 Nächte - Florida und Bahamas - ab/bis Bayonne,Mein Schiff 1,2027-09-28,2027-10-08,10,NA,USA & Kanada 11,Bayonne (New York) → Norfolk → Port Canaveral → Miami → Nassau (Bahamas) → Bayonne (New York),https://www.meinschiff.com/de/trips/10-naechte-florida-und-bahamas-abbis-bayonne-MSE2733SEE?cabinCategoryType=INCO2V&priceMode=perPerson&tariff=PRO,2026-10-08,2026-10-08
MSE2734SEE,Mein Schiff,11 Nächte - Neuengland und Kanada - ab/bis Bayonne,Mein Schiff 1,2027-10-08,2027-10-19,11,NA,USA & Kanada 14,Bayonne (New York) → Boston → Rockland → Charlottetown (Prince Edward Island) → Sydney (Neuschottland) → Halifax → Bayonne (New York),https://www.meinschiff.com/de/trips/11-naechte-neuengland-und-kanada-abbis-bayonne-MSE2734SEE?cabinCategoryType=INCO2V&priceMode=perPerson&tariff=PRO,2026-10-08,2026-10-08
MSE2735SEE,Mein Schiff,10 Nächte - Florida und Bahamas - ab/bis Bayonne,Mein Schiff 1,2027-10-19,2027-10-29,10,NA,USA & Kanada 11,Bayonne (New York) → Norfolk → Port Canaveral → Miami → Nassau (Bahamas) → Bayonne (New York),https://www.meinschiff.com/de/trips/10-naechte-florida-und-bahamas-abbis-bayonne-MSE2735SEE?cabinCategoryType=INCO2V&priceMode=perPerson&tariff=PRO,2026-10-08,2026-10-08
MSE273637SEE,Mein Schiff,19 Nächte - USA Ostküste & Karibiksonne - ab Bayonne/bis La Romana,Mein Schiff 1,2027-10-29,2027-11-17,19,KA,Trans-Karibik Nordamerika 12,Bayonne (New York) → Port Canaveral → Miami → San Juan (Puerto Rico) → Charlotte Amalie (St. Thomas) → Philipsburg (St. Maarten) → La Romana → Isla Catalina → Kralendijk (Bonaire) → Willemstad (Curaçao) → Oranjestad (Aruba) → La Romana,https://www.meinschiff.com/de/trips/19-naechte-usa-ostkueste-karibiksonne-ab-bayonnebis-la-romana-MSE273637SEE?cabinCategoryType=IKCO2V&priceMode=perPerson&tariff=PRO,2026-10-08,2026-10-08
MSE2736SEE,Mein Schiff,12 Nächte - USA Ostküste & Karibiksonne - ab Bayonne/bis La Romana,Mein Schiff 1,2027-10-29,2027-11-10,12,KA,Trans-Karibik-Nordamerika 11,Bayonne (New York) → Port Canaveral → Miami → San Juan (Puerto Rico) → Charlotte Amalie (St. Thomas) → Philipsburg (St. Maarten) → La Romana,https://www.meinschiff.com/de/trips/12-naechte-usa-ostkueste-karibiksonne-ab-bayonnebis-la-romana-MSE2736SEE?cabinCategoryType=INCO2V&priceMode=perPerson&tariff=PRO,2026-10-08,2026-10-08
MSE273738SEE,Mein Schiff,14 Nächte - Karibische Inselwelten - ab/bis La Romana,Mein Schiff 1,2027-11-10,2027-11-24,14,KA,Karibische Inseln 82,La Romana → Isla Catalina → Kralendijk (Bonaire) → Willemstad (Curaçao) → Oranjestad (Aruba) → La Romana → San Juan (Puerto Rico) → Frederiksted (St. Croix) → Charlotte Amalie (St. Thomas) → Road Town (Tortola) → La Romana,https://www.meinschiff.com/de/trips/14-naechte-karibische-inselwelten-abbis-la-romana-MSE273738SEE?cabinCategoryType=INCO2V&priceMode=perPerson&tariff=PRO,2026-10-08,2026-10-08
MSE273839SEE,Mein Schiff,14 Nächte - Karibische Inselwelten - ab/bis La Romana,Mein Schiff 1,2027-11-17,2027-12-01,14,KA,Karibische Inseln 83,La Romana → San Juan (Puerto Rico) → Frederiksted (St. Croix) → Charlotte Amalie (St. Thomas) → Road Town (Tortola) → La Romana → Isla Catalina → Kralendijk (Bonaire) → Oranjestad (Aruba) → Willemstad (Curaçao) → La Romana,https://www.meinschiff.com/de/trips/14-naechte-karibische-inselwelten-abbis-la-romana-MSE273839SEE?cabinCategoryType=IKCO2V&priceMode=perPerson&tariff=PRO,2026-10-08,2026-10-08
MSE273940SEE,Mein Schiff,14 Nächte - Karibische Inselwelten - ab/bis La Romana,Mein Schiff 1,2027-11-24,2027-12-08,14,KA,Karibische Inseln 84,La Romana → Isla Catalina → Kralendijk (Bonaire) → Oranjestad (Aruba) → Willemstad (Curaçao) → La Romana → San Juan (Puerto Rico) → Frederiksted (St. Croix) → Charlotte Amalie (St. Thomas) → Road Town (Tortola) → La Romana,https://www.meinschiff.com/de/trips/14-naechte-karibische-inselwelten-abbis-la-romana-MSE273940SEE?cabinCategoryType=INCO2V&priceMode=perPerson&tariff=PRO,2026-10-08,2026-10-08
MSE274041SEE,Mein Schiff,14 Nächte - Karibische Inselwelten - ab/bis La Romana,Mein Schiff 1,2027-12-01,2027-12-15,14,KA,Karibische Inseln 85,La Romana → San Juan (Puerto Rico) → Frederiksted (St. Croix) → Charlotte Amalie (St. Thomas) → Road Town (Tortola) → La Romana → Isla Catalina → Willemstad (Curaçao) → Oranjestad (Aruba) → Kralendijk (Bonaire) → La Romana,https://www.meinschiff.com/de/trips/14-naechte-karibische-inselwelten-abbis-la-romana-MSE274041SEE?cabinCategoryType=IKCO2V&priceMode=perPerson&tariff=PRO,2026-10-08,2026-10-08
MSE274142SEE,Mein Schiff,14 Nächte - Karibische Inselwelten - ab/bis La Romana,Mein Schiff 1,2027-12-08,2027-12-22,14,KA,Karibische Inseln 86,La Romana → Isla Catalina → Willemstad (Curaçao) → Oranjestad (Aruba) → Kralendijk (Bonaire) → La Romana → Road Town (Tortola) → Frederiksted (St. Croix) → Charlotte Amalie (St. Thomas) → San Juan (Puerto Rico) → La Romana,https://www.meinschiff.com/de/trips/14-naechte-karibische-inselwelten-abbis-la-romana-MSE274142SEE?cabinCategoryType=INCO2V&priceMode=perPerson&tariff=PRO,2026-10-08,2026-10-08
MSE274243SEE,Mein Schiff,14 Nächte - Festtage in der Karibik - ab/bis La Romana,Mein Schiff 1,2027-12-15,2027-12-29,14,KA,Karibische Inseln 87,La Romana → Road Town (Tortola) → Frederiksted (St. Croix) → Charlotte Amalie (St. Thomas) → San Juan (Puerto Rico) → La Romana → Isla Catalina → Philipsburg (St. Maarten) → Basseterre (St. Kitts) → St. John's (Antigua) → La Romana,https://www.meinschiff.com/de/trips/14-naechte-festtage-in-der-karibik-abbis-la-romana-MSE274243SEE?cabinCategoryType=IKCO2V&priceMode=perPerson&tariff=PRO,2026-10-08,2026-10-08
MSE274344SEE,Mein Schiff,14 Nächte - Festtage in der Karibik - ab/bis La Romana,Mein Schiff 1,2027-12-22,2028-01-05,14,KA,Karibische Inseln 88,La Romana → Isla Catalina → Philipsburg (St. Maarten) → Basseterre (St. Kitts) → St. John's (Antigua) → La Romana → San Juan (Puerto Rico) → Charlotte Amalie (St. Thomas) → Frederiksted (St. Croix) → Samana → La Romana,https://www.meinschiff.com/de/trips/14-naechte-festtage-in-der-karibik-abbis-la-romana-MSE274344SEE?cabinCategoryType=INCO2V&priceMode=perPerson&tariff=PRO,2026-10-08,2026-10-08
MSE274401SEE,Mein Schiff,14 Nächte - Jahresauftakt in der Karibik - ab/bis La Romana,Mein Schiff 1,2027-12-29,2028-01-12,14,KA,Karibische Inseln 89,La Romana → San Juan (Puerto Rico) → Charlotte Amalie (St. Thomas) → Frederiksted (St. Croix) → Samana → La Romana → Isla Catalina → Philipsburg (St. Maarten) → St. John's (Antigua) → Basseterre (St. Kitts) → La Romana,https://www.meinschiff.com/de/trips/14-naechte-jahresauftakt-in-der-karibik-abbis-la-romana-MSE274401SEE?cabinCategoryType=IKCO2V&priceMode=perPerson&tariff=PRO,2026-10-08,2026-10-08
MSE280102SEE,Mein Schiff,14 Nächte - Karibische Inselwelten - ab/bis La Romana,Mein Schiff 1,2028-01-05,2028-01-19,14,KA,Karibische Inseln 90,La Romana → Isla Catalina → Philipsburg (St. Maarten) → St. John's (Antigua) → Basseterre (St. Kitts) → La Romana → Philipsburg (St. Maarten) → Road Town (Tortola) → Taino Bay → Samana → La Romana,https://www.meinschiff.com/de/trips/14-naechte-karibische-inselwelten-abbis-la-romana-MSE280102SEE?cabinCategoryType=INCO2V&priceMode=perPerson&tariff=PRO,2026-10-08,2026-10-08
MSE280203SEE,Mein Schiff,14 Nächte - Karibische Inselwelten - ab/bis La Romana,Mein Schiff 1,2028-01-12,2028-01-26,14,KA,Karibische Inseln 91,La Romana → Philipsburg (St. Maarten) → Road Town (Tortola) → Taino Bay → Samana → La Romana → Isla Catalina → Willemstad (Curaçao) → Kralendijk (Bonaire) → Oranjestad (Aruba) → La Romana,https://www.meinschiff.com/de/trips/14-naechte-karibische-inselwelten-abbis-la-romana-MSE280203SEE?cabinCategoryType=IKCO2V&priceMode=perPerson&tariff=PRO,2026-10-08,2026-10-08
MSE280304SEE,Mein Schiff,14 Nächte - Karibische Inselwelten - ab/bis La Romana,Mein Schiff 1,2028-01-19,2028-02-02,14,KA,Karibische Inseln 92,La Romana → Isla Catalina → Willemstad (Curaçao) → Kralendijk (Bonaire) → Oranjestad (Aruba) → La Romana → Road Town (Tortola) → Philipsburg (St. Maarten) → Taino Bay → Samana → La Romana,https://www.meinschiff.com/de/trips/14-naechte-karibische-inselwelten-abbis-la-romana-MSE280304SEE?cabinCategoryType=INCO2V&priceMode=perPerson&tariff=PRO,2026-10-08,2026-10-08
MSE280405SEE,Mein Schiff,14 Nächte - Karibische Inselwelten - ab/bis La Romana,Mein Schiff 1,2028-01-26,2028-02-09,14,KA,Karibische Inseln 93,La Romana → Road Town (Tortola) → Philipsburg (St. Maarten) → Taino Bay → Samana → La Romana → Isla Catalina → Willemstad (Curaçao) → Kralendijk (Bonaire) → Oranjestad (Aruba) → La Romana,https://www.meinschiff.com/de/trips/14-naechte-karibische-inselwelten-abbis-la-romana-MSE280405SEE?cabinCategoryType=IKCO2V&priceMode=perPerson&tariff=PRO,2026-10-08,2026-10-08
MSE280506SEE,Mein Schiff,14 Nächte - Karibische Inselwelten - ab/bis La Romana,Mein Schiff 1,2028-02-02,2028-02-16,14,KA,Karibische Inseln 94,La Romana → Isla Catalina → Willemstad (Curaçao) → Kralendijk (Bonaire) → Oranjestad (Aruba) → La Romana → Philipsburg (St. Maarten) → Road Town (Tortola) → Taino Bay → Samana → La Romana,https://www.meinschiff.com/de/trips/14-naechte-karibische-inselwelten-abbis-la-romana-MSE280506SEE?cabinCategoryType=INCO2V&priceMode=perPerson&tariff=PRO,2026-10-08,2026-10-08
MSE280607SEE,Mein Schiff,14 Nächte - Karibische Inselwelten - ab/bis La Romana,Mein Schiff 1,2028-02-09,2028-02-23,14,KA,Karibische Inseln 91,La Romana → Philipsburg (St. Maarten) → Road Town (Tortola) → Taino Bay → Samana → La Romana → Isla Catalina → Willemstad (Curaçao) → Kralendijk (Bonaire) → Oranjestad (Aruba) → La Romana,https://www.meinschiff.com/de/trips/14-naechte-karibische-inselwelten-abbis-la-romana-MSE280607SEE?cabinCategoryType=IKCO2V&priceMode=perPerson&tariff=PRO,2026-10-08,2026-10-08
MSE280708SEE,Mein Schiff,14 Nächte - Karibische Inselwelten - ab/bis La Romana,Mein Schiff 1,2028-02-16,2028-03-01,14,KA,Karibische Inseln 95,La Romana → Isla Catalina → Willemstad (Curaçao) → Kralendijk (Bonaire) → Oranjestad (Aruba) → La Romana → Philipsburg (St. Maarten) → Road Town (Tortola) → Taino Bay → Samana → La Romana,https://www.meinschiff.com/de/trips/14-naechte-karibische-inselwelten-abbis-la-romana-MSE280708SEE?cabinCategoryType=INCO2V&priceMode=perPerson&tariff=PRO,2026-10-08,2026-10-08
MSE280809SEE,Mein Schiff,14 Nächte - Karibische Inselwelten - ab/bis La Romana,Mein Schiff 1,2028-02-23,2028-03-08,14,KA,Karibische Inseln 96,La Romana → Philipsburg (St. Maarten) → Road Town (Tortola) → Taino Bay → Samana → La Romana → Isla Catalina → Kralendijk (Bonaire) → Willemstad (Curaçao) → Oranjestad (Aruba) → La Romana,https://www.meinschiff.com/de/trips/14-naechte-karibische-inselwelten-abbis-la-romana-MSE280809SEE?cabinCategoryType=IKCO2V&priceMode=perPerson&tariff=PRO,2026-10-08,2026-10-08
MSE280910SEE,Mein Schiff,14 Nächte - Karibische Inselwelten - ab/bis La Romana,Mein Schiff 1,2028-03-01,2028-03-15,14,KA,Karibische Inseln 97,La Romana → Isla Catalina → Kralendijk (Bonaire) → Willemstad (Curaçao) → Oranjestad (Aruba) → La Romana → Road Town (Tortola) → Philipsburg (St. Maarten) → Taino Bay → Samana → La Romana,https://www.meinschiff.com/de/trips/14-naechte-karibische-inselwelten-abbis-la-romana-MSE280910SEE?cabinCategoryType=INCO2V&priceMode=perPerson&tariff=PRO,2026-10-08,2026-10-08
MSE281011SEE,Mein Schiff,14 Nächte - Karibische Inselwelten - ab/bis La Romana,Mein Schiff 1,2028-03-08,2028-03-22,14,KA,Karibische Inseln 93,La Romana → Road Town (Tortola) → Philipsburg (St. Maarten) → Taino Bay → Samana → La Romana → Isla Catalina → Willemstad (Curaçao) → Kralendijk (Bonaire) → Oranjestad (Aruba) → La Romana,https://www.meinschiff.com/de/trips/14-naechte-karibische-inselwelten-abbis-la-romana-MSE281011SEE?cabinCategoryType=IKCO2V&priceMode=perPerson&tariff=PRO,2026-10-08,2026-10-08
MSE281112SEE,Mein Schiff,14 Nächte - Karibische Inselwelten - ab/bis La Romana,Mein Schiff 1,2028-03-15,2028-03-29,14,KA,Karibische Inseln 98,La Romana → Isla Catalina → Willemstad (Curaçao) → Kralendijk (Bonaire) → Oranjestad (Aruba) → La Romana → Philipsburg (St. Maarten) → Road Town (Tortola) → Taino Bay → Samana → La Romana,https://www.meinschiff.com/de/trips/14-naechte-karibische-inselwelten-abbis-la-romana-MSE281112SEE?cabinCategoryType=INCO2V&priceMode=perPerson&tariff=PRO,2026-10-08,2026-10-08
MSE281213SEE,Mein Schiff,14 Nächte - Karibische Inselwelten - ab/bis La Romana,Mein Schiff 1,2028-03-22,2028-04-05,14,KA,Karibische Inseln 91,La Romana → Philipsburg (St. Maarten) → Road Town (Tortola) → Taino Bay → Samana → La Romana → Isla Catalina → Willemstad (Curaçao) → Kralendijk (Bonaire) → Oranjestad (Aruba) → La Romana,https://www.meinschiff.com/de/trips/14-naechte-karibische-inselwelten-abbis-la-romana-MSE281213SEE?cabinCategoryType=IKCO2V&priceMode=perPerson&tariff=PRO,2026-10-08,2026-10-08
MSE281314SEE,Mein Schiff,24 Nächte - Große Karibikreise und Auszeit auf dem Atlantik - ab La Romana/bis Bremerhaven,Mein Schiff 1,2028-03-29,2028-04-22,24,KA,Trans-Karibik Europa 43,La Romana → Isla Catalina → Willemstad (Curaçao) → Kralendijk (Bonaire) → Oranjestad (Aruba) → La Romana → Philipsburg (St. Maarten) → Basseterre (St. Kitts) → Ponta Delgada (Såo Miguel) → A Coruña → Le Havre (Paris) → Bremerhaven,https://www.meinschiff.com/de/trips/24-naechte-grosse-karibikreise-und-auszeit-auf-dem-atlantik-ab-la-romanabis-bremerhaven-MSE281314SEE?cabinCategoryType=INCO2V&priceMode=perPerson&tariff=PRO,2026-10-08,2026-10-08
MSE2814SEE,Mein Schiff,17 Nächte - Transatlantik - ab La Romana/bis Bremerhaven,Mein Schiff 1,2028-04-05,2028-04-22,17,KA,Trans-Karibik Europa 44,La Romana → Philipsburg (St. Maarten) → Basseterre (St. Kitts) → Ponta Delgada (Såo Miguel) → A Coruña → Le Havre (Paris) → Bremerhaven,https://www.meinschiff.com/de/trips/17-naechte-transatlantik-ab-la-romanabis-bremerhaven-MSE2814SEE?cabinCategoryType=IKCO2V&priceMode=perPerson&tariff=PRO,2026-10-08,2026-10-08
MSF2647SEE,Mein Schiff,7 Nächte - Östliches Mittelmeer mit Istanbul - ab/bis Heraklion,Mein Schiff 5,2026-10-09,2026-10-16,7,MM,Östliches Mittelmeer 66,"Heraklion (Kreta) → Istanbul → Mykonos Stadt (Mykonos) → Piräus (Athen) → Souda (Chania, Kreta) → Heraklion (Kreta)",https://www.meinschiff.com/de/trips/7-naechte-oestliches-mittelmeer-mit-istanbul-abbis-heraklion-MSF2647SEE?cabinCategoryType=INAO2V&priceMode=perPerson&tariff=PRO,2026-10-08,2026-10-08
MSF2648SEE,Mein Schiff,10 Nächte - Mediterrane Höhepunkte und Inselschönheiten - ab Heraklion/bis Palma,Mein Schiff 5,2026-10-16,2026-10-26,10,MM,Trans-Mittelmeer 34,Heraklion (Kreta) → Piräus (Athen) → Valletta (Malta) → Catania (Sizilien) → Salerno → Civitavecchia (Rom) → Barcelona → Palma (Mallorca),https://www.meinschiff.com/de/trips/10-naechte-mediterrane-hoehepunkte-und-inselschoenheiten-ab-heraklionbis-palma-MSF2648SEE?cabinType=Balcony&cabinCategoryType=BAUS2V&priceMode=perPerson&tariff=PLUS,2026-10-08,2026-10-08
MSF264950SEE,Mein Schiff,23 Nächte - Auszeit auf dem Atlantik und Karibik - ab Palma/bis La Romana,Mein Schiff 5,2026-10-26,2026-11-18,23,KA,Trans-Karibik Europa 41,Palma (Mallorca) → Gibraltar → Las Palmas (Gran Canaria) → Mindelo (São Vicente) → Roseau (Dominica) → Basseterre (St. Kitts) → Philipsburg (St. Maarten) → La Romana → Road Town (Tortola) → St. John's (Antigua) → Samana → Santo Domingo → La Romana,https://www.meinschiff.com/de/trips/23-naechte-auszeit-auf-dem-atlantik-und-karibik-ab-palmabis-la-romana-MSF264950SEE?cabinCategoryType=IKUS2V&priceMode=perPerson&tariff=PLUS,2026-10-08,2026-10-08
MSF2649SEE,Mein Schiff,16 Nächte - Auszeit auf dem Atlantik - ab Palma/bis La Romana,Mein Schiff 5,2026-10-26,2026-11-11,16,KA,Trans-Karibik Europa 40,Palma (Mallorca) → Gibraltar → Las Palmas (Gran Canaria) → Mindelo (São Vicente) → Roseau (Dominica) → Basseterre (St. Kitts) → Philipsburg (St. Maarten) → La Romana,https://www.meinschiff.com/de/trips/16-naechte-auszeit-auf-dem-atlantik-ab-palmabis-la-romana-MSF2649SEE?cabinType=Outside&cabinCategoryType=AUAO2V&priceMode=perPerson&tariff=PRO,2026-10-08,2026-10-08
MSF265051SEE,Mein Schiff,14 Nächte - Karibische Inselwelten - ab/bis La Romana,Mein Schiff 5,2026-11-11,2026-11-25,14,KA,Karibische Inseln 45,La Romana → Road Town (Tortola) → St. John's (Antigua) → Samana → Santo Domingo → La Romana → Willemstad (Curaçao) → Kralendijk (Bonaire) → Oranjestad (Aruba) → Isla Catalina → La Romana,https://www.meinschiff.com/de/trips/14-naechte-karibische-inselwelten-abbis-la-romana-MSF265051SEE?cabinCategoryType=INUS2V&inboundAirport=FRA&outboundAirport=FRA&priceMode=perPerson&tariff=PLUS,2026-10-08,2026-10-08
MSF265152SEE,Mein Schiff,14 Nächte - Karibische Inselwelten - ab/bis La Romana,Mein Schiff 5,2026-11-18,2026-12-02,14,KA,Karibische Inseln 46,La Romana → Willemstad (Curaçao) → Kralendijk (Bonaire) → Oranjestad (Aruba) → Isla Catalina → La Romana → St. John's (Antigua) → Road Town (Tortola) → Samana → Santo Domingo → La Romana,https://www.meinschiff.com/de/trips/14-naechte-karibische-inselwelten-abbis-la-romana-MSF265152SEE?cabinCategoryType=IKUS2V&inboundAirport=FRA&outboundAirport=FRA&priceMode=perPerson&tariff=PLUS,2026-10-08,2026-10-08
MSF265253SEE,Mein Schiff,14 Nächte - Karibische Inselwelten - ab/bis La Romana,Mein Schiff 5,2026-11-25,2026-12-09,14,KA,Karibische Inseln 47,La Romana → St. John's (Antigua) → Road Town (Tortola) → Samana → Santo Domingo → La Romana → Kralendijk (Bonaire) → Willemstad (Curaçao) → Oranjestad (Aruba) → Isla Catalina → La Romana,https://www.meinschiff.com/de/trips/14-naechte-karibische-inselwelten-abbis-la-romana-MSF265253SEE?cabinCategoryType=INUS2V&inboundAirport=FRA&outboundAirport=FRA&priceMode=perPerson&tariff=PLUS,2026-10-08,2026-10-08
MSF265354SEE,Mein Schiff,14 Nächte - Karibische Inselwelten - ab/bis La Romana,Mein Schiff 5,2026-12-02,2026-12-16,14,KA,Karibische Inseln 64,La Romana → Kralendijk (Bonaire) → Willemstad (Curaçao) → Oranjestad (Aruba) → Isla Catalina → La Romana → Road Town (Tortola) → Philipsburg (St. Maarten) → Samana → Santo Domingo → La Romana,https://www.meinschiff.com/de/trips/14-naechte-karibische-inselwelten-abbis-la-romana-MSF265354SEE?cabinCategoryType=IKUS2V&inboundAirport=FRA&outboundAirport=FRA&priceMode=perPerson&tariff=PLUS,2026-10-08,2026-10-08
MSF265455SEE,Mein Schiff,14 Nächte - Karibische Inselwelten - ab/bis La Romana,Mein Schiff 5,2026-12-09,2026-12-23,14,KA,Karibische Inseln 74,La Romana → Road Town (Tortola) → Philipsburg (St. Maarten) → Samana → Santo Domingo → La Romana → Kralendijk (Bonaire) → Willemstad (Curaçao) → Oranjestad (Aruba) → Isla Catalina → La Romana,https://www.meinschiff.com/de/trips/14-naechte-karibische-inselwelten-abbis-la-romana-MSF265455SEE?cabinCategoryType=INUS2V&inboundAirport=FRA&outboundAirport=FRA&priceMode=perPerson&tariff=PLUS,2026-10-08,2026-10-08
MSF265556SEE,Mein Schiff,14 Nächte - Festtage in der Karibik - ab/bis La Romana,Mein Schiff 5,2026-12-16,2026-12-30,14,KA,Karibische Inseln 48,La Romana → Kralendijk (Bonaire) → Willemstad (Curaçao) → Oranjestad (Aruba) → Isla Catalina → La Romana → Road Town (Tortola) → Philipsburg (St. Maarten) → Taino Bay → Samana → La Romana,https://www.meinschiff.com/de/trips/14-naechte-festtage-in-der-karibik-abbis-la-romana-MSF265556SEE?cabinCategoryType=IKUS2V&inboundAirport=FRA&outboundAirport=FRA&priceMode=perPerson&tariff=PLUS,2026-10-08,2026-10-08
MSF265657SEE,Mein Schiff,14 Nächte - Festtage in der Karibik - ab/bis La Romana,Mein Schiff 5,2026-12-23,2027-01-06,14,KA,Karibische Inseln 49,La Romana → Road Town (Tortola) → Philipsburg (St. Maarten) → Taino Bay → Samana → La Romana → Willemstad (Curaçao) → Kralendijk (Bonaire) → Oranjestad (Aruba) → Isla Catalina → La Romana,https://www.meinschiff.com/de/trips/14-naechte-festtage-in-der-karibik-abbis-la-romana-MSF265657SEE?cabinType=Balcony&cabinCategoryType=BAUR2V&priceMode=perPerson&tariff=PUR,2026-10-08,2026-10-08
MSF265701SEE,Mein Schiff,14 Nächte - Jahresauftakt in der Karibik - ab/bis La Romana,Mein Schiff 5,2026-12-30,2027-01-13,14,KA,Karibische Inseln 50,La Romana → Willemstad (Curaçao) → Kralendijk (Bonaire) → Oranjestad (Aruba) → Isla Catalina → La Romana → St. John's (Antigua) → Road Town (Tortola) → Taino Bay → Samana → La Romana,https://www.meinschiff.com/de/trips/14-naechte-jahresauftakt-in-der-karibik-abbis-la-romana-MSF265701SEE?cabinCategoryType=IKUR2V&inboundAirport=FRA&outboundAirport=FRA&priceMode=perPerson&tariff=PUR,2026-10-08,2026-10-08
MSF270102SEE,Mein Schiff,14 Nächte - Karibische Inselwelten - ab/bis La Romana,Mein Schiff 5,2027-01-06,2027-01-20,14,KA,Karibische Inseln 51,La Romana → St. John's (Antigua) → Road Town (Tortola) → Taino Bay → Samana → La Romana → Kralendijk (Bonaire) → Willemstad (Curaçao) → Oranjestad (Aruba) → Isla Catalina → La Romana,https://www.meinschiff.com/de/trips/14-naechte-karibische-inselwelten-abbis-la-romana-MSF270102SEE?cabinCategoryType=INUS2V&inboundAirport=FRA&outboundAirport=FRA&priceMode=perPerson&tariff=PLUS,2026-10-08,2026-10-08
MSF270203SEE,Mein Schiff,14 Nächte - Karibische Inselwelten - ab/bis La Romana,Mein Schiff 5,2027-01-13,2027-01-27,14,KA,Karibische Inseln 52,La Romana → Kralendijk (Bonaire) → Willemstad (Curaçao) → Oranjestad (Aruba) → Isla Catalina → La Romana → Santo Domingo → Road Town (Tortola) → St. John's (Antigua) → Samana → La Romana,https://www.meinschiff.com/de/trips/14-naechte-karibische-inselwelten-abbis-la-romana-MSF270203SEE?cabinCategoryType=IKUS2V&inboundAirport=FRA&outboundAirport=FRA&priceMode=perPerson&tariff=PLUS,2026-10-08,2026-10-08
MSF270304SEE,Mein Schiff,14 Nächte - Karibische Inselwelten - ab/bis La Romana,Mein Schiff 5,2027-01-20,2027-02-03,14,KA,Karibische Inseln 53,La Romana → Santo Domingo → Road Town (Tortola) → St. John's (Antigua) → Samana → La Romana → Kralendijk (Bonaire) → Willemstad (Curaçao) → Oranjestad (Aruba) → Isla Catalina → La Romana,https://www.meinschiff.com/de/trips/14-naechte-karibische-inselwelten-abbis-la-romana-MSF270304SEE?cabinCategoryType=INUS2V&inboundAirport=FRA&outboundAirport=FRA&priceMode=perPerson&tariff=PLUS,2026-10-08,2026-10-08
MSF270405SEE,Mein Schiff,14 Nächte - Karibische Inselwelten - ab/bis La Romana,Mein Schiff 5,2027-01-27,2027-02-10,14,KA,Karibische Inseln 54,La Romana → Kralendijk (Bonaire) → Willemstad (Curaçao) → Oranjestad (Aruba) → Isla Catalina → La Romana → Road Town (Tortola) → Philipsburg (St. Maarten) → Taino Bay → Samana → La Romana,https://www.meinschiff.com/de/trips/14-naechte-karibische-inselwelten-abbis-la-romana-MSF270405SEE?cabinCategoryType=IKUS2V&inboundAirport=FRA&outboundAirport=FRA&priceMode=perPerson&tariff=PLUS,2026-10-08,2026-10-08
MSF270506SEE,Mein Schiff,14 Nächte - Karibische Inselwelten - ab/bis La Romana,Mein Schiff 5,2027-02-03,2027-02-17,14,KA,Karibische Inseln 55,La Romana → Road Town (Tortola) → Philipsburg (St. Maarten) → Taino Bay → Samana → La Romana → Kralendijk (Bonaire) → Willemstad (Curaçao) → Oranjestad (Aruba) → Isla Catalina → La Romana,https://www.meinschiff.com/de/trips/14-naechte-karibische-inselwelten-abbis-la-romana-MSF270506SEE?cabinCategoryType=INUS2V&inboundAirport=FRA&outboundAirport=FRA&priceMode=perPerson&tariff=PLUS,2026-10-08,2026-10-08
MSF270607SEE,Mein Schiff,14 Nächte - Karibische Inselwelten - ab/bis La Romana,Mein Schiff 5,2027-02-10,2027-02-24,14,KA,Karibische Inseln 56,La Romana → Kralendijk (Bonaire) → Willemstad (Curaçao) → Oranjestad (Aruba) → Isla Catalina → La Romana → Road Town (Tortola) → Philipsburg (St. Maarten) → Taino Bay → Samana → La Romana,https://www.meinschiff.com/de/trips/14-naechte-karibische-inselwelten-abbis-la-romana-MSF270607SEE?cabinCategoryType=IKUS2V&inboundAirport=FRA&outboundAirport=FRA&priceMode=perPerson&tariff=PLUS,2026-10-08,2026-10-08
MSF270708SEE,Mein Schiff,14 Nächte - Karibische Inselwelten - ab/bis La Romana,Mein Schiff 5,2027-02-17,2027-03-03,14,KA,Karibische Inseln 57,La Romana → Road Town (Tortola) → Philipsburg (St. Maarten) → Taino Bay → Samana → La Romana → Kralendijk (Bonaire) → Willemstad (Curaçao) → Oranjestad (Aruba) → Isla Catalina → La Romana,https://www.meinschiff.com/de/trips/14-naechte-karibische-inselwelten-abbis-la-romana-MSF270708SEE?cabinCategoryType=INUS2V&inboundAirport=FRA&outboundAirport=FRA&priceMode=perPerson&tariff=PLUS,2026-10-08,2026-10-08
MSF270809SEE,Mein Schiff,14 Nächte - Karibische Inselwelten - ab/bis La Romana,Mein Schiff 5,2027-02-24,2027-03-10,14,KA,Karibische Inseln 58,La Romana → Kralendijk (Bonaire) → Willemstad (Curaçao) → Oranjestad (Aruba) → Isla Catalina → La Romana → Road Town (Tortola) → Philipsburg (St. Maarten) → Taino Bay → Samana → La Romana,https://www.meinschiff.com/de/trips/14-naechte-karibische-inselwelten-abbis-la-romana-MSF270809SEE?cabinCategoryType=IKUS2V&inboundAirport=FRA&outboundAirport=FRA&priceMode=perPerson&tariff=PLUS,2026-10-08,2026-10-08
MSF270910SEE,Mein Schiff,14 Nächte - Karibische Inselwelten - ab/bis La Romana,Mein Schiff 5,2027-03-03,2027-03-17,14,KA,Karibische Inseln 59,La Romana → Road Town (Tortola) → Philipsburg (St. Maarten) → Taino Bay → Samana → La Romana → Kralendijk (Bonaire) → Willemstad (Curaçao) → Oranjestad (Aruba) → Isla Catalina → La Romana,https://www.meinschiff.com/de/trips/14-naechte-karibische-inselwelten-abbis-la-romana-MSF270910SEE?cabinCategoryType=INUS2V&inboundAirport=FRA&outboundAirport=FRA&priceMode=perPerson&tariff=PLUS,2026-10-08,2026-10-08
MSF271011SEE,Mein Schiff,14 Nächte - Karibische Inselwelten - ab/bis La Romana,Mein Schiff 5,2027-03-10,2027-03-24,14,KA,Karibische Inseln 60,La Romana → Kralendijk (Bonaire) → Willemstad (Curaçao) → Oranjestad (Aruba) → Isla Catalina → La Romana → Road Town (Tortola) → St. John's (Antigua) → Samana → Santo Domingo → La Romana,https://www.meinschiff.com/de/trips/14-naechte-karibische-inselwelten-abbis-la-romana-MSF271011SEE?cabinCategoryType=IKUS2V&inboundAirport=FRA&outboundAirport=FRA&priceMode=perPerson&tariff=PLUS,2026-10-08,2026-10-08
MSF271112SEE,Mein Schiff,22 Nächte -Karibik & Auszeit auf dem Atlantik - ab La Romana/bis Palma,Mein Schiff 5,2027-03-17,2027-04-08,22,KA,Trans-Karibik Europa 38,La Romana → Road Town (Tortola) → St. John's (Antigua) → Samana → Santo Domingo → La Romana → Philipsburg (St. Maarten) → Basseterre (St. Kitts) → Funchal (Madeira) → Gibraltar → Palma (Mallorca),https://www.meinschiff.com/de/trips/22-naechte-karibik-auszeit-auf-dem-atlantik-ab-la-romanabis-palma-MSF271112SEE?cabinCategoryType=INUS2V&priceMode=perPerson&tariff=PLUS,2026-10-08,2026-10-08
MSF2712SEE,Mein Schiff,15 Nächte - Auszeit auf dem Atlantik - ab La Romana/bis Palma,Mein Schiff 5,2027-03-24,2027-04-08,15,KA,Trans-Karibik Europa 39,La Romana → Philipsburg (St. Maarten) → Basseterre (St. Kitts) → Funchal (Madeira) → Gibraltar → Palma (Mallorca),https://www.meinschiff.com/de/trips/15-naechte-auszeit-auf-dem-atlantik-ab-la-romanabis-palma-MSF2712SEE?cabinType=Balcony&cabinCategoryType=BKUS2V&priceMode=perPerson&tariff=PLUS,2026-10-08,2026-10-08
MSF271314SEE,Mein Schiff,15 Nächte - Von Bella Italia bis Istanbul - ab Palma/bis Heraklion,Mein Schiff 5,2027-04-08,2027-04-23,15,MM,Trans-Mittelmeer 51,"Palma (Mallorca) → Civitavecchia (Rom) → Salerno → Catania (Sizilien) → Piräus (Athen) → Souda (Chania, Kreta) → Heraklion (Kreta) → Istanbul → Mykonos Stadt (Mykonos) → Piräus (Athen) → Souda (Chania, Kreta) → Heraklion (Kreta)",https://www.meinschiff.com/de/trips/15-naechte-von-bella-italia-bis-istanbul-ab-palmabis-heraklion-MSF271314SEE?cabinCategoryType=INBO2V&inboundAirport=CGN&outboundAirport=LUX&priceMode=perPerson&tariff=PRO,2026-10-08,2026-10-08
MSF2713SEE,Mein Schiff,8 Nächte - Bella Italia und Griechenland  - ab Palma/bis Heraklion,Mein Schiff 5,2027-04-08,2027-04-16,8,MM,Westliches Mittelmeer 44,"Palma (Mallorca) → Civitavecchia (Rom) → Salerno → Catania (Sizilien) → Piräus (Athen) → Souda (Chania, Kreta) → Heraklion (Kreta)",https://www.meinschiff.com/de/trips/8-naechte-bella-italia-und-griechenland-ab-palmabis-heraklion-MSF2713SEE?cabinCategoryType=INCO2V&priceMode=perPerson&tariff=PRO,2026-10-08,2026-10-08
MSF271415SEE,Mein Schiff,14 Nächte - Östliches Mittelmeer intensiv - ab/bis Heraklion,Mein Schiff 5,2027-04-16,2027-04-30,14,MM,Östliches Mittelmeer 112,"Heraklion (Kreta) → Istanbul → Mykonos Stadt (Mykonos) → Piräus (Athen) → Souda (Chania, Kreta) → Heraklion (Kreta) → Tarent → Korfu Stadt (Korfu) → Piräus (Athen) → Thíra (Santorin) → Heraklion (Kreta)",https://www.meinschiff.com/de/trips/14-naechte-oestliches-mittelmeer-intensiv-abbis-heraklion-MSF271415SEE?cabinType=Balcony&cabinCategoryType=BAEO2V&priceMode=perPerson&tariff=PRO,2026-10-08,2026-10-08
MSF2714SEE,Mein Schiff,7 Nächte - Östliches Mittelmeer mit Istanbul - ab/bis Heraklion,Mein Schiff 5,2027-04-16,2027-04-23,7,MM,Östliches Mittelmeer 66,"Heraklion (Kreta) → Istanbul → Mykonos Stadt (Mykonos) → Piräus (Athen) → Souda (Chania, Kreta) → Heraklion (Kreta)",https://www.meinschiff.com/de/trips/7-naechte-oestliches-mittelmeer-mit-istanbul-abbis-heraklion-MSF2714SEE?cabinCategoryType=INBO2V&priceMode=perPerson&tariff=PRO,2026-10-08,2026-10-08
MSF271516SEE,Mein Schiff,14 Nächte - Vielfalt des Östlichen Mittelmeers - ab/bis Heraklion,Mein Schiff 5,2027-04-23,2027-05-07,14,MM,Östliches Mittelmeer 126,Heraklion (Kreta) → Tarent → Korfu Stadt (Korfu) → Piräus (Athen) → Thíra (Santorin) → Heraklion (Kreta) → Alexandria → Limassol (Zypern) → Rhodos Stadt (Rhodos) → Patmos → Heraklion (Kreta),https://www.meinschiff.com/de/trips/14-naechte-vielfalt-des-oestlichen-mittelmeers-abbis-heraklion-MSF271516SEE?cabinType=Balcony&cabinCategoryType=BAEO2V&priceMode=perPerson&tariff=PRO,2026-10-08,2026-10-08
MSF2715SEE,Mein Schiff,7 Nächte - Vielfalt des Östlichen Mittelmeers - ab/bis Heraklion,Mein Schiff 5,2027-04-23,2027-04-30,7,MM,Östliches Mittelmeer 75,Heraklion (Kreta) → Tarent → Korfu Stadt (Korfu) → Piräus (Athen) → Thíra (Santorin) → Heraklion (Kreta),https://www.meinschiff.com/de/trips/7-naechte-vielfalt-des-oestlichen-mittelmeers-abbis-heraklion-MSF2715SEE?cabinType=Balcony&cabinCategoryType=BAEO2V&priceMode=perPerson&tariff=PRO,2026-10-08,2026-10-08
MSF271617SEE,Mein Schiff,14 Nächte - Östliches Mittelmeer intensiv ab/bis Heraklion,Mein Schiff 5,2027-04-30,2027-05-14,14,MM,Östliches Mittelmeer 128,"Heraklion (Kreta) → Alexandria → Limassol (Zypern) → Rhodos Stadt (Rhodos) → Patmos → Heraklion (Kreta) → Valletta (Malta) → Catania (Sizilien) → Piräus (Athen) → Souda (Chania, Kreta) → Heraklion (Kreta)",https://www.meinschiff.com/de/trips/14-naechte-oestliches-mittelmeer-intensiv-abbis-heraklion-MSF271617SEE?cabinCategoryType=INBO2V&priceMode=perPerson&tariff=PRO,2026-10-08,2026-10-08
MSF2716SEE,Mein Schiff,7 Nächte - Ägypten und Griechische Inseln - ab/bis Heraklion,Mein Schiff 5,2027-04-30,2027-05-07,7,MM,Östliches Mittelmeer 127,Heraklion (Kreta) → Alexandria → Limassol (Zypern) → Rhodos Stadt (Rhodos) → Patmos → Heraklion (Kreta),https://www.meinschiff.com/de/trips/7-naechte-aegypten-und-griechische-inseln-abbis-heraklion-MSF2716SEE?cabinCategoryType=INBO2V&priceMode=perPerson&tariff=PRO,2026-10-08,2026-10-08
MSF271718SEE,Mein Schiff,14 Nächte - Höhepunkte des Östlichen Mittelmeers - ab/bis Heraklion,Mein Schiff 5,2027-05-07,2027-05-21,14,MM,Östliches Mittelmeer 129,"Heraklion (Kreta) → Valletta (Malta) → Catania (Sizilien) → Piräus (Athen) → Souda (Chania, Kreta) → Heraklion (Kreta) → Istanbul → Thessaloniki → Volos → Mykonos Stadt (Mykonos) → Heraklion (Kreta)",https://www.meinschiff.com/de/trips/14-naechte-hoehepunkte-des-oestlichen-mittelmeers-abbis-heraklion-MSF271718SEE?cabinCategoryType=INBO2V&priceMode=perPerson&tariff=PRO,2026-10-08,2026-10-08
MSF2717SEE,Mein Schiff,7 Nächte - Inseln des Östlichen Mittelmeers - ab/bis Heraklion,Mein Schiff 5,2027-05-07,2027-05-14,7,MM,Östliches Mittelmeer 101,"Heraklion (Kreta) → Valletta (Malta) → Catania (Sizilien) → Piräus (Athen) → Souda (Chania, Kreta) → Heraklion (Kreta)",https://www.meinschiff.com/de/trips/7-naechte-inseln-des-oestlichen-mittelmeers-abbis-heraklion-MSF2717SEE?cabinCategoryType=INBO2V&priceMode=perPerson&tariff=PRO,2026-10-08,2026-10-08
MSF271819SEE,Mein Schiff,14 Nächte - Ägäis und Bosporus - ab/bis Heraklion,Mein Schiff 5,2027-05-14,2027-05-28,14,MM,Östliches Mittelmeer 131,Heraklion (Kreta) → Istanbul → Thessaloniki → Volos → Mykonos Stadt (Mykonos) → Heraklion (Kreta) → Tarent → Korfu Stadt (Korfu) → Piräus (Athen) → Thíra (Santorin) → Heraklion (Kreta),https://www.meinschiff.com/de/trips/14-naechte-aegaeis-und-bosporus-abbis-heraklion-MSF271819SEE?cabinType=Balcony&cabinCategoryType=BADO2V&priceMode=perPerson&tariff=PRO,2026-10-08,2026-10-08
MSF2718SEE,Mein Schiff,7 Nächte - Östliches Mittelmeer mit Istanbul - ab/bis Heraklion,Mein Schiff 5,2027-05-14,2027-05-21,7,MM,Östliches Mittelmeer 130,Heraklion (Kreta) → Istanbul → Thessaloniki → Volos → Mykonos Stadt (Mykonos) → Heraklion (Kreta),https://www.meinschiff.com/de/trips/7-naechte-oestliches-mittelmeer-mit-istanbul-abbis-heraklion-MSF2718SEE?cabinCategoryType=INBO2V&priceMode=perPerson&tariff=PRO,2026-10-08,2026-10-08
MSF271920SEE,Mein Schiff,14 Nächte - Vielfalt des Östlichen Mittelmeers - ab/bis Heraklion,Mein Schiff 5,2027-05-21,2027-06-04,14,MM,Östliches Mittelmeer 132,Heraklion (Kreta) → Tarent → Korfu Stadt (Korfu) → Piräus (Athen) → Thíra (Santorin) → Heraklion (Kreta) → Alexandria → Limassol (Zypern) → Rhodos Stadt (Rhodos) → Patmos → Heraklion (Kreta),https://www.meinschiff.com/de/trips/14-naechte-vielfalt-des-oestlichen-mittelmeers-abbis-heraklion-MSF271920SEE?cabinCategoryType=INCO2V&priceMode=perPerson&tariff=PRO,2026-10-08,2026-10-08
MSF2719SEE,Mein Schiff,7 Nächte - Vielfalt des Östlichen Mittelmeers - ab/bis Heraklion,Mein Schiff 5,2027-05-21,2027-05-28,7,MM,Östliches Mittelmeer 75,Heraklion (Kreta) → Tarent → Korfu Stadt (Korfu) → Piräus (Athen) → Thíra (Santorin) → Heraklion (Kreta),https://www.meinschiff.com/de/trips/7-naechte-vielfalt-des-oestlichen-mittelmeers-abbis-heraklion-MSF2719SEE?cabinCategoryType=INCO2V&priceMode=perPerson&tariff=PRO,2026-10-08,2026-10-08
MSF272021SEE,Mein Schiff,14 Nächte - Östliches Mittelmeer intensiv ab/bis Heraklion,Mein Schiff 5,2027-05-28,2027-06-11,14,MM,Östliches Mittelmeer 134,"Heraklion (Kreta) → Alexandria → Limassol (Zypern) → Rhodos Stadt (Rhodos) → Patmos → Heraklion (Kreta) → Valletta (Malta) → Catania (Sizilien) → Piräus (Athen) → Souda (Chania, Kreta) → Heraklion (Kreta)",https://www.meinschiff.com/de/trips/14-naechte-oestliches-mittelmeer-intensiv-abbis-heraklion-MSF272021SEE?cabinCategoryType=INAO2V&priceMode=perPerson&tariff=PRO,2026-10-08,2026-10-08
MSF2720SEE,Mein Schiff,7 Nächte - Ägypten und Griechische Inseln - ab/bis Heraklion,Mein Schiff 5,2027-05-28,2027-06-04,7,MM,Östliches Mittelmeer 133,Heraklion (Kreta) → Alexandria → Limassol (Zypern) → Rhodos Stadt (Rhodos) → Patmos → Heraklion (Kreta),https://www.meinschiff.com/de/trips/7-naechte-aegypten-und-griechische-inseln-abbis-heraklion-MSF2720SEE?cabinCategoryType=INCO2V&priceMode=perPerson&tariff=PRO,2026-10-08,2026-10-08
MSF272122SEE,Mein Schiff,14 Nächte - Griechenland intensiv mit Istanbul - ab/bis Heraklion,Mein Schiff 5,2027-06-04,2027-06-18,14,MM,Östliches Mittelmeer 135,"Heraklion (Kreta) → Valletta (Malta) → Catania (Sizilien) → Piräus (Athen) → Souda (Chania, Kreta) → Heraklion (Kreta) → Rhodos Stadt (Rhodos) → Istanbul → Piräus (Athen) → Nafplio → Heraklion (Kreta)",https://www.meinschiff.com/de/trips/14-naechte-griechenland-intensiv-mit-istanbul-abbis-heraklion-MSF272122SEE?cabinCategoryType=INAO2V&priceMode=perPerson&tariff=PRO,2026-10-08,2026-10-08
MSF2721SEE,Mein Schiff,7 Nächte - Inselwelt zum Verlieben - ab/bis Heraklion,Mein Schiff 5,2027-06-04,2027-06-11,7,MM,Östliches Mittelmeer 101,"Heraklion (Kreta) → Valletta (Malta) → Catania (Sizilien) → Piräus (Athen) → Souda (Chania, Kreta) → Heraklion (Kreta)",https://www.meinschiff.com/de/trips/7-naechte-inselwelt-zum-verlieben-abbis-heraklion-MSF2721SEE?cabinCategoryType=INAO2V&priceMode=perPerson&tariff=PRO,2026-10-08,2026-10-08
MSF272223SEE,Mein Schiff,14 Nächte - Frühsommer im Östlichen Mittelmeer - ab/bis Heraklion,Mein Schiff 5,2027-06-11,2027-06-25,14,MM,Östliches Mittelmeer 137,Heraklion (Kreta) → Rhodos Stadt (Rhodos) → Istanbul → Piräus (Athen) → Nafplio → Heraklion (Kreta) → Tarent → Korfu Stadt (Korfu) → Piräus (Athen) → Patmos → Heraklion (Kreta),https://www.meinschiff.com/de/trips/14-naechte-fruehsommer-im-oestlichen-mittelmeer-abbis-heraklion-MSF272223SEE?cabinCategoryType=INCO2V&priceMode=perPerson&tariff=PRO,2026-10-08,2026-10-08
MSF2722SEE,Mein Schiff,7 Nächte - Vielfalt des Östlichen Mittelmeers - ab/bis Heraklion ,Mein Schiff 5,2027-06-11,2027-06-18,7,MM,Östliches Mittelmeer 136,Heraklion (Kreta) → Rhodos Stadt (Rhodos) → Istanbul → Piräus (Athen) → Nafplio → Heraklion (Kreta),https://www.meinschiff.com/de/trips/7-naechte-vielfalt-des-oestlichen-mittelmeers-abbis-heraklion-MSF2722SEE?cabinCategoryType=INCO2V&priceMode=perPerson&tariff=PRO,2026-10-08,2026-10-08
MSF272324SEE,Mein Schiff,14 Nächte - Östliches Mittelmeer intensiv - ab/bis Heraklion,Mein Schiff 5,2027-06-18,2027-07-02,14,MM,Östliches Mittelmeer 139,Heraklion (Kreta) → Tarent → Korfu Stadt (Korfu) → Piräus (Athen) → Patmos → Heraklion (Kreta) → Limassol (Zypern) → Rhodos Stadt (Rhodos) → Piräus (Athen) → Nafplio → Heraklion (Kreta),https://www.meinschiff.com/de/trips/14-naechte-oestliches-mittelmeer-intensiv-abbis-heraklion-MSF272324SEE?cabinCategoryType=INCO2V&priceMode=perPerson&tariff=PRO,2026-10-08,2026-10-08
MSF2723SEE,Mein Schiff,7 Nächte - Zauberhafte Inseln im Östlichen Mittelmeer - ab/bis Heraklion,Mein Schiff 5,2027-06-18,2027-06-25,7,MM,Östliches Mittelmeer 138,Heraklion (Kreta) → Tarent → Korfu Stadt (Korfu) → Piräus (Athen) → Patmos → Heraklion (Kreta),https://www.meinschiff.com/de/trips/7-naechte-zauberhafte-inseln-im-oestlichen-mittelmeer-abbis-heraklion-MSF2723SEE?cabinCategoryType=INCO2V&priceMode=perPerson&tariff=PRO,2026-10-08,2026-10-08
MSF272425SEE,Mein Schiff,14 Nächte - Östliches Mittelmeer intensiv - ab/bis Heraklion,Mein Schiff 5,2027-06-25,2027-07-09,14,MM,Östliches Mittelmeer 140,"Heraklion (Kreta) → Limassol (Zypern) → Rhodos Stadt (Rhodos) → Piräus (Athen) → Nafplio → Heraklion (Kreta) → Valletta (Malta) → Catania (Sizilien) → Piräus (Athen) → Souda (Chania, Kreta) → Heraklion (Kreta)",https://www.meinschiff.com/de/trips/14-naechte-oestliches-mittelmeer-intensiv-abbis-heraklion-MSF272425SEE?cabinCategoryType=INCO2V&priceMode=perPerson&tariff=PRO,2026-10-08,2026-10-08
MSF2724SEE,Mein Schiff,7 Nächte - Zauberhafte Inseln - ab/bis Heraklion,Mein Schiff 5,2027-06-25,2027-07-02,7,MM,Östliches Mittelmeer 108,Heraklion (Kreta) → Limassol (Zypern) → Rhodos Stadt (Rhodos) → Piräus (Athen) → Nafplio → Heraklion (Kreta),https://www.meinschiff.com/de/trips/7-naechte-zauberhafte-inseln-abbis-heraklion-MSF2724SEE?cabinCategoryType=INCO2V&priceMode=perPerson&tariff=PRO,2026-10-08,2026-10-08
MSF272526SEE,Mein Schiff,14 Nächte - Östliches Mittelmeer intensiv ab/bis Heraklion,Mein Schiff 5,2027-07-02,2027-07-16,14,MM,Östliches Mittelmeer 141,"Heraklion (Kreta) → Valletta (Malta) → Catania (Sizilien) → Piräus (Athen) → Souda (Chania, Kreta) → Heraklion (Kreta) → Thessaloniki → Volos → Izmir → Piräus (Athen) → Heraklion (Kreta)",https://www.meinschiff.com/de/trips/14-naechte-oestliches-mittelmeer-intensiv-abbis-heraklion-MSF272526SEE?cabinCategoryType=INCO2V&priceMode=perPerson&tariff=PRO,2026-10-08,2026-10-08
MSF2725SEE,Mein Schiff,7 Nächte - Inselwelt zum Verlieben - ab/bis Heraklion,Mein Schiff 5,2027-07-02,2027-07-09,7,MM,Östliches Mittelmeer 101,"Heraklion (Kreta) → Valletta (Malta) → Catania (Sizilien) → Piräus (Athen) → Souda (Chania, Kreta) → Heraklion (Kreta)",https://www.meinschiff.com/de/trips/7-naechte-inselwelt-zum-verlieben-abbis-heraklion-MSF2725SEE?cabinCategoryType=INCO2V&priceMode=perPerson&tariff=PRO,2026-10-08,2026-10-08
MSF272627SEE,Mein Schiff,14 Nächte - Östliches Mittelmeer intensiv ab/bis Heraklion,Mein Schiff 5,2027-07-09,2027-07-23,14,MM,Östliches Mittelmeer 167,Heraklion (Kreta) → Thessaloniki → Volos → Izmir → Piräus (Athen) → Heraklion (Kreta) → Korfu Stadt (Korfu) → Tarent → Catania (Sizilien) → Valletta (Malta) → Heraklion (Kreta),https://www.meinschiff.com/de/trips/14-naechte-oestliches-mittelmeer-intensiv-abbis-heraklion-MSF272627SEE?cabinCategoryType=INCO2V&priceMode=perPerson&tariff=PRO,2026-10-08,2026-10-08
MSF2726SEE,Mein Schiff,7 Nächte - Schönheiten der Ägäis - ab/bis Heraklion,Mein Schiff 5,2027-07-09,2027-07-16,7,MM,Östliches Mittelmeer 166,Heraklion (Kreta) → Thessaloniki → Volos → Izmir → Piräus (Athen) → Heraklion (Kreta),https://www.meinschiff.com/de/trips/7-naechte-schoenheiten-der-aegaeis-abbis-heraklion-MSF2726SEE?cabinCategoryType=INCO2V&priceMode=perPerson&tariff=PRO,2026-10-08,2026-10-08
MSF272728SEE,Mein Schiff,14 Nächte - Östliches Mittelmeer intensiv - ab/bis Heraklion,Mein Schiff 5,2027-07-16,2027-07-30,14,MM,Östliches Mittelmeer 145,Heraklion (Kreta) → Korfu Stadt (Korfu) → Tarent → Catania (Sizilien) → Valletta (Malta) → Heraklion (Kreta) → Limassol (Zypern) → Rhodos Stadt (Rhodos) → Piräus (Athen) → Nafplio → Heraklion (Kreta),https://www.meinschiff.com/de/trips/14-naechte-oestliches-mittelmeer-intensiv-abbis-heraklion-MSF272728SEE?cabinCategoryType=INCO2V&priceMode=perPerson&tariff=PRO,2026-10-08,2026-10-08
MSF2727SEE,Mein Schiff,7 Nächte - Inselwelt zum Verlieben - ab/bis Heraklion,Mein Schiff 5,2027-07-16,2027-07-23,7,MM,Östliches Mittelmeer 144,Heraklion (Kreta) → Korfu Stadt (Korfu) → Tarent → Catania (Sizilien) → Valletta (Malta) → Heraklion (Kreta),https://www.meinschiff.com/de/trips/7-naechte-inselwelt-zum-verlieben-abbis-heraklion-MSF2727SEE?cabinCategoryType=INCO2V&priceMode=perPerson&tariff=PRO,2026-10-08,2026-10-08
MSF272829SEE,Mein Schiff,14 Nächte - Vielfalt des Östlichen Mittelmeers - ab/bis Heraklion,Mein Schiff 5,2027-07-23,2027-08-06,14,MM,Östliches Mittelmeer 146,Heraklion (Kreta) → Limassol (Zypern) → Rhodos Stadt (Rhodos) → Piräus (Athen) → Nafplio → Heraklion (Kreta) → Tarent → Korfu Stadt (Korfu) → Piräus (Athen) → Thíra (Santorin) → Heraklion (Kreta),https://www.meinschiff.com/de/trips/14-naechte-vielfalt-des-oestlichen-mittelmeers-abbis-heraklion-MSF272829SEE?cabinCategoryType=INBO2V&priceMode=perPerson&tariff=PRO,2026-10-08,2026-10-08
MSF2728SEE,Mein Schiff,7 Nächte - Zauberhafte Inseln - ab/bis Heraklion,Mein Schiff 5,2027-07-23,2027-07-30,7,MM,Östliches Mittelmeer 108,Heraklion (Kreta) → Limassol (Zypern) → Rhodos Stadt (Rhodos) → Piräus (Athen) → Nafplio → Heraklion (Kreta),https://www.meinschiff.com/de/trips/7-naechte-zauberhafte-inseln-abbis-heraklion-MSF2728SEE?cabinCategoryType=INCO2V&priceMode=perPerson&tariff=PRO,2026-10-08,2026-10-08
MSF272930SEE,Mein Schiff,14 Nächte - Vielfalt des Östlichen Mittelmeers - ab/bis Heraklion,Mein Schiff 5,2027-07-30,2027-08-13,14,MM,Östliches Mittelmeer 147,Heraklion (Kreta) → Tarent → Korfu Stadt (Korfu) → Piräus (Athen) → Thíra (Santorin) → Heraklion (Kreta) → Istanbul → Thessaloniki → Volos → Mykonos Stadt (Mykonos) → Heraklion (Kreta),https://www.meinschiff.com/de/trips/14-naechte-vielfalt-des-oestlichen-mittelmeers-abbis-heraklion-MSF272930SEE?cabinCategoryType=INBO2V&priceMode=perPerson&tariff=PRO,2026-10-08,2026-10-08
MSF2729SEE,Mein Schiff,7 Nächte - Vielfalt des Östlichen Mittelmeers - ab/bis Heraklion ,Mein Schiff 5,2027-07-30,2027-08-06,7,MM,Östliches Mittelmeer 75,Heraklion (Kreta) → Tarent → Korfu Stadt (Korfu) → Piräus (Athen) → Thíra (Santorin) → Heraklion (Kreta),https://www.meinschiff.com/de/trips/7-naechte-vielfalt-des-oestlichen-mittelmeers-abbis-heraklion-MSF2729SEE?cabinCategoryType=INBO2V&priceMode=perPerson&tariff=PRO,2026-10-08,2026-10-08
MSF273031SEE,Mein Schiff,14 Nächte - Vielfalt des Östlichen Mittelmeers - ab/bis Heraklion,Mein Schiff 5,2027-08-06,2027-08-20,14,MM,Östliches Mittelmeer 149,"Heraklion (Kreta) → Istanbul → Thessaloniki → Volos → Mykonos Stadt (Mykonos) → Heraklion (Kreta) → Valletta (Malta) → Catania (Sizilien) → Piräus (Athen) → Souda (Chania, Kreta) → Heraklion (Kreta)",https://www.meinschiff.com/de/trips/14-naechte-vielfalt-des-oestlichen-mittelmeers-abbis-heraklion-MSF273031SEE?cabinCategoryType=INBO2V&priceMode=perPerson&tariff=PRO,2026-10-08,2026-10-08
MSF2730SEE,Mein Schiff,7 Nächte - Vielfalt des Östlichen Mittelmeers - ab/bis Heraklion ,Mein Schiff 5,2027-08-06,2027-08-13,7,MM,Östliches Mittelmeer 148,Heraklion (Kreta) → Istanbul → Thessaloniki → Volos → Mykonos Stadt (Mykonos) → Heraklion (Kreta),https://www.meinschiff.com/de/trips/7-naechte-vielfalt-des-oestlichen-mittelmeers-abbis-heraklion-MSF2730SEE?cabinCategoryType=INBO2V&priceMode=perPerson&tariff=PRO,2026-10-08,2026-10-08
MSF273132SEE,Mein Schiff,14 Nächte - Östliches Mittelmeer intensiv - ab/bis Heraklion,Mein Schiff 5,2027-08-13,2027-08-27,14,MM,Östliches Mittelmeer 150,"Heraklion (Kreta) → Valletta (Malta) → Catania (Sizilien) → Piräus (Athen) → Souda (Chania, Kreta) → Heraklion (Kreta) → Limassol (Zypern) → Rhodos Stadt (Rhodos) → Piräus (Athen) → Nafplio → Heraklion (Kreta)",https://www.meinschiff.com/de/trips/14-naechte-oestliches-mittelmeer-intensiv-abbis-heraklion-MSF273132SEE?cabinCategoryType=INCO2V&priceMode=perPerson&tariff=PRO,2026-10-08,2026-10-08
MSF2731SEE,Mein Schiff,7 Nächte - Inselwelt zum Verlieben - ab/bis Heraklion,Mein Schiff 5,2027-08-13,2027-08-20,7,MM,Östliches Mittelmeer 101,"Heraklion (Kreta) → Valletta (Malta) → Catania (Sizilien) → Piräus (Athen) → Souda (Chania, Kreta) → Heraklion (Kreta)",https://www.meinschiff.com/de/trips/7-naechte-inselwelt-zum-verlieben-abbis-heraklion-MSF2731SEE?cabinCategoryType=INCO2V&priceMode=perPerson&tariff=PRO,2026-10-08,2026-10-08
MSF273233SEE,Mein Schiff,14 Nächte - Östliches Mittelmeer intensiv - ab/bis Heraklion,Mein Schiff 5,2027-08-20,2027-09-03,14,MM,Östliches Mittelmeer 151,Heraklion (Kreta) → Limassol (Zypern) → Rhodos Stadt (Rhodos) → Piräus (Athen) → Nafplio → Heraklion (Kreta) → Korfu Stadt (Korfu) → Tarent → Catania (Sizilien) → Valletta (Malta) → Heraklion (Kreta),https://www.meinschiff.com/de/trips/14-naechte-oestliches-mittelmeer-intensiv-abbis-heraklion-MSF273233SEE?cabinCategoryType=INCO2V&priceMode=perPerson&tariff=PRO,2026-10-08,2026-10-08
MSF2732SEE,Mein Schiff,7 Nächte - Zauberhafte Inseln - ab/bis Heraklion,Mein Schiff 5,2027-08-20,2027-08-27,7,MM,Östliches Mittelmeer 108,Heraklion (Kreta) → Limassol (Zypern) → Rhodos Stadt (Rhodos) → Piräus (Athen) → Nafplio → Heraklion (Kreta),https://www.meinschiff.com/de/trips/7-naechte-zauberhafte-inseln-abbis-heraklion-MSF2732SEE?cabinCategoryType=INCO2V&priceMode=perPerson&tariff=PRO,2026-10-08,2026-10-08
MSF273334SEE,Mein Schiff,14 Nächte - Östliches Mittelmeer intensiv - ab/bis Heraklion,Mein Schiff 5,2027-08-27,2027-09-10,14,MM,Östliches Mittelmeer 153,Heraklion (Kreta) → Korfu Stadt (Korfu) → Tarent → Catania (Sizilien) → Valletta (Malta) → Heraklion (Kreta) → Thessaloniki → Volos → Izmir → Piräus (Athen) → Heraklion (Kreta),https://www.meinschiff.com/de/trips/14-naechte-oestliches-mittelmeer-intensiv-abbis-heraklion-MSF273334SEE?cabinCategoryType=INCO2V&priceMode=perPerson&tariff=PRO,2026-10-08,2026-10-08
MSF2733SEE,Mein Schiff,7 Nächte - Inselwelten zum Verlieben - ab/bis Heraklion,Mein Schiff 5,2027-08-27,2027-09-03,7,MM,Östliches Mittelmeer 152,Heraklion (Kreta) → Korfu Stadt (Korfu) → Tarent → Catania (Sizilien) → Valletta (Malta) → Heraklion (Kreta),https://www.meinschiff.com/de/trips/7-naechte-inselwelten-zum-verlieben-abbis-heraklion-MSF2733SEE?cabinCategoryType=INCO2V&priceMode=perPerson&tariff=PRO,2026-10-08,2026-10-08
MSF273435SEE,Mein Schiff,14 Nächte - Östliches Mittelmeer intensiv - ab/bis Heraklion,Mein Schiff 5,2027-09-03,2027-09-17,14,MM,Östliches Mittelmeer 169,Heraklion (Kreta) → Thessaloniki → Volos → Izmir → Piräus (Athen) → Heraklion (Kreta) → Tarent → Korfu Stadt (Korfu) → Thíra (Santorin) → Piräus (Athen) → Heraklion (Kreta),https://www.meinschiff.com/de/trips/14-naechte-oestliches-mittelmeer-intensiv-abbis-heraklion-MSF273435SEE?cabinCategoryType=INBO2V&priceMode=perPerson&tariff=PRO,2026-10-08,2026-10-08
MSF2734SEE,Mein Schiff,7 Nächte - Schönheiten der Ägäis - ab/bis Heraklion,Mein Schiff 5,2027-09-03,2027-09-10,7,MM,Östliches Mittelmeer 168,Heraklion (Kreta) → Thessaloniki → Volos → Izmir → Piräus (Athen) → Heraklion (Kreta),https://www.meinschiff.com/de/trips/7-naechte-schoenheiten-der-aegaeis-abbis-heraklion-MSF2734SEE?cabinCategoryType=INCO2V&priceMode=perPerson&tariff=PRO,2026-10-08,2026-10-08
MSF273536SEE,Mein Schiff,14 Nächte - Vielfalt des Östlichen Mittelmeers - ab/bis Heraklion,Mein Schiff 5,2027-09-10,2027-09-24,14,MM,Östliches Mittelmeer 172,Heraklion (Kreta) → Tarent → Korfu Stadt (Korfu) → Thíra (Santorin) → Piräus (Athen) → Heraklion (Kreta) → Patmos → Rhodos Stadt (Rhodos) → Limassol (Zypern) → Alexandria → Heraklion (Kreta),https://www.meinschiff.com/de/trips/14-naechte-vielfalt-des-oestlichen-mittelmeers-abbis-heraklion-MSF273536SEE?cabinCategoryType=INBO2V&priceMode=perPerson&tariff=PRO,2026-10-08,2026-10-08
MSF2735SEE,Mein Schiff,7 Nächte - Vielfalt des Östlichen Mittelmeers - ab/bis Heraklion ,Mein Schiff 5,2027-09-10,2027-09-17,7,MM,Östliches Mittelmeer 171,Heraklion (Kreta) → Tarent → Korfu Stadt (Korfu) → Thíra (Santorin) → Piräus (Athen) → Heraklion (Kreta),https://www.meinschiff.com/de/trips/7-naechte-vielfalt-des-oestlichen-mittelmeers-abbis-heraklion-MSF2735SEE?cabinCategoryType=INBO2V&priceMode=perPerson&tariff=PRO,2026-10-08,2026-10-08
MSF273637SEE,Mein Schiff,14 Nächte - Östliches Mittelmeer intensiv ab/bis Heraklion,Mein Schiff 5,2027-09-17,2027-10-01,14,MM,Östliches Mittelmeer 174,"Heraklion (Kreta) → Patmos → Rhodos Stadt (Rhodos) → Limassol (Zypern) → Alexandria → Heraklion (Kreta) → Valletta (Malta) → Catania (Sizilien) → Piräus (Athen) → Souda (Chania, Kreta) → Heraklion (Kreta)",https://www.meinschiff.com/de/trips/14-naechte-oestliches-mittelmeer-intensiv-abbis-heraklion-MSF273637SEE?cabinCategoryType=INCO2V&priceMode=perPerson&tariff=PRO,2026-10-08,2026-10-08
MSF2736SEE,Mein Schiff,7 Nächte - Ägypten und Griechische Inseln - ab/bis Heraklion,Mein Schiff 5,2027-09-17,2027-09-24,7,MM,Östliches Mittelmeer 173,Heraklion (Kreta) → Patmos → Rhodos Stadt (Rhodos) → Limassol (Zypern) → Alexandria → Heraklion (Kreta),https://www.meinschiff.com/de/trips/7-naechte-aegypten-und-griechische-inseln-abbis-heraklion-MSF2736SEE?cabinCategoryType=INCO2V&priceMode=perPerson&tariff=PRO,2026-10-08,2026-10-08
MSF273738SEE,Mein Schiff,14 Nächte - Östliches Mittelmeer intensiv - ab/bis Heraklion ,Mein Schiff 5,2027-09-24,2027-10-08,14,MM,Östliches Mittelmeer 159,"Heraklion (Kreta) → Valletta (Malta) → Catania (Sizilien) → Piräus (Athen) → Souda (Chania, Kreta) → Heraklion (Kreta) → Limassol (Zypern) → Rhodos Stadt (Rhodos) → Piräus (Athen) → Nafplio → Heraklion (Kreta)",https://www.meinschiff.com/de/trips/14-naechte-oestliches-mittelmeer-intensiv-abbis-heraklion-MSF273738SEE?cabinCategoryType=INCO2V&priceMode=perPerson&tariff=PRO,2026-10-08,2026-10-08
MSF2737SEE,Mein Schiff,7 Nächte - Inselwelt zum Verlieben - ab/bis Heraklion,Mein Schiff 5,2027-09-24,2027-10-01,7,MM,Östliches Mittelmeer 101,"Heraklion (Kreta) → Valletta (Malta) → Catania (Sizilien) → Piräus (Athen) → Souda (Chania, Kreta) → Heraklion (Kreta)",https://www.meinschiff.com/de/trips/7-naechte-inselwelt-zum-verlieben-abbis-heraklion-MSF2737SEE?cabinCategoryType=INCO2V&priceMode=perPerson&tariff=PRO,2026-10-08,2026-10-08
MSF273839SEE,Mein Schiff,14 Nächte - Östliches Mittelmeer intensiv - ab/bis Heraklion,Mein Schiff 5,2027-10-01,2027-10-15,14,MM,Östliches Mittelmeer 160,Heraklion (Kreta) → Limassol (Zypern) → Rhodos Stadt (Rhodos) → Piräus (Athen) → Nafplio → Heraklion (Kreta) → Korfu Stadt (Korfu) → Tarent → Catania (Sizilien) → Valletta (Malta) → Heraklion (Kreta),https://www.meinschiff.com/de/trips/14-naechte-oestliches-mittelmeer-intensiv-abbis-heraklion-MSF273839SEE?cabinCategoryType=INCO2V&priceMode=perPerson&tariff=PRO,2026-10-08,2026-10-08
MSF2738SEE,Mein Schiff,7 Nächte - Zauberhafte Inseln - ab/bis Heraklion,Mein Schiff 5,2027-10-01,2027-10-08,7,MM,Östliches Mittelmeer 108,Heraklion (Kreta) → Limassol (Zypern) → Rhodos Stadt (Rhodos) → Piräus (Athen) → Nafplio → Heraklion (Kreta),https://www.meinschiff.com/de/trips/7-naechte-zauberhafte-inseln-abbis-heraklion-MSF2738SEE?cabinCategoryType=INCO2V&priceMode=perPerson&tariff=PRO,2026-10-08,2026-10-08
MSF273940SEE,Mein Schiff,14 Nächte - Zwischen Östlichem Mittelmeer und Bosporus - ab/bis Heraklion,Mein Schiff 5,2027-10-08,2027-10-22,14,MM,Östliches Mittelmeer 162,"Heraklion (Kreta) → Korfu Stadt (Korfu) → Tarent → Catania (Sizilien) → Valletta (Malta) → Heraklion (Kreta) → Istanbul → Mykonos Stadt (Mykonos) → Piräus (Athen) → Souda (Chania, Kreta) → Heraklion (Kreta)",https://www.meinschiff.com/de/trips/14-naechte-zwischen-oestlichem-mittelmeer-und-bosporus-abbis-heraklion-MSF273940SEE?cabinCategoryType=INBO2V&priceMode=perPerson&tariff=PRO,2026-10-08,2026-10-08
MSF2739SEE,Mein Schiff,7 Nächte - Inselwelten zum Verlieben - ab/bis Heraklion,Mein Schiff 5,2027-10-08,2027-10-15,7,MM,Östliches Mittelmeer 161,Heraklion (Kreta) → Korfu Stadt (Korfu) → Tarent → Catania (Sizilien) → Valletta (Malta) → Heraklion (Kreta),https://www.meinschiff.com/de/trips/7-naechte-inselwelten-zum-verlieben-abbis-heraklion-MSF2739SEE?cabinCategoryType=INCO2V&priceMode=perPerson&tariff=PRO,2026-10-08,2026-10-08
MSF274041SEE,Mein Schiff,14 Nächte - Rund um die Ägais - ab/bis Heraklion,Mein Schiff 5,2027-10-15,2027-10-29,14,MM,Östliches Mittelmeer 164,"Heraklion (Kreta) → Istanbul → Mykonos Stadt (Mykonos) → Piräus (Athen) → Souda (Chania, Kreta) → Heraklion (Kreta) → Alexandria → Limassol (Zypern) → Rhodos Stadt (Rhodos) → Souda (Chania, Kreta) → Heraklion (Kreta)",https://www.meinschiff.com/de/trips/14-naechte-rund-um-die-aegais-abbis-heraklion-MSF274041SEE?cabinCategoryType=INBO2V&priceMode=perPerson&tariff=PRO,2026-10-08,2026-10-08
MSF2740SEE,Mein Schiff,7 Nächte - Östliches Mittelmeer mit Istanbul - ab/bis Heraklion,Mein Schiff 5,2027-10-15,2027-10-22,7,MM,Östliches Mittelmeer 66,"Heraklion (Kreta) → Istanbul → Mykonos Stadt (Mykonos) → Piräus (Athen) → Souda (Chania, Kreta) → Heraklion (Kreta)",https://www.meinschiff.com/de/trips/7-naechte-oestliches-mittelmeer-mit-istanbul-abbis-heraklion-MSF2740SEE?cabinCategoryType=INBO2V&priceMode=perPerson&tariff=PRO,2026-10-08,2026-10-08
MSF274142SEE,Mein Schiff,"14 Nächte - Ägypten, Inselglück und La dolce vita - ab Heraklion/bis Palma",Mein Schiff 5,2027-10-22,2027-11-05,14,MM,Trans-Mittelmeer 39,"Heraklion (Kreta) → Alexandria → Limassol (Zypern) → Rhodos Stadt (Rhodos) → Souda (Chania, Kreta) → Heraklion (Kreta) → Valletta (Malta) → Catania (Sizilien) → Salerno → Civitavecchia (Rom) → Palma (Mallorca)",https://www.meinschiff.com/de/trips/14-naechte-aegypten-inselglueck-und-la-dolce-vita-ab-heraklionbis-palma-MSF274142SEE?cabinCategoryType=INCO2V&priceMode=perPerson&tariff=PRO,2026-10-08,2026-10-08
MSF2741SEE,Mein Schiff,7 Nächte - Ägypten und Griechische Inseln - ab/bis Heraklion,Mein Schiff 5,2027-10-22,2027-10-29,7,MM,Östliches Mittelmeer 163,"Heraklion (Kreta) → Alexandria → Limassol (Zypern) → Rhodos Stadt (Rhodos) → Souda (Chania, Kreta) → Heraklion (Kreta)",https://www.meinschiff.com/de/trips/7-naechte-aegypten-und-griechische-inseln-abbis-heraklion-MSF2741SEE?cabinCategoryType=INCO2V&priceMode=perPerson&tariff=PRO,2026-10-08,2026-10-08
MSF2742SEE,Mein Schiff,7 Nächte - Mediterrane Auszeit - ab Heraklion/bis Palma,Mein Schiff 5,2027-10-29,2027-11-05,7,MM,Trans-Mittelmeer 43,Heraklion (Kreta) → Valletta (Malta) → Catania (Sizilien) → Salerno → Civitavecchia (Rom) → Palma (Mallorca),https://www.meinschiff.com/de/trips/7-naechte-mediterrane-auszeit-ab-heraklionbis-palma-MSF2742SEE?cabinCategoryType=INCO2V&priceMode=perPerson&tariff=PRO,2026-10-08,2026-10-08
MSF274344SEE,Mein Schiff,19 Nächte - Transozean - ab Palma/bis Kapstadt,Mein Schiff 5,2027-11-05,2027-11-24,19,SA,Trans-Südafrika 70,Palma (Mallorca) → Las Palmas (Gran Canaria) → Mindelo (São Vicente) → Walvis Bay → Kapstadt,https://www.meinschiff.com/de/trips/19-naechte-transozean-ab-palmabis-kapstadt-MSF274344SEE?cabinCategoryType=IKCO2V&priceMode=perPerson&tariff=PRO,2026-10-08,2026-10-08
MSF2743SEE,Mein Schiff,18 Nächte - Transozean - ab Palma/bis Kapstadt,Mein Schiff 5,2027-11-05,2027-11-23,18,SA,Trans-Südafrika 82,Palma (Mallorca) → Las Palmas (Gran Canaria) → Mindelo (São Vicente) → Walvis Bay → Kapstadt,https://www.meinschiff.com/de/trips/18-naechte-transozean-ab-palmabis-kapstadt-MSF2743SEE?cabinCategoryType=INBO2V&priceMode=perPerson&tariff=PRO,2026-10-08,2026-10-08
MSF274445SEE,Mein Schiff,14 Nächte - Südafrika und Inselparadiese - ab Kapstadt/bis Port Louis,Mein Schiff 5,2027-11-23,2027-12-07,14,SA,Südafrika & Indischer Ozean 1,Kapstadt → Gqeberha (ehem. Port Elizabeth) → Durban → Le Port → Port Louis,https://www.meinschiff.com/de/trips/14-naechte-suedafrika-und-inselparadiese-ab-kapstadtbis-port-louis-MSF274445SEE?cabinCategoryType=INCO2V&priceMode=perPerson&tariff=PRO,2026-10-08,2026-10-08
MSF274546SEE,Mein Schiff,14 Nächte - Südafrika und Inselparadiese - ab Kapstadt/bis Port Louis,Mein Schiff 5,2027-11-24,2027-12-08,14,SA,Südafrika & Indischer Ozean 2,Kapstadt → Gqeberha (ehem. Port Elizabeth) → Durban → Le Port → Port Louis,https://www.meinschiff.com/de/trips/14-naechte-suedafrika-und-inselparadiese-ab-kapstadtbis-port-louis-MSF274546SEE?cabinCategoryType=IKCO2V&priceMode=perPerson&tariff=PRO,2026-10-08,2026-10-08
MSF274647SEE,Mein Schiff,14 Nächte - Südafrika und Inselparadiese - ab Port Louis/bis Kapstadt,Mein Schiff 5,2027-12-07,2027-12-21,14,SA,Südafrika & Indischer Ozean 3,Port Louis → Le Port → Richard's Bay → Durban → Gqeberha (ehem. Port Elizabeth) → Kapstadt,https://www.meinschiff.com/de/trips/14-naechte-suedafrika-und-inselparadiese-ab-port-louisbis-kapstadt-MSF274647SEE?cabinCategoryType=INCO2V&priceMode=perPerson&tariff=PRO,2026-10-08,2026-10-08
MSF274748SEE,Mein Schiff,14 Nächte - Südafrika und Inselparadiese - ab Port Louis/bis Kapstadt,Mein Schiff 5,2027-12-08,2027-12-22,14,SA,Südafrika & Indischer Ozean 4,Port Louis → Le Port → Richard's Bay → Durban → Gqeberha (ehem. Port Elizabeth) → Kapstadt,https://www.meinschiff.com/de/trips/14-naechte-suedafrika-und-inselparadiese-ab-port-louisbis-kapstadt-MSF274748SEE?cabinCategoryType=IKCO2V&priceMode=perPerson&tariff=PRO,2026-10-08,2026-10-08
MSF274849SEE,Mein Schiff,14 Nächte - Festtage in Südafrika und  im Indischen Ozean - ab Kapstadt/bis Port Louis,Mein Schiff 5,2027-12-21,2028-01-04,14,SA,Südafrika & Indischer Ozean 1,Kapstadt → Gqeberha (ehem. Port Elizabeth) → Durban → Le Port → Port Louis,https://www.meinschiff.com/de/trips/14-naechte-festtage-in-suedafrika-und-im-indischen-ozean-ab-kapstadtbis-port-louis-MSF274849SEE?cabinCategoryType=INCO2V&priceMode=perPerson&tariff=PRO,2026-10-08,2026-10-08
MSF274901SEE,Mein Schiff,14 Nächte - Festtage in Südafrika und  im Indischen Ozean - ab Kapstadt/bis Port Louis,Mein Schiff 5,2027-12-22,2028-01-05,14,SA,Südafrika & Indischer Ozean 5,Kapstadt → Gqeberha (ehem. Port Elizabeth) → Durban → Le Port → Port Louis,https://www.meinschiff.com/de/trips/14-naechte-festtage-in-suedafrika-und-im-indischen-ozean-ab-kapstadtbis-port-louis-MSF274901SEE?cabinCategoryType=IKCO2V&priceMode=perPerson&tariff=PRO,2026-10-08,2026-10-08
MSF280102SEE,Mein Schiff,14 Nächte - Südafrika und Inselparadiese - ab Port Louis/bis Kapstadt,Mein Schiff 5,2028-01-04,2028-01-18,14,SA,Südafrika & Indischer Ozean 6,Port Louis → Richard's Bay → Durban → Gqeberha (ehem. Port Elizabeth) → Kapstadt,https://www.meinschiff.com/de/trips/14-naechte-suedafrika-und-inselparadiese-ab-port-louisbis-kapstadt-MSF280102SEE?cabinCategoryType=INCO2V&priceMode=perPerson&tariff=PRO,2026-10-08,2026-10-08
MSF280203SEE,Mein Schiff,14 Nächte - Südafrika und Inselparadiese - ab Port Louis/bis Kapstadt,Mein Schiff 5,2028-01-05,2028-01-19,14,SA,Südafrika & Indischer Ozean 7,Port Louis → Richard's Bay → Durban → Gqeberha (ehem. Port Elizabeth) → Kapstadt,https://www.meinschiff.com/de/trips/14-naechte-suedafrika-und-inselparadiese-ab-port-louisbis-kapstadt-MSF280203SEE?cabinCategoryType=IKCO2V&priceMode=perPerson&tariff=PRO,2026-10-08,2026-10-08
MSF280304SEE,Mein Schiff,14 Nächte - Südafrika und Inselparadiese - ab Kapstadt/bis Port Louis,Mein Schiff 5,2028-01-18,2028-02-01,14,SA,Südafrika & Indischer Ozean 1,Kapstadt → Gqeberha (ehem. Port Elizabeth) → Durban → Le Port → Port Louis,https://www.meinschiff.com/de/trips/14-naechte-suedafrika-und-inselparadiese-ab-kapstadtbis-port-louis-MSF280304SEE?cabinCategoryType=INCO2V&priceMode=perPerson&tariff=PRO,2026-10-08,2026-10-08
MSF280405SEE,Mein Schiff,14 Nächte - Südafrika und Inselparadiese - ab Kapstadt/bis Port Louis,Mein Schiff 5,2028-01-19,2028-02-02,14,SA,Südafrika & Indischer Ozean 2,Kapstadt → Gqeberha (ehem. Port Elizabeth) → Durban → Le Port → Port Louis,https://www.meinschiff.com/de/trips/14-naechte-suedafrika-und-inselparadiese-ab-kapstadtbis-port-louis-MSF280405SEE?cabinCategoryType=IKCO2V&priceMode=perPerson&tariff=PRO,2026-10-08,2026-10-08
MSF280506SEE,Mein Schiff,14 Nächte - Südafrika und Inselparadiese - ab Port Louis/bis Kapstadt,Mein Schiff 5,2028-02-01,2028-02-15,14,SA,Südafrika & Indischer Ozean 3,Port Louis → Le Port → Richard's Bay → Durban → Gqeberha (ehem. Port Elizabeth) → Kapstadt,https://www.meinschiff.com/de/trips/14-naechte-suedafrika-und-inselparadiese-ab-port-louisbis-kapstadt-MSF280506SEE?cabinCategoryType=INCO2V&priceMode=perPerson&tariff=PRO,2026-10-08,2026-10-08
MSF280607SEE,Mein Schiff,14 Nächte - Südafrika und Inselparadiese - ab Port Louis/bis Kapstadt,Mein Schiff 5,2028-02-02,2028-02-16,14,SA,Südafrika & Indischer Ozean 4,Port Louis → Le Port → Richard's Bay → Durban → Gqeberha (ehem. Port Elizabeth) → Kapstadt,https://www.meinschiff.com/de/trips/14-naechte-suedafrika-und-inselparadiese-ab-port-louisbis-kapstadt-MSF280607SEE?cabinCategoryType=IKCO2V&priceMode=perPerson&tariff=PRO,2026-10-08,2026-10-08
MSF280708SEE,Mein Schiff,14 Nächte - Südafrika und Inselparadiese - ab Kapstadt/bis Port Louis,Mein Schiff 5,2028-02-15,2028-02-29,14,SA,Südafrika & Indischer Ozean 1,Kapstadt → Gqeberha (ehem. Port Elizabeth) → Durban → Le Port → Port Louis,https://www.meinschiff.com/de/trips/14-naechte-suedafrika-und-inselparadiese-ab-kapstadtbis-port-louis-MSF280708SEE?cabinCategoryType=INCO2V&priceMode=perPerson&tariff=PRO,2026-10-08,2026-10-08
MSF280809SEE,Mein Schiff,14 Nächte - Südafrika und Inselparadiese - ab Kapstadt/bis Port Louis,Mein Schiff 5,2028-02-16,2028-03-01,14,SA,Südafrika & Indischer Ozean 2,Kapstadt → Gqeberha (ehem. Port Elizabeth) → Durban → Le Port → Port Louis,https://www.meinschiff.com/de/trips/14-naechte-suedafrika-und-inselparadiese-ab-kapstadtbis-port-louis-MSF280809SEE?cabinCategoryType=IKCO2V&priceMode=perPerson&tariff=PRO,2026-10-08,2026-10-08
MSF280910SEE,Mein Schiff,14 Nächte - Südafrika und Inselparadiese - ab Port Louis/bis Kapstadt,Mein Schiff 5,2028-02-29,2028-03-14,14,SA,Südafrika & Indischer Ozean 3,Port Louis → Le Port → Richard's Bay → Durban → Gqeberha (ehem. Port Elizabeth) → Kapstadt,https://www.meinschiff.com/de/trips/14-naechte-suedafrika-und-inselparadiese-ab-port-louisbis-kapstadt-MSF280910SEE?cabinCategoryType=INCO2V&priceMode=perPerson&tariff=PRO,2026-10-08,2026-10-08
MSF281011SEE,Mein Schiff,14 Nächte - Südafrika und Inselparadiese - ab Port Louis/bis Kapstadt,Mein Schiff 5,2028-03-01,2028-03-15,14,SA,Südafrika & Indischer Ozean 4,Port Louis → Le Port → Richard's Bay → Durban → Gqeberha (ehem. Port Elizabeth) → Kapstadt,https://www.meinschiff.com/de/trips/14-naechte-suedafrika-und-inselparadiese-ab-port-louisbis-kapstadt-MSF281011SEE?cabinCategoryType=IKCO2V&priceMode=perPerson&tariff=PRO,2026-10-08,2026-10-08
MSF281112SEE,Mein Schiff,20 Nächte - Transozean - ab Kapstadt/bis Palma,Mein Schiff 5,2028-03-14,2028-04-03,20,SA,Trans-Südafrika 83,Kapstadt → Walvis Bay → Mindelo (São Vicente) → Santa Cruz (Teneriffa) → Cádiz → Palma (Mallorca),https://www.meinschiff.com/de/trips/20-naechte-transozean-ab-kapstadtbis-palma-MSF281112SEE?cabinCategoryType=INCO2V&priceMode=perPerson&tariff=PRO,2026-10-08,2026-10-08
MSF2812SEE,Mein Schiff,19 Nächte - Transozean - ab Kapstadt/bis Palma,Mein Schiff 5,2028-03-15,2028-04-03,19,SA,Trans-Südafrika 72,Kapstadt → Walvis Bay → Mindelo (São Vicente) → Santa Cruz (Teneriffa) → Cádiz → Palma (Mallorca),https://www.meinschiff.com/de/trips/19-naechte-transozean-ab-kapstadtbis-palma-MSF2812SEE?cabinCategoryType=IKCO2V&priceMode=perPerson&tariff=PRO,2026-10-08,2026-10-08
MSI2638SEE,Mein Schiff,7 Nächte - La dolce vita - ab/bis Palma,Mein Schiff 7,2026-10-15,2026-10-22,7,MM,Westliches Mittelmeer 225,Palma (Mallorca) → Cagliari (Sardinien) → Palermo (Sizilien) → Salerno → Civitavecchia (Rom) → Palma (Mallorca),https://www.meinschiff.com/de/trips/7-naechte-la-dolce-vita-abbis-palma-MSI2638SEE?cabinType=Suite&cabinCategoryType=SUSO2V&priceMode=perPerson&tariff=PRO,2026-10-08,2026-10-08
MSI2639SEE,Mein Schiff,7 Nächte - Höhepunkte des westlichen Mittelmeers - ab/bis Palma,Mein Schiff 7,2026-10-22,2026-10-29,7,MM,Westliches Mittelmeer 147,Palma (Mallorca) → Civitavecchia (Rom) → La Spezia → Marseille → Barcelona → Palma (Mallorca),https://www.meinschiff.com/de/trips/7-naechte-hoehepunkte-des-westlichen-mittelmeers-abbis-palma-MSI2639SEE?cabinCategoryType=INUS2V&priceMode=perPerson&tariff=PLUS,2026-10-08,2026-10-08
MSI2640SEE,Mein Schiff,7 Nächte - Die Südspitze Europas - ab Palma/bis Las Palmas,Mein Schiff 7,2026-10-29,2026-11-05,7,KN,Trans-Kanaren-Mittelmeer 26,Palma (Mallorca) → Cádiz → Agadir → Arrecife (Lanzarote) → Las Palmas (Gran Canaria),https://www.meinschiff.com/de/trips/7-naechte-die-suedspitze-europas-ab-palmabis-las-palmas-MSI2640SEE?cabinType=JuniorSuite&cabinCategoryType=JBAO2V&priceMode=perPerson&tariff=PRO,2026-10-08,2026-10-08
MSI264142SEE,Mein Schiff,"14 Nächte - Kanaren, Madeira und marokkanisches Flair - ab/bis Las Palmas",Mein Schiff 7,2026-11-05,2026-11-19,14,KN,Kanaren 119,Las Palmas (Gran Canaria) → Funchal (Madeira) → Santa Cruz (La Palma) → Santa Cruz (Teneriffa) → Puerto del Rosario (Fuerteventura) → Las Palmas (Gran Canaria) → Agadir → Arrecife (Lanzarote) → Santa Cruz (Teneriffa) → San Sebastián (La Gomera) → Las Palmas (Gran Canaria),https://www.meinschiff.com/de/trips/14-naechte-kanaren-madeira-und-marokkanisches-flair-abbis-las-palmas-MSI264142SEE?cabinCategoryType=INUR2V&priceMode=perPerson&tariff=PUR,2026-10-08,2026-10-08
MSI2641SEE,Mein Schiff,7 Nächte - Kanaren mit Madeira - ab/bis Las Palmas,Mein Schiff 7,2026-11-05,2026-11-12,7,KN,Kanaren 20,Las Palmas (Gran Canaria) → Funchal (Madeira) → Santa Cruz (La Palma) → Santa Cruz (Teneriffa) → Puerto del Rosario (Fuerteventura) → Las Palmas (Gran Canaria),https://www.meinschiff.com/de/trips/7-naechte-kanaren-mit-madeira-abbis-las-palmas-MSI2641SEE?cabinCategoryType=INUR2V&priceMode=perPerson&tariff=PUR,2026-10-08,2026-10-08
MSI264243SEE,Mein Schiff,"14 Nächte - Kanaren, Madeira und marokkanisches Flair - ab/bis Las Palmas",Mein Schiff 7,2026-11-12,2026-11-26,14,KN,Kanaren 120,Las Palmas (Gran Canaria) → Agadir → Arrecife (Lanzarote) → Santa Cruz (Teneriffa) → San Sebastián (La Gomera) → Las Palmas (Gran Canaria) → San Sebastián (La Gomera) → Funchal (Madeira) → Santa Cruz (Teneriffa) → Puerto del Rosario (Fuerteventura) → Las Palmas (Gran Canaria),https://www.meinschiff.com/de/trips/14-naechte-kanaren-madeira-und-marokkanisches-flair-abbis-las-palmas-MSI264243SEE?cabinCategoryType=INUR2V&priceMode=perPerson&tariff=PUR,2026-10-08,2026-10-08
MSI2642SEE,Mein Schiff,7 Nächte - Kanaren mit Marokko - ab/bis Las Palmas,Mein Schiff 7,2026-11-12,2026-11-19,7,KN,Kanaren 18,Las Palmas (Gran Canaria) → Agadir → Arrecife (Lanzarote) → Santa Cruz (Teneriffa) → San Sebastián (La Gomera) → Las Palmas (Gran Canaria),https://www.meinschiff.com/de/trips/7-naechte-kanaren-mit-marokko-abbis-las-palmas-MSI2642SEE?cabinCategoryType=INUR2V&priceMode=perPerson&tariff=PUR,2026-10-08,2026-10-08
MSI264344SEE,Mein Schiff,"14 Nächte - Kanaren, Madeira und marokkanisches Flair - ab/bis Las Palmas",Mein Schiff 7,2026-11-19,2026-12-03,14,KN,Kanaren 122,Las Palmas (Gran Canaria) → San Sebastián (La Gomera) → Funchal (Madeira) → Santa Cruz (Teneriffa) → Puerto del Rosario (Fuerteventura) → Las Palmas (Gran Canaria) → Agadir → Arrecife (Lanzarote) → Santa Cruz (Teneriffa) → San Sebastián (La Gomera) → Las Palmas (Gran Canaria),https://www.meinschiff.com/de/trips/14-naechte-kanaren-madeira-und-marokkanisches-flair-abbis-las-palmas-MSI264344SEE?cabinCategoryType=INUR2V&priceMode=perPerson&tariff=PUR,2026-10-08,2026-10-08
MSI2643SEE,Mein Schiff,7 Nächte - Kanaren  mit Madeira - ab/bis Las Palmas,Mein Schiff 7,2026-11-19,2026-11-26,7,KN,Kanaren 121,Las Palmas (Gran Canaria) → San Sebastián (La Gomera) → Funchal (Madeira) → Santa Cruz (Teneriffa) → Puerto del Rosario (Fuerteventura) → Las Palmas (Gran Canaria),https://www.meinschiff.com/de/trips/7-naechte-kanaren-mit-madeira-abbis-las-palmas-MSI2643SEE?cabinCategoryType=INUR2V&priceMode=perPerson&tariff=PUR,2026-10-08,2026-10-08
MSI2644SEE,Mein Schiff,7 Nächte - Kanaren mit Marokko - ab/bis Las Palmas,Mein Schiff 7,2026-11-26,2026-12-03,7,KN,Kanaren 18,Las Palmas (Gran Canaria) → Agadir → Arrecife (Lanzarote) → Santa Cruz (Teneriffa) → San Sebastián (La Gomera) → Las Palmas (Gran Canaria),https://www.meinschiff.com/de/trips/7-naechte-kanaren-mit-marokko-abbis-las-palmas-MSI2644SEE?cabinCategoryType=INUR2V&priceMode=perPerson&tariff=PUR,2026-10-08,2026-10-08
MSI2645SEE,Mein Schiff,7 Nächte - Kanaren mit Kapverden - ab/bis Las Palmas,Mein Schiff 7,2026-12-03,2026-12-10,7,KN,Kanaren 156,Las Palmas (Gran Canaria) → Praia (Santiago) → Mindelo (São Vicente) → Las Palmas (Gran Canaria),https://www.meinschiff.com/de/trips/7-naechte-kanaren-mit-kapverden-abbis-las-palmas-MSI2645SEE?cabinType=Outside&cabinCategoryType=AUUR2V&priceMode=perPerson&tariff=PUR,2026-10-08,2026-10-08
MSI2646SEE,Mein Schiff,7 Nächte - Kanaren  mit Madeira - ab/bis Las Palmas,Mein Schiff 7,2026-12-10,2026-12-17,7,KN,Kanaren 186,Las Palmas (Gran Canaria) → Funchal (Madeira) → Puerto del Rosario (Fuerteventura) → Santa Cruz (La Palma) → Santa Cruz (Teneriffa) → Las Palmas (Gran Canaria),https://www.meinschiff.com/de/trips/7-naechte-kanaren-mit-madeira-abbis-las-palmas-MSI2646SEE?cabinCategoryType=INUS2V&priceMode=perPerson&tariff=PLUS,2026-10-08,2026-10-08
MSI2647SEE,Mein Schiff,11 Nächte - Festtage Kanaren & Madeira - ab Las Palmas/bis Palma,Mein Schiff 7,2026-12-17,2026-12-28,11,KN,Kanaren 126,Las Palmas (Gran Canaria) → Arrecife (Lanzarote) → Santa Cruz (Teneriffa) → Funchal (Madeira) → Lissabon → Tanger → Málaga → Palma (Mallorca),https://www.meinschiff.com/de/trips/11-naechte-festtage-kanaren-madeira-ab-las-palmasbis-palma-MSI2647SEE?cabinType=Outside&cabinCategoryType=AUUS2V&priceMode=perPerson&tariff=PLUS,2026-10-08,2026-10-08
MSI2648SEE,Mein Schiff,10 Nächte - Jahresauftakt Kanaren & Madeira - ab Palma/bis Las Palmas,Mein Schiff 7,2026-12-28,2027-01-07,10,KN,Kanaren 127,Palma (Mallorca) → Funchal (Madeira) → San Sebastián (La Gomera) → Santa Cruz (Teneriffa) → Arrecife (Lanzarote) → Las Palmas (Gran Canaria),https://www.meinschiff.com/de/trips/10-naechte-jahresauftakt-kanaren-madeira-ab-palmabis-las-palmas-MSI2648SEE?cabinCategoryType=INUS2V&priceMode=perPerson&tariff=PLUS,2026-10-08,2026-10-08
MSI2701SEE,Mein Schiff,7 Nächte - Kanaren mit Madeira - ab/bis Las Palmas,Mein Schiff 7,2027-01-07,2027-01-14,7,KN,Kanaren 155,Las Palmas (Gran Canaria) → Funchal (Madeira) → Santa Cruz (Teneriffa) → Santa Cruz (La Palma) → Puerto del Rosario (Fuerteventura) → Las Palmas (Gran Canaria),https://www.meinschiff.com/de/trips/7-naechte-kanaren-mit-madeira-abbis-las-palmas-MSI2701SEE?cabinCategoryType=INUR2V&priceMode=perPerson&tariff=PUR,2026-10-08,2026-10-08
MSI270203SEE,Mein Schiff,"14 Nächte - Kanaren, Kapverden und marokkanisches Flair - ab/bis Las Palmas",Mein Schiff 7,2027-01-14,2027-01-28,14,KN,Kanaren 129,Las Palmas (Gran Canaria) → Praia (Santiago) → Mindelo (São Vicente) → Las Palmas (Gran Canaria) → Agadir → Arrecife (Lanzarote) → Santa Cruz (Teneriffa) → San Sebastián (La Gomera) → Las Palmas (Gran Canaria),https://www.meinschiff.com/de/trips/14-naechte-kanaren-kapverden-und-marokkanisches-flair-abbis-las-palmas-MSI270203SEE?cabinCategoryType=INAO2V&priceMode=perPerson&tariff=PRO,2026-10-08,2026-10-08
MSI2702SEE,Mein Schiff,7 Nächte - Kanaren mit Kapverden - ab/bis Las Palmas,Mein Schiff 7,2027-01-14,2027-01-21,7,KN,Kanaren 156,Las Palmas (Gran Canaria) → Praia (Santiago) → Mindelo (São Vicente) → Las Palmas (Gran Canaria),https://www.meinschiff.com/de/trips/7-naechte-kanaren-mit-kapverden-abbis-las-palmas-MSI2702SEE?cabinCategoryType=INUS2V&inboundAirport=HAJ&outboundAirport=BER&priceMode=perPerson&tariff=PLUS,2026-10-08,2026-10-08
MSI270304SEE,Mein Schiff,"14 Nächte - Kanaren, Madeira und marokkanisches Flair - ab/bis Las Palmas",Mein Schiff 7,2027-01-21,2027-02-04,14,KN,Kanaren 130,Las Palmas (Gran Canaria) → Agadir → Arrecife (Lanzarote) → Santa Cruz (Teneriffa) → San Sebastián (La Gomera) → Las Palmas (Gran Canaria) → Funchal (Madeira) → Santa Cruz (La Palma) → Puerto del Rosario (Fuerteventura) → Santa Cruz (Teneriffa) → Las Palmas (Gran Canaria),https://www.meinschiff.com/de/trips/14-naechte-kanaren-madeira-und-marokkanisches-flair-abbis-las-palmas-MSI270304SEE?cabinCategoryType=INBO2V&priceMode=perPerson&tariff=PRO,2026-10-08,2026-10-08
MSI2703SEE,Mein Schiff,7 Nächte - Kanaren mit Marokko - ab/bis Las Palmas,Mein Schiff 7,2027-01-21,2027-01-28,7,KN,Kanaren 18,Las Palmas (Gran Canaria) → Agadir → Arrecife (Lanzarote) → Santa Cruz (Teneriffa) → San Sebastián (La Gomera) → Las Palmas (Gran Canaria),https://www.meinschiff.com/de/trips/7-naechte-kanaren-mit-marokko-abbis-las-palmas-MSI2703SEE?cabinCategoryType=INUS2V&priceMode=perPerson&tariff=PLUS,2026-10-08,2026-10-08
MSI270405SEE,Mein Schiff,"14 Nächte - Kanaren, Madeira und marokkanisches Flair - ab/bis Las Palmas",Mein Schiff 7,2027-01-28,2027-02-11,14,KN,$undefined,Las Palmas (Gran Canaria) → Funchal (Madeira) → Santa Cruz (La Palma) → Puerto del Rosario (Fuerteventura) → Santa Cruz (Teneriffa) → Las Palmas (Gran Canaria) → Agadir → Arrecife (Lanzarote) → Santa Cruz (Teneriffa) → San Sebastián (La Gomera) → Las Palmas (Gran Canaria),https://www.meinschiff.com/de/trips/14-naechte-kanaren-madeira-und-marokkanisches-flair-abbis-las-palmas-MSI270405SEE?cabinCategoryType=INBO2V&priceMode=perPerson&tariff=PRO,2026-10-08,2026-10-08
MSI2704SEE,Mein Schiff,7 Nächte - Kanaren mit Madeira - ab/bis Las Palmas,Mein Schiff 7,2027-01-28,2027-02-04,7,KN,Kanaren 44,Las Palmas (Gran Canaria) → Funchal (Madeira) → Santa Cruz (La Palma) → Puerto del Rosario (Fuerteventura) → Santa Cruz (Teneriffa) → Las Palmas (Gran Canaria),https://www.meinschiff.com/de/trips/7-naechte-kanaren-mit-madeira-abbis-las-palmas-MSI2704SEE?cabinCategoryType=INUS2V&priceMode=perPerson&tariff=PLUS,2026-10-08,2026-10-08
MSI270506SEE,Mein Schiff,"14 Nächte - Kanaren, Madeira und marokkanisches Flair - ab/bis Las Palmas",Mein Schiff 7,2027-02-04,2027-02-18,14,KN,Kanaren 130,Las Palmas (Gran Canaria) → Agadir → Arrecife (Lanzarote) → Santa Cruz (Teneriffa) → San Sebastián (La Gomera) → Las Palmas (Gran Canaria) → Funchal (Madeira) → Santa Cruz (La Palma) → Santa Cruz (Teneriffa) → Puerto del Rosario (Fuerteventura) → Las Palmas (Gran Canaria),https://www.meinschiff.com/de/trips/14-naechte-kanaren-madeira-und-marokkanisches-flair-abbis-las-palmas-MSI270506SEE?cabinCategoryType=INUS2V&priceMode=perPerson&tariff=PLUS,2026-10-08,2026-10-08
MSI2705SEE,Mein Schiff,7 Nächte - Kanaren mit Marokko - ab/bis Las Palmas,Mein Schiff 7,2027-02-04,2027-02-11,7,KN,Kanaren 18,Las Palmas (Gran Canaria) → Agadir → Arrecife (Lanzarote) → Santa Cruz (Teneriffa) → San Sebastián (La Gomera) → Las Palmas (Gran Canaria),https://www.meinschiff.com/de/trips/7-naechte-kanaren-mit-marokko-abbis-las-palmas-MSI2705SEE?cabinCategoryType=INUS2V&priceMode=perPerson&tariff=PLUS,2026-10-08,2026-10-08
MSI270607SEE,Mein Schiff,"14 Nächte - Kanaren, Madeira und marokkanisches Flair - ab/bis Las Palmas",Mein Schiff 7,2027-02-11,2027-02-25,14,KN,Kanaren 19,Las Palmas (Gran Canaria) → Funchal (Madeira) → Santa Cruz (La Palma) → Santa Cruz (Teneriffa) → Puerto del Rosario (Fuerteventura) → Las Palmas (Gran Canaria) → Agadir → Arrecife (Lanzarote) → Santa Cruz (Teneriffa) → San Sebastián (La Gomera) → Las Palmas (Gran Canaria),https://www.meinschiff.com/de/trips/14-naechte-kanaren-madeira-und-marokkanisches-flair-abbis-las-palmas-MSI270607SEE?cabinCategoryType=INUS2V&priceMode=perPerson&tariff=PLUS,2026-10-08,2026-10-08
MSI2706SEE,Mein Schiff,7 Nächte - Kanaren mit Madeira - ab/bis Las Palmas,Mein Schiff 7,2027-02-11,2027-02-18,7,KN,Kanaren 20,Las Palmas (Gran Canaria) → Funchal (Madeira) → Santa Cruz (La Palma) → Santa Cruz (Teneriffa) → Puerto del Rosario (Fuerteventura) → Las Palmas (Gran Canaria),https://www.meinschiff.com/de/trips/7-naechte-kanaren-mit-madeira-abbis-las-palmas-MSI2706SEE?cabinCategoryType=INUS2V&priceMode=perPerson&tariff=PLUS,2026-10-08,2026-10-08
MSI270708SEE,Mein Schiff,"14 Nächte - Kanaren, Kapverden und marokkanisches Flair - ab/bis Las Palmas",Mein Schiff 7,2027-02-18,2027-03-04,14,KN,Kanaren 123,Las Palmas (Gran Canaria) → Agadir → Arrecife (Lanzarote) → Santa Cruz (Teneriffa) → San Sebastián (La Gomera) → Las Palmas (Gran Canaria) → Praia (Santiago) → Mindelo (São Vicente) → Las Palmas (Gran Canaria),https://www.meinschiff.com/de/trips/14-naechte-kanaren-kapverden-und-marokkanisches-flair-abbis-las-palmas-MSI270708SEE?cabinCategoryType=INUS2V&priceMode=perPerson&tariff=PLUS,2026-10-08,2026-10-08
MSI2707SEE,Mein Schiff,7 Nächte - Kanaren mit Marokko - ab/bis Las Palmas,Mein Schiff 7,2027-02-18,2027-02-25,7,KN,Kanaren 18,Las Palmas (Gran Canaria) → Agadir → Arrecife (Lanzarote) → Santa Cruz (Teneriffa) → San Sebastián (La Gomera) → Las Palmas (Gran Canaria),https://www.meinschiff.com/de/trips/7-naechte-kanaren-mit-marokko-abbis-las-palmas-MSI2707SEE?cabinCategoryType=INUS2V&priceMode=perPerson&tariff=PLUS,2026-10-08,2026-10-08
MSI270809SEE,Mein Schiff,14 Nächte - Kanaren mit Kapverden - ab/bis Las Palmas,Mein Schiff 7,2027-02-25,2027-03-11,14,KN,Kanaren 131,Las Palmas (Gran Canaria) → Praia (Santiago) → Mindelo (São Vicente) → Las Palmas (Gran Canaria) → Funchal (Madeira) → Santa Cruz (Teneriffa) → Santa Cruz (La Palma) → Puerto del Rosario (Fuerteventura) → Las Palmas (Gran Canaria),https://www.meinschiff.com/de/trips/14-naechte-kanaren-mit-kapverden-abbis-las-palmas-MSI270809SEE?cabinCategoryType=INUS2V&priceMode=perPerson&tariff=PLUS,2026-10-08,2026-10-08
MSI2708SEE,Mein Schiff,7 Nächte - Kanaren mit Kapverden - ab/bis Las Palmas,Mein Schiff 7,2027-02-25,2027-03-04,7,KN,Kanaren 156,Las Palmas (Gran Canaria) → Praia (Santiago) → Mindelo (São Vicente) → Las Palmas (Gran Canaria),https://www.meinschiff.com/de/trips/7-naechte-kanaren-mit-kapverden-abbis-las-palmas-MSI2708SEE?cabinCategoryType=INUS2V&priceMode=perPerson&tariff=PLUS,2026-10-08,2026-10-08
MSI270910SEE,Mein Schiff,"14 Nächte - Kanaren, Madeira und marokkanisches Flair - ab/bis Las Palmas",Mein Schiff 7,2027-03-04,2027-03-18,14,KN,Kanaren 154,Las Palmas (Gran Canaria) → Funchal (Madeira) → Santa Cruz (Teneriffa) → Santa Cruz (La Palma) → Puerto del Rosario (Fuerteventura) → Las Palmas (Gran Canaria) → San Sebastián (La Gomera) → Santa Cruz (Teneriffa) → Agadir → Arrecife (Lanzarote) → Las Palmas (Gran Canaria),https://www.meinschiff.com/de/trips/14-naechte-kanaren-madeira-und-marokkanisches-flair-abbis-las-palmas-MSI270910SEE?cabinCategoryType=INUS2V&priceMode=perPerson&tariff=PLUS,2026-10-08,2026-10-08
MSI2709SEE,Mein Schiff,7 Nächte - Kanaren mit Madeira - ab/bis Las Palmas,Mein Schiff 7,2027-03-04,2027-03-11,7,KN,Kanaren 155,Las Palmas (Gran Canaria) → Funchal (Madeira) → Santa Cruz (Teneriffa) → Santa Cruz (La Palma) → Puerto del Rosario (Fuerteventura) → Las Palmas (Gran Canaria),https://www.meinschiff.com/de/trips/7-naechte-kanaren-mit-madeira-abbis-las-palmas-MSI2709SEE?cabinCategoryType=INUS2V&priceMode=perPerson&tariff=PLUS,2026-10-08,2026-10-08
MSI271011SEE,Mein Schiff,"14 Nächte - Kanaren, Madeira und marokkanisches Flair - ab/bis Las Palmas",Mein Schiff 7,2027-03-11,2027-03-25,14,KN,Kanaren 132,Las Palmas (Gran Canaria) → San Sebastián (La Gomera) → Santa Cruz (Teneriffa) → Agadir → Arrecife (Lanzarote) → Las Palmas (Gran Canaria) → Funchal (Madeira) → Santa Cruz (Teneriffa) → Santa Cruz (La Palma) → Puerto del Rosario (Fuerteventura) → Las Palmas (Gran Canaria),https://www.meinschiff.com/de/trips/14-naechte-kanaren-madeira-und-marokkanisches-flair-abbis-las-palmas-MSI271011SEE?cabinCategoryType=INCO2V&priceMode=perPerson&tariff=PRO,2026-10-08,2026-10-08
MSI2710SEE,Mein Schiff,7 Nächte - Kanaren mit Marokko - ab/bis Las Palmas,Mein Schiff 7,2027-03-11,2027-03-18,7,KN,Kanaren 50,Las Palmas (Gran Canaria) → San Sebastián (La Gomera) → Santa Cruz (Teneriffa) → Agadir → Arrecife (Lanzarote) → Las Palmas (Gran Canaria),https://www.meinschiff.com/de/trips/7-naechte-kanaren-mit-marokko-abbis-las-palmas-MSI2710SEE?cabinCategoryType=INCO2V&priceMode=perPerson&tariff=PRO,2026-10-08,2026-10-08
MSI271112SEE,Mein Schiff,14 Nächte - Kanaren mit Madeira - ab/bis Las Palmas,Mein Schiff 7,2027-03-18,2027-04-01,14,KN,Kanaren 133,Las Palmas (Gran Canaria) → Funchal (Madeira) → Santa Cruz (Teneriffa) → Santa Cruz (La Palma) → Puerto del Rosario (Fuerteventura) → Las Palmas (Gran Canaria) → Praia da Vitória (Terceira) → Ponta Delgada (Såo Miguel) → Las Palmas (Gran Canaria),https://www.meinschiff.com/de/trips/14-naechte-kanaren-mit-madeira-abbis-las-palmas-MSI271112SEE?cabinCategoryType=INCO2V&priceMode=perPerson&tariff=PRO,2026-10-08,2026-10-08
MSI2711SEE,Mein Schiff,7 Nächte - Kanaren mit Madeira - ab/bis Las Palmas,Mein Schiff 7,2027-03-18,2027-03-25,7,KN,Kanaren 155,Las Palmas (Gran Canaria) → Funchal (Madeira) → Santa Cruz (Teneriffa) → Santa Cruz (La Palma) → Puerto del Rosario (Fuerteventura) → Las Palmas (Gran Canaria),https://www.meinschiff.com/de/trips/7-naechte-kanaren-mit-madeira-abbis-las-palmas-MSI2711SEE?cabinCategoryType=INCO2V&priceMode=perPerson&tariff=PRO,2026-10-08,2026-10-08
MSI271213SEE,Mein Schiff,14 Nächte - Kanaren mit Marokko - ab/bis Las Palmas,Mein Schiff 7,2027-03-25,2027-04-08,14,KN,Kanaren 135,Las Palmas (Gran Canaria) → Praia da Vitória (Terceira) → Ponta Delgada (Såo Miguel) → Las Palmas (Gran Canaria) → Agadir → Arrecife (Lanzarote) → Santa Cruz (Teneriffa) → San Sebastián (La Gomera) → Las Palmas (Gran Canaria),https://www.meinschiff.com/de/trips/14-naechte-kanaren-mit-marokko-abbis-las-palmas-MSI271213SEE?cabinCategoryType=INAO2V&priceMode=perPerson&tariff=PRO,2026-10-08,2026-10-08
MSI2712SEE,Mein Schiff,7 Nächte - Blühende Azoren - ab/bis Las Palmas,Mein Schiff 7,2027-03-25,2027-04-01,7,KN,Kanaren 134,Las Palmas (Gran Canaria) → Praia da Vitória (Terceira) → Ponta Delgada (Såo Miguel) → Las Palmas (Gran Canaria),https://www.meinschiff.com/de/trips/7-naechte-bluehende-azoren-abbis-las-palmas-MSI2712SEE?cabinCategoryType=INCO2V&priceMode=perPerson&tariff=PRO,2026-10-08,2026-10-08
MSI2713SEE,Mein Schiff,7 Nächte - Kanaren mit Marokko - ab/bis Las Palmas,Mein Schiff 7,2027-04-01,2027-04-08,7,KN,Kanaren 18,Las Palmas (Gran Canaria) → Agadir → Arrecife (Lanzarote) → Santa Cruz (Teneriffa) → San Sebastián (La Gomera) → Las Palmas (Gran Canaria),https://www.meinschiff.com/de/trips/7-naechte-kanaren-mit-marokko-abbis-las-palmas-MSI2713SEE?cabinCategoryType=INAO2V&priceMode=perPerson&tariff=PRO,2026-10-08,2026-10-08
MSI2714SEE,Mein Schiff,10 Nächte - Marokko und die Südspitze Europas - ab Las Palmas/bis Palma,Mein Schiff 7,2027-04-08,2027-04-18,10,KN,Kanaren 136,Las Palmas (Gran Canaria) → Arrecife (Lanzarote) → Agadir → Lissabon → Tanger → Málaga → Palma (Mallorca),https://www.meinschiff.com/de/trips/10-naechte-marokko-und-die-suedspitze-europas-ab-las-palmasbis-palma-MSI2714SEE?cabinCategoryType=INCO2V&priceMode=perPerson&tariff=PRO,2026-10-08,2026-10-08
MSI2715SEE,Mein Schiff,11 Nächte - Europas Westküste - ab Palma/bis Hamburg,Mein Schiff 7,2027-04-18,2027-04-29,11,MM,Westliches Mittelmeer 216,Palma (Mallorca) → Málaga → Tanger → Leixões (Porto) → A Coruña → Le Havre (Paris) → Zeebrügge → Hamburg,https://www.meinschiff.com/de/trips/11-naechte-europas-westkueste-ab-palmabis-hamburg-MSI2715SEE?cabinCategoryType=INBO2V&priceMode=perPerson&tariff=PRO,2026-10-08,2026-10-08
MSI2716SEE,Mein Schiff,7 Nächte - Faszination Norwegen - ab Hamburg/bis Warnemünde,Mein Schiff 7,2027-04-29,2027-05-06,7,NL,Norwegen Nordkap 48,Hamburg → Bergen → Nordfjordeid (Eidsfjord) → Ålesund → Kopenhagen → Rostock-Warnemünde,https://www.meinschiff.com/de/trips/7-naechte-faszination-norwegen-ab-hamburgbis-warnemuende-MSI2716SEE?cabinCategoryType=INBO2V&priceMode=perPerson&tariff=PRO,2026-10-08,2026-10-08
MSI2717SEE,Mein Schiff,8 Nächte - Metropolen der Ostsee - ab/bis Warnemünde,Mein Schiff 7,2027-05-06,2027-05-14,8,OB,Ostsee & Baltikum 84,Rostock-Warnemünde → Riga → Tallinn → Helsinki → Stockholm → Rostock-Warnemünde,https://www.meinschiff.com/de/trips/8-naechte-metropolen-der-ostsee-abbis-warnemuende-MSI2717SEE?cabinCategoryType=INCO2V&priceMode=perPerson&tariff=PRO,2026-10-08,2026-10-08
MSI2718SEE,Mein Schiff,4 Nächte - Feiern unterm Sternenhimmel & Inselträume Skandinaviens - ab/bis Warnemünde,Mein Schiff 7,2027-05-14,2027-05-18,4,OB,Ostsee & Baltikum 85,Rostock-Warnemünde → Rønne (Bornholm) → Visby (Gotland) → Rostock-Warnemünde,https://www.meinschiff.com/de/trips/4-naechte-feiern-unterm-sternenhimmel-inseltraeume-skandinaviens-abbis-warnemuende-MSI2718SEE?cabinCategoryType=INAO2V&priceMode=perPerson&tariff=PRO,2026-10-08,2026-10-08
MSI2719SEE,Mein Schiff,10 Nächte - Metropolen der Ostsee intensiv - ab/bis Warnemünde ,Mein Schiff 7,2027-05-18,2027-05-28,10,OB,Ostsee & Baltikum 47,Rostock-Warnemünde → Kopenhagen → Gdynia (Danzig) → Riga → Tallinn → Helsinki → Stockholm → Rostock-Warnemünde,https://www.meinschiff.com/de/trips/10-naechte-metropolen-der-ostsee-intensiv-abbis-warnemuende-MSI2719SEE?cabinCategoryType=INCO2V&priceMode=perPerson&tariff=PRO,2026-10-08,2026-10-08
MSI2720SEE,Mein Schiff,2 Nächte - Kopenhagen erleben: Feiern an Bord & Hygge an Land - ab/bis Warnemünde,Mein Schiff 7,2027-05-28,2027-05-30,2,OB,Südskandinavien 22,Rostock-Warnemünde → Kopenhagen → Rostock-Warnemünde,https://www.meinschiff.com/de/trips/2-naechte-kopenhagen-erleben-feiern-an-bord-hygge-an-land-abbis-warnemuende-MSI2720SEE?cabinCategoryType=INCO2V&priceMode=perPerson&tariff=PRO,2026-10-08,2026-10-08
MSI2721SEE,Mein Schiff,10 Nächte - Sommerträume in der Ostsee - ab/bis Warnemünde,Mein Schiff 7,2027-05-30,2027-06-09,10,OB,Ostsee & Baltikum 86,Rostock-Warnemünde → Kopenhagen → Gdynia (Danzig) → Klaipeda → Tallinn → Helsinki → Stockholm → Rostock-Warnemünde,https://www.meinschiff.com/de/trips/10-naechte-sommertraeume-in-der-ostsee-abbis-warnemuende-MSI2721SEE?cabinCategoryType=INCO2V&priceMode=perPerson&tariff=PRO,2026-10-08,2026-10-08
MSI2722SEE,Mein Schiff,6 Nächte - Kleine Juwelen der Ostsee - ab Warnemünde/Kiel,Mein Schiff 7,2027-06-09,2027-06-15,6,OB,Ostsee & Baltikum 87,Rostock-Warnemünde → Visby (Gotland) → Klaipeda → Gdynia (Danzig) → Kiel,https://www.meinschiff.com/de/trips/6-naechte-kleine-juwelen-der-ostsee-ab-warnemuendekiel-MSI2722SEE?cabinCategoryType=INCO2V&priceMode=perPerson&tariff=PRO,2026-10-08,2026-10-08
MSI2723SEE,Mein Schiff,14 Nächte - Sehnsuchtsziel Spitzbergen - ab/bis Kiel,Mein Schiff 7,2027-06-15,2027-06-29,14,NL,Norwegen Nordkap 49,Kiel → Kopenhagen → Nordfjordeid (Eidsfjord) → Longyearbyen (Spitzbergen) → Honningsvåg (Nordkap) → Tromsø → Haugesund → Kiel,https://www.meinschiff.com/de/trips/14-naechte-sehnsuchtsziel-spitzbergen-abbis-kiel-MSI2723SEE?cabinCategoryType=INCO2V&priceMode=perPerson&tariff=PRO,2026-10-08,2026-10-08
MSI2724SEE,Mein Schiff,14 Nächte - Sehnsuchtsziel Spitzbergen - ab/bis Kiel,Mein Schiff 7,2027-06-29,2027-07-13,14,NL,Norwegen Nordkap 50,Kiel → Kopenhagen → Nordfjordeid (Eidsfjord) → Longyearbyen (Spitzbergen) → Honningsvåg (Nordkap) → Tromsø → Stavanger → Kiel,https://www.meinschiff.com/de/trips/14-naechte-sehnsuchtsziel-spitzbergen-abbis-kiel-MSI2724SEE?cabinCategoryType=INCO2V&priceMode=perPerson&tariff=PRO,2026-10-08,2026-10-08
MSI2725SEE,Mein Schiff,7 Nächte - Metropolen der Ostsee - ab/bis Kiel,Mein Schiff 7,2027-07-13,2027-07-20,7,OB,Ostsee & Baltikum 76,Kiel → Riga → Tallinn → Helsinki → Stockholm → Kiel,https://www.meinschiff.com/de/trips/7-naechte-metropolen-der-ostsee-abbis-kiel-MSI2725SEE?cabinCategoryType=INCO2V&priceMode=perPerson&tariff=PRO,2026-10-08,2026-10-08
MSI2726SEE,Mein Schiff,17 Nächte - Große Abwechslung im Hohen Norden - ab/bis Kiel,Mein Schiff 7,2027-07-20,2027-08-06,17,NL,Norwegen Nordkap 51,Kiel → Ålesund → Trondheim (Trondheimfjord) → Tromsø → Honningsvåg (Nordkap) → Longyearbyen (Spitzbergen) → Akureyri → Isafjördur → Reykjavik → Kiel,https://www.meinschiff.com/de/trips/17-naechte-grosse-abwechslung-im-hohen-norden-abbis-kiel-MSI2726SEE?cabinCategoryType=INCO2V&priceMode=perPerson&tariff=PRO,2026-10-08,2026-10-08
MSI2727SEE,Mein Schiff,2 Nächte - Kopenhagen erleben: Feiern an Bord & Hygge an Land - ab/bis Kiel,Mein Schiff 7,2027-08-06,2027-08-08,2,OB,Südskandinavien 2,Kiel → Kopenhagen → Kiel,https://www.meinschiff.com/de/trips/2-naechte-kopenhagen-erleben-feiern-an-bord-hygge-an-land-abbis-kiel-MSI2727SEE?cabinCategoryType=INCO2V&priceMode=perPerson&tariff=PRO,2026-10-08,2026-10-08
MSI2728SEE,Mein Schiff,14 Nächte - Metropolen der Ostsee intensiv - ab/bis Kiel ,Mein Schiff 7,2027-08-08,2027-08-22,14,OB,Ostsee & Baltikum 88,Kiel → Kopenhagen → Skagen → Aarhus → Klaipeda → Riga → Tallinn → Helsinki → Stockholm → Visby (Gotland) → Gdynia (Danzig) → Kiel,https://www.meinschiff.com/de/trips/14-naechte-metropolen-der-ostsee-intensiv-abbis-kiel-MSI2728SEE?cabinCategoryType=INCO2V&priceMode=perPerson&tariff=PRO,2026-10-08,2026-10-08
MSI2729SEE,Mein Schiff,7 Nächte - Metropolen der Ostsee - ab/bis Kiel,Mein Schiff 7,2027-08-22,2027-08-29,7,OB,Ostsee & Baltikum 76,Kiel → Riga → Tallinn → Helsinki → Stockholm → Kiel,https://www.meinschiff.com/de/trips/7-naechte-metropolen-der-ostsee-abbis-kiel-MSI2729SEE?cabinCategoryType=INBO2V&priceMode=perPerson&tariff=PRO,2026-10-08,2026-10-08
MSI2730SEE,Mein Schiff,10 Nächte - Metropolen der Ostsee intensiv - ab/bis Kiel,Mein Schiff 7,2027-08-29,2027-09-08,10,OB,Ostsee & Baltikum 89,Kiel → Gdynia (Danzig) → Klaipeda → Riga → Tallinn → Helsinki → Stockholm → Kiel,https://www.meinschiff.com/de/trips/10-naechte-metropolen-der-ostsee-intensiv-abbis-kiel-MSI2730SEE?cabinCategoryType=INCO2V&priceMode=perPerson&tariff=PRO,2026-10-08,2026-10-08
MSI2731SEE,Mein Schiff,12 Nächte - Ostsee mit Stockholm - ab/bis Kiel ,Mein Schiff 7,2027-09-08,2027-09-20,12,OB,Ostsee & Baltikum 90,Kiel → Gdynia (Danzig) → Klaipeda → Riga → Tallinn → Helsinki → Stockholm → Kopenhagen → Kiel,https://www.meinschiff.com/de/trips/12-naechte-ostsee-mit-stockholm-abbis-kiel-MSI2731SEE?cabinCategoryType=INCO2V&priceMode=perPerson&tariff=PRO,2026-10-08,2026-10-08
MSI2732SEE,Mein Schiff,"10 Nächte - Zeitlose Ostsee, hyggeliges Kopenhagen - ab/bis Kiel",Mein Schiff 7,2027-09-20,2027-09-30,10,OB,Ostsee & Baltikum 101,Kiel → Gdynia (Danzig) → Klaipeda → Riga → Stockholm → Kopenhagen → Aarhus → Kiel,https://www.meinschiff.com/de/trips/10-naechte-zeitlose-ostsee-hyggeliges-kopenhagen-abbis-kiel-MSI2732SEE?cabinCategoryType=INCO2V&priceMode=perPerson&tariff=PRO,2026-10-08,2026-10-08
MSI2733SEE,Mein Schiff,3 Nächte - Feiern unterm Sternenhimmel & Nordische Stadtträume - ab/bis Kiel,Mein Schiff 7,2027-09-30,2027-10-03,3,OB,Ostsee & Baltikum 43,Kiel → Kopenhagen → Aarhus → Kiel,https://www.meinschiff.com/de/trips/3-naechte-feiern-unterm-sternenhimmel-nordische-stadttraeume-abbis-kiel-MSI2733SEE?cabinCategoryType=INBO2V&priceMode=perPerson&tariff=PRO,2026-10-08,2026-10-08
MSI2735SEE,Mein Schiff,10 Nächte - Metropolen der Ostsee - ab/bis Kiel ,Mein Schiff 7,2027-10-10,2027-10-20,10,OB,Ostsee & Baltikum 49,Kiel → Gdynia (Danzig) → Klaipeda → Tallinn → Helsinki → Stockholm → Kiel,https://www.meinschiff.com/de/trips/10-naechte-metropolen-der-ostsee-abbis-kiel-MSI2735SEE?cabinCategoryType=INCO2V&priceMode=perPerson&tariff=PRO,2026-10-08,2026-10-08
MSI2736SEE,Mein Schiff,7 Nächte - Metropolen der Ostsee - ab/bis Kiel,Mein Schiff 7,2027-10-20,2027-10-27,7,OB,Ostsee & Baltikum 92,Kiel → Tallinn → Helsinki → Stockholm → Kiel,https://www.meinschiff.com/de/trips/7-naechte-metropolen-der-ostsee-abbis-kiel-MSI2736SEE?cabinCategoryType=INCO2V&priceMode=perPerson&tariff=PRO,2026-10-08,2026-10-08
MSI2737SEE,Mein Schiff,"4 Nächte - Familienzeit im Norden: Hygge, Abenteuer & Meer - ab Kiel/bis Hamburg",Mein Schiff 7,2027-10-27,2027-10-31,4,OB,Ostsee & Baltikum 93,Kiel → Kopenhagen → Aarhus → Hamburg,https://www.meinschiff.com/de/trips/4-naechte-familienzeit-im-norden-hygge-abenteuer-meer-ab-kielbis-hamburg-MSI2737SEE?cabinCategoryType=INCO2V&priceMode=perPerson&tariff=PRO,2026-10-08,2026-10-08
MSI2738SEE,Mein Schiff,11 Nächte - Von Europas Westküste zu den Kanaren - ab Hamburg/bis Las Palmas,Mein Schiff 7,2027-10-31,2027-11-11,11,WE,Hamburg bis Gran Canaria 005,Hamburg → Le Havre (Paris) → Bilbao → Leixões (Porto) → Lissabon → Funchal (Madeira) → Las Palmas (Gran Canaria),https://www.meinschiff.com/de/trips/11-naechte-von-europas-westkueste-zu-den-kanaren-ab-hamburgbis-las-palmas-MSI2738SEE?cabinCategoryType=INCO2V&priceMode=perPerson&tariff=PRO,2026-10-08,2026-10-08
MSI273940SEE,Mein Schiff,"14 Nächte - Kanaren, Madeira und marokkanisches Flair - ab/bis Las Palmas",Mein Schiff 7,2027-11-11,2027-11-25,14,KN,Kanaren 19,Las Palmas (Gran Canaria) → Funchal (Madeira) → Santa Cruz (La Palma) → Santa Cruz (Teneriffa) → Puerto del Rosario (Fuerteventura) → Las Palmas (Gran Canaria) → Agadir → Arrecife (Lanzarote) → Santa Cruz (Teneriffa) → San Sebastián (La Gomera) → Las Palmas (Gran Canaria),https://www.meinschiff.com/de/trips/14-naechte-kanaren-madeira-und-marokkanisches-flair-abbis-las-palmas-MSI273940SEE?cabinCategoryType=INCO2V&priceMode=perPerson&tariff=PRO,2026-10-08,2026-10-08
MSI2739SEE,Mein Schiff,7 Nächte - Kanaren mit Madeira - ab/bis Las Palmas,Mein Schiff 7,2027-11-11,2027-11-18,7,KN,Kanaren 20,Las Palmas (Gran Canaria) → Funchal (Madeira) → Santa Cruz (La Palma) → Santa Cruz (Teneriffa) → Puerto del Rosario (Fuerteventura) → Las Palmas (Gran Canaria),https://www.meinschiff.com/de/trips/7-naechte-kanaren-mit-madeira-abbis-las-palmas-MSI2739SEE?cabinCategoryType=INCO2V&priceMode=perPerson&tariff=PRO,2026-10-08,2026-10-08
MSI274041SEE,Mein Schiff,"14 Nächte - Kanaren, Madeira und marokkanisches Flair - ab/bis Las Palmas",Mein Schiff 7,2027-11-18,2027-12-02,14,KN,Kanaren 130,Las Palmas (Gran Canaria) → Agadir → Arrecife (Lanzarote) → Santa Cruz (Teneriffa) → San Sebastián (La Gomera) → Las Palmas (Gran Canaria) → Funchal (Madeira) → Santa Cruz (La Palma) → Santa Cruz (Teneriffa) → Puerto del Rosario (Fuerteventura) → Las Palmas (Gran Canaria),https://www.meinschiff.com/de/trips/14-naechte-kanaren-madeira-und-marokkanisches-flair-abbis-las-palmas-MSI274041SEE?cabinCategoryType=INCO2V&priceMode=perPerson&tariff=PRO,2026-10-08,2026-10-08
MSI2740SEE,Mein Schiff,7 Nächte - Kanaren mit Marokko - ab/bis Las Palmas,Mein Schiff 7,2027-11-18,2027-11-25,7,KN,Kanaren 18,Las Palmas (Gran Canaria) → Agadir → Arrecife (Lanzarote) → Santa Cruz (Teneriffa) → San Sebastián (La Gomera) → Las Palmas (Gran Canaria),https://www.meinschiff.com/de/trips/7-naechte-kanaren-mit-marokko-abbis-las-palmas-MSI2740SEE?cabinCategoryType=INCO2V&priceMode=perPerson&tariff=PRO,2026-10-08,2026-10-08
MSI274142SEE,Mein Schiff,14 Nächte - Kanaren mit Kapverden - ab/bis Las Palmas,Mein Schiff 7,2027-11-25,2027-12-09,14,KN,Kanaren 36,Las Palmas (Gran Canaria) → Funchal (Madeira) → Santa Cruz (La Palma) → Santa Cruz (Teneriffa) → Puerto del Rosario (Fuerteventura) → Las Palmas (Gran Canaria) → Mindelo (São Vicente) → Praia (Santiago) → Las Palmas (Gran Canaria),https://www.meinschiff.com/de/trips/14-naechte-kanaren-mit-kapverden-abbis-las-palmas-MSI274142SEE?cabinCategoryType=INCO2V&priceMode=perPerson&tariff=PRO,2026-10-08,2026-10-08
MSI2741SEE,Mein Schiff,7 Nächte - Kanaren mit Madeira - ab/bis Las Palmas,Mein Schiff 7,2027-11-25,2027-12-02,7,KN,Kanaren 20,Las Palmas (Gran Canaria) → Funchal (Madeira) → Santa Cruz (La Palma) → Santa Cruz (Teneriffa) → Puerto del Rosario (Fuerteventura) → Las Palmas (Gran Canaria),https://www.meinschiff.com/de/trips/7-naechte-kanaren-mit-madeira-abbis-las-palmas-MSI2741SEE?cabinCategoryType=INCO2V&priceMode=perPerson&tariff=PRO,2026-10-08,2026-10-08
MSI274243SEE,Mein Schiff,"14 Nächte - Kanaren, Kapverden und marokkanisches Flair - ab/bis Las Palmas",Mein Schiff 7,2027-12-02,2027-12-16,14,KN,Kanaren 176,Las Palmas (Gran Canaria) → Mindelo (São Vicente) → Praia (Santiago) → Las Palmas (Gran Canaria) → Agadir → Arrecife (Lanzarote) → Santa Cruz (Teneriffa) → San Sebastián (La Gomera) → Las Palmas (Gran Canaria),https://www.meinschiff.com/de/trips/14-naechte-kanaren-kapverden-und-marokkanisches-flair-abbis-las-palmas-MSI274243SEE?cabinCategoryType=INCO2V&priceMode=perPerson&tariff=PRO,2026-10-08,2026-10-08
MSI2742SEE,Mein Schiff,7 Nächte - Kanaren mit Kapverdischen Inseln -ab/bis Las Palmas,Mein Schiff 7,2027-12-02,2027-12-09,7,KN,Kanaren 37,Las Palmas (Gran Canaria) → Mindelo (São Vicente) → Praia (Santiago) → Las Palmas (Gran Canaria),https://www.meinschiff.com/de/trips/7-naechte-kanaren-mit-kapverdischen-inseln-abbis-las-palmas-MSI2742SEE?cabinCategoryType=INCO2V&priceMode=perPerson&tariff=PRO,2026-10-08,2026-10-08
MSI274344SEE,Mein Schiff,"14 Nächte - Kanaren, Madeira und marokkanisches Flair - ab/bis Las Palmas",Mein Schiff 7,2027-12-09,2027-12-23,14,KN,Kanaren 130,Las Palmas (Gran Canaria) → Agadir → Arrecife (Lanzarote) → Santa Cruz (Teneriffa) → San Sebastián (La Gomera) → Las Palmas (Gran Canaria) → Funchal (Madeira) → Santa Cruz (La Palma) → Santa Cruz (Teneriffa) → Puerto del Rosario (Fuerteventura) → Las Palmas (Gran Canaria),https://www.meinschiff.com/de/trips/14-naechte-kanaren-madeira-und-marokkanisches-flair-abbis-las-palmas-MSI274344SEE?cabinCategoryType=INCO2V&priceMode=perPerson&tariff=PRO,2026-10-08,2026-10-08
MSI2743SEE,Mein Schiff,7 Nächte - Kanaren mit Marokko - ab/bis Las Palmas,Mein Schiff 7,2027-12-09,2027-12-16,7,KN,Kanaren 18,Las Palmas (Gran Canaria) → Agadir → Arrecife (Lanzarote) → Santa Cruz (Teneriffa) → San Sebastián (La Gomera) → Las Palmas (Gran Canaria),https://www.meinschiff.com/de/trips/7-naechte-kanaren-mit-marokko-abbis-las-palmas-MSI2743SEE?cabinCategoryType=INCO2V&priceMode=perPerson&tariff=PRO,2026-10-08,2026-10-08
MSI274445SEE,Mein Schiff,"14 Nächte - Kanaren, Madeira und marokkanisches Flair - ab/bis Las Palmas",Mein Schiff 7,2027-12-16,2027-12-30,14,KN,Kanaren 119,Las Palmas (Gran Canaria) → Funchal (Madeira) → Santa Cruz (La Palma) → Santa Cruz (Teneriffa) → Puerto del Rosario (Fuerteventura) → Las Palmas (Gran Canaria) → Agadir → Arrecife (Lanzarote) → Santa Cruz (Teneriffa) → San Sebastián (La Gomera) → Las Palmas (Gran Canaria),https://www.meinschiff.com/de/trips/14-naechte-kanaren-madeira-und-marokkanisches-flair-abbis-las-palmas-MSI274445SEE?cabinCategoryType=INCO2V&priceMode=perPerson&tariff=PRO,2026-10-08,2026-10-08
MSI2744SEE,Mein Schiff,7 Nächte - Kanaren mit Madeira - ab/bis Las Palmas,Mein Schiff 7,2027-12-16,2027-12-23,7,KN,Kanaren 20,Las Palmas (Gran Canaria) → Funchal (Madeira) → Santa Cruz (La Palma) → Santa Cruz (Teneriffa) → Puerto del Rosario (Fuerteventura) → Las Palmas (Gran Canaria),https://www.meinschiff.com/de/trips/7-naechte-kanaren-mit-madeira-abbis-las-palmas-MSI2744SEE?cabinCategoryType=INCO2V&priceMode=perPerson&tariff=PRO,2026-10-08,2026-10-08
MSI274546SEE,Mein Schiff,14 Nächte - Festtage Kanaren & Madeira - ab/bis Las Palmas,Mein Schiff 7,2027-12-23,2028-01-06,14,KN,Kanaren 177,Las Palmas (Gran Canaria) → Agadir → Arrecife (Lanzarote) → Santa Cruz (Teneriffa) → San Sebastián (La Gomera) → Las Palmas (Gran Canaria) → Funchal (Madeira) → Santa Cruz (La Palma) → Santa Cruz (Teneriffa) → Puerto del Rosario (Fuerteventura) → Las Palmas (Gran Canaria),https://www.meinschiff.com/de/trips/14-naechte-festtage-kanaren-madeira-abbis-las-palmas-MSI274546SEE?cabinCategoryType=INCO2V&priceMode=perPerson&tariff=PRO,2026-10-08,2026-10-08
MSI2745SEE,Mein Schiff,7 Nächte - Festtage Kanaren & Marokko - ab/bis Las Palmas,Mein Schiff 7,2027-12-23,2027-12-30,7,KN,Kanaren 18,Las Palmas (Gran Canaria) → Agadir → Arrecife (Lanzarote) → Santa Cruz (Teneriffa) → San Sebastián (La Gomera) → Las Palmas (Gran Canaria),https://www.meinschiff.com/de/trips/7-naechte-festtage-kanaren-marokko-abbis-las-palmas-MSI2745SEE?cabinCategoryType=INCO2V&priceMode=perPerson&tariff=PRO,2026-10-08,2026-10-08
MSI274601SEE,Mein Schiff,14 Nächte - Jahresauftakt Kanaren & Madeira - ab/bis Las Palmas,Mein Schiff 7,2027-12-30,2028-01-13,14,KN,Kanaren 179,Las Palmas (Gran Canaria) → Funchal (Madeira) → Santa Cruz (La Palma) → Santa Cruz (Teneriffa) → Puerto del Rosario (Fuerteventura) → Las Palmas (Gran Canaria) → Agadir → Arrecife (Lanzarote) → Santa Cruz (Teneriffa) → San Sebastián (La Gomera) → Las Palmas (Gran Canaria),https://www.meinschiff.com/de/trips/14-naechte-jahresauftakt-kanaren-madeira-abbis-las-palmas-MSI274601SEE?cabinCategoryType=INCO2V&priceMode=perPerson&tariff=PRO,2026-10-08,2026-10-08
MSI2746SEE,Mein Schiff,7 Nächte - Jahresauftakt Kanarische Inseln - ab/bis Las Palmas,Mein Schiff 7,2027-12-30,2028-01-06,7,KN,Kanaren 178,Las Palmas (Gran Canaria) → Funchal (Madeira) → Santa Cruz (La Palma) → Santa Cruz (Teneriffa) → Puerto del Rosario (Fuerteventura) → Las Palmas (Gran Canaria),https://www.meinschiff.com/de/trips/7-naechte-jahresauftakt-kanarische-inseln-abbis-las-palmas-MSI2746SEE?cabinCategoryType=INCO2V&priceMode=perPerson&tariff=PRO,2026-10-08,2026-10-08
MSI280102SEE,Mein Schiff,"14 Nächte - Kanaren, Madeira und marokkanisches Flair - ab/bis Las Palmas",Mein Schiff 7,2028-01-06,2028-01-20,14,KN,Kanaren 130,Las Palmas (Gran Canaria) → Agadir → Arrecife (Lanzarote) → Santa Cruz (Teneriffa) → San Sebastián (La Gomera) → Las Palmas (Gran Canaria) → Funchal (Madeira) → Santa Cruz (La Palma) → Santa Cruz (Teneriffa) → Puerto del Rosario (Fuerteventura) → Las Palmas (Gran Canaria),https://www.meinschiff.com/de/trips/14-naechte-kanaren-madeira-und-marokkanisches-flair-abbis-las-palmas-MSI280102SEE?cabinCategoryType=INCO2V&priceMode=perPerson&tariff=PRO,2026-10-08,2026-10-08
MSI2801SEE,Mein Schiff,7 Nächte - Kanaren mit Marokko - ab/bis Las Palmas,Mein Schiff 7,2028-01-06,2028-01-13,7,KN,Kanaren 18,Las Palmas (Gran Canaria) → Agadir → Arrecife (Lanzarote) → Santa Cruz (Teneriffa) → San Sebastián (La Gomera) → Las Palmas (Gran Canaria),https://www.meinschiff.com/de/trips/7-naechte-kanaren-mit-marokko-abbis-las-palmas-MSI2801SEE?cabinCategoryType=INCO2V&priceMode=perPerson&tariff=PRO,2026-10-08,2026-10-08
MSI280203SEE,Mein Schiff,14 Nächte - Kanaren mit Kapverdischen Inseln - ab/bis Las Palmas,Mein Schiff 7,2028-01-13,2028-01-27,14,KN,Kanaren 36,Las Palmas (Gran Canaria) → Funchal (Madeira) → Santa Cruz (La Palma) → Santa Cruz (Teneriffa) → Puerto del Rosario (Fuerteventura) → Las Palmas (Gran Canaria) → Mindelo (São Vicente) → Praia (Santiago) → Las Palmas (Gran Canaria),https://www.meinschiff.com/de/trips/14-naechte-kanaren-mit-kapverdischen-inseln-abbis-las-palmas-MSI280203SEE?cabinCategoryType=INCO2V&priceMode=perPerson&tariff=PRO,2026-10-08,2026-10-08
MSI2802SEE,Mein Schiff,7 Nächte - Kanaren mit Madeira - ab/bis Las Palmas,Mein Schiff 7,2028-01-13,2028-01-20,7,KN,Kanaren 20,Las Palmas (Gran Canaria) → Funchal (Madeira) → Santa Cruz (La Palma) → Santa Cruz (Teneriffa) → Puerto del Rosario (Fuerteventura) → Las Palmas (Gran Canaria),https://www.meinschiff.com/de/trips/7-naechte-kanaren-mit-madeira-abbis-las-palmas-MSI2802SEE?cabinCategoryType=INCO2V&priceMode=perPerson&tariff=PRO,2026-10-08,2026-10-08
MSI280304SEE,Mein Schiff,14 Nächte - Kanaren mit Kapverdischen Inseln - ab/bis Las Palmas,Mein Schiff 7,2028-01-20,2028-02-03,14,KN,Kanaren 176,Las Palmas (Gran Canaria) → Mindelo (São Vicente) → Praia (Santiago) → Las Palmas (Gran Canaria) → Agadir → Arrecife (Lanzarote) → Santa Cruz (Teneriffa) → San Sebastián (La Gomera) → Las Palmas (Gran Canaria),https://www.meinschiff.com/de/trips/14-naechte-kanaren-mit-kapverdischen-inseln-abbis-las-palmas-MSI280304SEE?cabinCategoryType=INCO2V&priceMode=perPerson&tariff=PRO,2026-10-08,2026-10-08
MSI2803SEE,Mein Schiff,7 Nächte - Kanaren mit Kapverdischen Inseln - ab/bis Las Palmas,Mein Schiff 7,2028-01-20,2028-01-27,7,KN,Kanaren 37,Las Palmas (Gran Canaria) → Mindelo (São Vicente) → Praia (Santiago) → Las Palmas (Gran Canaria),https://www.meinschiff.com/de/trips/7-naechte-kanaren-mit-kapverdischen-inseln-abbis-las-palmas-MSI2803SEE?cabinCategoryType=INCO2V&priceMode=perPerson&tariff=PRO,2026-10-08,2026-10-08
MSI280405SEE,Mein Schiff,"14 Nächte - Kanaren, Madeira und marokkanisches Flair - ab/bis Las Palmas",Mein Schiff 7,2028-01-27,2028-02-10,14,KN,Kanaren 130,Las Palmas (Gran Canaria) → Agadir → Arrecife (Lanzarote) → Santa Cruz (Teneriffa) → San Sebastián (La Gomera) → Las Palmas (Gran Canaria) → Funchal (Madeira) → Santa Cruz (La Palma) → Santa Cruz (Teneriffa) → Puerto del Rosario (Fuerteventura) → Las Palmas (Gran Canaria),https://www.meinschiff.com/de/trips/14-naechte-kanaren-madeira-und-marokkanisches-flair-abbis-las-palmas-MSI280405SEE?cabinCategoryType=INCO2V&priceMode=perPerson&tariff=PRO,2026-10-08,2026-10-08
MSI2804SEE,Mein Schiff,7 Nächte - Kanaren mit Marokko - ab/bis Las Palmas,Mein Schiff 7,2028-01-27,2028-02-03,7,KN,Kanaren 18,Las Palmas (Gran Canaria) → Agadir → Arrecife (Lanzarote) → Santa Cruz (Teneriffa) → San Sebastián (La Gomera) → Las Palmas (Gran Canaria),https://www.meinschiff.com/de/trips/7-naechte-kanaren-mit-marokko-abbis-las-palmas-MSI2804SEE?cabinCategoryType=INCO2V&priceMode=perPerson&tariff=PRO,2026-10-08,2026-10-08
MSI280506SEE,Mein Schiff,"14 Nächte - Kanaren, Madeira und marokkanisches Flair - ab/bis Las Palmas",Mein Schiff 7,2028-02-03,2028-02-17,14,KN,Kanaren 119,Las Palmas (Gran Canaria) → Funchal (Madeira) → Santa Cruz (La Palma) → Santa Cruz (Teneriffa) → Puerto del Rosario (Fuerteventura) → Las Palmas (Gran Canaria) → Agadir → Arrecife (Lanzarote) → Santa Cruz (Teneriffa) → San Sebastián (La Gomera) → Las Palmas (Gran Canaria),https://www.meinschiff.com/de/trips/14-naechte-kanaren-madeira-und-marokkanisches-flair-abbis-las-palmas-MSI280506SEE?cabinCategoryType=INCO2V&priceMode=perPerson&tariff=PRO,2026-10-08,2026-10-08
MSI2805SEE,Mein Schiff,7 Nächte - Kanaren mit Madeira - ab/bis Las Palmas,Mein Schiff 7,2028-02-03,2028-02-10,7,KN,Kanaren 20,Las Palmas (Gran Canaria) → Funchal (Madeira) → Santa Cruz (La Palma) → Santa Cruz (Teneriffa) → Puerto del Rosario (Fuerteventura) → Las Palmas (Gran Canaria),https://www.meinschiff.com/de/trips/7-naechte-kanaren-mit-madeira-abbis-las-palmas-MSI2805SEE?cabinCategoryType=INCO2V&priceMode=perPerson&tariff=PRO,2026-10-08,2026-10-08
MSI280607SEE,Mein Schiff,"14 Nächte - Kanaren, Madeira und marokkanisches Flair - ab/bis Las Palmas",Mein Schiff 7,2028-02-10,2028-02-24,14,KN,Kanaren 130,Las Palmas (Gran Canaria) → Agadir → Arrecife (Lanzarote) → Santa Cruz (Teneriffa) → San Sebastián (La Gomera) → Las Palmas (Gran Canaria) → Funchal (Madeira) → Santa Cruz (La Palma) → Santa Cruz (Teneriffa) → Puerto del Rosario (Fuerteventura) → Las Palmas (Gran Canaria),https://www.meinschiff.com/de/trips/14-naechte-kanaren-madeira-und-marokkanisches-flair-abbis-las-palmas-MSI280607SEE?cabinCategoryType=INCO2V&priceMode=perPerson&tariff=PRO,2026-10-08,2026-10-08
MSI2806SEE,Mein Schiff,7 Nächte - Kanaren mit Marokko - ab/bis Las Palmas,Mein Schiff 7,2028-02-10,2028-02-17,7,KN,Kanaren 18,Las Palmas (Gran Canaria) → Agadir → Arrecife (Lanzarote) → Santa Cruz (Teneriffa) → San Sebastián (La Gomera) → Las Palmas (Gran Canaria),https://www.meinschiff.com/de/trips/7-naechte-kanaren-mit-marokko-abbis-las-palmas-MSI2806SEE?cabinCategoryType=INCO2V&priceMode=perPerson&tariff=PRO,2026-10-08,2026-10-08
MSI280708SEE,Mein Schiff,14 Nächte - Kanaren mit Kapverdischen Inseln - ab/bis Las Palmas,Mein Schiff 7,2028-02-17,2028-03-02,14,KN,Kanaren 36,Las Palmas (Gran Canaria) → Funchal (Madeira) → Santa Cruz (La Palma) → Santa Cruz (Teneriffa) → Puerto del Rosario (Fuerteventura) → Las Palmas (Gran Canaria) → Mindelo (São Vicente) → Praia (Santiago) → Las Palmas (Gran Canaria),https://www.meinschiff.com/de/trips/14-naechte-kanaren-mit-kapverdischen-inseln-abbis-las-palmas-MSI280708SEE?cabinCategoryType=INCO2V&priceMode=perPerson&tariff=PRO,2026-10-08,2026-10-08
MSI2807SEE,Mein Schiff,7 Nächte - Kanaren mit Madeira - ab/bis Las Palmas,Mein Schiff 7,2028-02-17,2028-02-24,7,KN,Kanaren 20,Las Palmas (Gran Canaria) → Funchal (Madeira) → Santa Cruz (La Palma) → Santa Cruz (Teneriffa) → Puerto del Rosario (Fuerteventura) → Las Palmas (Gran Canaria),https://www.meinschiff.com/de/trips/7-naechte-kanaren-mit-madeira-abbis-las-palmas-MSI2807SEE?cabinCategoryType=INCO2V&priceMode=perPerson&tariff=PRO,2026-10-08,2026-10-08
MSI280809SEE,Mein Schiff,14 Nächte - Kanaren mit Kapverdischen Inseln - ab/bis Las Palmas,Mein Schiff 7,2028-02-24,2028-03-09,14,KN,Kanaren 176,Las Palmas (Gran Canaria) → Mindelo (São Vicente) → Praia (Santiago) → Las Palmas (Gran Canaria) → Agadir → Arrecife (Lanzarote) → Santa Cruz (Teneriffa) → San Sebastián (La Gomera) → Las Palmas (Gran Canaria),https://www.meinschiff.com/de/trips/14-naechte-kanaren-mit-kapverdischen-inseln-abbis-las-palmas-MSI280809SEE?cabinCategoryType=INCO2V&priceMode=perPerson&tariff=PRO,2026-10-08,2026-10-08
MSI2808SEE,Mein Schiff,7 Nächte - Kanaren mit Kapverdischen Inseln - ab/bis Las Palmas,Mein Schiff 7,2028-02-24,2028-03-02,7,KN,Kanaren 37,Las Palmas (Gran Canaria) → Mindelo (São Vicente) → Praia (Santiago) → Las Palmas (Gran Canaria),https://www.meinschiff.com/de/trips/7-naechte-kanaren-mit-kapverdischen-inseln-abbis-las-palmas-MSI2808SEE?cabinCategoryType=INCO2V&priceMode=perPerson&tariff=PRO,2026-10-08,2026-10-08
MSI280910SEE,Mein Schiff,"14 Nächte - Kanaren, Madeira und marokkanisches Flair - ab/bis Las Palmas",Mein Schiff 7,2028-03-02,2028-03-16,14,KN,Kanaren 130,Las Palmas (Gran Canaria) → Agadir → Arrecife (Lanzarote) → Santa Cruz (Teneriffa) → San Sebastián (La Gomera) → Las Palmas (Gran Canaria) → Funchal (Madeira) → Santa Cruz (La Palma) → Santa Cruz (Teneriffa) → Puerto del Rosario (Fuerteventura) → Las Palmas (Gran Canaria),https://www.meinschiff.com/de/trips/14-naechte-kanaren-madeira-und-marokkanisches-flair-abbis-las-palmas-MSI280910SEE?cabinCategoryType=INCO2V&priceMode=perPerson&tariff=PRO,2026-10-08,2026-10-08
MSI2809SEE,Mein Schiff,7 Nächte - Kanaren mit Marokko - ab/bis Las Palmas,Mein Schiff 7,2028-03-02,2028-03-09,7,KN,Kanaren 18,Las Palmas (Gran Canaria) → Agadir → Arrecife (Lanzarote) → Santa Cruz (Teneriffa) → San Sebastián (La Gomera) → Las Palmas (Gran Canaria),https://www.meinschiff.com/de/trips/7-naechte-kanaren-mit-marokko-abbis-las-palmas-MSI2809SEE?cabinCategoryType=INCO2V&priceMode=perPerson&tariff=PRO,2026-10-08,2026-10-08
MSI281011SEE,Mein Schiff,"14 Nächte - Kanaren, Madeira und marokkanisches Flair - ab/bis Las Palmas",Mein Schiff 7,2028-03-09,2028-03-23,14,KN,Kanaren 19,Las Palmas (Gran Canaria) → Funchal (Madeira) → Santa Cruz (La Palma) → Santa Cruz (Teneriffa) → Puerto del Rosario (Fuerteventura) → Las Palmas (Gran Canaria) → Agadir → Arrecife (Lanzarote) → Santa Cruz (Teneriffa) → San Sebastián (La Gomera) → Las Palmas (Gran Canaria),https://www.meinschiff.com/de/trips/14-naechte-kanaren-madeira-und-marokkanisches-flair-abbis-las-palmas-MSI281011SEE?cabinCategoryType=INCO2V&priceMode=perPerson&tariff=PRO,2026-10-08,2026-10-08
MSI2810SEE,Mein Schiff,7 Nächte - Kanaren mit Madeira - ab/bis Las Palmas,Mein Schiff 7,2028-03-09,2028-03-16,7,KN,Kanaren 20,Las Palmas (Gran Canaria) → Funchal (Madeira) → Santa Cruz (La Palma) → Santa Cruz (Teneriffa) → Puerto del Rosario (Fuerteventura) → Las Palmas (Gran Canaria),https://www.meinschiff.com/de/trips/7-naechte-kanaren-mit-madeira-abbis-las-palmas-MSI2810SEE?cabinCategoryType=INCO2V&priceMode=perPerson&tariff=PRO,2026-10-08,2026-10-08
MSI281112SEE,Mein Schiff,"14 Nächte - Kanaren, Azoren und marokkanisches Flair - ab/bis Las Palmas",Mein Schiff 7,2028-03-16,2028-03-30,14,KN,Kanaren 180,Las Palmas (Gran Canaria) → Agadir → Arrecife (Lanzarote) → Santa Cruz (Teneriffa) → San Sebastián (La Gomera) → Las Palmas (Gran Canaria) → Praia da Vitória (Terceira) → Ponta Delgada (Såo Miguel) → Las Palmas (Gran Canaria),https://www.meinschiff.com/de/trips/14-naechte-kanaren-azoren-und-marokkanisches-flair-abbis-las-palmas-MSI281112SEE?cabinCategoryType=INCO2V&priceMode=perPerson&tariff=PRO,2026-10-08,2026-10-08
MSI2811SEE,Mein Schiff,7 Nächte - Kanaren mit Marokko - ab/bis Las Palmas,Mein Schiff 7,2028-03-16,2028-03-23,7,KN,Kanaren 18,Las Palmas (Gran Canaria) → Agadir → Arrecife (Lanzarote) → Santa Cruz (Teneriffa) → San Sebastián (La Gomera) → Las Palmas (Gran Canaria),https://www.meinschiff.com/de/trips/7-naechte-kanaren-mit-marokko-abbis-las-palmas-MSI2811SEE?cabinCategoryType=INCO2V&priceMode=perPerson&tariff=PRO,2026-10-08,2026-10-08
MSI2812SEE,Mein Schiff,7 Nächte - Blühende Azoren - ab/bis Las Palmas,Mein Schiff 7,2028-03-23,2028-03-30,7,KN,Kanaren 181,Las Palmas (Gran Canaria) → Praia da Vitória (Terceira) → Ponta Delgada (Såo Miguel) → Las Palmas (Gran Canaria),https://www.meinschiff.com/de/trips/7-naechte-bluehende-azoren-abbis-las-palmas-MSI2812SEE?cabinCategoryType=INCO2V&priceMode=perPerson&tariff=PRO,2026-10-08,2026-10-08
MSI2813SEE,Mein Schiff,10 Nächte - Kanarischer Frühling und Spaniens Süden - ab Las Palmas/bis Palma ,Mein Schiff 7,2028-03-30,2028-04-09,10,KN,Kanaren 182,Las Palmas (Gran Canaria) → Arrecife (Lanzarote) → Agadir → Cádiz → Málaga → Cartagena (Murcia) → Barcelona → Palma (Mallorca),https://www.meinschiff.com/de/trips/10-naechte-kanarischer-fruehling-und-spaniens-sueden-ab-las-palmasbis-palma-MSI2813SEE?cabinCategoryType=INCO2V&priceMode=perPerson&tariff=PRO,2026-10-08,2026-10-08
MSI281415SEE,Mein Schiff,14 Nächte -Spaniens Süden und Italiens Perlen - ab/bis Palma,Mein Schiff 7,2028-04-09,2028-04-23,14,MM,Westliches Mittelmeer 240,Palma (Mallorca) → Málaga → Cádiz → Tanger → Barcelona → Palma (Mallorca) → Cagliari (Sardinien) → Palermo (Sizilien) → Salerno → Civitavecchia (Rom) → Palma (Mallorca),https://www.meinschiff.com/de/trips/14-naechte-spaniens-sueden-und-italiens-perlen-abbis-palma-MSI281415SEE?cabinCategoryType=INCO2V&priceMode=perPerson&tariff=PRO,2026-10-08,2026-10-08
MSI2814SEE,Mein Schiff,7 Nächte - Faszination Mittelmeer - ab/bis Palma,Mein Schiff 7,2028-04-09,2028-04-16,7,MM,Westliches Mittelmeer 66,Palma (Mallorca) → Málaga → Cádiz → Tanger → Barcelona → Palma (Mallorca),https://www.meinschiff.com/de/trips/7-naechte-faszination-mittelmeer-abbis-palma-MSI2814SEE?cabinCategoryType=INCO2V&priceMode=perPerson&tariff=PRO,2026-10-08,2026-10-08
MSI2815SEE,Mein Schiff,7 Nächte - Italiens Sonnenseiten - ab/bis Palma,Mein Schiff 7,2028-04-16,2028-04-23,7,MM,Westliches Mittelmeer 225,Palma (Mallorca) → Cagliari (Sardinien) → Palermo (Sizilien) → Salerno → Civitavecchia (Rom) → Palma (Mallorca),https://www.meinschiff.com/de/trips/7-naechte-italiens-sonnenseiten-abbis-palma-MSI2815SEE?cabinCategoryType=INCO2V&priceMode=perPerson&tariff=PRO,2026-10-08,2026-10-08
MSN264647SEE,Mein Schiff,11 Nächte - Europas Westküste - ab Palma/bis Hamburg,Mein Schiff Flow,2026-10-12,2026-10-23,11,WE,Westeuropa Trans-Mittelmeer 43,Palma (Mallorca) → Barcelona → Palma (Mallorca) → Málaga → Tanger → A Coruña → Le Havre (Paris) → Hamburg,https://www.meinschiff.com/de/trips/11-naechte-europas-westkueste-ab-palmabis-hamburg-MSN264647SEE?cabinCategoryType=INUS2V&priceMode=perPerson&tariff=PLUS,2026-10-08,2026-10-08
MSN2647SEE,Mein Schiff,9 Nächte - Europas Westküste - ab Palma/bis Hamburg,Mein Schiff Flow,2026-10-14,2026-10-23,9,WE,Westeuropa Trans-Mittelmeer 44,Palma (Mallorca) → Málaga → Tanger → A Coruña → Le Havre (Paris) → Hamburg,https://www.meinschiff.com/de/trips/9-naechte-europas-westkueste-ab-palmabis-hamburg-MSN2647SEE?cabinType=Balcony&cabinCategoryType=BKUR2V&priceMode=perPerson&tariff=PUR,2026-10-08,2026-10-08
MSN2648SEE,Mein Schiff,3 Nächte - Familienmomente zwischen Meer & Kopenhagen - ab Hamburg/bis Kiel,Mein Schiff Flow,2026-10-23,2026-10-26,3,OB,Südskandinavien 44,Hamburg → Kopenhagen → Kiel,https://www.meinschiff.com/de/trips/3-naechte-familienmomente-zwischen-meer-kopenhagen-ab-hamburgbis-kiel-MSN2648SEE?cabinType=Balcony&cabinCategoryType=BAUR2V&priceMode=perPerson&tariff=PUR,2026-10-08,2026-10-08
MSN264950SEE,Mein Schiff,13 Nächte - Ostsee intensiv - ab/bis Kiel,Mein Schiff Flow,2026-10-26,2026-11-08,13,OB,Ostsee & Baltikum 102,Kiel → Kopenhagen → Oslo (Oslofjord) → Kristiansand → Kiel → Tallinn → Helsinki → Gdynia (Danzig) → Kiel,https://www.meinschiff.com/de/trips/13-naechte-ostsee-intensiv-abbis-kiel-MSN264950SEE?cabinType=Balcony&cabinCategoryType=BAUS2V&priceMode=perPerson&tariff=PLUS,2026-10-08,2026-10-08
MSN2649SEE,Mein Schiff,6 Nächte - Stippvisite ins Nordland - ab/bis Kiel,Mein Schiff Flow,2026-10-26,2026-11-01,6,NL,Südnorwegen 134,Kiel → Kopenhagen → Oslo (Oslofjord) → Kristiansand → Kiel,https://www.meinschiff.com/de/trips/6-naechte-stippvisite-ins-nordland-abbis-kiel-MSN2649SEE?cabinType=Balcony&cabinCategoryType=BAUS2V&priceMode=perPerson&tariff=PLUS,2026-10-08,2026-10-08
MSN265051SEE,Mein Schiff,14 Nächte - Ostseemetropolen und Zauberhaftes Norwegen - ab/bis Kiel,Mein Schiff Flow,2026-11-01,2026-11-15,14,OB,Ostsee & Baltikum 103,Kiel → Tallinn → Helsinki → Gdynia (Danzig) → Kiel → Bergen → Ålesund → Haugesund → Kopenhagen → Kiel,https://www.meinschiff.com/de/trips/14-naechte-ostseemetropolen-und-zauberhaftes-norwegen-abbis-kiel-MSN265051SEE?cabinType=Balcony&cabinCategoryType=BAUS2V&priceMode=perPerson&tariff=PLUS,2026-10-08,2026-10-08
MSN2650SEE,Mein Schiff,7 Nächte - Schönheiten der Ostsee - ab/bis Kiel,Mein Schiff Flow,2026-11-01,2026-11-08,7,OB,Ostsee & Baltikum 106,Kiel → Tallinn → Helsinki → Gdynia (Danzig) → Kiel,https://www.meinschiff.com/de/trips/7-naechte-schoenheiten-der-ostsee-abbis-kiel-MSN2650SEE?cabinCategoryType=INUS2V&priceMode=perPerson&tariff=PLUS,2026-10-08,2026-10-08
MSN265152SEE,Mein Schiff,12 Nächte - Zauberhaftes Norwegen und Ostseeperlen - ab/bis Kiel,Mein Schiff Flow,2026-11-08,2026-11-20,12,NL,Südnorwegen 129,Kiel → Bergen → Ålesund → Haugesund → Kopenhagen → Kiel → Gdynia (Danzig) → Aarhus → Kiel,https://www.meinschiff.com/de/trips/12-naechte-zauberhaftes-norwegen-und-ostseeperlen-abbis-kiel-MSN265152SEE?cabinType=Balcony&cabinCategoryType=BAUS2V&priceMode=perPerson&tariff=PLUS,2026-10-08,2026-10-08
MSN2651SEE,Mein Schiff,7 Nächte - Vielfalt Norwegens - ab/bis Kiel,Mein Schiff Flow,2026-11-08,2026-11-15,7,NL,Südnorwegen 128,Kiel → Bergen → Ålesund → Haugesund → Kopenhagen → Kiel,https://www.meinschiff.com/de/trips/7-naechte-vielfalt-norwegens-abbis-kiel-MSN2651SEE?cabinType=Balcony&cabinCategoryType=BAUR2V&priceMode=perPerson&tariff=PUR,2026-10-08,2026-10-08
MSN2652SEE,Mein Schiff,5 Nächte - Küstenträume der Ostsee & Aarhus entdecken - ab/bis Kiel,Mein Schiff Flow,2026-11-15,2026-11-20,5,OB,Ostsee & Baltikum 104,Kiel → Gdynia (Danzig) → Aarhus → Kiel,https://www.meinschiff.com/de/trips/5-naechte-kuestentraeume-der-ostsee-aarhus-entdecken-abbis-kiel-MSN2652SEE?cabinCategoryType=INUS2V&priceMode=perPerson&tariff=PLUS,2026-10-08,2026-10-08
MSN2653SEE,Mein Schiff,2 Nächte - Feiern unterm Ostsee-Himmel - ab/bis Kiel,Mein Schiff Flow,2026-11-20,2026-11-22,2,OB,Südskandinavien 2,Kiel → Kopenhagen → Kiel,https://www.meinschiff.com/de/trips/2-naechte-feiern-unterm-ostsee-himmel-abbis-kiel-MSN2653SEE?cabinCategoryType=INUS2V&priceMode=perPerson&tariff=PLUS,2026-10-08,2026-10-08
MSN2654SEE,Mein Schiff,7 Nächte - Vielfalt Norwegens - ab/bis Kiel,Mein Schiff Flow,2026-11-22,2026-11-29,7,NL,Südnorwegen 87,Kiel → Bergen → Stavanger → Kristiansand → Oslo (Oslofjord) → Kiel,https://www.meinschiff.com/de/trips/7-naechte-vielfalt-norwegens-abbis-kiel-MSN2654SEE?cabinType=Balcony&cabinCategoryType=BAUR2V&priceMode=perPerson&tariff=PUR,2026-10-08,2026-10-08
MSN265556SEE,Mein Schiff,10 Nächte - Metropolen der Ostsee - ab Kiel/bis Hamburg,Mein Schiff Flow,2026-11-29,2026-12-09,10,OB,Ostsee & Baltikum 105,Kiel → Tallinn → Helsinki → Gdynia (Danzig) → Kiel → Kopenhagen → Hamburg,https://www.meinschiff.com/de/trips/10-naechte-metropolen-der-ostsee-ab-kielbis-hamburg-MSN265556SEE?cabinType=Balcony&cabinCategoryType=BAUS2V&priceMode=perPerson&tariff=PLUS,2026-10-08,2026-10-08
MSN2655SEE,Mein Schiff,7 Nächte - Schönheiten der Ostsee - ab/bis Kiel,Mein Schiff Flow,2026-11-29,2026-12-06,7,OB,Ostsee & Baltikum 106,Kiel → Tallinn → Helsinki → Gdynia (Danzig) → Kiel,https://www.meinschiff.com/de/trips/7-naechte-schoenheiten-der-ostsee-abbis-kiel-MSN2655SEE?cabinType=Balcony&cabinCategoryType=BAUR2V&priceMode=perPerson&tariff=PUR,2026-10-08,2026-10-08
MSN265657SEE,Mein Schiff,10 Nächte - Faszination Norwegen - ab Kiel/bis Hamburg,Mein Schiff Flow,2026-12-06,2026-12-16,10,NL,Südnorwegen 136,Kiel → Kopenhagen → Hamburg → Stavanger → Bergen → Flåm (Aurlandsfjord) → Haugesund → Hamburg,https://www.meinschiff.com/de/trips/10-naechte-faszination-norwegen-ab-kielbis-hamburg-MSN265657SEE?cabinCategoryType=INUS2V&priceMode=perPerson&tariff=PLUS,2026-10-08,2026-10-08
MSN2656SEE,Mein Schiff,3 Nächte - Hygge-Momente in Kopenhagen - ab Kiel/bis Hamburg,Mein Schiff Flow,2026-12-06,2026-12-09,3,OB,Südskandinavien 26,Kiel → Kopenhagen → Hamburg,https://www.meinschiff.com/de/trips/3-naechte-hygge-momente-in-kopenhagen-ab-kielbis-hamburg-MSN2656SEE?cabinCategoryType=INUS2V&priceMode=perPerson&tariff=PLUS,2026-10-08,2026-10-08
MSN265758SEE,Mein Schiff,14 Nächte - Vielfalt Norwegens und Westeuropas - ab/bis Hamburg,Mein Schiff Flow,2026-12-09,2026-12-23,14,NL,Südnorwegen 125,Hamburg → Stavanger → Bergen → Flåm (Aurlandsfjord) → Haugesund → Hamburg → Southampton (London) → Le Havre (Paris) → Zeebrügge → Rotterdam → Hamburg,https://www.meinschiff.com/de/trips/14-naechte-vielfalt-norwegens-und-westeuropas-abbis-hamburg-MSN265758SEE?cabinCategoryType=INUR2V&priceMode=perPerson&tariff=PUR,2026-10-08,2026-10-08
MSN2657SEE,Mein Schiff,7 Nächte - Vielfalt Norwegens - ab/bis Hamburg,Mein Schiff Flow,2026-12-09,2026-12-16,7,NL,Südnorwegen 124,Hamburg → Stavanger → Bergen → Flåm (Aurlandsfjord) → Haugesund → Hamburg,https://www.meinschiff.com/de/trips/7-naechte-vielfalt-norwegens-abbis-hamburg-MSN2657SEE?cabinCategoryType=INUR2V&priceMode=perPerson&tariff=PUR,2026-10-08,2026-10-08
MSN2658SEE,Mein Schiff,7 Nächte - Westeuropas Vielfalt - ab/bis Hamburg,Mein Schiff Flow,2026-12-16,2026-12-23,7,WE,Westeuropa 65,Hamburg → Southampton (London) → Le Havre (Paris) → Zeebrügge → Rotterdam → Hamburg,https://www.meinschiff.com/de/trips/7-naechte-westeuropas-vielfalt-abbis-hamburg-MSN2658SEE?cabinType=Balcony&cabinCategoryType=BAUR2V&priceMode=perPerson&tariff=PUR,2026-10-08,2026-10-08
MSN2659SEE,Mein Schiff,11 Nächte - Festtage in Westeuropa- ab/bis Hamburg,Mein Schiff Flow,2026-12-23,2027-01-03,11,WE,Westeuropa 73,Hamburg → Lissabon → A Coruña → Le Havre (Paris) → Zeebrügge → Hamburg,https://www.meinschiff.com/de/trips/11-naechte-festtage-in-westeuropa-abbis-hamburg-MSN2659SEE?cabinType=Balcony&cabinCategoryType=BAUS2V&priceMode=perPerson&tariff=PLUS,2026-10-08,2026-10-08
MSN27101SEE,Mein Schiff,"36 Nächte - Karibik ab Deutschland mit Highlights rund um Genuss, Sport & Kultur - ab/bis Hamburg",Mein Schiff Flow,2027-01-22,2027-02-27,36,KA,Trans-Karibik Europa 53,Hamburg → Santa Cruz (Teneriffa) → St. John's (Antigua) → Willemstad (Curaçao) → Oranjestad (Aruba) → Philipsburg (St. Maarten) → Basseterre (St. Kitts) → Fort-de-France (Martinique) → Bridgetown (Barbados) → Castries (St. Lucia) → Funchal (Madeira) → Hamburg,https://www.meinschiff.com/de/trips/36-naechte-karibik-ab-deutschland-mit-highlights-rund-um-genuss-sport-kultur-abbis-hamburg-MSN27101SEE?cabinCategoryType=INUS2V&priceMode=perPerson&tariff=PLUS,2026-10-08,2026-10-08
MSN273281SEE,Mein Schiff,10 Nächte - Europas Westküste - ab Hamburg/bis Palma,Mein Schiff Flow,2027-02-27,2027-03-09,10,WE,Westeuropa Trans-Mittelmeer 262,Hamburg → Le Havre (Paris) → A Coruña → Lissabon → Cádiz → Palma (Mallorca),https://www.meinschiff.com/de/trips/10-naechte-europas-westkueste-ab-hamburgbis-palma-MSN273281SEE?cabinCategoryType=IKUS2V&priceMode=perPerson&tariff=PLUS,2026-10-08,2026-10-08
MSN2732SEE,Mein Schiff,9 Nächte - Europas Westküste - ab Hamburg/bis Palma,Mein Schiff Flow,2027-02-27,2027-03-08,9,WE,Westeuropa Trans-Mittelmeer 261,Hamburg → Le Havre (Paris) → A Coruña → Lissabon → Cádiz → Palma (Mallorca),https://www.meinschiff.com/de/trips/9-naechte-europas-westkueste-ab-hamburgbis-palma-MSN2732SEE?cabinCategoryType=INUS2V&priceMode=perPerson&tariff=PLUS,2026-10-08,2026-10-08
MSN273334SEE,Mein Schiff,8 Nächte - Bella Italia & spanische Fiesta - ab/bis Palma,Mein Schiff Flow,2027-05-19,2027-05-27,8,MM,Westliches Mittelmeer 258,Palma (Mallorca) → Barcelona → Ajaccio (Korsika) → La Spezia → Civitavecchia (Rom) → Palma (Mallorca),https://www.meinschiff.com/de/trips/8-naechte-bella-italia-spanische-fiesta-abbis-palma-MSN273334SEE?cabinCategoryType=INBO2V&priceMode=perPerson&tariff=PRO,2026-10-08,2026-10-08
MSN273435SEE,Mein Schiff,8 Nächte - Bella Italia & spanische Fiesta - ab/bis Palma,Mein Schiff Flow,2027-05-20,2027-05-28,8,MM,Westliches Mittelmeer 259,Palma (Mallorca) → Barcelona → Ajaccio (Korsika) → La Spezia → Civitavecchia (Rom) → Palma (Mallorca),https://www.meinschiff.com/de/trips/8-naechte-bella-italia-spanische-fiesta-abbis-palma-MSN273435SEE?cabinCategoryType=IKBO2V&priceMode=perPerson&tariff=PRO,2026-10-08,2026-10-08
MSN273536SEE,Mein Schiff,10 Nächte - Sonniges Iberien und Marokko - ab/bis Palma,Mein Schiff Flow,2027-05-27,2027-06-06,10,MM,Westliches Mittelmeer 184,Palma (Mallorca) → Málaga → Cádiz → Lissabon → Tanger → Barcelona → Palma (Mallorca),https://www.meinschiff.com/de/trips/10-naechte-sonniges-iberien-und-marokko-abbis-palma-MSN273536SEE?cabinCategoryType=INBO2V&priceMode=perPerson&tariff=PRO,2026-10-08,2026-10-08
MSN273637SEE,Mein Schiff,10 Nächte - Sonniges Iberien und Marokko - ab/bis Palma,Mein Schiff Flow,2027-05-28,2027-06-07,10,MM,Westliches Mittelmeer 185,Palma (Mallorca) → Málaga → Cádiz → Lissabon → Tanger → Barcelona → Palma (Mallorca),https://www.meinschiff.com/de/trips/10-naechte-sonniges-iberien-und-marokko-abbis-palma-MSN273637SEE?cabinCategoryType=IKBO2V&priceMode=perPerson&tariff=PRO,2026-10-08,2026-10-08
MSN273738SEE,Mein Schiff,9 Nächte - Höhepunkte des Westlichen Mittelmeers - ab/bis Palma,Mein Schiff Flow,2027-06-06,2027-06-15,9,MM,Westliches Mittelmeer 210,Palma (Mallorca) → Ajaccio (Korsika) → Civitavecchia (Rom) → La Spezia → Marseille → Barcelona → Palma (Mallorca),https://www.meinschiff.com/de/trips/9-naechte-hoehepunkte-des-westlichen-mittelmeers-abbis-palma-MSN273738SEE?cabinCategoryType=INBO2V&priceMode=perPerson&tariff=PRO,2026-10-08,2026-10-08
MSN273839SEE,Mein Schiff,9 Nächte - Höhepunkte des Westlichen Mittelmeers - ab/bis Palma,Mein Schiff Flow,2027-06-07,2027-06-16,9,MM,Westliches Mittelmeer 211,Palma (Mallorca) → Ajaccio (Korsika) → Civitavecchia (Rom) → La Spezia → Marseille → Barcelona → Palma (Mallorca),https://www.meinschiff.com/de/trips/9-naechte-hoehepunkte-des-westlichen-mittelmeers-abbis-palma-MSN273839SEE?cabinCategoryType=IKBO2V&priceMode=perPerson&tariff=PRO,2026-10-08,2026-10-08
MSN273940SEE,Mein Schiff,9 Nächte - Höhepunkte des Westlichen Mittelmeers - ab/bis Palma,Mein Schiff Flow,2027-06-15,2027-06-24,9,MM,Westliches Mittelmeer 210,Palma (Mallorca) → Ajaccio (Korsika) → Civitavecchia (Rom) → La Spezia → Marseille → Barcelona → Palma (Mallorca),https://www.meinschiff.com/de/trips/9-naechte-hoehepunkte-des-westlichen-mittelmeers-abbis-palma-MSN273940SEE?cabinCategoryType=INBO2V&priceMode=perPerson&tariff=PRO,2026-10-08,2026-10-08
MSN274041SEE,Mein Schiff,9 Nächte - Höhepunkte des Westlichen Mittelmeers - ab/bis Palma,Mein Schiff Flow,2027-06-16,2027-06-25,9,MM,Westliches Mittelmeer 211,Palma (Mallorca) → Ajaccio (Korsika) → Civitavecchia (Rom) → La Spezia → Marseille → Barcelona → Palma (Mallorca),https://www.meinschiff.com/de/trips/9-naechte-hoehepunkte-des-westlichen-mittelmeers-abbis-palma-MSN274041SEE?cabinCategoryType=IKBO2V&priceMode=perPerson&tariff=PRO,2026-10-08,2026-10-08
MSN274142SEE,Mein Schiff,10 Nächte - Italiens Sonnenseiten - ab/bis Palma,Mein Schiff Flow,2027-06-24,2027-07-04,10,MM,Westliches Mittelmeer 186,Palma (Mallorca) → Ajaccio (Korsika) → Civitavecchia (Rom) → Neapel → Palermo (Sizilien) → Cagliari (Sardinien) → Barcelona → Palma (Mallorca),https://www.meinschiff.com/de/trips/10-naechte-italiens-sonnenseiten-abbis-palma-MSN274142SEE?cabinCategoryType=INBO2V&priceMode=perPerson&tariff=PRO,2026-10-08,2026-10-08
MSN274243SEE,Mein Schiff,10 Nächte - Italiens Sonnenseiten - ab/bis Palma,Mein Schiff Flow,2027-06-25,2027-07-05,10,MM,Westliches Mittelmeer 187,Palma (Mallorca) → Ajaccio (Korsika) → Civitavecchia (Rom) → Neapel → Palermo (Sizilien) → Cagliari (Sardinien) → Barcelona → Palma (Mallorca),https://www.meinschiff.com/de/trips/10-naechte-italiens-sonnenseiten-abbis-palma-MSN274243SEE?cabinCategoryType=IKBO2V&priceMode=perPerson&tariff=PRO,2026-10-08,2026-10-08
MSN274344SEE,Mein Schiff,9 Nächte - Höhepunkte des Westlichen Mittelmeers - ab/bis Palma,Mein Schiff Flow,2027-07-04,2027-07-13,9,MM,Westliches Mittelmeer 210,Palma (Mallorca) → Ajaccio (Korsika) → Civitavecchia (Rom) → La Spezia → Marseille → Barcelona → Palma (Mallorca),https://www.meinschiff.com/de/trips/9-naechte-hoehepunkte-des-westlichen-mittelmeers-abbis-palma-MSN274344SEE?cabinCategoryType=INBO2V&priceMode=perPerson&tariff=PRO,2026-10-08,2026-10-08
MSN274445SEE,Mein Schiff,9 Nächte - Höhepunkte des Westlichen Mittelmeers - ab/bis Palma,Mein Schiff Flow,2027-07-05,2027-07-14,9,MM,Westliches Mittelmeer 211,Palma (Mallorca) → Ajaccio (Korsika) → Civitavecchia (Rom) → La Spezia → Marseille → Barcelona → Palma (Mallorca),https://www.meinschiff.com/de/trips/9-naechte-hoehepunkte-des-westlichen-mittelmeers-abbis-palma-MSN274445SEE?cabinCategoryType=IKCO2V&priceMode=perPerson&tariff=PRO,2026-10-08,2026-10-08
MSN274546SEE,Mein Schiff,9 Nächte - Italiens Sonnenseiten - ab/bis Palma,Mein Schiff Flow,2027-07-13,2027-07-22,9,MM,Westliches Mittelmeer 212,Palma (Mallorca) → Cagliari (Sardinien) → Palermo (Sizilien) → Neapel → Civitavecchia (Rom) → Barcelona → Palma (Mallorca),https://www.meinschiff.com/de/trips/9-naechte-italiens-sonnenseiten-abbis-palma-MSN274546SEE?cabinCategoryType=INAO2V&priceMode=perPerson&tariff=PRO,2026-10-08,2026-10-08
MSN274647SEE,Mein Schiff,9 Nächte - Italiens Sonnenseiten - ab/bis Palma,Mein Schiff Flow,2027-07-14,2027-07-23,9,MM,Westliches Mittelmeer 233,Palma (Mallorca) → Cagliari (Sardinien) → Palermo (Sizilien) → Neapel → Civitavecchia (Rom) → Barcelona → Palma (Mallorca),https://www.meinschiff.com/de/trips/9-naechte-italiens-sonnenseiten-abbis-palma-MSN274647SEE?cabinCategoryType=IKCO2V&priceMode=perPerson&tariff=PRO,2026-10-08,2026-10-08
MSN274748SEE,Mein Schiff,10 Nächte - Sonniges Iberien und Marokko - ab/bis Palma,Mein Schiff Flow,2027-07-22,2027-08-01,10,MM,Westliches Mittelmeer 184,Palma (Mallorca) → Málaga → Cádiz → Lissabon → Tanger → Barcelona → Palma (Mallorca),https://www.meinschiff.com/de/trips/10-naechte-sonniges-iberien-und-marokko-abbis-palma-MSN274748SEE?cabinCategoryType=INAO2V&priceMode=perPerson&tariff=PRO,2026-10-08,2026-10-08
MSN274849SEE,Mein Schiff,10 Nächte - Sonniges Iberien und Marokko - ab/bis Palma,Mein Schiff Flow,2027-07-23,2027-08-02,10,MM,Westliches Mittelmeer 185,Palma (Mallorca) → Málaga → Cádiz → Lissabon → Tanger → Barcelona → Palma (Mallorca),https://www.meinschiff.com/de/trips/10-naechte-sonniges-iberien-und-marokko-abbis-palma-MSN274849SEE?cabinCategoryType=IKCO2V&priceMode=perPerson&tariff=PRO,2026-10-08,2026-10-08
MSN274950SEE,Mein Schiff,9 Nächte - Höhepunkte des Westlichen Mittelmeers - ab/bis Palma,Mein Schiff Flow,2027-08-01,2027-08-10,9,MM,Westliches Mittelmeer 210,Palma (Mallorca) → Ajaccio (Korsika) → Civitavecchia (Rom) → La Spezia → Marseille → Barcelona → Palma (Mallorca),https://www.meinschiff.com/de/trips/9-naechte-hoehepunkte-des-westlichen-mittelmeers-abbis-palma-MSN274950SEE?cabinCategoryType=INBO2V&priceMode=perPerson&tariff=PRO,2026-10-08,2026-10-08
MSN275051SEE,Mein Schiff,9 Nächte - Höhepunkte des Westlichen Mittelmeers - ab/bis Palma,Mein Schiff Flow,2027-08-02,2027-08-11,9,MM,Westliches Mittelmeer 211,Palma (Mallorca) → Ajaccio (Korsika) → Civitavecchia (Rom) → La Spezia → Marseille → Barcelona → Palma (Mallorca),https://www.meinschiff.com/de/trips/9-naechte-hoehepunkte-des-westlichen-mittelmeers-abbis-palma-MSN275051SEE?cabinCategoryType=IKBO2V&priceMode=perPerson&tariff=PRO,2026-10-08,2026-10-08
MSN275152SEE,Mein Schiff,9 Nächte - Höhepunkte des Westlichen Mittelmeers - ab/bis Palma,Mein Schiff Flow,2027-08-10,2027-08-19,9,MM,Westliches Mittelmeer 210,Palma (Mallorca) → Ajaccio (Korsika) → Civitavecchia (Rom) → La Spezia → Marseille → Barcelona → Palma (Mallorca),https://www.meinschiff.com/de/trips/9-naechte-hoehepunkte-des-westlichen-mittelmeers-abbis-palma-MSN275152SEE?cabinCategoryType=INBO2V&priceMode=perPerson&tariff=PRO,2026-10-08,2026-10-08
MSN275253SEE,Mein Schiff,9 Nächte - Höhepunkte des Westlichen Mittelmeers - ab/bis Palma,Mein Schiff Flow,2027-08-11,2027-08-20,9,MM,Westliches Mittelmeer 211,Palma (Mallorca) → Ajaccio (Korsika) → Civitavecchia (Rom) → La Spezia → Marseille → Barcelona → Palma (Mallorca),https://www.meinschiff.com/de/trips/9-naechte-hoehepunkte-des-westlichen-mittelmeers-abbis-palma-MSN275253SEE?cabinCategoryType=IKCO2V&priceMode=perPerson&tariff=PRO,2026-10-08,2026-10-08
MSN275354SEE,Mein Schiff,10 Nächte - Italiens Sonnenseiten - ab/bis Palma,Mein Schiff Flow,2027-08-19,2027-08-29,10,MM,Westliches Mittelmeer 186,Palma (Mallorca) → Ajaccio (Korsika) → Civitavecchia (Rom) → Neapel → Palermo (Sizilien) → Cagliari (Sardinien) → Barcelona → Palma (Mallorca),https://www.meinschiff.com/de/trips/10-naechte-italiens-sonnenseiten-abbis-palma-MSN275354SEE?cabinCategoryType=INAO2V&priceMode=perPerson&tariff=PRO,2026-10-08,2026-10-08
MSN275455SEE,Mein Schiff,10 Nächte - Italiens Sonnenseiten - ab/bis Palma,Mein Schiff Flow,2027-08-20,2027-08-30,10,MM,Westliches Mittelmeer 187,Palma (Mallorca) → Ajaccio (Korsika) → Civitavecchia (Rom) → Neapel → Palermo (Sizilien) → Cagliari (Sardinien) → Barcelona → Palma (Mallorca),https://www.meinschiff.com/de/trips/10-naechte-italiens-sonnenseiten-abbis-palma-MSN275455SEE?cabinCategoryType=IKBO2V&priceMode=perPerson&tariff=PRO,2026-10-08,2026-10-08
MSN275556SEE,Mein Schiff,9 Nächte - Höhepunkte des Westlichen Mittelmeers - ab/bis Palma,Mein Schiff Flow,2027-08-29,2027-09-07,9,MM,Westliches Mittelmeer 210,Palma (Mallorca) → Ajaccio (Korsika) → Civitavecchia (Rom) → La Spezia → Marseille → Barcelona → Palma (Mallorca),https://www.meinschiff.com/de/trips/9-naechte-hoehepunkte-des-westlichen-mittelmeers-abbis-palma-MSN275556SEE?cabinCategoryType=INCO2V&priceMode=perPerson&tariff=PRO,2026-10-08,2026-10-08
MSN275657SEE,Mein Schiff,9 Nächte - Höhepunkte des Westlichen Mittelmeers - ab/bis Palma,Mein Schiff Flow,2027-08-30,2027-09-08,9,MM,Westliches Mittelmeer 211,Palma (Mallorca) → Ajaccio (Korsika) → Civitavecchia (Rom) → La Spezia → Marseille → Barcelona → Palma (Mallorca),https://www.meinschiff.com/de/trips/9-naechte-hoehepunkte-des-westlichen-mittelmeers-abbis-palma-MSN275657SEE?cabinCategoryType=IKCO2V&priceMode=perPerson&tariff=PRO,2026-10-08,2026-10-08
MSN275758SEE,Mein Schiff,9 Nächte - Höhepunkte des Westlichen Mittelmeers - ab/bis Palma,Mein Schiff Flow,2027-09-07,2027-09-16,9,MM,Westliches Mittelmeer 232,Palma (Mallorca) → Ajaccio (Korsika) → Civitavecchia (Rom) → La Spezia → Marseille → Barcelona → Palma (Mallorca),https://www.meinschiff.com/de/trips/9-naechte-hoehepunkte-des-westlichen-mittelmeers-abbis-palma-MSN275758SEE?cabinCategoryType=INBO2V&priceMode=perPerson&tariff=PRO,2026-10-08,2026-10-08
MSN275859SEE,Mein Schiff,9 Nächte - Höhepunkte des Westlichen Mittelmeers - ab/bis Palma,Mein Schiff Flow,2027-09-08,2027-09-17,9,MM,Westliches Mittelmeer 213,Palma (Mallorca) → Ajaccio (Korsika) → Civitavecchia (Rom) → La Spezia → Marseille → Barcelona → Palma (Mallorca),https://www.meinschiff.com/de/trips/9-naechte-hoehepunkte-des-westlichen-mittelmeers-abbis-palma-MSN275859SEE?cabinCategoryType=IKCO2V&priceMode=perPerson&tariff=PRO,2026-10-08,2026-10-08
MSN276162SEE,Mein Schiff,10 Nächte - Italiens Sonnenseiten - ab/bis Palma,Mein Schiff Flow,2027-09-26,2027-10-06,10,MM,Westliches Mittelmeer 214,Palma (Mallorca) → Barcelona → Civitavecchia (Rom) → Salerno → Palermo (Sizilien) → Ajaccio (Korsika) → Palma (Mallorca),https://www.meinschiff.com/de/trips/10-naechte-italiens-sonnenseiten-abbis-palma-MSN276162SEE?cabinCategoryType=INBO2V&priceMode=perPerson&tariff=PRO,2026-10-08,2026-10-08
MSN2762SEE,Mein Schiff,9 Nächte - Italiens Sonnenseiten - ab/bis Palma,Mein Schiff Flow,2027-09-27,2027-10-06,9,MM,Westliches Mittelmeer 230,Palma (Mallorca) → Barcelona → Civitavecchia (Rom) → Salerno → Palermo (Sizilien) → Ajaccio (Korsika) → Palma (Mallorca),https://www.meinschiff.com/de/trips/9-naechte-italiens-sonnenseiten-abbis-palma-MSN2762SEE?cabinCategoryType=IKCO2V&priceMode=perPerson&tariff=PRO,2026-10-08,2026-10-08
MSN2780SEE,Mein Schiff,19 Nächte - Zeitlose Kanaren - ab/bis Hamburg,Mein Schiff Flow,2027-01-03,2027-01-22,19,KN,Kanaren 183,Hamburg → Funchal (Madeira) → Santa Cruz (La Palma) → Santa Cruz (Teneriffa) → Las Palmas (Gran Canaria) → Arrecife (Lanzarote) → Agadir → Lissabon → Hamburg,https://www.meinschiff.com/de/trips/19-naechte-zeitlose-kanaren-abbis-hamburg-MSN2780SEE?cabinCategoryType=INUS2V&priceMode=perPerson&tariff=PLUS,2026-10-08,2026-10-08
MSN278182SEE,Mein Schiff,7 Nächte - Höhepunkte des Westlichen Mittelmeers - ab/bis Palma,Mein Schiff Flow,2027-03-08,2027-03-15,7,MM,Westliches Mittelmeer 269,Palma (Mallorca) → Civitavecchia (Rom) → Marseille → Barcelona → Palma (Mallorca),https://www.meinschiff.com/de/trips/7-naechte-hoehepunkte-des-westlichen-mittelmeers-abbis-palma-MSN278182SEE?cabinCategoryType=INUS2V&priceMode=perPerson&tariff=PLUS,2026-10-08,2026-10-08
MSN278283SEE,Mein Schiff,7 Nächte - Höhepunkte des Westlichen Mittelmeers - ab/bis Palma,Mein Schiff Flow,2027-03-09,2027-03-16,7,MM,Westliches Mittelmeer 270,Palma (Mallorca) → Civitavecchia (Rom) → Marseille → Barcelona → Palma (Mallorca),https://www.meinschiff.com/de/trips/7-naechte-hoehepunkte-des-westlichen-mittelmeers-abbis-palma-MSN278283SEE?cabinCategoryType=IKUS2V&priceMode=perPerson&tariff=PLUS,2026-10-08,2026-10-08
MSN278384SEE,Mein Schiff,7 Nächte - Faszination Mittelmeer - ab/bis Palma,Mein Schiff Flow,2027-03-15,2027-03-22,7,MM,Westliches Mittelmeer 271,Palma (Mallorca) → Cádiz → Tanger → Málaga → Palma (Mallorca),https://www.meinschiff.com/de/trips/7-naechte-faszination-mittelmeer-abbis-palma-MSN278384SEE?cabinCategoryType=INUS2V&priceMode=perPerson&tariff=PLUS,2026-10-08,2026-10-08
MSN278485SEE,Mein Schiff,7 Nächte - Faszination Mittelmeer - ab/bis Palma,Mein Schiff Flow,2027-03-16,2027-03-23,7,MM,Westliches Mittelmeer 272,Palma (Mallorca) → Cádiz → Tanger → Málaga → Palma (Mallorca),https://www.meinschiff.com/de/trips/7-naechte-faszination-mittelmeer-abbis-palma-MSN278485SEE?cabinCategoryType=IKUS2V&priceMode=perPerson&tariff=PLUS,2026-10-08,2026-10-08
MSN278586SEE,Mein Schiff,9 Nächte - Höhepunkte des westlichen Mittelmeers - ab/bis Palma,Mein Schiff Flow,2027-03-22,2027-03-31,9,MM,Westliches Mittelmeer 264,Palma (Mallorca) → Barcelona → La Spezia → Ajaccio (Korsika) → Civitavecchia (Rom) → Palma (Mallorca),https://www.meinschiff.com/de/trips/9-naechte-hoehepunkte-des-westlichen-mittelmeers-abbis-palma-MSN278586SEE?cabinCategoryType=INUS2V&priceMode=perPerson&tariff=PLUS,2026-10-08,2026-10-08
MSN278687SEE,Mein Schiff,9 Nächte - Höhepunkte des westlichen Mittelmeers - ab/bis Palma,Mein Schiff Flow,2027-03-23,2027-04-01,9,MM,Westliches Mittelmeer 265,Palma (Mallorca) → Barcelona → La Spezia → Ajaccio (Korsika) → Civitavecchia (Rom) → Palma (Mallorca),https://www.meinschiff.com/de/trips/9-naechte-hoehepunkte-des-westlichen-mittelmeers-abbis-palma-MSN278687SEE?cabinCategoryType=IKUS2V&priceMode=perPerson&tariff=PLUS,2026-10-08,2026-10-08
MSN278788SEE,Mein Schiff,9 Nächte - Sonniges Iberien und Marokko - ab/bis Palma,Mein Schiff Flow,2027-03-31,2027-04-09,9,MM,Westliches Mittelmeer 246,Palma (Mallorca) → Cádiz → Lissabon → Tanger → Málaga → Palma (Mallorca),https://www.meinschiff.com/de/trips/9-naechte-sonniges-iberien-und-marokko-abbis-palma-MSN278788SEE?cabinType=Balcony&cabinCategoryType=BAUS2V&priceMode=perPerson&tariff=PLUS,2026-10-08,2026-10-08
MSN278889SEE,Mein Schiff,9 Nächte - Sonniges Iberien und Marokko - ab/bis Palma,Mein Schiff Flow,2027-04-01,2027-04-10,9,MM,Westliches Mittelmeer 247,Palma (Mallorca) → Cádiz → Lissabon → Tanger → Málaga → Palma (Mallorca),https://www.meinschiff.com/de/trips/9-naechte-sonniges-iberien-und-marokko-abbis-palma-MSN278889SEE?cabinType=Balcony&cabinCategoryType=BKUS2V&priceMode=perPerson&tariff=PLUS,2026-10-08,2026-10-08
MSN278990SEE,Mein Schiff,8 Nächte - Italiens Sonnenseiten - ab/bis Palma,Mein Schiff Flow,2027-04-09,2027-04-17,8,MM,Südeuropa & Mittelmeer 248,Palma (Mallorca) → Civitavecchia (Rom) → Neapel → Palermo (Sizilien) → Cagliari (Sardinien) → Palma (Mallorca),https://www.meinschiff.com/de/trips/8-naechte-italiens-sonnenseiten-abbis-palma-MSN278990SEE?cabinCategoryType=INBO2V&priceMode=perPerson&tariff=PRO,2026-10-08,2026-10-08
MSN279091SEE,Mein Schiff,9 Nächte - Metropolen des westlichen Mittelmeers - ab/bis Palma,Mein Schiff Flow,2027-04-10,2027-04-19,9,MM,Westliches Mittelmeer 249,Palma (Mallorca) → Civitavecchia (Rom) → Neapel → Palermo (Sizilien) → Cagliari (Sardinien) → Palma (Mallorca) → Tarragona → Palma (Mallorca),https://www.meinschiff.com/de/trips/9-naechte-metropolen-des-westlichen-mittelmeers-abbis-palma-MSN279091SEE?cabinCategoryType=IKCO2V&priceMode=perPerson&tariff=PRO,2026-10-08,2026-10-08
MSN279192SEE,Mein Schiff,10 Nächte - Sonniges Iberien und Marokko - ab/bis Palma,Mein Schiff Flow,2027-04-17,2027-04-27,10,MM,Westliches Mittelmeer 262,Palma (Mallorca) → Tarragona → Palma (Mallorca) → Gibraltar → Cádiz → Lissabon → Tanger → Palma (Mallorca),https://www.meinschiff.com/de/trips/10-naechte-sonniges-iberien-und-marokko-abbis-palma-MSN279192SEE?cabinCategoryType=INBO2V&priceMode=perPerson&tariff=PRO,2026-10-08,2026-10-08
MSN279293SEE,Mein Schiff,10 Nächte - Sonniges Iberien und Marokko - ab/bis Palma,Mein Schiff Flow,2027-04-19,2027-04-29,10,MM,Westliches Mittelmeer 263,Palma (Mallorca) → Gibraltar → Cádiz → Lissabon → Tanger → Palma (Mallorca) → Barcelona → Palma (Mallorca),https://www.meinschiff.com/de/trips/10-naechte-sonniges-iberien-und-marokko-abbis-palma-MSN279293SEE?cabinCategoryType=IKBO2V&priceMode=perPerson&tariff=PRO,2026-10-08,2026-10-08
MSN279394SEE,Mein Schiff,8 Nächte - Höhepunkte des Westlichen Mittelmeers - ab/bis Palma,Mein Schiff Flow,2027-04-27,2027-05-05,8,MM,Westliches Mittelmeer 252,Palma (Mallorca) → Barcelona → Palma (Mallorca) → Ajaccio (Korsika) → Civitavecchia (Rom) → La Spezia → Palma (Mallorca),https://www.meinschiff.com/de/trips/8-naechte-hoehepunkte-des-westlichen-mittelmeers-abbis-palma-MSN279394SEE?cabinCategoryType=INBO2V&priceMode=perPerson&tariff=PRO,2026-10-08,2026-10-08
MSN279495SEE,Mein Schiff,7 Nächte - Faszination Mittelmeer - ab/bis Palma,Mein Schiff Flow,2027-04-29,2027-05-06,7,MM,Westliches Mittelmeer 253,Palma (Mallorca) → Ajaccio (Korsika) → Civitavecchia (Rom) → La Spezia → Palma (Mallorca),https://www.meinschiff.com/de/trips/7-naechte-faszination-mittelmeer-abbis-palma-MSN279495SEE?cabinCategoryType=IKBO2V&priceMode=perPerson&tariff=PRO,2026-10-08,2026-10-08
MSN279596SEE,Mein Schiff,7 Nächte - La dolce vita - ab/bis Palma,Mein Schiff Flow,2027-05-05,2027-05-12,7,MM,Westliches Mittelmeer 254,Palma (Mallorca) → Civitavecchia (Rom) → Neapel → Palermo (Sizilien) → Palma (Mallorca),https://www.meinschiff.com/de/trips/7-naechte-la-dolce-vita-abbis-palma-MSN279596SEE?cabinCategoryType=INBO2V&priceMode=perPerson&tariff=PRO,2026-10-08,2026-10-08
MSN279697SEE,Mein Schiff,7 Nächte - La dolce vita - ab/bis Palma,Mein Schiff Flow,2027-05-06,2027-05-13,7,MM,Westliches Mittelmeer 255,Palma (Mallorca) → Civitavecchia (Rom) → Neapel → Palermo (Sizilien) → Palma (Mallorca),https://www.meinschiff.com/de/trips/7-naechte-la-dolce-vita-abbis-palma-MSN279697SEE?cabinCategoryType=IKBO2V&priceMode=perPerson&tariff=PRO,2026-10-08,2026-10-08
MSN279798SEE,Mein Schiff,7 Nächte - Faszination Mittelmeer - ab/bis Palma,Mein Schiff Flow,2027-05-12,2027-05-19,7,MM,Westliches Mittelmeer 256,Palma (Mallorca) → Civitavecchia (Rom) → Ajaccio (Korsika) → Marseille → Barcelona → Palma (Mallorca),https://www.meinschiff.com/de/trips/7-naechte-faszination-mittelmeer-abbis-palma-MSN279798SEE?cabinCategoryType=INBO2V&priceMode=perPerson&tariff=PRO,2026-10-08,2026-10-08
MSN279833SEE,Mein Schiff,7 Nächte - Faszination Mittelmeer - ab/bis Palma,Mein Schiff Flow,2027-05-13,2027-05-20,7,MM,Westliches Mittelmeer 257,Palma (Mallorca) → Civitavecchia (Rom) → Ajaccio (Korsika) → Marseille → Barcelona → Palma (Mallorca),https://www.meinschiff.com/de/trips/7-naechte-faszination-mittelmeer-abbis-palma-MSN279833SEE?cabinCategoryType=IKBO2V&priceMode=perPerson&tariff=PRO,2026-10-08,2026-10-08
MSS2629SEE,Mein Schiff,7 Nächte - Kulturherbst im Mittelmeer  ab/bis Palma,Mein Schiff 6,2026-10-11,2026-10-18,7,MM,Westliches Mittelmeer 140,Palma (Mallorca) → Ajaccio (Korsika) → Livorno → Civitavecchia (Rom) → Barcelona → Palma (Mallorca),https://www.meinschiff.com/de/trips/7-naechte-kulturherbst-im-mittelmeer-abbis-palma-MSS2629SEE?cabinType=Balcony&cabinCategoryType=BAUR2V&priceMode=perPerson&tariff=PUR,2026-10-08,2026-10-08
MSS263132SEE,Mein Schiff,45 Nächte - Weltentdecker-Route - ab Las Palmas/bis Singapur,Mein Schiff 6,2026-10-25,2026-12-09,45,SA,Trans-Südafrika 44,Las Palmas (Gran Canaria) → Agadir → Santa Cruz (Teneriffa) → Mindelo (São Vicente) → Praia (Santiago) → Walvis Bay → Kapstadt → Gqeberha (ehem. Port Elizabeth) → Durban → Port Louis → Le Port → Malé → Colombo → Hambantota (Sri Lanka) → Port Klang (Kuala Lumpur) → Singapur,https://www.meinschiff.com/de/trips/45-naechte-weltentdecker-route-ab-las-palmasbis-singapur-MSS263132SEE?cabinType=Outside&cabinCategoryType=AUBO2V&priceMode=perPerson&tariff=PRO,2026-10-08,2026-10-08
MSS263133SEE,Mein Schiff,59 Nächte - Große Weltentdecker-Route - ab Las Palmas/bis Singapur,Mein Schiff 6,2026-10-25,2026-12-23,59,SA,Trans-Südafrika 45,Las Palmas (Gran Canaria) → Agadir → Santa Cruz (Teneriffa) → Mindelo (São Vicente) → Praia (Santiago) → Walvis Bay → Kapstadt → Gqeberha (ehem. Port Elizabeth) → Durban → Port Louis → Le Port → Malé → Colombo → Hambantota (Sri Lanka) → Port Klang (Kuala Lumpur) → Singapur → Langkawi → Penang → Port Klang (Kuala Lumpur) → Phu My (Ho-Chi-Minh-Stadt) → Koh Samui → Laem Chabang (Bangkok) → Singapur,https://www.meinschiff.com/de/trips/59-naechte-grosse-weltentdecker-route-ab-las-palmasbis-singapur-MSS263133SEE?cabinType=Outside&cabinCategoryType=AUBO2V&priceMode=perPerson&tariff=PRO,2026-10-08,2026-10-08
MSS2631SEE,Mein Schiff,20 Nächte - Höhepunkte entlang Westafrikas Küste - ab Las Palmas/bis Kapstadt,Mein Schiff 6,2026-10-25,2026-11-14,20,SA,Trans-Südafrika 85,Las Palmas (Gran Canaria) → Agadir → Santa Cruz (Teneriffa) → Mindelo (São Vicente) → Praia (Santiago) → Walvis Bay → Kapstadt,https://www.meinschiff.com/de/trips/20-naechte-hoehepunkte-entlang-westafrikas-kueste-ab-las-palmasbis-kapstadt-MSS2631SEE?cabinCategoryType=INCO2V&priceMode=perPerson&tariff=PRO,2026-10-08,2026-10-08
MSS2632SEE,Mein Schiff,25 Nächte - Indischer Ozean mit Mauritius - ab Kapstadt/bis Singapur,Mein Schiff 6,2026-11-14,2026-12-09,25,SA,Trans-Südafrika 46,Kapstadt → Gqeberha (ehem. Port Elizabeth) → Durban → Port Louis → Le Port → Malé → Colombo → Hambantota (Sri Lanka) → Port Klang (Kuala Lumpur) → Singapur,https://www.meinschiff.com/de/trips/25-naechte-indischer-ozean-mit-mauritius-ab-kapstadtbis-singapur-MSS2632SEE?cabinType=Outside&cabinCategoryType=AUBO2V&priceMode=perPerson&tariff=PRO,2026-10-08,2026-10-08
MSS2633SEE,Mein Schiff,14 Nächte - Faszination Südostasien - ab/bis Singapur,Mein Schiff 6,2026-12-09,2026-12-23,14,AS,Südostasien 11,Singapur → Langkawi → Penang → Port Klang (Kuala Lumpur) → Phu My (Ho-Chi-Minh-Stadt) → Koh Samui → Laem Chabang (Bangkok) → Singapur,https://www.meinschiff.com/de/trips/14-naechte-faszination-suedostasien-abbis-singapur-MSS2633SEE?cabinCategoryType=INUR2V&priceMode=perPerson&tariff=PUR,2026-10-08,2026-10-08
MSS2634SEE,Mein Schiff,13 Nächte - Festtage in Südostasien - ab/bis Singapur,Mein Schiff 6,2026-12-23,2027-01-05,13,AS,Südostasien 34,Singapur → Koh Samui → Laem Chabang (Bangkok) → Phu My (Ho-Chi-Minh-Stadt) → Penang → Port Klang (Kuala Lumpur) → Singapur,https://www.meinschiff.com/de/trips/13-naechte-festtage-in-suedostasien-abbis-singapur-MSS2634SEE?cabinCategoryType=INUR2V&priceMode=perPerson&tariff=PUR,2026-10-08,2026-10-08
MSS2701SEE,Mein Schiff,15 Nächte - Faszination Südostasien - ab/bis Singapur,Mein Schiff 6,2027-01-05,2027-01-20,15,AS,Südostasien 22,Singapur → Koh Samui → Laem Chabang (Bangkok) → Phu My (Ho-Chi-Minh-Stadt) → Port Klang (Kuala Lumpur) → Penang → Phuket → Langkawi → Singapur,https://www.meinschiff.com/de/trips/15-naechte-faszination-suedostasien-abbis-singapur-MSS2701SEE?cabinType=Outside&cabinCategoryType=AUUS2V&priceMode=perPerson&tariff=PLUS,2026-10-08,2026-10-08
MSS2703SEE,Mein Schiff,14 Nächte - Faszination Südostasien - ab/bis Singapur,Mein Schiff 6,2027-02-02,2027-02-16,14,AS,Südostasien 24,Singapur → Penang → Langkawi → Port Klang (Kuala Lumpur) → Phu My (Ho-Chi-Minh-Stadt) → Koh Samui → Laem Chabang (Bangkok) → Singapur,https://www.meinschiff.com/de/trips/14-naechte-faszination-suedostasien-abbis-singapur-MSS2703SEE?cabinCategoryType=INAO2V&priceMode=perPerson&tariff=PRO,2026-10-08,2026-10-08
MSS2704SEE,Mein Schiff,14 Nächte - Faszination Südostasien - ab/bis Singapur,Mein Schiff 6,2027-02-16,2027-03-02,14,AS,Südostasien 14,Singapur → Koh Samui → Laem Chabang (Bangkok) → Phu My (Ho-Chi-Minh-Stadt) → Port Klang (Kuala Lumpur) → Langkawi → Penang → Singapur,https://www.meinschiff.com/de/trips/14-naechte-faszination-suedostasien-abbis-singapur-MSS2704SEE?cabinType=Balcony&cabinCategoryType=BAHO2V&priceMode=perPerson&tariff=PRO,2026-10-08,2026-10-08
MSS2706SEE,Mein Schiff,14 Nächte - Südostasien und Vietnam - ab Singapur/bis Hongkong,Mein Schiff 6,2027-03-16,2027-03-30,14,AS,Südostasien 15,Singapur → Koh Samui → Laem Chabang (Bangkok) → Phu My (Ho-Chi-Minh-Stadt) → Chan May (Da Nang) → Halong Bay → Hong Kong,https://www.meinschiff.com/de/trips/14-naechte-suedostasien-und-vietnam-ab-singapurbis-hongkong-MSS2706SEE?cabinCategoryType=INCO2V&priceMode=perPerson&tariff=PRO,2026-10-08,2026-10-08
MSS270810SEE,Mein Schiff,43 Nächte - Weltentdecker-Route - ab Yokohama (Tokio)/bis Singapur,Mein Schiff 6,2027-04-13,2027-05-26,43,AS,Östliches Asien 10,Yokohama (Tokio) → Kobe → Kochi → Hiroshima → Busan → Sakaiminato → Kanazawa → Akita → Shimizu → Yokohama (Tokio) → Osaka → Kochi → Busan → Incheon (Seoul) → Shanghai → Hong Kong → Halong Bay → Chan May (Da Nang) → Phu My (Ho-Chi-Minh-Stadt) → Koh Samui → Laem Chabang (Bangkok) → Singapur,https://www.meinschiff.com/de/trips/43-naechte-weltentdecker-route-ab-yokohama-tokiobis-singapur-MSS270810SEE?cabinCategoryType=INAO2V&priceMode=perPerson&tariff=PRO,2026-10-08,2026-10-08
MSS270812SEE,Mein Schiff,86 Nächte - Große Weltentdecker-Route - ab Yokohama (Tokio)/bis Palma,Mein Schiff 6,2027-04-13,2027-07-08,86,SA,Trans-Südafrika 61,Yokohama (Tokio) → Kobe → Kochi → Hiroshima → Busan → Sakaiminato → Kanazawa → Akita → Shimizu → Yokohama (Tokio) → Osaka → Kochi → Busan → Incheon (Seoul) → Shanghai → Hong Kong → Halong Bay → Chan May (Da Nang) → Phu My (Ho-Chi-Minh-Stadt) → Koh Samui → Laem Chabang (Bangkok) → Singapur → Port Klang (Kuala Lumpur) → Colombo → Malé → Port Louis → Le Port → Gqeberha (ehem. Port Elizabeth) → Kapstadt → Walvis Bay → Praia (Santiago) → Mindelo (São Vicente) → Las Palmas (Gran Canaria) → Gibraltar → Palma (Mallorca),https://www.meinschiff.com/de/trips/86-naechte-grosse-weltentdecker-route-ab-yokohama-tokiobis-palma-MSS270812SEE?cabinCategoryType=INAO2V&priceMode=perPerson&tariff=PRO,2026-10-08,2026-10-08
MSS2708SEE,Mein Schiff,15 Nächte - Rund um Japan - ab/bis Yokohama (Tokio),Mein Schiff 6,2027-04-13,2027-04-28,15,AS,Östliches Asien 9,Yokohama (Tokio) → Kobe → Kochi → Hiroshima → Busan → Sakaiminato → Kanazawa → Akita → Shimizu → Yokohama (Tokio),https://www.meinschiff.com/de/trips/15-naechte-rund-um-japan-abbis-yokohama-tokio-MSS2708SEE?cabinCategoryType=INAO2V&priceMode=perPerson&tariff=PRO,2026-10-08,2026-10-08
MSS270910SEE,Mein Schiff,28 Nächte - Faszination Asien - ab Yokohama (Tokio)/bis Singapur,Mein Schiff 6,2027-04-28,2027-05-26,28,AS,Östliches Asien 12,Yokohama (Tokio) → Osaka → Kochi → Busan → Incheon (Seoul) → Shanghai → Hong Kong → Halong Bay → Chan May (Da Nang) → Phu My (Ho-Chi-Minh-Stadt) → Koh Samui → Laem Chabang (Bangkok) → Singapur,https://www.meinschiff.com/de/trips/28-naechte-faszination-asien-ab-yokohama-tokiobis-singapur-MSS270910SEE?cabinCategoryType=INAO2V&inboundAirport=DUS&outboundAirport=ZRH&priceMode=perPerson&tariff=PRO,2026-10-08,2026-10-08
MSS270912SEE,Mein Schiff,71 Nächte - Große Weltentdecker-Route - ab Yokohama (Tokio)/bis Palma,Mein Schiff 6,2027-04-28,2027-07-08,71,SA,Trans-Südafrika 62,Yokohama (Tokio) → Osaka → Kochi → Busan → Incheon (Seoul) → Shanghai → Hong Kong → Halong Bay → Chan May (Da Nang) → Phu My (Ho-Chi-Minh-Stadt) → Koh Samui → Laem Chabang (Bangkok) → Singapur → Port Klang (Kuala Lumpur) → Colombo → Malé → Port Louis → Le Port → Gqeberha (ehem. Port Elizabeth) → Kapstadt → Walvis Bay → Praia (Santiago) → Mindelo (São Vicente) → Las Palmas (Gran Canaria) → Gibraltar → Palma (Mallorca),https://www.meinschiff.com/de/trips/71-naechte-grosse-weltentdecker-route-ab-yokohama-tokiobis-palma-MSS270912SEE?cabinCategoryType=INAO2V&inboundAirport=NUE&outboundAirport=ZRH&priceMode=perPerson&tariff=PRO,2026-10-08,2026-10-08
MSS2709SEE,Mein Schiff,14 Nächte - Die Vielfalt des Fernen Osten - ab Yokohama (Tokio)/bis Hongkong,Mein Schiff 6,2027-04-28,2027-05-12,14,AS,Östliches Asien 11,Yokohama (Tokio) → Osaka → Kochi → Busan → Incheon (Seoul) → Shanghai → Hong Kong,https://www.meinschiff.com/de/trips/14-naechte-die-vielfalt-des-fernen-osten-ab-yokohama-tokiobis-hongkong-MSS2709SEE?cabinCategoryType=INAO2V&priceMode=perPerson&tariff=PRO,2026-10-08,2026-10-08
MSS271011SEE,Mein Schiff,36 Nächte - Indischer Ozean mit Mauritius - ab Hongkong/bis Kapstadt,Mein Schiff 6,2027-05-12,2027-06-17,36,SA,Trans-Südafrika 63,Hong Kong → Halong Bay → Chan May (Da Nang) → Phu My (Ho-Chi-Minh-Stadt) → Koh Samui → Laem Chabang (Bangkok) → Singapur → Port Klang (Kuala Lumpur) → Colombo → Malé → Port Louis → Le Port → Gqeberha (ehem. Port Elizabeth) → Kapstadt,https://www.meinschiff.com/de/trips/36-naechte-indischer-ozean-mit-mauritius-ab-hongkongbis-kapstadt-MSS271011SEE?cabinCategoryType=INBO2V&inboundAirport=MUC&outboundAirport=FRA&priceMode=perPerson&tariff=PRO,2026-10-08,2026-10-08
MSS271012SEE,Mein Schiff,57 Nächte - Große Weltentdecker-Route - ab Hongkong/bis Palma,Mein Schiff 6,2027-05-12,2027-07-08,57,SA,Trans-Südafrika 64,Hong Kong → Halong Bay → Chan May (Da Nang) → Phu My (Ho-Chi-Minh-Stadt) → Koh Samui → Laem Chabang (Bangkok) → Singapur → Port Klang (Kuala Lumpur) → Colombo → Malé → Port Louis → Le Port → Gqeberha (ehem. Port Elizabeth) → Kapstadt → Walvis Bay → Praia (Santiago) → Mindelo (São Vicente) → Las Palmas (Gran Canaria) → Gibraltar → Palma (Mallorca),https://www.meinschiff.com/de/trips/57-naechte-grosse-weltentdecker-route-ab-hongkongbis-palma-MSS271012SEE?cabinCategoryType=INBO2V&inboundAirport=NUE&outboundAirport=VIE&priceMode=perPerson&tariff=PRO,2026-10-08,2026-10-08
MSS2710SEE,Mein Schiff,14 Nächte - Südostasiens Höhepunkte - ab Hongkong/bis Singapur,Mein Schiff 6,2027-05-12,2027-05-26,14,AS,Südostasien 26,Hong Kong → Halong Bay → Chan May (Da Nang) → Phu My (Ho-Chi-Minh-Stadt) → Koh Samui → Laem Chabang (Bangkok) → Singapur,https://www.meinschiff.com/de/trips/14-naechte-suedostasiens-hoehepunkte-ab-hongkongbis-singapur-MSS2710SEE?cabinCategoryType=INUS2V&priceMode=perPerson&tariff=PLUS,2026-10-08,2026-10-08
MSS271112SEE,Mein Schiff,43 Nächte - Weltentdecker-Route - ab Singapur/bis Palma,Mein Schiff 6,2027-05-26,2027-07-08,43,SA,Trans-Südafrika 66,Singapur → Port Klang (Kuala Lumpur) → Colombo → Malé → Port Louis → Le Port → Gqeberha (ehem. Port Elizabeth) → Kapstadt → Walvis Bay → Praia (Santiago) → Mindelo (São Vicente) → Las Palmas (Gran Canaria) → Gibraltar → Palma (Mallorca),https://www.meinschiff.com/de/trips/43-naechte-weltentdecker-route-ab-singapurbis-palma-MSS271112SEE?cabinCategoryType=INBO2V&priceMode=perPerson&tariff=PRO,2026-10-08,2026-10-08
MSS2711SEE,Mein Schiff,22 Nächte - Indischer Ozean mit Mauritius - ab Singapur/bis Kapstadt,Mein Schiff 6,2027-05-26,2027-06-17,22,SA,Trans-Südafrika 65,Singapur → Port Klang (Kuala Lumpur) → Colombo → Malé → Port Louis → Le Port → Gqeberha (ehem. Port Elizabeth) → Kapstadt,https://www.meinschiff.com/de/trips/22-naechte-indischer-ozean-mit-mauritius-ab-singapurbis-kapstadt-MSS2711SEE?cabinCategoryType=INBO2V&priceMode=perPerson&tariff=PRO,2026-10-08,2026-10-08
MSS2712SEE,Mein Schiff,21 Nächte - Transozean - ab Kapstadt/bis Palma,Mein Schiff 6,2027-06-17,2027-07-08,21,SA,Trans-Südafrika 67,Kapstadt → Walvis Bay → Praia (Santiago) → Mindelo (São Vicente) → Las Palmas (Gran Canaria) → Gibraltar → Palma (Mallorca),https://www.meinschiff.com/de/trips/21-naechte-transozean-ab-kapstadtbis-palma-MSS2712SEE?cabinCategoryType=INUS2V&priceMode=perPerson&tariff=PLUS,2026-10-08,2026-10-08
MSS271314SEE,Mein Schiff,14 Nächte - Europas Sonnenseite und die Schönheiten der Westküste - ab Palma/bis Leixões (Porto),Mein Schiff 6,2027-07-08,2027-07-22,14,WE,Westeuropa-Trans-Mittelmeer 34,Palma (Mallorca) → Málaga → Tanger → Cádiz → Lissabon → Leixões (Porto) → Le Verdon (Bordeaux) → Bilbao → A Coruña → Vigo → Leixões (Porto),https://www.meinschiff.com/de/trips/14-naechte-europas-sonnenseite-und-die-schoenheiten-der-westkueste-ab-palmabis-leixoes-porto-MSS271314SEE?cabinCategoryType=INCO2V&priceMode=perPerson&tariff=PRO,2026-10-08,2026-10-08
MSS2713SEE,Mein Schiff,7 Nächte - Iberische Sonnenseiten - ab Palma/bis Leixões (Porto),Mein Schiff 6,2027-07-08,2027-07-15,7,WE,Westeuropa-Trans-Mittelmeer 33,Palma (Mallorca) → Málaga → Tanger → Cádiz → Lissabon → Leixões (Porto),https://www.meinschiff.com/de/trips/7-naechte-iberische-sonnenseiten-ab-palmabis-leixoes-porto-MSS2713SEE?cabinCategoryType=INCO2V&priceMode=perPerson&tariff=PRO,2026-10-08,2026-10-08
MSS271415SEE,Mein Schiff,14 Nächte - Sommerzeit an der Westküste - ab/bis Leixões (Porto),Mein Schiff 6,2027-07-15,2027-07-29,14,WE,Westeuropa 58,Leixões (Porto) → Le Verdon (Bordeaux) → Bilbao → A Coruña → Vigo → Leixões (Porto) → Lissabon → Cádiz → Málaga → Tanger → Leixões (Porto),https://www.meinschiff.com/de/trips/14-naechte-sommerzeit-an-der-westkueste-abbis-leixoes-porto-MSS271415SEE?cabinCategoryType=INCO2V&priceMode=perPerson&tariff=PRO,2026-10-08,2026-10-08
MSS2714SEE,Mein Schiff,7 Nächte - Sommerzeit an der Westküste - ab/bis Leixões (Porto),Mein Schiff 6,2027-07-15,2027-07-22,7,WE,Westeuropa 50,Leixões (Porto) → Le Verdon (Bordeaux) → Bilbao → A Coruña → Vigo → Leixões (Porto),https://www.meinschiff.com/de/trips/7-naechte-sommerzeit-an-der-westkueste-abbis-leixoes-porto-MSS2714SEE?cabinCategoryType=INCO2V&priceMode=perPerson&tariff=PRO,2026-10-08,2026-10-08
MSS271516SEE,Mein Schiff,14 Nächte - Rund um die Iberische Halbinsel - ab/bis Leixões (Porto),Mein Schiff 6,2027-07-22,2027-08-05,14,WE,Westeuropa 53,Leixões (Porto) → Lissabon → Cádiz → Málaga → Tanger → Leixões (Porto) → Le Verdon (Bordeaux) → Bilbao → A Coruña → Vigo → Leixões (Porto),https://www.meinschiff.com/de/trips/14-naechte-rund-um-die-iberische-halbinsel-abbis-leixoes-porto-MSS271516SEE?cabinCategoryType=INCO2V&priceMode=perPerson&tariff=PRO,2026-10-08,2026-10-08
MSS2715SEE,Mein Schiff,7 Nächte - Sommerzeit an der Westküste mit Marokko - ab/bis Leixões (Porto),Mein Schiff 6,2027-07-22,2027-07-29,7,WE,Westeuropa 52,Leixões (Porto) → Lissabon → Cádiz → Málaga → Tanger → Leixões (Porto),https://www.meinschiff.com/de/trips/7-naechte-sommerzeit-an-der-westkueste-mit-marokko-abbis-leixoes-porto-MSS2715SEE?cabinCategoryType=INCO2V&priceMode=perPerson&tariff=PRO,2026-10-08,2026-10-08
MSS271617SEE,Mein Schiff,14 Nächte- Rund um die Iberische Halbinsel - ab/bis Leixões (Porto),Mein Schiff 6,2027-07-29,2027-08-12,14,WE,Westeuropa 54,Leixões (Porto) → Le Verdon (Bordeaux) → Bilbao → A Coruña → Vigo → Leixões (Porto) → Tanger → Gibraltar → Cádiz → Lissabon → Leixões (Porto),https://www.meinschiff.com/de/trips/14-naechte-rund-um-die-iberische-halbinsel-abbis-leixoes-porto-MSS271617SEE?cabinCategoryType=INCO2V&priceMode=perPerson&tariff=PRO,2026-10-08,2026-10-08
MSS2716SEE,Mein Schiff,7 Nächte - Sommerzeit an der Westküste - ab/bis Leixões (Porto),Mein Schiff 6,2027-07-29,2027-08-05,7,WE,Westeuropa 51,Leixões (Porto) → Le Verdon (Bordeaux) → Bilbao → A Coruña → Vigo → Leixões (Porto),https://www.meinschiff.com/de/trips/7-naechte-sommerzeit-an-der-westkueste-abbis-leixoes-porto-MSS2716SEE?cabinCategoryType=INCO2V&priceMode=perPerson&tariff=PRO,2026-10-08,2026-10-08
MSS271718SEE,Mein Schiff,14 Nächte - Rund um die Iberische Halbinsel - ab/bis Leixões (Porto),Mein Schiff 6,2027-08-05,2027-08-19,14,WE,Westeuropa 28,Leixões (Porto) → Tanger → Gibraltar → Cádiz → Lissabon → Leixões (Porto) → Le Verdon (Bordeaux) → Bilbao → A Coruña → Vigo → Leixões (Porto),https://www.meinschiff.com/de/trips/14-naechte-rund-um-die-iberische-halbinsel-abbis-leixoes-porto-MSS271718SEE?cabinCategoryType=INCO2V&priceMode=perPerson&tariff=PRO,2026-10-08,2026-10-08
MSS2717SEE,Mein Schiff,7 Nächte - Sommerzeit an der Westküste mit Marokko - ab/bis Leixões (Porto),Mein Schiff 6,2027-08-05,2027-08-12,7,WE,Westeuropa 27,Leixões (Porto) → Tanger → Gibraltar → Cádiz → Lissabon → Leixões (Porto),https://www.meinschiff.com/de/trips/7-naechte-sommerzeit-an-der-westkueste-mit-marokko-abbis-leixoes-porto-MSS2717SEE?cabinCategoryType=INCO2V&priceMode=perPerson&tariff=PRO,2026-10-08,2026-10-08
MSS271819SEE,Mein Schiff,18 Nächte - Von der Westküste zu den Azoren - ab Leixões (Porto)/bis Hamburg,Mein Schiff 6,2027-08-12,2027-08-30,18,WE,Westeuropa-Trans-Mittelmeer 45,Leixões (Porto) → Le Verdon (Bordeaux) → Bilbao → A Coruña → Vigo → Leixões (Porto) → Lissabon → Ponta Delgada (Såo Miguel) → Praia da Vitória (Terceira) → Le Havre (Paris) → Hamburg,https://www.meinschiff.com/de/trips/18-naechte-von-der-westkueste-zu-den-azoren-ab-leixoes-portobis-hamburg-MSS271819SEE?cabinCategoryType=INBO2V&inboundAirport=FRA&outboundAirport=BER&priceMode=perPerson&tariff=PRO,2026-10-08,2026-10-08
MSS2718SEE,Mein Schiff,7 Nächte - Sommerzeit an der Westküste - ab/bis Leixões (Porto),Mein Schiff 6,2027-08-12,2027-08-19,7,WE,Westeuropa 51,Leixões (Porto) → Le Verdon (Bordeaux) → Bilbao → A Coruña → Vigo → Leixões (Porto),https://www.meinschiff.com/de/trips/7-naechte-sommerzeit-an-der-westkueste-abbis-leixoes-porto-MSS2718SEE?cabinCategoryType=INCO2V&priceMode=perPerson&tariff=PRO,2026-10-08,2026-10-08
MSS2719SEE,Mein Schiff,11 Nächte - Abenteuerwelt Azoren - ab Leixões/bis Hamburg,Mein Schiff 6,2027-08-19,2027-08-30,11,WE,Westeuropa-Trans-Mittelmeer 35,Leixões (Porto) → Lissabon → Ponta Delgada (Såo Miguel) → Praia da Vitória (Terceira) → Le Havre (Paris) → Hamburg,https://www.meinschiff.com/de/trips/11-naechte-abenteuerwelt-azoren-ab-leixoesbis-hamburg-MSS2719SEE?cabinCategoryType=INBO2V&priceMode=perPerson&tariff=PRO,2026-10-08,2026-10-08
MSS2722SEE,Mein Schiff,3 Nächte - Feiern unterm Sternenhimmel im Nordland - ab/bis Kiel,Mein Schiff 6,2027-09-09,2027-09-12,3,OB,Ostsee & Baltikum 42,Kiel → Göteborg → Kopenhagen → Kiel,https://www.meinschiff.com/de/trips/3-naechte-feiern-unterm-sternenhimmel-im-nordland-abbis-kiel-MSS2722SEE?cabinType=Balcony&cabinCategoryType=BAHO2V&priceMode=perPerson&tariff=PRO,2026-10-08,2026-10-08
MSS272324SEE,Mein Schiff,14 Nächte - Fjordwelten und Ostseeperlen - ab/bis Kiel,Mein Schiff 6,2027-09-12,2027-09-26,14,NL,Südnorwegen 109,Kiel → Ålesund → Nordfjordeid (Eidsfjord) → Bergen → Stavanger → Kiel → Tallinn → Helsinki → Stockholm → Kiel,https://www.meinschiff.com/de/trips/14-naechte-fjordwelten-und-ostseeperlen-abbis-kiel-MSS272324SEE?cabinCategoryType=INCO2V&priceMode=perPerson&tariff=PRO,2026-10-08,2026-10-08
MSS2723SEE,Mein Schiff,7 Nächte - Norwegens Fjordwelten - ab/bis Kiel,Mein Schiff 6,2027-09-12,2027-09-19,7,NL,Südnorwegen 108,Kiel → Ålesund → Nordfjordeid (Eidsfjord) → Bergen → Stavanger → Kiel,https://www.meinschiff.com/de/trips/7-naechte-norwegens-fjordwelten-abbis-kiel-MSS2723SEE?cabinCategoryType=INCO2V&priceMode=perPerson&tariff=PRO,2026-10-08,2026-10-08
MSS2724SEE,Mein Schiff,7 Nächte - Metropolen der Ostsee - ab/bis Kiel,Mein Schiff 6,2027-09-19,2027-09-26,7,OB,Ostsee & Baltikum 94,Kiel → Tallinn → Helsinki → Stockholm → Kiel,https://www.meinschiff.com/de/trips/7-naechte-metropolen-der-ostsee-abbis-kiel-MSS2724SEE?cabinCategoryType=INCO2V&priceMode=perPerson&tariff=PRO,2026-10-08,2026-10-08
MSS272526SEE,Mein Schiff,12 Nächte - Metropolen der Ostsee - ab Kiel/bis Hamburg,Mein Schiff 6,2027-09-26,2027-10-08,12,OB,Ostsee & Baltikum 95,Kiel → Tallinn → Helsinki → Stockholm → Kiel → Kopenhagen → Göteborg → Oslo (Oslofjord) → Hamburg,https://www.meinschiff.com/de/trips/12-naechte-metropolen-der-ostsee-ab-kielbis-hamburg-MSS272526SEE?cabinCategoryType=INCO2V&priceMode=perPerson&tariff=PRO,2026-10-08,2026-10-08
MSS2725SEE,Mein Schiff,7 Nächte - Metropolen der Ostsee - ab/bis Kiel,Mein Schiff 6,2027-09-26,2027-10-03,7,OB,Ostsee & Baltikum 94,Kiel → Tallinn → Helsinki → Stockholm → Kiel,https://www.meinschiff.com/de/trips/7-naechte-metropolen-der-ostsee-abbis-kiel-MSS2725SEE?cabinCategoryType=INCO2V&priceMode=perPerson&tariff=PRO,2026-10-08,2026-10-08
MSS2726SEE,Mein Schiff,5 Nächte - Hygge & Meer im Norden entdecken - ab Kiel/bis Hamburg,Mein Schiff 6,2027-10-03,2027-10-08,5,OB,Ostsee & Baltikum 37,Kiel → Kopenhagen → Göteborg → Oslo (Oslofjord) → Hamburg,https://www.meinschiff.com/de/trips/5-naechte-hygge-meer-im-norden-entdecken-ab-kielbis-hamburg-MSS2726SEE?cabinCategoryType=INCO2V&priceMode=perPerson&tariff=PRO,2026-10-08,2026-10-08
MSS2727SEE,Mein Schiff,10 Nächte - Europas Westküste - ab Hamburg/bis Palma,Mein Schiff 6,2027-10-08,2027-10-18,10,WE,Westeuropa-Trans-Mittelmeer 36,Hamburg → Le Havre (Paris) → A Coruña → Leixões (Porto) → Lissabon → Gibraltar → Palma (Mallorca),https://www.meinschiff.com/de/trips/10-naechte-europas-westkueste-ab-hamburgbis-palma-MSS2727SEE?cabinCategoryType=INBO2V&priceMode=perPerson&tariff=PRO,2026-10-08,2026-10-08
MSS2728SEE,Mein Schiff,19 Nächte - Transozean - ab Palma/bis Kapstadt,Mein Schiff 6,2027-10-18,2027-11-06,19,SA,Trans-Südafrika 69,Palma (Mallorca) → Gibraltar → Arrecife (Lanzarote) → Praia (Santiago) → Walvis Bay → Kapstadt,https://www.meinschiff.com/de/trips/19-naechte-transozean-ab-palmabis-kapstadt-MSS2728SEE?cabinCategoryType=INCO2V&priceMode=perPerson&tariff=PRO,2026-10-08,2026-10-08
MSS2729SEE,Mein Schiff,25 Nächte - Indischer Ozean mit Mauritius - ab Kapstadt/bis Singapur,Mein Schiff 6,2027-11-06,2027-12-01,25,AS,Trans-Asien 34,Kapstadt → Gqeberha (ehem. Port Elizabeth) → Durban → Le Port → Port Louis → Malé → Colombo → Port Klang (Kuala Lumpur) → Singapur,https://www.meinschiff.com/de/trips/25-naechte-indischer-ozean-mit-mauritius-ab-kapstadtbis-singapur-MSS2729SEE?cabinCategoryType=INAO2V&inboundAirport=VIE&outboundAirport=VIE&priceMode=perPerson&tariff=PRO,2026-10-08,2026-10-08
MSS2730SEE,Mein Schiff,13 Nächte - Faszination Südostasien - ab/bis Singapur,Mein Schiff 6,2027-12-01,2027-12-14,13,AS,Südostasien 33,Singapur → Langkawi → Penang → Phuket → Port Klang (Kuala Lumpur) → Singapur → Koh Samui → Laem Chabang (Bangkok) → Singapur,https://www.meinschiff.com/de/trips/13-naechte-faszination-suedostasien-abbis-singapur-MSS2730SEE?cabinCategoryType=INAO2V&priceMode=perPerson&tariff=PRO,2026-10-08,2026-10-08
MSS2731SEE,Mein Schiff,14 Nächte - Festtage in Südostasien - ab/bis Singapur,Mein Schiff 6,2027-12-14,2027-12-28,14,AS,Südostasien 29,Singapur → Langkawi → Penang → Port Klang (Kuala Lumpur) → Phu My (Ho-Chi-Minh-Stadt) → Koh Samui → Laem Chabang (Bangkok) → Singapur,https://www.meinschiff.com/de/trips/14-naechte-festtage-in-suedostasien-abbis-singapur-MSS2731SEE?cabinCategoryType=INCO2V&priceMode=perPerson&tariff=PRO,2026-10-08,2026-10-08
MSS2732SEE,Mein Schiff,14 Nächte - Jahresauftakt in Südostasien - ab/bis Singapur,Mein Schiff 6,2027-12-28,2028-01-11,14,AS,Südostasien 30,Singapur → Penang → Langkawi → Phuket → Port Klang (Kuala Lumpur) → Koh Samui → Laem Chabang (Bangkok) → Singapur,https://www.meinschiff.com/de/trips/14-naechte-jahresauftakt-in-suedostasien-abbis-singapur-MSS2732SEE?cabinCategoryType=INCO2V&priceMode=perPerson&tariff=PRO,2026-10-08,2026-10-08
MSS2801SEE,Mein Schiff,14 Nächte - Faszination Südostasien - ab/bis Singapur,Mein Schiff 6,2028-01-11,2028-01-25,14,AS,Südostasien 31,Singapur → Koh Samui → Laem Chabang (Bangkok) → Phu My (Ho-Chi-Minh-Stadt) → Penang → Langkawi → Port Klang (Kuala Lumpur) → Singapur,https://www.meinschiff.com/de/trips/14-naechte-faszination-suedostasien-abbis-singapur-MSS2801SEE?cabinCategoryType=INCO2V&priceMode=perPerson&tariff=PRO,2026-10-08,2026-10-08
MSS2802SEE,Mein Schiff,14 Nächte - Südostasien und Vietnam - ab Singapur/bis Hongkong,Mein Schiff 6,2028-01-25,2028-02-08,14,AS,Südostasien 15,Singapur → Koh Samui → Laem Chabang (Bangkok) → Phu My (Ho-Chi-Minh-Stadt) → Chan May (Da Nang) → Halong Bay → Hong Kong,https://www.meinschiff.com/de/trips/14-naechte-suedostasien-und-vietnam-ab-singapurbis-hongkong-MSS2802SEE?cabinCategoryType=INCO2V&priceMode=perPerson&tariff=PRO,2026-10-08,2026-10-08
MSS2803SEE,Mein Schiff,14 Nächte - Südostasiens Höhepunkte - ab Hongkong/bis Singapur,Mein Schiff 6,2028-02-08,2028-02-22,14,AS,Südostasien 26,Hong Kong → Halong Bay → Chan May (Da Nang) → Phu My (Ho-Chi-Minh-Stadt) → Koh Samui → Laem Chabang (Bangkok) → Singapur,https://www.meinschiff.com/de/trips/14-naechte-suedostasiens-hoehepunkte-ab-hongkongbis-singapur-MSS2803SEE?cabinCategoryType=INCO2V&priceMode=perPerson&tariff=PRO,2026-10-08,2026-10-08
MSS2804SEE,Mein Schiff,14 Nächte - Faszination Südostasien - ab/bis Singapur,Mein Schiff 6,2028-02-22,2028-03-07,14,AS,Südostasien 32,Singapur → Penang → Phuket → Langkawi → Port Klang (Kuala Lumpur) → Koh Samui → Laem Chabang (Bangkok) → Singapur,https://www.meinschiff.com/de/trips/14-naechte-faszination-suedostasien-abbis-singapur-MSS2804SEE?cabinCategoryType=INCO2V&priceMode=perPerson&tariff=PRO,2026-10-08,2026-10-08
MSS2805SEE,Mein Schiff,14 Nächte - Faszination Südostasien - ab/bis Singapur,Mein Schiff 6,2028-03-07,2028-03-21,14,AS,Südostasien 29,Singapur → Langkawi → Penang → Port Klang (Kuala Lumpur) → Phu My (Ho-Chi-Minh-Stadt) → Koh Samui → Laem Chabang (Bangkok) → Singapur,https://www.meinschiff.com/de/trips/14-naechte-faszination-suedostasien-abbis-singapur-MSS2805SEE?cabinCategoryType=INCO2V&priceMode=perPerson&tariff=PRO,2026-10-08,2026-10-08
MSS2806SEE,Mein Schiff,14 Nächte - Südostasien und Vietnam - ab Singapur/bis Hongkong,Mein Schiff 6,2028-03-21,2028-04-04,14,AS,Südostasien 15,Singapur → Koh Samui → Laem Chabang (Bangkok) → Phu My (Ho-Chi-Minh-Stadt) → Chan May (Da Nang) → Halong Bay → Hong Kong,https://www.meinschiff.com/de/trips/14-naechte-suedostasien-und-vietnam-ab-singapurbis-hongkong-MSS2806SEE?cabinCategoryType=INCO2V&priceMode=perPerson&tariff=PRO,2026-10-08,2026-10-08
MSS2807SEE,Mein Schiff,15 Nächte - Japans große Schätze - ab Hongkong/bis Yokohama (Tokio),Mein Schiff 6,2028-04-04,2028-04-19,15,AS,Östliches Asien 17,Hong Kong → Keelung (Taipeh) → Jeju (Cheju) City → Busan → Hiroshima → Kobe → Kochi → Shimizu → Yokohama (Tokio),https://www.meinschiff.com/de/trips/15-naechte-japans-grosse-schaetze-ab-hongkongbis-yokohama-tokio-MSS2807SEE?cabinCategoryType=INCO2V&priceMode=perPerson&tariff=PRO,2026-10-08,2026-10-08
MSS280810SEE,Mein Schiff,42 Nächte - Weltentdecker-Route - ab Yokohama (Tokio)/bis Singapur,Mein Schiff 6,2028-04-19,2028-05-31,42,AS,Östliches Asien 19,Yokohama (Tokio) → Kobe → Kochi → Hiroshima → Busan → Sakaiminato → Kanazawa → Hakodate → Shimizu → Tokio → Kobe → Kochi → Busan → Incheon (Seoul) → Shanghai → Hong Kong → Halong Bay → Chan May (Da Nang) → Phu My (Ho-Chi-Minh-Stadt) → Koh Samui → Laem Chabang (Bangkok) → Singapur,https://www.meinschiff.com/de/trips/42-naechte-weltentdecker-route-ab-yokohama-tokiobis-singapur-MSS280810SEE?cabinCategoryType=INCO2V&inboundAirport=FRA&outboundAirport=HAM&priceMode=perPerson&tariff=PRO,2026-10-08,2026-10-08
MSS280812SEE,Mein Schiff,85 Nächte - Große Weltentdecker-Route - ab Yokohama (Tokio)/bis Palma,Mein Schiff 6,2028-04-19,2028-07-13,85,SA,Trans-Südafrika 87,Yokohama (Tokio) → Kobe → Kochi → Hiroshima → Busan → Sakaiminato → Kanazawa → Hakodate → Shimizu → Tokio → Kobe → Kochi → Busan → Incheon (Seoul) → Shanghai → Hong Kong → Halong Bay → Chan May (Da Nang) → Phu My (Ho-Chi-Minh-Stadt) → Koh Samui → Laem Chabang (Bangkok) → Singapur → Port Klang (Kuala Lumpur) → Colombo → Malé → Port Louis → Le Port → Gqeberha (ehem. Port Elizabeth) → Kapstadt → Walvis Bay → Praia (Santiago) → Mindelo (São Vicente) → Las Palmas (Gran Canaria) → Tanger → Palma (Mallorca),https://www.meinschiff.com/de/trips/85-naechte-grosse-weltentdecker-route-ab-yokohama-tokiobis-palma-MSS280812SEE?cabinCategoryType=INCO2V&priceMode=perPerson&tariff=PRO,2026-10-08,2026-10-08
MSS2808SEE,Mein Schiff,14 Nächte - Faszination Japan - ab Yokohama (Tokio)/bis Tokio,Mein Schiff 6,2028-04-19,2028-05-03,14,AS,Östliches Asien 18,Yokohama (Tokio) → Kobe → Kochi → Hiroshima → Busan → Sakaiminato → Kanazawa → Hakodate → Shimizu → Tokio,https://www.meinschiff.com/de/trips/14-naechte-faszination-japan-ab-yokohama-tokiobis-tokio-MSS2808SEE?cabinCategoryType=INCO2V&priceMode=perPerson&tariff=PRO,2026-10-08,2026-10-08
MSS280910SEE,Mein Schiff,28 Nächte - Weltentdecker-Route - ab Tokio/bis Singapur,Mein Schiff 6,2028-05-03,2028-05-31,28,AS,Östliches Asien 21,Tokio → Kobe → Kochi → Busan → Incheon (Seoul) → Shanghai → Hong Kong → Halong Bay → Chan May (Da Nang) → Phu My (Ho-Chi-Minh-Stadt) → Koh Samui → Laem Chabang (Bangkok) → Singapur,https://www.meinschiff.com/de/trips/28-naechte-weltentdecker-route-ab-tokiobis-singapur-MSS280910SEE?cabinCategoryType=INCO2V&inboundAirport=DUS&outboundAirport=BER&priceMode=perPerson&tariff=PRO,2026-10-08,2026-10-08
MSS280912SEE,Mein Schiff,71 Nächte - Große Weltentdecker-Route - ab Tokio/bis Palma,Mein Schiff 6,2028-05-03,2028-07-13,71,SA,Trans-Südafrika 88,Tokio → Kobe → Kochi → Busan → Incheon (Seoul) → Shanghai → Hong Kong → Halong Bay → Chan May (Da Nang) → Phu My (Ho-Chi-Minh-Stadt) → Koh Samui → Laem Chabang (Bangkok) → Singapur → Port Klang (Kuala Lumpur) → Colombo → Malé → Port Louis → Le Port → Gqeberha (ehem. Port Elizabeth) → Kapstadt → Walvis Bay → Praia (Santiago) → Mindelo (São Vicente) → Las Palmas (Gran Canaria) → Tanger → Palma (Mallorca),https://www.meinschiff.com/de/trips/71-naechte-grosse-weltentdecker-route-ab-tokiobis-palma-MSS280912SEE?cabinCategoryType=INCO2V&priceMode=perPerson&tariff=PRO,2026-10-08,2026-10-08
MSS2809SEE,Mein Schiff,14 Nächte - Die Vielfalt des Fernen Osten - ab Tokio/bis Hongkong,Mein Schiff 6,2028-05-03,2028-05-17,14,AS,Östliches Asien 20,Tokio → Kobe → Kochi → Busan → Incheon (Seoul) → Shanghai → Hong Kong,https://www.meinschiff.com/de/trips/14-naechte-die-vielfalt-des-fernen-osten-ab-tokiobis-hongkong-MSS2809SEE?cabinCategoryType=INCO2V&priceMode=perPerson&tariff=PRO,2026-10-08,2026-10-08
MSS281011SEE,Mein Schiff,36 Nächte - Weltentdecker-Route - ab Hongkong/bis Kapstadt,Mein Schiff 6,2028-05-17,2028-06-22,36,SA,Trans-Südafrika 63,Hong Kong → Halong Bay → Chan May (Da Nang) → Phu My (Ho-Chi-Minh-Stadt) → Koh Samui → Laem Chabang (Bangkok) → Singapur → Port Klang (Kuala Lumpur) → Colombo → Malé → Port Louis → Le Port → Gqeberha (ehem. Port Elizabeth) → Kapstadt,https://www.meinschiff.com/de/trips/36-naechte-weltentdecker-route-ab-hongkongbis-kapstadt-MSS281011SEE?cabinCategoryType=INCO2V&priceMode=perPerson&tariff=PRO,2026-10-08,2026-10-08
MSS281012SEE,Mein Schiff,57 Nächte - Große Weltentdecker-Route - ab Hongkong/ bis Palma,Mein Schiff 6,2028-05-17,2028-07-13,57,SA,Trans-Südafrika 89,Hong Kong → Halong Bay → Chan May (Da Nang) → Phu My (Ho-Chi-Minh-Stadt) → Koh Samui → Laem Chabang (Bangkok) → Singapur → Port Klang (Kuala Lumpur) → Colombo → Malé → Port Louis → Le Port → Gqeberha (ehem. Port Elizabeth) → Kapstadt → Walvis Bay → Praia (Santiago) → Mindelo (São Vicente) → Las Palmas (Gran Canaria) → Tanger → Palma (Mallorca),https://www.meinschiff.com/de/trips/57-naechte-grosse-weltentdecker-route-ab-hongkong-bis-palma-MSS281012SEE?cabinCategoryType=INCO2V&priceMode=perPerson&tariff=PRO,2026-10-08,2026-10-08
MSS2810SEE,Mein Schiff,14 Nächte - Südostasiens Höhepunkte - ab Hongkong/bis Singapur,Mein Schiff 6,2028-05-17,2028-05-31,14,AS,Südostasien 26,Hong Kong → Halong Bay → Chan May (Da Nang) → Phu My (Ho-Chi-Minh-Stadt) → Koh Samui → Laem Chabang (Bangkok) → Singapur,https://www.meinschiff.com/de/trips/14-naechte-suedostasiens-hoehepunkte-ab-hongkongbis-singapur-MSS2810SEE?cabinCategoryType=INCO2V&priceMode=perPerson&tariff=PRO,2026-10-08,2026-10-08
MSS281112SEE,Mein Schiff,43 Nächte - Weltentdecker-Route - ab Singapur/ bis Palma,Mein Schiff 6,2028-05-31,2028-07-13,43,SA,Trans-Südafrika 90,Singapur → Port Klang (Kuala Lumpur) → Colombo → Malé → Port Louis → Le Port → Gqeberha (ehem. Port Elizabeth) → Kapstadt → Walvis Bay → Praia (Santiago) → Mindelo (São Vicente) → Las Palmas (Gran Canaria) → Tanger → Palma (Mallorca),https://www.meinschiff.com/de/trips/43-naechte-weltentdecker-route-ab-singapur-bis-palma-MSS281112SEE?cabinCategoryType=INCO2V&priceMode=perPerson&tariff=PRO,2026-10-08,2026-10-08
MSS2811SEE,Mein Schiff,22 Nächte - Indischer Ozean mit Mauritius - ab Singapur/bis Kapstadt,Mein Schiff 6,2028-05-31,2028-06-22,22,SA,Trans-Südafrika 65,Singapur → Port Klang (Kuala Lumpur) → Colombo → Malé → Port Louis → Le Port → Gqeberha (ehem. Port Elizabeth) → Kapstadt,https://www.meinschiff.com/de/trips/22-naechte-indischer-ozean-mit-mauritius-ab-singapurbis-kapstadt-MSS2811SEE?cabinCategoryType=INCO2V&priceMode=perPerson&tariff=PRO,2026-10-08,2026-10-08
MSS2812SEE,Mein Schiff,21 Nächte - Transozean - ab Kapstadt/bis Palma,Mein Schiff 6,2028-06-22,2028-07-13,21,SA,Trans-Südafrika 91,Kapstadt → Walvis Bay → Praia (Santiago) → Mindelo (São Vicente) → Las Palmas (Gran Canaria) → Tanger → Palma (Mallorca),https://www.meinschiff.com/de/trips/21-naechte-transozean-ab-kapstadtbis-palma-MSS2812SEE?cabinCategoryType=INCO2V&priceMode=perPerson&tariff=PRO,2026-10-08,2026-10-08
MSV2654SEE,Mein Schiff,10 Nächte - Adriaperlen und Höhepunkte Italiens - ab Triest/bis Palma,Mein Schiff 4,2026-10-11,2026-10-21,10,MM,Trans-Mittelmeer 36,Triest → Split → Dubrovnik → Kotor → Catania (Sizilien) → Salerno → Civitavecchia (Rom) → Palma (Mallorca),https://www.meinschiff.com/de/trips/10-naechte-adriaperlen-und-hoehepunkte-italiens-ab-triestbis-palma-MSV2654SEE?cabinType=Outside&cabinCategoryType=AUUR2V&priceMode=perPerson&tariff=PUR,2026-10-08,2026-10-08
MSV265657SEE,Mein Schiff,14 Nächte - Höhepunkte des westlichen Mittelmeers - ab/bis Palma,Mein Schiff 4,2026-11-01,2026-11-15,14,MM,Westliches Mittelmeer 168,Palma (Mallorca) → Málaga → Gibraltar → Cádiz → Valencia → Palma (Mallorca) → Civitavecchia (Rom) → La Spezia → Marseille → Barcelona → Palma (Mallorca),https://www.meinschiff.com/de/trips/14-naechte-hoehepunkte-des-westlichen-mittelmeers-abbis-palma-MSV265657SEE?cabinCategoryType=INCO2V&priceMode=perPerson&tariff=PRO,2026-10-08,2026-10-08
MSV2656SEE,Mein Schiff,7 Nächte - Faszination Mittelmeer - ab/bis Palma,Mein Schiff 4,2026-11-01,2026-11-08,7,MM,Westliches Mittelmeer 167,Palma (Mallorca) → Málaga → Gibraltar → Cádiz → Valencia → Palma (Mallorca),https://www.meinschiff.com/de/trips/7-naechte-faszination-mittelmeer-abbis-palma-MSV2656SEE?cabinCategoryType=INUS2V&priceMode=perPerson&tariff=PLUS,2026-10-08,2026-10-08
MSV2657SEE,Mein Schiff,7 Nächte - Höhepunkte des Westlichen Mittelmeers - ab/bis Palma,Mein Schiff 4,2026-11-08,2026-11-15,7,MM,Westliches Mittelmeer 77,Palma (Mallorca) → Civitavecchia (Rom) → La Spezia → Marseille → Barcelona → Palma (Mallorca),https://www.meinschiff.com/de/trips/7-naechte-hoehepunkte-des-westlichen-mittelmeers-abbis-palma-MSV2657SEE?cabinCategoryType=INUR2V&priceMode=perPerson&tariff=PUR,2026-10-08,2026-10-08
MSV2659SEE,Mein Schiff,7 Nächte - Höhepunkte des Westlichen Mittelmeers - ab/bis Palma,Mein Schiff 4,2026-11-22,2026-11-29,7,MM,Westliches Mittelmeer 77,Palma (Mallorca) → Civitavecchia (Rom) → La Spezia → Marseille → Barcelona → Palma (Mallorca),https://www.meinschiff.com/de/trips/7-naechte-hoehepunkte-des-westlichen-mittelmeers-abbis-palma-MSV2659SEE?cabinType=Balcony&cabinCategoryType=BAUR2V&priceMode=perPerson&tariff=PUR,2026-10-08,2026-10-08
MSV2660SEE,Mein Schiff,7 Nächte - Höhepunkte des Westlichen Mittelmeers - ab/bis Palma,Mein Schiff 4,2026-11-29,2026-12-06,7,MM,Westliches Mittelmeer 77,Palma (Mallorca) → Civitavecchia (Rom) → La Spezia → Marseille → Barcelona → Palma (Mallorca),https://www.meinschiff.com/de/trips/7-naechte-hoehepunkte-des-westlichen-mittelmeers-abbis-palma-MSV2660SEE?cabinType=Outside&cabinCategoryType=AUUR2V&priceMode=perPerson&tariff=PUR,2026-10-08,2026-10-08
MSV2661SEE,Mein Schiff,7 Nächte - Höhepunkte des Westlichen Mittelmeers - ab/bis Palma,Mein Schiff 4,2026-12-06,2026-12-13,7,MM,Westliches Mittelmeer 179,Palma (Mallorca) → Valencia → Civitavecchia (Rom) → Marseille → Barcelona → Palma (Mallorca),https://www.meinschiff.com/de/trips/7-naechte-hoehepunkte-des-westlichen-mittelmeers-abbis-palma-MSV2661SEE?cabinType=Balcony&cabinCategoryType=BAUR2V&priceMode=perPerson&tariff=PUR,2026-10-08,2026-10-08
MSV2662SEE,Mein Schiff,7 Nächte - Höhepunkte des Westlichen Mittelmeers - ab/bis Palma,Mein Schiff 4,2026-12-13,2026-12-20,7,MM,Westliches Mittelmeer 77,Palma (Mallorca) → Civitavecchia (Rom) → La Spezia → Marseille → Barcelona → Palma (Mallorca),https://www.meinschiff.com/de/trips/7-naechte-hoehepunkte-des-westlichen-mittelmeers-abbis-palma-MSV2662SEE?cabinCategoryType=INUR2V&priceMode=perPerson&tariff=PUR,2026-10-08,2026-10-08
MSV2663SEE,Mein Schiff,7 Nächte - Festtage im  westlichen Mittelmeer - ab/bis Palma,Mein Schiff 4,2026-12-20,2026-12-27,7,MM,Westliches Mittelmeer 180,Palma (Mallorca) → Valencia → Civitavecchia (Rom) → La Spezia → Barcelona → Palma (Mallorca),https://www.meinschiff.com/de/trips/7-naechte-festtage-im-westlichen-mittelmeer-abbis-palma-MSV2663SEE?cabinType=Balcony&cabinCategoryType=BAUS2V&priceMode=perPerson&tariff=PLUS,2026-10-08,2026-10-08
MSV2664SEE,Mein Schiff,7 Nächte - Jahreswechsel vor historischen Kulissen - ab/bis Palma,Mein Schiff 4,2026-12-27,2027-01-03,7,MM,Westliches Mittelmeer 174,Palma (Mallorca) → La Spezia → Marseille → Barcelona → Valencia → Palma (Mallorca),https://www.meinschiff.com/de/trips/7-naechte-jahreswechsel-vor-historischen-kulissen-abbis-palma-MSV2664SEE?cabinCategoryType=INUS2V&priceMode=perPerson&tariff=PLUS,2026-10-08,2026-10-08
MSV2701SEE,Mein Schiff,7 Nächte - Höhepunkte des Westlichen Mittelmeers - ab/bis Palma,Mein Schiff 4,2027-01-03,2027-01-10,7,MM,Westliches Mittelmeer 181,Palma (Mallorca) → Barcelona → Marseille → La Spezia → Civitavecchia (Rom) → Palma (Mallorca),https://www.meinschiff.com/de/trips/7-naechte-hoehepunkte-des-westlichen-mittelmeers-abbis-palma-MSV2701SEE?cabinCategoryType=INUS2V&priceMode=perPerson&tariff=PLUS,2026-10-08,2026-10-08
MSV2702SEE,Mein Schiff,7 Nächte - Höhepunkte des Westlichen Mittelmeers - ab/bis Palma,Mein Schiff 4,2027-01-10,2027-01-17,7,MM,Westliches Mittelmeer 77,Palma (Mallorca) → Civitavecchia (Rom) → La Spezia → Marseille → Barcelona → Palma (Mallorca),https://www.meinschiff.com/de/trips/7-naechte-hoehepunkte-des-westlichen-mittelmeers-abbis-palma-MSV2702SEE?cabinCategoryType=INUS2V&priceMode=perPerson&tariff=PLUS,2026-10-08,2026-10-08
MSV2703SEE,Mein Schiff,7 Nächte - Höhepunkte des Westlichen Mittelmeers - ab/bis Palma,Mein Schiff 4,2027-01-17,2027-01-24,7,MM,Westliches Mittelmeer 77,Palma (Mallorca) → Civitavecchia (Rom) → La Spezia → Marseille → Barcelona → Palma (Mallorca),https://www.meinschiff.com/de/trips/7-naechte-hoehepunkte-des-westlichen-mittelmeers-abbis-palma-MSV2703SEE?cabinCategoryType=INUS2V&priceMode=perPerson&tariff=PLUS,2026-10-08,2026-10-08
MSV2704SEE,Mein Schiff,7 Nächte - Höhepunkte des Westlichen Mittelmeers - ab/bis Palma,Mein Schiff 4,2027-01-24,2027-01-31,7,MM,Westliches Mittelmeer 77,Palma (Mallorca) → Civitavecchia (Rom) → La Spezia → Marseille → Barcelona → Palma (Mallorca),https://www.meinschiff.com/de/trips/7-naechte-hoehepunkte-des-westlichen-mittelmeers-abbis-palma-MSV2704SEE?cabinCategoryType=INUS2V&priceMode=perPerson&tariff=PLUS,2026-10-08,2026-10-08
MSV2705SEE,Mein Schiff,7 Nächte - Höhepunkte des Westlichen Mittelmeers - ab/bis Palma,Mein Schiff 4,2027-01-31,2027-02-07,7,MM,Westliches Mittelmeer 77,Palma (Mallorca) → Civitavecchia (Rom) → La Spezia → Marseille → Barcelona → Palma (Mallorca),https://www.meinschiff.com/de/trips/7-naechte-hoehepunkte-des-westlichen-mittelmeers-abbis-palma-MSV2705SEE?cabinCategoryType=INUS2V&priceMode=perPerson&tariff=PLUS,2026-10-08,2026-10-08
MSV270607SEE,Mein Schiff,14 Nächte - Höhepunkte des westlichen Mittelmeers - ab/bis Palma,Mein Schiff 4,2027-02-07,2027-02-21,14,MM,Westliches Mittelmeer 169,Palma (Mallorca) → Civitavecchia (Rom) → La Spezia → Marseille → Barcelona → Palma (Mallorca) → Cádiz → Tanger → Málaga → Valencia → Palma (Mallorca),https://www.meinschiff.com/de/trips/14-naechte-hoehepunkte-des-westlichen-mittelmeers-abbis-palma-MSV270607SEE?cabinCategoryType=INBO2V&priceMode=perPerson&tariff=PRO,2026-10-08,2026-10-08
MSV2706SEE,Mein Schiff,7 Nächte - Höhepunkte des Westlichen Mittelmeers - ab/bis Palma,Mein Schiff 4,2027-02-07,2027-02-14,7,MM,Westliches Mittelmeer 77,Palma (Mallorca) → Civitavecchia (Rom) → La Spezia → Marseille → Barcelona → Palma (Mallorca),https://www.meinschiff.com/de/trips/7-naechte-hoehepunkte-des-westlichen-mittelmeers-abbis-palma-MSV2706SEE?cabinCategoryType=INUS2V&priceMode=perPerson&tariff=PLUS,2026-10-08,2026-10-08
MSV270708SEE,Mein Schiff,14 Nächte - Höhepunkte des westlichen Mittelmeers - ab/bis Palma,Mein Schiff 4,2027-02-14,2027-02-28,14,MM,Westliches Mittelmeer 171,Palma (Mallorca) → Cádiz → Tanger → Málaga → Valencia → Palma (Mallorca) → Civitavecchia (Rom) → La Spezia → Marseille → Barcelona → Palma (Mallorca),https://www.meinschiff.com/de/trips/14-naechte-hoehepunkte-des-westlichen-mittelmeers-abbis-palma-MSV270708SEE?cabinCategoryType=INBO2V&priceMode=perPerson&tariff=PRO,2026-10-08,2026-10-08
MSV2707SEE,Mein Schiff,7 Nächte - Südspanien für Genießer - ab/bis Palma,Mein Schiff 4,2027-02-14,2027-02-21,7,MM,Westliches Mittelmeer 170,Palma (Mallorca) → Cádiz → Tanger → Málaga → Valencia → Palma (Mallorca),https://www.meinschiff.com/de/trips/7-naechte-suedspanien-fuer-geniesser-abbis-palma-MSV2707SEE?cabinCategoryType=INBO2V&priceMode=perPerson&tariff=PRO,2026-10-08,2026-10-08
MSV270809SEE,Mein Schiff,14 Nächte - Höhepunkte des westlichen Mittelmeers - ab/bis Palma,Mein Schiff 4,2027-02-21,2027-03-07,14,MM,Westliches Mittelmeer 176,Palma (Mallorca) → Civitavecchia (Rom) → La Spezia → Marseille → Barcelona → Palma (Mallorca) → Gibraltar → Cádiz → Málaga → Valencia → Palma (Mallorca),https://www.meinschiff.com/de/trips/14-naechte-hoehepunkte-des-westlichen-mittelmeers-abbis-palma-MSV270809SEE?cabinCategoryType=INAO2V&priceMode=perPerson&tariff=PRO,2026-10-08,2026-10-08
MSV2708SEE,Mein Schiff,7 Nächte - Höhepunkte des Westlichen Mittelmeers - ab/bis Palma,Mein Schiff 4,2027-02-21,2027-02-28,7,MM,Westliches Mittelmeer 77,Palma (Mallorca) → Civitavecchia (Rom) → La Spezia → Marseille → Barcelona → Palma (Mallorca),https://www.meinschiff.com/de/trips/7-naechte-hoehepunkte-des-westlichen-mittelmeers-abbis-palma-MSV2708SEE?cabinCategoryType=INUS2V&priceMode=perPerson&tariff=PLUS,2026-10-08,2026-10-08
MSV270910SEE,Mein Schiff,14 Nächte - Spaniens Südküste und mediterrane Inselwelten - ab/bis Palma,Mein Schiff 4,2027-02-28,2027-03-14,14,MM,Westliches Mittelmeer 177,Palma (Mallorca) → Gibraltar → Cádiz → Málaga → Valencia → Palma (Mallorca) → Ajaccio (Korsika) → Civitavecchia (Rom) → Neapel → Palermo (Sizilien) → Palma (Mallorca),https://www.meinschiff.com/de/trips/14-naechte-spaniens-suedkueste-und-mediterrane-inselwelten-abbis-palma-MSV270910SEE?cabinType=Balcony&cabinCategoryType=BAEO2V&priceMode=perPerson&tariff=PRO,2026-10-08,2026-10-08
MSV2709SEE,Mein Schiff,7 Nächte - Faszination Mittelmeer - ab/bis Palma,Mein Schiff 4,2027-02-28,2027-03-07,7,MM,Westliches Mittelmeer 100,Palma (Mallorca) → Gibraltar → Cádiz → Málaga → Valencia → Palma (Mallorca),https://www.meinschiff.com/de/trips/7-naechte-faszination-mittelmeer-abbis-palma-MSV2709SEE?cabinCategoryType=INAO2V&priceMode=perPerson&tariff=PRO,2026-10-08,2026-10-08
MSV271011SEE,Mein Schiff,14 Nächte - La dolce vita und große Momente - ab/bis Palma,Mein Schiff 4,2027-03-07,2027-03-21,14,MM,Westliches Mittelmeer 141,Palma (Mallorca) → Ajaccio (Korsika) → Civitavecchia (Rom) → Neapel → Palermo (Sizilien) → Palma (Mallorca) → Civitavecchia (Rom) → La Spezia → Marseille → Barcelona → Palma (Mallorca),https://www.meinschiff.com/de/trips/14-naechte-la-dolce-vita-und-grosse-momente-abbis-palma-MSV271011SEE?cabinType=Balcony&cabinCategoryType=BAEO2V&priceMode=perPerson&tariff=PRO,2026-10-08,2026-10-08
MSV2710SEE,Mein Schiff,7 Nächte - Frühlingserwachen im Mittelmeer - ab/bis Palma,Mein Schiff 4,2027-03-07,2027-03-14,7,MM,Westliches Mittelmeer 178,Palma (Mallorca) → Ajaccio (Korsika) → Civitavecchia (Rom) → Neapel → Palermo (Sizilien) → Palma (Mallorca),https://www.meinschiff.com/de/trips/7-naechte-fruehlingserwachen-im-mittelmeer-abbis-palma-MSV2710SEE?cabinType=Balcony&cabinCategoryType=BAEO2V&priceMode=perPerson&tariff=PRO,2026-10-08,2026-10-08
MSV271112SEE,Mein Schiff,14 Nächte - Höhepunkte des westlichen Mittelmeers - ab/bis Palma,Mein Schiff 4,2027-03-14,2027-03-28,14,MM,Westliches Mittelmeer 169,Palma (Mallorca) → Civitavecchia (Rom) → La Spezia → Marseille → Barcelona → Palma (Mallorca) → Cádiz → Tanger → Málaga → Valencia → Palma (Mallorca),https://www.meinschiff.com/de/trips/14-naechte-hoehepunkte-des-westlichen-mittelmeers-abbis-palma-MSV271112SEE?cabinCategoryType=INCO2V&priceMode=perPerson&tariff=PRO,2026-10-08,2026-10-08
MSV2711SEE,Mein Schiff,7 Nächte - Höhepunkte des Westlichen Mittelmeers - ab/bis Palma,Mein Schiff 4,2027-03-14,2027-03-21,7,MM,Westliches Mittelmeer 77,Palma (Mallorca) → Civitavecchia (Rom) → La Spezia → Marseille → Barcelona → Palma (Mallorca),https://www.meinschiff.com/de/trips/7-naechte-hoehepunkte-des-westlichen-mittelmeers-abbis-palma-MSV2711SEE?cabinCategoryType=INCO2V&priceMode=perPerson&tariff=PRO,2026-10-08,2026-10-08
MSV271213SEE,Mein Schiff,14 Nächte - Spaniens Südküste und mediterrane Inselwelten - ab/bis Palma,Mein Schiff 4,2027-03-21,2027-04-04,14,MM,Westliches Mittelmeer 144,Palma (Mallorca) → Cádiz → Tanger → Málaga → Valencia → Palma (Mallorca) → Ajaccio (Korsika) → Civitavecchia (Rom) → Neapel → Palermo (Sizilien) → Palma (Mallorca),https://www.meinschiff.com/de/trips/14-naechte-spaniens-suedkueste-und-mediterrane-inselwelten-abbis-palma-MSV271213SEE?cabinCategoryType=INBO2V&priceMode=perPerson&tariff=PRO,2026-10-08,2026-10-08
MSV2712SEE,Mein Schiff,7 Nächte - Südspanien für Genießer - ab/bis Palma,Mein Schiff 4,2027-03-21,2027-03-28,7,MM,Westliches Mittelmeer 170,Palma (Mallorca) → Cádiz → Tanger → Málaga → Valencia → Palma (Mallorca),https://www.meinschiff.com/de/trips/7-naechte-suedspanien-fuer-geniesser-abbis-palma-MSV2712SEE?cabinCategoryType=INCO2V&priceMode=perPerson&tariff=PRO,2026-10-08,2026-10-08
MSV271314SEE,Mein Schiff,14 Nächte - La dolce vita und große Momente - ab/bis Palma,Mein Schiff 4,2027-03-28,2027-04-11,14,MM,Westliches Mittelmeer 141,Palma (Mallorca) → Ajaccio (Korsika) → Civitavecchia (Rom) → Neapel → Palermo (Sizilien) → Palma (Mallorca) → Civitavecchia (Rom) → La Spezia → Marseille → Barcelona → Palma (Mallorca),https://www.meinschiff.com/de/trips/14-naechte-la-dolce-vita-und-grosse-momente-abbis-palma-MSV271314SEE?cabinCategoryType=INBO2V&priceMode=perPerson&tariff=PRO,2026-10-08,2026-10-08
MSV2713SEE,Mein Schiff,7 Nächte - Frühlingserwachen im Mittelmeer - ab/bis Palma,Mein Schiff 4,2027-03-28,2027-04-04,7,MM,Westliches Mittelmeer 178,Palma (Mallorca) → Ajaccio (Korsika) → Civitavecchia (Rom) → Neapel → Palermo (Sizilien) → Palma (Mallorca),https://www.meinschiff.com/de/trips/7-naechte-fruehlingserwachen-im-mittelmeer-abbis-palma-MSV2713SEE?cabinCategoryType=INBO2V&priceMode=perPerson&tariff=PRO,2026-10-08,2026-10-08
MSV2714SEE,Mein Schiff,7 Nächte - Höhepunkte des Westlichen Mittelmeers - ab/bis Palma,Mein Schiff 4,2027-04-04,2027-04-11,7,MM,Westliches Mittelmeer 77,Palma (Mallorca) → Civitavecchia (Rom) → La Spezia → Marseille → Barcelona → Palma (Mallorca),https://www.meinschiff.com/de/trips/7-naechte-hoehepunkte-des-westlichen-mittelmeers-abbis-palma-MSV2714SEE?cabinCategoryType=INCO2V&priceMode=perPerson&tariff=PRO,2026-10-08,2026-10-08
MSV2715SEE,Mein Schiff,4 Nächte - Mein Schiff Millennium Cruise - ab/bis Palma,Mein Schiff 4,2027-04-11,2027-04-15,4,MM,Westliches Mittelmeer 266,Palma (Mallorca) → Ajaccio (Korsika) → Barcelona → Palma (Mallorca),https://www.meinschiff.com/de/trips/4-naechte-mein-schiff-millennium-cruise-abbis-palma-MSV2715SEE?cabinType=Outside&cabinCategoryType=AUAO2V&priceMode=perPerson&tariff=PRO,2026-10-08,2026-10-08
MSV2716SEE,Mein Schiff,6 Nächte - Höhepunkte des Westlichen Mittelmeers - ab/bis Palma,Mein Schiff 4,2027-04-15,2027-04-21,6,MM,Westliches Mittelmeer 267,Palma (Mallorca) → Civitavecchia (Rom) → Marseille → Barcelona → Palma (Mallorca),https://www.meinschiff.com/de/trips/6-naechte-hoehepunkte-des-westlichen-mittelmeers-abbis-palma-MSV2716SEE?cabinCategoryType=INUS2V&priceMode=perPerson&tariff=PLUS,2026-10-08,2026-10-08
MSV2717SEE,Mein Schiff,7 Nächte - Adults-only: Faszination Mittelmeer - ab/bis Palma,Mein Schiff 4,2027-04-21,2027-04-28,7,MM,Westliches Mittelmeer 228,Palma (Mallorca) → La Spezia → Civitavecchia (Rom) → Ajaccio (Korsika) → Barcelona → Palma (Mallorca),https://www.meinschiff.com/de/trips/7-naechte-adults-only-faszination-mittelmeer-abbis-palma-MSV2717SEE?cabinCategoryType=INCO2V&priceMode=perPerson&tariff=PRO,2026-10-08,2026-10-08
MSV2718SEE,Mein Schiff,9 Nächte - Adults-only: Inselglück im Mittelmeer - ab/bis Palma,Mein Schiff 4,2027-04-28,2027-05-07,9,MM,Westliches Mittelmeer 229,Palma (Mallorca) → Palermo (Sizilien) → Valletta (Malta) → Salerno → Civitavecchia (Rom) → Barcelona → Palma (Mallorca),https://www.meinschiff.com/de/trips/9-naechte-adults-only-inselglueck-im-mittelmeer-abbis-palma-MSV2718SEE?cabinCategoryType=INCO2V&priceMode=perPerson&tariff=PRO,2026-10-08,2026-10-08
MSV271920SEE,Mein Schiff,16 Nächte - Sehnsuchtsziele zwischen Italien und Adria - ab Palma/bis Triest,Mein Schiff 4,2027-05-07,2027-05-23,16,MM,Trans-Mittelmeer 49,Palma (Mallorca) → Cagliari (Sardinien) → Palermo (Sizilien) → Valletta (Malta) → Bari → Dubrovnik → Triest → Kotor → Korfu Stadt (Korfu) → Zadar → Rijeka → Triest,https://www.meinschiff.com/de/trips/16-naechte-sehnsuchtsziele-zwischen-italien-und-adria-ab-palmabis-triest-MSV271920SEE?cabinCategoryType=INAO2V&inboundAirport=MUC&outboundAirport=FRA&priceMode=perPerson&tariff=PRO,2026-10-08,2026-10-08
MSV2719SEE,Mein Schiff,9 Nächte - Bella Italia und Kroatiens Highlights - ab Palma/bis Triest,Mein Schiff 4,2027-05-07,2027-05-16,9,MM,Trans-Mittelmeer 47,Palma (Mallorca) → Cagliari (Sardinien) → Palermo (Sizilien) → Valletta (Malta) → Bari → Dubrovnik → Triest,https://www.meinschiff.com/de/trips/9-naechte-bella-italia-und-kroatiens-highlights-ab-palmabis-triest-MSV2719SEE?cabinCategoryType=INBO2V&priceMode=perPerson&tariff=PRO,2026-10-08,2026-10-08
MSV272021SEE,Mein Schiff,14 Nächte - Adria intensiv - ab/bis Triest,Mein Schiff 4,2027-05-16,2027-05-30,14,MM,Adria 52,Triest → Kotor → Korfu Stadt (Korfu) → Zadar → Rijeka → Triest → Bari → Dubrovnik → Kotor → Split → Triest,https://www.meinschiff.com/de/trips/14-naechte-adria-intensiv-abbis-triest-MSV272021SEE?cabinCategoryType=INAO2V&priceMode=perPerson&tariff=PRO,2026-10-08,2026-10-08
MSV2720SEE,Mein Schiff,7 Nächte - Sehnsuchtsziele an der Adria - ab/bis Triest,Mein Schiff 4,2027-05-16,2027-05-23,7,MM,Adria 70,Triest → Kotor → Korfu Stadt (Korfu) → Zadar → Rijeka → Triest,https://www.meinschiff.com/de/trips/7-naechte-sehnsuchtsziele-an-der-adria-abbis-triest-MSV2720SEE?cabinCategoryType=INAO2V&priceMode=perPerson&tariff=PRO,2026-10-08,2026-10-08
MSV272122SEE,Mein Schiff,14 Nächte - Adria intensiv - ab/bis Triest,Mein Schiff 4,2027-05-23,2027-06-06,14,MM,Adria 75,Triest → Bari → Dubrovnik → Kotor → Split → Triest → Kotor → Korfu Stadt (Korfu) → Zadar → Rijeka → Triest,https://www.meinschiff.com/de/trips/14-naechte-adria-intensiv-abbis-triest-MSV272122SEE?cabinCategoryType=INBO2V&priceMode=perPerson&tariff=PRO,2026-10-08,2026-10-08
MSV2721SEE,Mein Schiff,7 Nächte - Sonnenseiten der Adria - ab/bis Triest,Mein Schiff 4,2027-05-23,2027-05-30,7,MM,Adria 39,Triest → Bari → Dubrovnik → Kotor → Split → Triest,https://www.meinschiff.com/de/trips/7-naechte-sonnenseiten-der-adria-abbis-triest-MSV2721SEE?cabinCategoryType=INBO2V&priceMode=perPerson&tariff=PRO,2026-10-08,2026-10-08
MSV272223SEE,Mein Schiff,14 Nächte - Adria intensiv - ab/bis Triest,Mein Schiff 4,2027-05-30,2027-06-13,14,MM,Adria 77,Triest → Kotor → Korfu Stadt (Korfu) → Zadar → Rijeka → Triest → Bari → Dubrovnik → Kotor → Split → Triest,https://www.meinschiff.com/de/trips/14-naechte-adria-intensiv-abbis-triest-MSV272223SEE?cabinCategoryType=INCO2V&priceMode=perPerson&tariff=PRO,2026-10-08,2026-10-08
MSV2722SEE,Mein Schiff,7 Nächte - Sehnsuchtsziele an der Adria - ab/bis Triest,Mein Schiff 4,2027-05-30,2027-06-06,7,MM,Adria 70,Triest → Kotor → Korfu Stadt (Korfu) → Zadar → Rijeka → Triest,https://www.meinschiff.com/de/trips/7-naechte-sehnsuchtsziele-an-der-adria-abbis-triest-MSV2722SEE?cabinCategoryType=INCO2V&priceMode=perPerson&tariff=PRO,2026-10-08,2026-10-08
MSV272324SEE,Mein Schiff,14 Nächte - Adria intensiv - ab/bis Triest,Mein Schiff 4,2027-06-06,2027-06-20,14,MM,Adria 74,Triest → Bari → Dubrovnik → Kotor → Split → Triest → Koper → Korfu Stadt (Korfu) → Kotor → Zadar → Triest,https://www.meinschiff.com/de/trips/14-naechte-adria-intensiv-abbis-triest-MSV272324SEE?cabinCategoryType=INCO2V&priceMode=perPerson&tariff=PRO,2026-10-08,2026-10-08
MSV2723SEE,Mein Schiff,7 Nächte - Sonnenseiten der Adria - ab/bis Triest,Mein Schiff 4,2027-06-06,2027-06-13,7,MM,Adria 53,Triest → Bari → Dubrovnik → Kotor → Split → Triest,https://www.meinschiff.com/de/trips/7-naechte-sonnenseiten-der-adria-abbis-triest-MSV2723SEE?cabinCategoryType=INCO2V&priceMode=perPerson&tariff=PRO,2026-10-08,2026-10-08
MSV272425SEE,Mein Schiff,14 Nächte - Adria intensiv - ab/bis Triest,Mein Schiff 4,2027-06-13,2027-06-27,14,MM,Adria 58,Triest → Koper → Korfu Stadt (Korfu) → Kotor → Zadar → Triest → Split → Bari → Kotor → Rijeka → Triest,https://www.meinschiff.com/de/trips/14-naechte-adria-intensiv-abbis-triest-MSV272425SEE?cabinCategoryType=INCO2V&priceMode=perPerson&tariff=PRO,2026-10-08,2026-10-08
MSV2724SEE,Mein Schiff,7 Nächte - Sehnsuchtsziele an der Adria - ab/bis Triest,Mein Schiff 4,2027-06-13,2027-06-20,7,MM,Adria 71,Triest → Koper → Korfu Stadt (Korfu) → Kotor → Zadar → Triest,https://www.meinschiff.com/de/trips/7-naechte-sehnsuchtsziele-an-der-adria-abbis-triest-MSV2724SEE?cabinCategoryType=INCO2V&priceMode=perPerson&tariff=PRO,2026-10-08,2026-10-08
MSV272526SEE,Mein Schiff,14 Nächte - Adria intensiv - ab/bis Triest,Mein Schiff 4,2027-06-20,2027-07-04,14,MM,Adria 60,Triest → Split → Bari → Kotor → Rijeka → Triest → Koper → Korfu Stadt (Korfu) → Kotor → Zadar → Triest,https://www.meinschiff.com/de/trips/14-naechte-adria-intensiv-abbis-triest-MSV272526SEE?cabinCategoryType=INCO2V&priceMode=perPerson&tariff=PRO,2026-10-08,2026-10-08
MSV2725SEE,Mein Schiff,7 Nächte - Sonnenseiten der Adria - ab/bis Triest,Mein Schiff 4,2027-06-20,2027-06-27,7,MM,Adria 59,Triest → Split → Bari → Kotor → Rijeka → Triest,https://www.meinschiff.com/de/trips/7-naechte-sonnenseiten-der-adria-abbis-triest-MSV2725SEE?cabinCategoryType=INCO2V&priceMode=perPerson&tariff=PRO,2026-10-08,2026-10-08
MSV272627SEE,Mein Schiff,14 Nächte - Adria intensiv - ab/bis Triest,Mein Schiff 4,2027-06-27,2027-07-11,14,MM,Adria 61,Triest → Koper → Korfu Stadt (Korfu) → Kotor → Zadar → Triest → Rijeka → Bari → Kotor → Split → Triest,https://www.meinschiff.com/de/trips/14-naechte-adria-intensiv-abbis-triest-MSV272627SEE?cabinCategoryType=INCO2V&priceMode=perPerson&tariff=PRO,2026-10-08,2026-10-08
MSV2726SEE,Mein Schiff,7 Nächte - Sehnsuchtsziele an der Adria - ab/bis Triest,Mein Schiff 4,2027-06-27,2027-07-04,7,MM,Adria 71,Triest → Koper → Korfu Stadt (Korfu) → Kotor → Zadar → Triest,https://www.meinschiff.com/de/trips/7-naechte-sehnsuchtsziele-an-der-adria-abbis-triest-MSV2726SEE?cabinCategoryType=INCO2V&priceMode=perPerson&tariff=PRO,2026-10-08,2026-10-08
MSV272728SEE,Mein Schiff,14 Nächte - Adria intensiv - ab/bis Triest,Mein Schiff 4,2027-07-04,2027-07-18,14,MM,Adria 63,Triest → Rijeka → Bari → Kotor → Split → Triest → Koper → Zadar → Korfu Stadt (Korfu) → Kotor → Triest,https://www.meinschiff.com/de/trips/14-naechte-adria-intensiv-abbis-triest-MSV272728SEE?cabinCategoryType=INCO2V&priceMode=perPerson&tariff=PRO,2026-10-08,2026-10-08
MSV2727SEE,Mein Schiff,7 Nächte - Sonnenseiten der Adria - ab/bis Triest,Mein Schiff 4,2027-07-04,2027-07-11,7,MM,Adria 62,Triest → Rijeka → Bari → Kotor → Split → Triest,https://www.meinschiff.com/de/trips/7-naechte-sonnenseiten-der-adria-abbis-triest-MSV2727SEE?cabinCategoryType=INCO2V&priceMode=perPerson&tariff=PRO,2026-10-08,2026-10-08
MSV272829SEE,Mein Schiff,14 Nächte - Adria intensiv - ab/bis Triest,Mein Schiff 4,2027-07-11,2027-07-25,14,MM,Adria 64,Triest → Koper → Zadar → Korfu Stadt (Korfu) → Kotor → Triest → Rijeka → Bari → Kotor → Dubrovnik → Triest,https://www.meinschiff.com/de/trips/14-naechte-adria-intensiv-abbis-triest-MSV272829SEE?cabinCategoryType=INCO2V&priceMode=perPerson&tariff=PRO,2026-10-08,2026-10-08
MSV2728SEE,Mein Schiff,7 Nächte - Sehnsuchtsziele an der Adria - ab/bis Triest,Mein Schiff 4,2027-07-11,2027-07-18,7,MM,Adria 72,Triest → Koper → Zadar → Korfu Stadt (Korfu) → Kotor → Triest,https://www.meinschiff.com/de/trips/7-naechte-sehnsuchtsziele-an-der-adria-abbis-triest-MSV2728SEE?cabinCategoryType=INCO2V&priceMode=perPerson&tariff=PRO,2026-10-08,2026-10-08
MSV272930SEE,Mein Schiff,14 Nächte - Adria intensiv - ab/bis Triest,Mein Schiff 4,2027-07-18,2027-08-01,14,MM,Adria 66,Triest → Rijeka → Bari → Kotor → Dubrovnik → Triest → Kotor → Korfu Stadt (Korfu) → Zadar → Rijeka → Triest,https://www.meinschiff.com/de/trips/14-naechte-adria-intensiv-abbis-triest-MSV272930SEE?cabinCategoryType=INCO2V&priceMode=perPerson&tariff=PRO,2026-10-08,2026-10-08
MSV2729SEE,Mein Schiff,7 Nächte - Sonnenseiten der Adria - ab/bis Triest,Mein Schiff 4,2027-07-18,2027-07-25,7,MM,Adria 65,Triest → Rijeka → Bari → Kotor → Dubrovnik → Triest,https://www.meinschiff.com/de/trips/7-naechte-sonnenseiten-der-adria-abbis-triest-MSV2729SEE?cabinCategoryType=INCO2V&priceMode=perPerson&tariff=PRO,2026-10-08,2026-10-08
MSV273031SEE,Mein Schiff,14 Nächte - Adria intensiv - ab/bis Triest,Mein Schiff 4,2027-07-25,2027-08-08,14,MM,Adria 54,Triest → Kotor → Korfu Stadt (Korfu) → Zadar → Rijeka → Triest → Split → Dubrovnik → Kotor → Bari → Triest,https://www.meinschiff.com/de/trips/14-naechte-adria-intensiv-abbis-triest-MSV273031SEE?cabinCategoryType=INCO2V&priceMode=perPerson&tariff=PRO,2026-10-08,2026-10-08
MSV2730SEE,Mein Schiff,7 Nächte - Sehnsuchtsziele an der Adria - ab/bis Triest,Mein Schiff 4,2027-07-25,2027-08-01,7,MM,Adria 70,Triest → Kotor → Korfu Stadt (Korfu) → Zadar → Rijeka → Triest,https://www.meinschiff.com/de/trips/7-naechte-sehnsuchtsziele-an-der-adria-abbis-triest-MSV2730SEE?cabinCategoryType=INCO2V&priceMode=perPerson&tariff=PRO,2026-10-08,2026-10-08
MSV273132SEE,Mein Schiff,14 Nächte - Adria intensiv - ab/bis Triest,Mein Schiff 4,2027-08-01,2027-08-15,14,MM,Adria 56,Triest → Split → Dubrovnik → Kotor → Bari → Triest → Koper → Korfu Stadt (Korfu) → Kotor → Zadar → Triest,https://www.meinschiff.com/de/trips/14-naechte-adria-intensiv-abbis-triest-MSV273132SEE?cabinCategoryType=INCO2V&priceMode=perPerson&tariff=PRO,2026-10-08,2026-10-08
MSV2731SEE,Mein Schiff,7 Nächte - Sonnenseiten der Adria - ab/bis Triest,Mein Schiff 4,2027-08-01,2027-08-08,7,MM,Adria 55,Triest → Split → Dubrovnik → Kotor → Bari → Triest,https://www.meinschiff.com/de/trips/7-naechte-sonnenseiten-der-adria-abbis-triest-MSV2731SEE?cabinCategoryType=INCO2V&priceMode=perPerson&tariff=PRO,2026-10-08,2026-10-08
MSV273233SEE,Mein Schiff,14 Nächte - Adria intensiv - ab/bis Triest,Mein Schiff 4,2027-08-08,2027-08-22,14,MM,Adria 67,Triest → Koper → Korfu Stadt (Korfu) → Kotor → Zadar → Triest → Rijeka → Bari → Kotor → Split → Triest,https://www.meinschiff.com/de/trips/14-naechte-adria-intensiv-abbis-triest-MSV273233SEE?cabinCategoryType=INCO2V&inboundAirport=HAM&outboundAirport=MUC&priceMode=perPerson&tariff=PRO,2026-10-08,2026-10-08
MSV2732SEE,Mein Schiff,7 Nächte - Sehnsuchtsziele an der Adria - ab/bis Triest,Mein Schiff 4,2027-08-08,2027-08-15,7,MM,Adria 71,Triest → Koper → Korfu Stadt (Korfu) → Kotor → Zadar → Triest,https://www.meinschiff.com/de/trips/7-naechte-sehnsuchtsziele-an-der-adria-abbis-triest-MSV2732SEE?cabinCategoryType=INCO2V&inboundAirport=MUC&outboundAirport=MUC&priceMode=perPerson&tariff=PRO,2026-10-08,2026-10-08
MSV273334SEE,Mein Schiff,14 Nächte - Adria intensiv - ab/bis Triest,Mein Schiff 4,2027-08-15,2027-08-29,14,MM,Adria 69,Triest → Rijeka → Bari → Kotor → Split → Triest → Koper → Zadar → Korfu Stadt (Korfu) → Kotor → Triest,https://www.meinschiff.com/de/trips/14-naechte-adria-intensiv-abbis-triest-MSV273334SEE?cabinCategoryType=INCO2V&priceMode=perPerson&tariff=PRO,2026-10-08,2026-10-08
MSV2733SEE,Mein Schiff,7 Nächte - Sonnenseiten der Adria - ab/bis Triest,Mein Schiff 4,2027-08-15,2027-08-22,7,MM,Adria 68,Triest → Rijeka → Bari → Kotor → Split → Triest,https://www.meinschiff.com/de/trips/7-naechte-sonnenseiten-der-adria-abbis-triest-MSV2733SEE?cabinCategoryType=INCO2V&priceMode=perPerson&tariff=PRO,2026-10-08,2026-10-08
MSV273435SEE,Mein Schiff,14 Nächte - Adria intensiv - ab/bis Triest,Mein Schiff 4,2027-08-22,2027-09-05,14,MM,Adria 78,Triest → Koper → Zadar → Korfu Stadt (Korfu) → Kotor → Triest → Bari → Dubrovnik → Kotor → Split → Triest,https://www.meinschiff.com/de/trips/14-naechte-adria-intensiv-abbis-triest-MSV273435SEE?cabinCategoryType=INCO2V&priceMode=perPerson&tariff=PRO,2026-10-08,2026-10-08
MSV2734SEE,Mein Schiff,7 Nächte - Sehnsuchtsziele an der Adria - ab/bis Triest,Mein Schiff 4,2027-08-22,2027-08-29,7,MM,Adria 72,Triest → Koper → Zadar → Korfu Stadt (Korfu) → Kotor → Triest,https://www.meinschiff.com/de/trips/7-naechte-sehnsuchtsziele-an-der-adria-abbis-triest-MSV2734SEE?cabinCategoryType=INCO2V&priceMode=perPerson&tariff=PRO,2026-10-08,2026-10-08
MSV273536SEE,Mein Schiff,14 Nächte - Adria intensiv - ab/bis Triest,Mein Schiff 4,2027-08-29,2027-09-12,14,MM,Adria 25,Triest → Bari → Dubrovnik → Kotor → Split → Triest → Kotor → Korfu Stadt (Korfu) → Zadar → Koper → Triest,https://www.meinschiff.com/de/trips/14-naechte-adria-intensiv-abbis-triest-MSV273536SEE?cabinCategoryType=INCO2V&priceMode=perPerson&tariff=PRO,2026-10-08,2026-10-08
MSV2735SEE,Mein Schiff,7 Nächte - Sonnenseiten der Adria - ab/bis Triest,Mein Schiff 4,2027-08-29,2027-09-05,7,MM,Adria 29,Triest → Bari → Dubrovnik → Kotor → Split → Triest,https://www.meinschiff.com/de/trips/7-naechte-sonnenseiten-der-adria-abbis-triest-MSV2735SEE?cabinCategoryType=INCO2V&priceMode=perPerson&tariff=PRO,2026-10-08,2026-10-08
MSV273637SEE,Mein Schiff,14 Nächte - Adria intensiv - ab/bis Triest,Mein Schiff 4,2027-09-05,2027-09-19,14,MM,Adria 24,Triest → Kotor → Korfu Stadt (Korfu) → Zadar → Koper → Triest → Bari → Dubrovnik → Kotor → Split → Triest,https://www.meinschiff.com/de/trips/14-naechte-adria-intensiv-abbis-triest-MSV273637SEE?cabinCategoryType=INCO2V&priceMode=perPerson&tariff=PRO,2026-10-08,2026-10-08
MSV2736SEE,Mein Schiff,7 Nächte - Sehnsuchtsziele an der Adria - ab/bis Triest,Mein Schiff 4,2027-09-05,2027-09-12,7,MM,Adria 7,Triest → Kotor → Korfu Stadt (Korfu) → Zadar → Koper → Triest,https://www.meinschiff.com/de/trips/7-naechte-sehnsuchtsziele-an-der-adria-abbis-triest-MSV2736SEE?cabinCategoryType=INCO2V&priceMode=perPerson&tariff=PRO,2026-10-08,2026-10-08
MSV273738SEE,Mein Schiff,14 Nächte - Adria intensiv - ab/bis Triest,Mein Schiff 4,2027-09-12,2027-09-26,14,MM,Adria 25,Triest → Bari → Dubrovnik → Kotor → Split → Triest → Kotor → Korfu Stadt (Korfu) → Zadar → Koper → Triest,https://www.meinschiff.com/de/trips/14-naechte-adria-intensiv-abbis-triest-MSV273738SEE?cabinCategoryType=INCO2V&priceMode=perPerson&tariff=PRO,2026-10-08,2026-10-08
MSV2737SEE,Mein Schiff,7 Nächte - Sonnenseiten der Adria - ab/bis Triest,Mein Schiff 4,2027-09-12,2027-09-19,7,MM,Adria 39,Triest → Bari → Dubrovnik → Kotor → Split → Triest,https://www.meinschiff.com/de/trips/7-naechte-sonnenseiten-der-adria-abbis-triest-MSV2737SEE?cabinCategoryType=INCO2V&priceMode=perPerson&tariff=PRO,2026-10-08,2026-10-08
MSV273839SEE,Mein Schiff,14 Nächte - Adria intensiv - ab/bis Triest,Mein Schiff 4,2027-09-19,2027-10-03,14,MM,Adria 24,Triest → Kotor → Korfu Stadt (Korfu) → Zadar → Koper → Triest → Bari → Dubrovnik → Kotor → Split → Triest,https://www.meinschiff.com/de/trips/14-naechte-adria-intensiv-abbis-triest-MSV273839SEE?cabinCategoryType=INCO2V&priceMode=perPerson&tariff=PRO,2026-10-08,2026-10-08
MSV2738SEE,Mein Schiff,7 Nächte - Sehnsuchtsziele an der Adria - ab/bis Triest,Mein Schiff 4,2027-09-19,2027-09-26,7,MM,Adria 7,Triest → Kotor → Korfu Stadt (Korfu) → Zadar → Koper → Triest,https://www.meinschiff.com/de/trips/7-naechte-sehnsuchtsziele-an-der-adria-abbis-triest-MSV2738SEE?cabinCategoryType=INCO2V&priceMode=perPerson&tariff=PRO,2026-10-08,2026-10-08
MSV273940SEE,Mein Schiff,14 Nächte - Adria intensiv - ab/bis Triest,Mein Schiff 4,2027-09-26,2027-10-10,14,MM,Adria 25,Triest → Bari → Dubrovnik → Kotor → Split → Triest → Kotor → Korfu Stadt (Korfu) → Zadar → Koper → Triest,https://www.meinschiff.com/de/trips/14-naechte-adria-intensiv-abbis-triest-MSV273940SEE?cabinCategoryType=INCO2V&priceMode=perPerson&tariff=PRO,2026-10-08,2026-10-08
MSV2739SEE,Mein Schiff,7 Nächte - Sonnenseiten der Adria - ab/bis Triest,Mein Schiff 4,2027-09-26,2027-10-03,7,MM,Adria 39,Triest → Bari → Dubrovnik → Kotor → Split → Triest,https://www.meinschiff.com/de/trips/7-naechte-sonnenseiten-der-adria-abbis-triest-MSV2739SEE?cabinCategoryType=INCO2V&priceMode=perPerson&tariff=PRO,2026-10-08,2026-10-08
MSV274041SEE,Mein Schiff,14 Nächte - Adria intensiv - ab/bis Triest,Mein Schiff 4,2027-10-03,2027-10-17,14,MM,Adria 54,Triest → Kotor → Korfu Stadt (Korfu) → Zadar → Koper → Triest → Split → Dubrovnik → Kotor → Bari → Triest,https://www.meinschiff.com/de/trips/14-naechte-adria-intensiv-abbis-triest-MSV274041SEE?cabinCategoryType=INCO2V&priceMode=perPerson&tariff=PRO,2026-10-08,2026-10-08
MSV2740SEE,Mein Schiff,7 Nächte - Sehnsuchtsziele an der Adria - ab/bis Triest,Mein Schiff 4,2027-10-03,2027-10-10,7,MM,Adria 7,Triest → Kotor → Korfu Stadt (Korfu) → Zadar → Koper → Triest,https://www.meinschiff.com/de/trips/7-naechte-sehnsuchtsziele-an-der-adria-abbis-triest-MSV2740SEE?cabinCategoryType=INCO2V&priceMode=perPerson&tariff=PRO,2026-10-08,2026-10-08
MSV274142SEE,Mein Schiff,16 Nächte - Sonnenseiten der Adria und Inselperlen - ab Triest/bis Palma,Mein Schiff 4,2027-10-10,2027-10-26,16,MM,Trans-Mittelmeer 50,Triest → Split → Dubrovnik → Kotor → Bari → Triest → Zadar → Split → Bari → Catania (Sizilien) → Valletta (Malta) → Palermo (Sizilien) → Palma (Mallorca),https://www.meinschiff.com/de/trips/16-naechte-sonnenseiten-der-adria-und-inselperlen-ab-triestbis-palma-MSV274142SEE?cabinCategoryType=INCO2V&inboundAirport=VIE&outboundAirport=MUC&priceMode=perPerson&tariff=PRO,2026-10-08,2026-10-08
MSV2741SEE,Mein Schiff,7 Nächte - Sonnenseiten der Adria - ab/bis Triest,Mein Schiff 4,2027-10-10,2027-10-17,7,MM,Adria 55,Triest → Split → Dubrovnik → Kotor → Bari → Triest,https://www.meinschiff.com/de/trips/7-naechte-sonnenseiten-der-adria-abbis-triest-MSV2741SEE?cabinCategoryType=INCO2V&priceMode=perPerson&tariff=PRO,2026-10-08,2026-10-08
MSV2742SEE,Mein Schiff,9 Nächte - Zwischen Adriaküste und Inselperlen - ab Triest/bis Palma,Mein Schiff 4,2027-10-17,2027-10-26,9,MM,Trans-Mittelmeer 48,Triest → Zadar → Split → Bari → Catania (Sizilien) → Valletta (Malta) → Palermo (Sizilien) → Palma (Mallorca),https://www.meinschiff.com/de/trips/9-naechte-zwischen-adriakueste-und-inselperlen-ab-triestbis-palma-MSV2742SEE?cabinCategoryType=INCO2V&priceMode=perPerson&tariff=PRO,2026-10-08,2026-10-08
MSV274344SEE,Mein Schiff,20 Nächte - Transatlantik - ab Palma/bis Bridgetown,Mein Schiff 4,2027-10-26,2027-11-15,20,KA,Trans-Karibik Europa 50,Palma (Mallorca) → Málaga → Cádiz → Arrecife (Lanzarote) → Mindelo (São Vicente) → Roseau (Dominica) → Basseterre (St. Kitts) → La Romana → Kingstown (St. Vincent) → Bridgetown (Barbados),https://www.meinschiff.com/de/trips/20-naechte-transatlantik-ab-palmabis-bridgetown-MSV274344SEE?cabinCategoryType=IKCO2V&priceMode=perPerson&tariff=PRO,2026-10-08,2026-10-08
MSV2743SEE,Mein Schiff,17 Nächte - Transatlantik - ab Palma/bis La Romana,Mein Schiff 4,2027-10-26,2027-11-12,17,KA,Trans-Karibik Europa 49,Palma (Mallorca) → Málaga → Cádiz → Arrecife (Lanzarote) → Mindelo (São Vicente) → Roseau (Dominica) → Basseterre (St. Kitts) → La Romana,https://www.meinschiff.com/de/trips/17-naechte-transatlantik-ab-palmabis-la-romana-MSV2743SEE?cabinCategoryType=INCO2V&priceMode=perPerson&tariff=PRO,2026-10-08,2026-10-08
MSV274445SEE,Mein Schiff,14 Nächte - Karibische Inseln - ab/bis La Romana,Mein Schiff 4,2027-11-12,2027-11-26,14,KA,Karibische Inseln 99,La Romana → Kingstown (St. Vincent) → Bridgetown (Barbados) → St. George's (Grenada) → Pointe-à-Pitre (Guadeloupe) → Roseau (Dominica) → Fort-de-France (Martinique) → St. John's (Antigua) → Philipsburg (St. Maarten) → Basseterre (St. Kitts) → La Romana,https://www.meinschiff.com/de/trips/14-naechte-karibische-inseln-abbis-la-romana-MSV274445SEE?cabinCategoryType=INCO2V&inboundAirport=DUS&outboundAirport=FRA&priceMode=perPerson&tariff=PRO,2026-10-08,2026-10-08
MSV274546SEE,Mein Schiff,14 Nächte - Karibische Inseln - ab/bis Bridgetown,Mein Schiff 4,2027-11-15,2027-11-29,14,KA,Karibische Inseln 100,Bridgetown (Barbados) → St. George's (Grenada) → Pointe-à-Pitre (Guadeloupe) → Roseau (Dominica) → Fort-de-France (Martinique) → St. John's (Antigua) → Philipsburg (St. Maarten) → Basseterre (St. Kitts) → La Romana → Kingstown (St. Vincent) → Bridgetown (Barbados),https://www.meinschiff.com/de/trips/14-naechte-karibische-inseln-abbis-bridgetown-MSV274546SEE?cabinCategoryType=IKCO2V&inboundAirport=FRA&outboundAirport=DUS&priceMode=perPerson&tariff=PRO,2026-10-08,2026-10-08
MSV274647SEE,Mein Schiff,14 Nächte - Karibische Inseln - ab/bis La Romana,Mein Schiff 4,2027-11-26,2027-12-10,14,KA,Karibische Inseln 101,La Romana → Kingstown (St. Vincent) → Bridgetown (Barbados) → Fort-de-France (Martinique) → Roseau (Dominica) → Pointe-à-Pitre (Guadeloupe) → Philipsburg (St. Maarten) → St. John's (Antigua) → Basseterre (St. Kitts) → La Romana,https://www.meinschiff.com/de/trips/14-naechte-karibische-inseln-abbis-la-romana-MSV274647SEE?cabinCategoryType=INCO2V&priceMode=perPerson&tariff=PRO,2026-10-08,2026-10-08
MSV274748SEE,Mein Schiff,14 Nächte - Karibische Inseln - ab/bis Bridgetown,Mein Schiff 4,2027-11-29,2027-12-13,14,KA,Karibische Inseln 102,Bridgetown (Barbados) → Fort-de-France (Martinique) → Roseau (Dominica) → Pointe-à-Pitre (Guadeloupe) → Philipsburg (St. Maarten) → St. John's (Antigua) → Basseterre (St. Kitts) → La Romana → Kingstown (St. Vincent) → Bridgetown (Barbados),https://www.meinschiff.com/de/trips/14-naechte-karibische-inseln-abbis-bridgetown-MSV274748SEE?cabinCategoryType=IKCO2V&inboundAirport=FRA&outboundAirport=DUS&priceMode=perPerson&tariff=PRO,2026-10-08,2026-10-08
MSV274849SEE,Mein Schiff,14 Nächte - Karibische Inseln - ab/bis La Romana,Mein Schiff 4,2027-12-10,2027-12-24,14,KA,Karibische Inseln 103,La Romana → Kingstown (St. Vincent) → Bridgetown (Barbados) → Castries (St. Lucia) → Fort-de-France (Martinique) → Pointe-à-Pitre (Guadeloupe) → Philipsburg (St. Maarten) → St. John's (Antigua) → Basseterre (St. Kitts) → La Romana,https://www.meinschiff.com/de/trips/14-naechte-karibische-inseln-abbis-la-romana-MSV274849SEE?cabinCategoryType=INCO2V&priceMode=perPerson&tariff=PRO,2026-10-08,2026-10-08
MSV274950SEE,Mein Schiff,14 Nächte - Festtage in der Karibik - ab/bis Bridgetown,Mein Schiff 4,2027-12-13,2027-12-27,14,KA,Karibische Inseln 104,Bridgetown (Barbados) → Castries (St. Lucia) → Fort-de-France (Martinique) → Pointe-à-Pitre (Guadeloupe) → Philipsburg (St. Maarten) → St. John's (Antigua) → Basseterre (St. Kitts) → La Romana → Kingstown (St. Vincent) → Bridgetown (Barbados),https://www.meinschiff.com/de/trips/14-naechte-festtage-in-der-karibik-abbis-bridgetown-MSV274950SEE?cabinCategoryType=IKCO2V&priceMode=perPerson&tariff=PRO,2026-10-08,2026-10-08
MSV275051SEE,Mein Schiff,14 Nächte - Festtage in der Karibik - ab/bis La Romana,Mein Schiff 4,2027-12-24,2028-01-07,14,KA,Karibische Inseln 105,La Romana → Kingstown (St. Vincent) → Bridgetown (Barbados) → Castries (St. Lucia) → Roseau (Dominica) → Fort-de-France (Martinique) → Pointe-à-Pitre (Guadeloupe) → Philipsburg (St. Maarten) → St. John's (Antigua) → Basseterre (St. Kitts) → La Romana,https://www.meinschiff.com/de/trips/14-naechte-festtage-in-der-karibik-abbis-la-romana-MSV275051SEE?cabinCategoryType=INCO2V&priceMode=perPerson&tariff=PRO,2026-10-08,2026-10-08
MSV275101SEE,Mein Schiff,14 Nächte - Jahresauftakt in der Karibik - ab/bis Bridgetown,Mein Schiff 4,2027-12-27,2028-01-10,14,KA,Karibische Inseln 106,Bridgetown (Barbados) → Castries (St. Lucia) → Roseau (Dominica) → Fort-de-France (Martinique) → Pointe-à-Pitre (Guadeloupe) → Philipsburg (St. Maarten) → St. John's (Antigua) → Basseterre (St. Kitts) → La Romana → Kingstown (St. Vincent) → Bridgetown (Barbados),https://www.meinschiff.com/de/trips/14-naechte-jahresauftakt-in-der-karibik-abbis-bridgetown-MSV275101SEE?cabinCategoryType=IKCO2V&priceMode=perPerson&tariff=PRO,2026-10-08,2026-10-08
MSV280102SEE,Mein Schiff,14 Nächte - Karibische Inseln - ab/bis La Romana,Mein Schiff 4,2028-01-07,2028-01-21,14,KA,Karibische Inseln 107,La Romana → Kingstown (St. Vincent) → Bridgetown (Barbados) → Pointe-à-Pitre (Guadeloupe) → Castries (St. Lucia) → St. George's (Grenada) → Roseau (Dominica) → Philipsburg (St. Maarten) → Basseterre (St. Kitts) → La Romana,https://www.meinschiff.com/de/trips/14-naechte-karibische-inseln-abbis-la-romana-MSV280102SEE?cabinCategoryType=INCO2V&priceMode=perPerson&tariff=PRO,2026-10-08,2026-10-08
MSV280203SEE,Mein Schiff,14 Nächte - Karibische Inseln - ab/bis Bridgetown,Mein Schiff 4,2028-01-10,2028-01-24,14,KA,Karibische Inseln 108,Bridgetown (Barbados) → Pointe-à-Pitre (Guadeloupe) → Castries (St. Lucia) → St. George's (Grenada) → Roseau (Dominica) → Philipsburg (St. Maarten) → Basseterre (St. Kitts) → La Romana → Kingstown (St. Vincent) → Bridgetown (Barbados),https://www.meinschiff.com/de/trips/14-naechte-karibische-inseln-abbis-bridgetown-MSV280203SEE?cabinCategoryType=IKCO2V&priceMode=perPerson&tariff=PRO,2026-10-08,2026-10-08
MSV280304SEE,Mein Schiff,14 Nächte - Karibische Inseln - ab/bis La Romana,Mein Schiff 4,2028-01-21,2028-02-04,14,KA,Karibische Inseln 109,La Romana → Kingstown (St. Vincent) → Bridgetown (Barbados) → Pointe-à-Pitre (Guadeloupe) → St. George's (Grenada) → Roseau (Dominica) → St. John's (Antigua) → Philipsburg (St. Maarten) → Basseterre (St. Kitts) → La Romana,https://www.meinschiff.com/de/trips/14-naechte-karibische-inseln-abbis-la-romana-MSV280304SEE?cabinCategoryType=INCO2V&priceMode=perPerson&tariff=PRO,2026-10-08,2026-10-08
MSV280405SEE,Mein Schiff,14 Nächte - Karibische Inseln - ab/bis Bridgetown,Mein Schiff 4,2028-01-24,2028-02-07,14,KA,Karibische Inseln 110,Bridgetown (Barbados) → Pointe-à-Pitre (Guadeloupe) → St. George's (Grenada) → Roseau (Dominica) → St. John's (Antigua) → Philipsburg (St. Maarten) → Basseterre (St. Kitts) → La Romana → Kingstown (St. Vincent) → Bridgetown (Barbados),https://www.meinschiff.com/de/trips/14-naechte-karibische-inseln-abbis-bridgetown-MSV280405SEE?cabinCategoryType=IKCO2V&priceMode=perPerson&tariff=PRO,2026-10-08,2026-10-08
MSV280506SEE,Mein Schiff,14 Nächte - Karibische Inseln - ab/bis La Romana,Mein Schiff 4,2028-02-04,2028-02-18,14,KA,Karibische Inseln 111,La Romana → Kingstown (St. Vincent) → Bridgetown (Barbados) → Fort-de-France (Martinique) → Castries (St. Lucia) → Roseau (Dominica) → Pointe-à-Pitre (Guadeloupe) → Philipsburg (St. Maarten) → St. John's (Antigua) → Basseterre (St. Kitts) → La Romana,https://www.meinschiff.com/de/trips/14-naechte-karibische-inseln-abbis-la-romana-MSV280506SEE?cabinCategoryType=INCO2V&priceMode=perPerson&tariff=PRO,2026-10-08,2026-10-08
MSV280607SEE,Mein Schiff,14 Nächte - Karibische Inseln - ab/bis Bridgetown,Mein Schiff 4,2028-02-07,2028-02-21,14,KA,Karibische Inseln 112,Bridgetown (Barbados) → Fort-de-France (Martinique) → Castries (St. Lucia) → Roseau (Dominica) → Pointe-à-Pitre (Guadeloupe) → Philipsburg (St. Maarten) → St. John's (Antigua) → Basseterre (St. Kitts) → La Romana → Kingstown (St. Vincent) → Bridgetown (Barbados),https://www.meinschiff.com/de/trips/14-naechte-karibische-inseln-abbis-bridgetown-MSV280607SEE?cabinCategoryType=IKCO2V&priceMode=perPerson&tariff=PRO,2026-10-08,2026-10-08
MSV280708SEE,Mein Schiff,14 Nächte - Karibische Inseln - ab/bis La Romana,Mein Schiff 4,2028-02-18,2028-03-03,14,KA,Karibische Inseln 113,La Romana → Kingstown (St. Vincent) → Bridgetown (Barbados) → Roseau (Dominica) → Castries (St. Lucia) → St. George's (Grenada) → St. John's (Antigua) → Philipsburg (St. Maarten) → Basseterre (St. Kitts) → La Romana,https://www.meinschiff.com/de/trips/14-naechte-karibische-inseln-abbis-la-romana-MSV280708SEE?cabinCategoryType=INCO2V&inboundAirport=DUS&outboundAirport=FRA&priceMode=perPerson&tariff=PRO,2026-10-08,2026-10-08
MSV280809SEE,Mein Schiff,14 Nächte - Karibische Inseln - ab/bis Bridgetown,Mein Schiff 4,2028-02-21,2028-03-06,14,KA,Karibische Inseln 114,Bridgetown (Barbados) → Roseau (Dominica) → Castries (St. Lucia) → St. George's (Grenada) → St. John's (Antigua) → Philipsburg (St. Maarten) → Basseterre (St. Kitts) → La Romana → Kingstown (St. Vincent) → Bridgetown (Barbados),https://www.meinschiff.com/de/trips/14-naechte-karibische-inseln-abbis-bridgetown-MSV280809SEE?cabinCategoryType=IKCO2V&priceMode=perPerson&tariff=PRO,2026-10-08,2026-10-08
MSV280910SEE,Mein Schiff,14 Nächte - Karibische Inseln - ab/bis La Romana,Mein Schiff 4,2028-03-03,2028-03-17,14,KA,Karibische Inseln 115,La Romana → Kingstown (St. Vincent) → Bridgetown (Barbados) → Fort-de-France (Martinique) → Pointe-à-Pitre (Guadeloupe) → Castries (St. Lucia) → St. George's (Grenada) → Roseau (Dominica) → Philipsburg (St. Maarten) → Basseterre (St. Kitts) → La Romana,https://www.meinschiff.com/de/trips/14-naechte-karibische-inseln-abbis-la-romana-MSV280910SEE?cabinCategoryType=INCO2V&priceMode=perPerson&tariff=PRO,2026-10-08,2026-10-08
MSV281011SEE,Mein Schiff,14 Nächte - Karibische Inseln - ab/bis Bridgetown,Mein Schiff 4,2028-03-06,2028-03-20,14,KA,Karibische Inseln 116,Bridgetown (Barbados) → Fort-de-France (Martinique) → Pointe-à-Pitre (Guadeloupe) → Castries (St. Lucia) → St. George's (Grenada) → Roseau (Dominica) → Philipsburg (St. Maarten) → Basseterre (St. Kitts) → La Romana → Kingstown (St. Vincent) → Bridgetown (Barbados),https://www.meinschiff.com/de/trips/14-naechte-karibische-inseln-abbis-bridgetown-MSV281011SEE?cabinCategoryType=IKCO2V&priceMode=perPerson&tariff=PRO,2026-10-08,2026-10-08
MSV281112SEE,Mein Schiff,14 Nächte - Karibische Inseln - ab/bis La Romana,Mein Schiff 4,2028-03-17,2028-03-31,14,KA,Karibische Inseln 111,La Romana → Kingstown (St. Vincent) → Bridgetown (Barbados) → Fort-de-France (Martinique) → Castries (St. Lucia) → Roseau (Dominica) → Pointe-à-Pitre (Guadeloupe) → Philipsburg (St. Maarten) → St. John's (Antigua) → Basseterre (St. Kitts) → La Romana,https://www.meinschiff.com/de/trips/14-naechte-karibische-inseln-abbis-la-romana-MSV281112SEE?cabinCategoryType=INCO2V&priceMode=perPerson&tariff=PRO,2026-10-08,2026-10-08
MSV281213SEE,Mein Schiff,14 Nächte - Karibische Inseln - ab/bis Bridgetown,Mein Schiff 4,2028-03-20,2028-04-03,14,KA,Karibische Inseln 112,Bridgetown (Barbados) → Fort-de-France (Martinique) → Castries (St. Lucia) → Roseau (Dominica) → Pointe-à-Pitre (Guadeloupe) → Philipsburg (St. Maarten) → St. John's (Antigua) → Basseterre (St. Kitts) → La Romana → Kingstown (St. Vincent) → Bridgetown (Barbados),https://www.meinschiff.com/de/trips/14-naechte-karibische-inseln-abbis-bridgetown-MSV281213SEE?cabinCategoryType=IKCO2V&priceMode=perPerson&tariff=PRO,2026-10-08,2026-10-08
MSV281314SEE,Mein Schiff,14 Nächte - Karibische Inseln - ab/bis La Romana,Mein Schiff 4,2028-03-31,2028-04-14,14,KA,Karibische Inseln 117,La Romana → Kingstown (St. Vincent) → Bridgetown (Barbados) → St. George's (Grenada) → Castries (St. Lucia) → Fort-de-France (Martinique) → Pointe-à-Pitre (Guadeloupe) → Roseau (Dominica) → St. John's (Antigua) → Basseterre (St. Kitts) → La Romana,https://www.meinschiff.com/de/trips/14-naechte-karibische-inseln-abbis-la-romana-MSV281314SEE?cabinCategoryType=INCO2V&priceMode=perPerson&tariff=PRO,2026-10-08,2026-10-08
MSV281415SEE,Mein Schiff,14 Nächte - Karibische Inseln - ab/bis Bridgetown,Mein Schiff 4,2028-04-03,2028-04-17,14,KA,Karibische Inseln 118,Bridgetown (Barbados) → St. George's (Grenada) → Castries (St. Lucia) → Fort-de-France (Martinique) → Pointe-à-Pitre (Guadeloupe) → Roseau (Dominica) → St. John's (Antigua) → Basseterre (St. Kitts) → La Romana → Kingstown (St. Vincent) → Bridgetown (Barbados),https://www.meinschiff.com/de/trips/14-naechte-karibische-inseln-abbis-bridgetown-MSV281415SEE?cabinCategoryType=IKCO2V&priceMode=perPerson&tariff=PRO,2026-10-08,2026-10-08
MSV281516SEE,Mein Schiff,16 Nächte - Transatlantik - ab La Romana/bis Las Palmas,Mein Schiff 4,2028-04-14,2028-04-30,16,KA,Trans-Karibik Europa 51,La Romana → Kingstown (St. Vincent) → Bridgetown (Barbados) → Roseau (Dominica) → Philipsburg (St. Maarten) → Santa Cruz (Teneriffa) → San Sebastián (La Gomera) → Las Palmas (Gran Canaria),https://www.meinschiff.com/de/trips/16-naechte-transatlantik-ab-la-romanabis-las-palmas-MSV281516SEE?cabinCategoryType=INCO2V&priceMode=perPerson&tariff=PRO,2026-10-08,2026-10-08
MSV2816SEE,Mein Schiff,13 Nächte - Transatlantik - ab Bridgetown/bis Las Palmas,Mein Schiff 4,2028-04-17,2028-04-30,13,KA,Trans-Karibik Europa 52,Bridgetown (Barbados) → Roseau (Dominica) → Philipsburg (St. Maarten) → Santa Cruz (Teneriffa) → San Sebastián (La Gomera) → Las Palmas (Gran Canaria),https://www.meinschiff.com/de/trips/13-naechte-transatlantik-ab-bridgetownbis-las-palmas-MSV2816SEE?cabinCategoryType=IKCO2V&priceMode=perPerson&tariff=PRO,2026-10-08,2026-10-08
NO03270929,AIDA,3 Nächte - Minikreuzfahrt nach Dänemark ab Kiel 2,AIDAnova,2027-09-29,2027-10-02,3,NO,NOKEL03N,Kiel → Kopenhagen → Arhus → Kiel,,2026-10-08,2026-10-08
NO03280603,AIDA,3 Nächte - Minikreuzfahrt nach Dänemark ab Kiel 2,AIDAnova,2028-06-03,2028-06-06,3,NO,NOKEL03N,Kiel → Kopenhagen → Arhus → Kiel,,2026-10-08,2026-10-08
NO03280927,AIDA,3 Nächte - Minikreuzfahrt nach Dänemark ab Kiel 2,AIDAnova,2028-09-27,2028-09-30,3,NO,NOKEL03N,Kiel → Kopenhagen → Arhus → Kiel,,2026-10-08,2026-10-08
NO04270925,AIDA,4 Nächte - Kurzreise nach Norwegen & Dänemark ab Kiel 1,AIDAnova,2027-09-25,2027-09-29,4,NO,NOKEL04N,Kiel → Skagen → Oslo → Kiel,,2026-10-08,2026-10-08
NO04280606,AIDA,4 Nächte - Kurzreise nach Dänemark ab Kiel,AIDAnova,2028-06-06,2028-06-10,4,NO,NOKEL04N,Kiel → Kopenhagen → Arhus → Kiel,,2026-10-08,2026-10-08
NO04280923,AIDA,4 Nächte - Kurzreise nach Norwegen & Dänemark ab Kiel 1,AIDAnova,2028-09-23,2028-09-27,4,NO,NOKEL04N,Kiel → Skagen → Oslo → Kiel,,2026-10-08,2026-10-08
NO05271218,AIDA,5 Nächte - Kurzreise nach Norwegen ab Hamburg,AIDAnova,2027-12-18,2027-12-23,5,NO,NOHAM05N,Hamburg → Eidfjord → Haugesund → Hamburg,,2026-10-08,2026-10-08
NO07261024,AIDA,7 Nächte - Skandinavische Highlights ab Kiel,AIDAnova,2026-10-24,2026-10-31,7,NO,NOKEL07S,Kiel → Oslo → Kristiansand → Skagen → Kopenhagen → Arhus → Kiel,,2026-10-08,2026-10-08
NO07261107,AIDA,7 Nächte - Südnorwegen ab Hamburg,AIDAnova,2026-11-07,2026-11-14,7,NO,NOHAM07N,Hamburg → Bergen → Stavanger → Kristiansand → Oslo → Hamburg,,2026-10-08,2026-10-08
NO07261114,AIDA,7 Nächte - Metropolen ab Hamburg,AIDAnova,2026-11-14,2026-11-21,7,NO,NOHAM07W,Hamburg → Southampton → Paris/le Havre → Zeebrügge → Rotterdam → Hamburg,,2026-10-08,2026-10-08
NO07261121,AIDA,7 Nächte - Südnorwegen ab Hamburg,AIDAnova,2026-11-21,2026-11-28,7,NO,NOHAM07N,Hamburg → Bergen → Stavanger → Kristiansand → Oslo → Hamburg,,2026-10-08,2026-10-08
NO07261128,AIDA,7 Nächte - Metropolen ab Hamburg,AIDAnova,2026-11-28,2026-12-05,7,NO,NOHAM07W,Hamburg → Southampton → Paris/le Havre → Zeebrügge → Rotterdam → Hamburg,,2026-10-08,2026-10-08
NO07261205,AIDA,7 Nächte - Norwegen & Dänemark ab Hamburg,AIDAnova,2026-12-05,2026-12-12,7,NO,NOHAM07N,Hamburg → Kopenhagen → Oslo → Kristiansand → Hamburg,,2026-10-08,2026-10-08
NO07261212,AIDA,7 Nächte - Metropolen ab Hamburg,AIDAnova,2026-12-12,2026-12-19,7,NO,NOHAM07W,Hamburg → Southampton → Paris/le Havre → Zeebrügge → Rotterdam → Hamburg,,2026-10-08,2026-10-08
NO07261219,AIDA,7 Nächte - Norwegen & Dänemark ab Hamburg,AIDAnova,2026-12-19,2026-12-26,7,NO,NOHAM07N,Hamburg → Kopenhagen → Oslo → Kristiansand → Hamburg,,2026-10-08,2026-10-08
NO07261226,AIDA,7 Nächte - Metropolen ab Hamburg,AIDAnova,2026-12-26,2027-01-02,7,NO,NOHAM07W,Hamburg → Southampton → Paris/le Havre → Zeebrügge → Rotterdam → Hamburg,,2026-10-08,2026-10-08
NO07270102,AIDA,7 Nächte - Norwegen & Dänemark ab Hamburg,AIDAnova,2027-01-02,2027-01-09,7,NO,NOHAM07N,Hamburg → Kopenhagen → Oslo → Kristiansand → Hamburg,,2026-10-08,2026-10-08
NO07270109,AIDA,7 Nächte - Metropolen ab Hamburg,AIDAnova,2027-01-09,2027-01-16,7,NO,NOHAM07W,Hamburg → Southampton → Paris/le Havre → Zeebrügge → Rotterdam → Hamburg,,2026-10-08,2026-10-08
NO07270116,AIDA,7 Nächte - Norwegen & Dänemark ab Hamburg,AIDAnova,2027-01-16,2027-01-23,7,NO,NOHAM07N,Hamburg → Kopenhagen → Oslo → Kristiansand → Hamburg,,2026-10-08,2026-10-08
NO07270123,AIDA,7 Nächte - Crime & Sea auf Metropolen-Tour,AIDAnova,2027-01-23,2027-01-30,7,NO,NOHAM07W,Hamburg → Southampton → Paris/le Havre → Zeebrügge → Rotterdam → Hamburg,,2026-10-08,2026-10-08
NO07270130,AIDA,7 Nächte - Norwegen & Dänemark ab Hamburg,AIDAnova,2027-01-30,2027-02-06,7,NO,NOHAM07N,Hamburg → Kopenhagen → Oslo → Kristiansand → Hamburg,,2026-10-08,2026-10-08
NO07270206,AIDA,7 Nächte - Metropolen ab Hamburg,AIDAnova,2027-02-06,2027-02-13,7,NO,NOHAM07W,Hamburg → Southampton → Paris/le Havre → Zeebrügge → Rotterdam → Hamburg,,2026-10-08,2026-10-08
NO07270213,AIDA,7 Nächte - Südnorwegen ab Hamburg,AIDAnova,2027-02-13,2027-02-20,7,NO,NOHAM07N,Hamburg → Bergen → Stavanger → Kristiansand → Oslo → Hamburg,,2026-10-08,2026-10-08
NO07270220,AIDA,7 Nächte - Metropolen ab Hamburg,AIDAnova,2027-02-20,2027-02-27,7,NO,NOHAM07W,Hamburg → Southampton → Paris/le Havre → Zeebrügge → Rotterdam → Hamburg,,2026-10-08,2026-10-08
NO07270227,AIDA,7 Nächte - Südnorwegen ab Hamburg,AIDAnova,2027-02-27,2027-03-06,7,NO,NOHAM07N,Hamburg → Bergen → Stavanger → Kristiansand → Oslo → Hamburg,,2026-10-08,2026-10-08
NO07270306,AIDA,7 Nächte - Metropolen ab Hamburg,AIDAnova,2027-03-06,2027-03-13,7,NO,NOHAM07W,Hamburg → Southampton → Paris/le Havre → Zeebrügge → Rotterdam → Hamburg,,2026-10-08,2026-10-08
NO07270313,AIDA,7 Nächte - Südnorwegen ab Hamburg,AIDAnova,2027-03-13,2027-03-20,7,NO,NOHAM07N,Hamburg → Bergen → Stavanger → Kristiansand → Oslo → Hamburg,,2026-10-08,2026-10-08
NO07270320,AIDA,7 Nächte - Metropolen ab Hamburg,AIDAnova,2027-03-20,2027-03-27,7,NO,NOHAM07W,Hamburg → Southampton → Paris/le Havre → Zeebrügge → Rotterdam → Hamburg,,2026-10-08,2026-10-08
NO07270327,AIDA,7 Nächte - Südnorwegen ab Hamburg,AIDAnova,2027-03-27,2027-04-03,7,NO,NOHAM07N,Hamburg → Bergen → Stavanger → Kristiansand → Oslo → Hamburg,,2026-10-08,2026-10-08
NO07270403,AIDA,7 Nächte - Metropolen ab Hamburg,AIDAnova,2027-04-03,2027-04-10,7,NO,NOHAM07W,Hamburg → Southampton → Paris/le Havre → Zeebrügge → Rotterdam → Hamburg,,2026-10-08,2026-10-08
NO07270410,AIDA,7 Nächte - Südnorwegen ab Hamburg,AIDAnova,2027-04-10,2027-04-17,7,NO,NOHAM07N,Hamburg → Bergen → Stavanger → Kristiansand → Oslo → Hamburg,,2026-10-08,2026-10-08
NO07270417,AIDA,7 Nächte - Norwegens Welterbe ab Hamburg,AIDAnova,2027-04-17,2027-04-24,7,NO,NOHAM07N,Hamburg → Bergen → Alesund → Flam → Welterbe-aurlandsfjord-passa → Stavanger → Hamburg,,2026-10-08,2026-10-08
NO07270424,AIDA,7 Nächte - Skandinavische Highlights ab Hamburg,AIDAnova,2027-04-24,2027-05-01,7,NO,NOHAM07S,Hamburg → Oslo → Kristiansand → Skagen → Kopenhagen → Hamburg,,2026-10-08,2026-10-08
NO07270501,AIDA,7 Nächte - Norwegens Welterbe ab Hamburg,AIDAnova,2027-05-01,2027-05-08,7,NO,NOHAM07N,Hamburg → Bergen → Alesund → Flam → Welterbe-aurlandsfjord-passa → Stavanger → Hamburg,,2026-10-08,2026-10-08
NO07270508,AIDA,7 Nächte - Skandinavische Highlights von Hamburg nach Kiel,AIDAnova,2027-05-08,2027-05-15,7,HA,HAMKEL07,Hamburg → Oslo → Kristiansand → Skagen → Kopenhagen → Arhus → Kiel,,2026-10-08,2026-10-08
NO07270515,AIDA,7 Nächte - Norwegens Welterbe ab Kiel 1,AIDAnova,2027-05-15,2027-05-22,7,NO,NOKEL07N,Kiel → Bergen → Maloy → Geirangerfjord → Welterbe-geirangerfjord-pass → Stavanger → Kiel,,2026-10-08,2026-10-08
NO07270522,AIDA,7 Nächte - Skandinavische Highlights ab Kiel,AIDAnova,2027-05-22,2027-05-29,7,NO,NOKEL07S,Kiel → Oslo → Kristiansand → Skagen → Kopenhagen → Arhus → Kiel,,2026-10-08,2026-10-08
NO07270529,AIDA,7 Nächte - Norwegens Welterbe ab Kiel 1,AIDAnova,2027-05-29,2027-06-05,7,NO,NOKEL07N,Kiel → Bergen → Maloy → Geirangerfjord → Welterbe-geirangerfjord-pass → Stavanger → Kiel,,2026-10-08,2026-10-08
NO07270605,AIDA,7 Nächte - Skandinavische Highlights ab Kiel,AIDAnova,2027-06-05,2027-06-12,7,NO,NOKEL07S,Kiel → Oslo → Kristiansand → Skagen → Kopenhagen → Arhus → Kiel,,2026-10-08,2026-10-08
NO07270612,AIDA,7 Nächte - Norwegens Welterbe ab Kiel 1,AIDAnova,2027-06-12,2027-06-19,7,NO,NOKEL07N,Kiel → Bergen → Maloy → Geirangerfjord → Welterbe-geirangerfjord-pass → Stavanger → Kiel,,2026-10-08,2026-10-08
NO07270619,AIDA,7 Nächte - Norwegens Welterbe ab Kiel 2,AIDAnova,2027-06-19,2027-06-26,7,NO,NOKEL07N,Kiel → Skagen → Flam → Welterbe-aurlandsfjord-passa → Haugesund → Kristiansand → Kiel,,2026-10-08,2026-10-08
NO07270626,AIDA,7 Nächte - Norwegens Welterbe ab Kiel 1,AIDAnova,2027-06-26,2027-07-03,7,NO,NOKEL07N,Kiel → Bergen → Maloy → Geirangerfjord → Welterbe-geirangerfjord-pass → Stavanger → Kiel,,2026-10-08,2026-10-08
NO07270703,AIDA,7 Nächte - Skandinavische Highlights ab Kiel,AIDAnova,2027-07-03,2027-07-10,7,NO,NOKEL07S,Kiel → Oslo → Kristiansand → Skagen → Kopenhagen → Arhus → Kiel,,2026-10-08,2026-10-08
NO07270710,AIDA,7 Nächte - Norwegens Welterbe ab Kiel 1,AIDAnova,2027-07-10,2027-07-17,7,NO,NOKEL07N,Kiel → Bergen → Maloy → Geirangerfjord → Welterbe-geirangerfjord-pass → Stavanger → Kiel,,2026-10-08,2026-10-08
NO07270717,AIDA,7 Nächte - Skandinavische Highlights ab Kiel,AIDAnova,2027-07-17,2027-07-24,7,NO,NOKEL07S,Kiel → Oslo → Kristiansand → Skagen → Kopenhagen → Arhus → Kiel,,2026-10-08,2026-10-08
NO07270724,AIDA,7 Nächte - Norwegens Welterbe ab Kiel 1,AIDAnova,2027-07-24,2027-07-31,7,NO,NOKEL07N,Kiel → Bergen → Maloy → Geirangerfjord → Welterbe-geirangerfjord-pass → Stavanger → Kiel,,2026-10-08,2026-10-08
NO07270731,AIDA,7 Nächte - Skandinavische Highlights ab Kiel,AIDAnova,2027-07-31,2027-08-07,7,NO,NOKEL07S,Kiel → Oslo → Kristiansand → Skagen → Kopenhagen → Arhus → Kiel,,2026-10-08,2026-10-08
NO07270807,AIDA,7 Nächte - Norwegens Welterbe ab Kiel 1,AIDAnova,2027-08-07,2027-08-14,7,NO,NOKEL07N,Kiel → Bergen → Maloy → Geirangerfjord → Welterbe-geirangerfjord-pass → Stavanger → Kiel,,2026-10-08,2026-10-08
NO07270814,AIDA,7 Nächte - Skandinavische Highlights ab Kiel,AIDAnova,2027-08-14,2027-08-21,7,NO,NOKEL07S,Kiel → Oslo → Kristiansand → Skagen → Kopenhagen → Arhus → Kiel,,2026-10-08,2026-10-08
NO07270821,AIDA,7 Nächte - Norwegens Welterbe ab Kiel 1,AIDAnova,2027-08-21,2027-08-28,7,NO,NOKEL07N,Kiel → Bergen → Maloy → Geirangerfjord → Welterbe-geirangerfjord-pass → Stavanger → Kiel,,2026-10-08,2026-10-08
NO07270828,AIDA,7 Nächte - Skandinavische Highlights ab Kiel,AIDAnova,2027-08-28,2027-09-04,7,NO,NOKEL07S,Kiel → Oslo → Kristiansand → Skagen → Kopenhagen → Arhus → Kiel,,2026-10-08,2026-10-08
NO07270904,AIDA,7 Nächte - Norwegens Welterbe ab Kiel 1,AIDAnova,2027-09-04,2027-09-11,7,NO,NOKEL07N,Kiel → Bergen → Maloy → Geirangerfjord → Welterbe-geirangerfjord-pass → Stavanger → Kiel,,2026-10-08,2026-10-08
NO07270911,AIDA,7 Nächte - Norwegens Welterbe ab Kiel 2,AIDAnova,2027-09-11,2027-09-18,7,NO,NOKEL07N,Kiel → Skagen → Flam → Welterbe-aurlandsfjord-passa → Haugesund → Kristiansand → Kiel,,2026-10-08,2026-10-08
NO07270918,AIDA,7 Nächte - Norwegens Welterbe ab Kiel 1,AIDAnova,2027-09-18,2027-09-25,7,NO,NOKEL07N,Kiel → Bergen → Maloy → Geirangerfjord → Welterbe-geirangerfjord-pass → Stavanger → Kiel,,2026-10-08,2026-10-08
NO07270925,AIDA,7 Nächte - Skandinavische Highlights ab Kiel,AIDAnova,2027-09-25,2027-10-02,7,NO,NOKEL07S,Kiel → Oslo → Kristiansand → Skagen → Kopenhagen → Arhus → Kiel,,2026-10-08,2026-10-08
NO07271002,AIDA,7 Nächte - Norwegens Welterbe ab Kiel 1,AIDAnova,2027-10-02,2027-10-09,7,NO,NOKEL07N,Kiel → Bergen → Maloy → Geirangerfjord → Welterbe-geirangerfjord-pass → Stavanger → Kiel,,2026-10-08,2026-10-08
NO07271009,AIDA,7 Nächte - Skandinavische Highlights ab Kiel,AIDAnova,2027-10-09,2027-10-16,7,NO,NOKEL07S,Kiel → Oslo → Kristiansand → Skagen → Kopenhagen → Arhus → Kiel,,2026-10-08,2026-10-08
NO07271016,AIDA,7 Nächte - Norwegens Welterbe ab Kiel 1,AIDAnova,2027-10-16,2027-10-23,7,NO,NOKEL07N,Kiel → Bergen → Maloy → Geirangerfjord → Welterbe-geirangerfjord-pass → Stavanger → Kiel,,2026-10-08,2026-10-08
NO07271023,AIDA,7 Nächte - Skandinavische Highlights ab Kiel,AIDAnova,2027-10-23,2027-10-30,7,NO,NOKEL07S,Kiel → Oslo → Kristiansand → Skagen → Kopenhagen → Arhus → Kiel,,2026-10-08,2026-10-08
NO07271030,AIDA,7 Nächte - Norwegens Welterbe ab Kiel 1,AIDAnova,2027-10-30,2027-11-06,7,NO,NOKEL07N,Kiel → Bergen → Maloy → Geirangerfjord → Welterbe-geirangerfjord-pass → Stavanger → Kiel,,2026-10-08,2026-10-08
NO07271106,AIDA,7 Nächte - Südnorwegen ab Kiel,AIDAnova,2027-11-06,2027-11-13,7,KE,KELHAM07,Kiel → Bergen → Stavanger → Kristiansand → Oslo → Hamburg,,2026-10-08,2026-10-08
NO07271113,AIDA,7 Nächte - Metropolen ab Hamburg,AIDAnova,2027-11-13,2027-11-20,7,NO,NOHAM07W,Hamburg → Southampton → Paris/le Havre → Zeebrügge → Rotterdam → Hamburg,,2026-10-08,2026-10-08
NO07271120,AIDA,7 Nächte - Südnorwegen ab Hamburg,AIDAnova,2027-11-20,2027-11-27,7,NO,NOHAM07N,Hamburg → Bergen → Stavanger → Kristiansand → Oslo → Hamburg,,2026-10-08,2026-10-08
NO07271127,AIDA,7 Nächte - Metropolen ab Hamburg,AIDAnova,2027-11-27,2027-12-04,7,NO,NOHAM07W,Hamburg → Southampton → Paris/le Havre → Zeebrügge → Rotterdam → Hamburg,,2026-10-08,2026-10-08
NO07271204,AIDA,7 Nächte - Norwegen & Dänemark ab Hamburg,AIDAnova,2027-12-04,2027-12-11,7,NO,NOHAM07N,Hamburg → Kopenhagen → Oslo → Kristiansand → Hamburg,,2026-10-08,2026-10-08
NO07271211,AIDA,7 Nächte - Metropolen ab Hamburg,AIDAnova,2027-12-11,2027-12-18,7,NO,NOHAM07W,Hamburg → Southampton → Paris/le Havre → Zeebrügge → Rotterdam → Hamburg,,2026-10-08,2026-10-08
NO07271223,AIDA,7 Nächte - Weihnachtsreise Metropolen ab Hamburg,AIDAnova,2027-12-23,2027-12-30,7,NO,NOHAM07W,Hamburg → Rotterdam → Zeebrügge → Cherbourg → Paris/le Havre → Hamburg,,2026-10-08,2026-10-08
NO07280108,AIDA,7 Nächte - Metropolen ab Hamburg,AIDAnova,2028-01-08,2028-01-15,7,NO,NOHAM07W,Hamburg → Southampton → Paris/le Havre → Zeebrügge → Rotterdam → Hamburg,,2026-10-08,2026-10-08
NO07280115,AIDA,7 Nächte - Norwegen & Dänemark ab Hamburg,AIDAnova,2028-01-15,2028-01-22,7,NO,NOHAM07N,Hamburg → Kopenhagen → Oslo → Kristiansand → Hamburg,,2026-10-08,2026-10-08
NO07280122,AIDA,7 Nächte - Metropolen ab Hamburg,AIDAnova,2028-01-22,2028-01-29,7,NO,NOHAM07W,Hamburg → Southampton → Paris/le Havre → Zeebrügge → Rotterdam → Hamburg,,2026-10-08,2026-10-08
NO07280129,AIDA,7 Nächte - Südnorwegen ab Hamburg,AIDAnova,2028-01-29,2028-02-05,7,NO,NOHAM07N,Hamburg → Bergen → Stavanger → Kristiansand → Oslo → Hamburg,,2026-10-08,2026-10-08
NO07280205,AIDA,7 Nächte - Metropolen ab Hamburg,AIDAnova,2028-02-05,2028-02-12,7,NO,NOHAM07W,Hamburg → Southampton → Paris/le Havre → Zeebrügge → Rotterdam → Hamburg,,2026-10-08,2026-10-08
NO07280212,AIDA,7 Nächte - Südnorwegen ab Hamburg,AIDAnova,2028-02-12,2028-02-19,7,NO,NOHAM07N,Hamburg → Bergen → Stavanger → Kristiansand → Oslo → Hamburg,,2026-10-08,2026-10-08
NO07280219,AIDA,7 Nächte - Metropolen ab Hamburg,AIDAnova,2028-02-19,2028-02-26,7,NO,NOHAM07W,Hamburg → Southampton → Paris/le Havre → Zeebrügge → Rotterdam → Hamburg,,2026-10-08,2026-10-08
NO07280226,AIDA,7 Nächte - Südnorwegen ab Hamburg,AIDAnova,2028-02-26,2028-03-04,7,NO,NOHAM07N,Hamburg → Bergen → Stavanger → Kristiansand → Oslo → Hamburg,,2026-10-08,2026-10-08
NO07280304,AIDA,7 Nächte - Metropolen ab Hamburg,AIDAnova,2028-03-04,2028-03-11,7,NO,NOHAM07W,Hamburg → Southampton → Paris/le Havre → Zeebrügge → Rotterdam → Hamburg,,2026-10-08,2026-10-08
NO07280311,AIDA,7 Nächte - Südnorwegen ab Hamburg,AIDAnova,2028-03-11,2028-03-18,7,NO,NOHAM07N,Hamburg → Bergen → Stavanger → Kristiansand → Oslo → Hamburg,,2026-10-08,2026-10-08
NO07280318,AIDA,7 Nächte - Metropolen ab Hamburg,AIDAnova,2028-03-18,2028-03-25,7,NO,NOHAM07W,Hamburg → Southampton → Paris/le Havre → Zeebrügge → Rotterdam → Hamburg,,2026-10-08,2026-10-08
NO07280325,AIDA,7 Nächte - Südnorwegen ab Hamburg,AIDAnova,2028-03-25,2028-04-01,7,NO,NOHAM07N,Hamburg → Bergen → Stavanger → Kristiansand → Oslo → Hamburg,,2026-10-08,2026-10-08
NO07280401,AIDA,7 Nächte - Metropolen ab Hamburg,AIDAnova,2028-04-01,2028-04-08,7,NO,NOHAM07W,Hamburg → Southampton → Paris/le Havre → Zeebrügge → Rotterdam → Hamburg,,2026-10-08,2026-10-08
NO07280408,AIDA,7 Nächte - Südnorwegen ab Hamburg,AIDAnova,2028-04-08,2028-04-15,7,NO,NOHAM07N,Hamburg → Bergen → Stavanger → Kristiansand → Oslo → Hamburg,,2026-10-08,2026-10-08
NO07280415,AIDA,7 Nächte - Norwegens Welterbe ab Hamburg 1,AIDAnova,2028-04-15,2028-04-22,7,NO,NOHAM07N,Hamburg → Bergen → Flam → Welterbe-aurlandsfjord-passa → Alesund → Stavanger → Hamburg,,2026-10-08,2026-10-08
NO07280422,AIDA,7 Nächte - Norwegens Welterbe ab Hamburg 1,AIDAnova,2028-04-22,2028-04-29,7,NO,NOHAM07N,Hamburg → Bergen → Flam → Welterbe-aurlandsfjord-passa → Alesund → Stavanger → Hamburg,,2026-10-08,2026-10-08
NO07280429,AIDA,7 Nächte - Norwegens Welterbe ab Hamburg 1,AIDAnova,2028-04-29,2028-05-06,7,NO,NOHAM07N,Hamburg → Bergen → Flam → Welterbe-aurlandsfjord-passa → Alesund → Stavanger → Hamburg,,2026-10-08,2026-10-08
NO07280506,AIDA,7 Nächte - Norwegens Welterbe von Hamburg nach Kiel,AIDAnova,2028-05-06,2028-05-13,7,HA,HAMKEL07,Hamburg → Bergen → Flam → Welterbe-aurlandsfjord-passa → Alesund → Stavanger → Kiel,,2026-10-08,2026-10-08
NO07280513,AIDA,7 Nächte - Norwegens Welterbe ab Kiel 1,AIDAnova,2028-05-13,2028-05-20,7,NO,NOKEL07N,Kiel → Bergen → Maloy → Geirangerfjord → Welterbe-geirangerfjord-pass → Stavanger → Kiel,,2026-10-08,2026-10-08
NO07280520,AIDA,7 Nächte - Norwegens Welterbe ab Kiel 1,AIDAnova,2028-05-20,2028-05-27,7,NO,NOKEL07N,Kiel → Bergen → Maloy → Geirangerfjord → Welterbe-geirangerfjord-pass → Stavanger → Kiel,,2026-10-08,2026-10-08
NO07280527,AIDA,7 Nächte - Norwegens Welterbe ab Kiel 1,AIDAnova,2028-05-27,2028-06-03,7,NO,NOKEL07N,Kiel → Bergen → Maloy → Geirangerfjord → Welterbe-geirangerfjord-pass → Stavanger → Kiel,,2026-10-08,2026-10-08
NO07280603,AIDA,7 Nächte - Skandinavische Highlights ab Kiel 2,AIDAnova,2028-06-03,2028-06-10,7,NO,NOKEL13N,Kiel → Bergen → Flam → Welterbe-aurlandsfjord-passa → Stavanger → Kristiansand → Oslo → Kiel → Kopenhagen → Göteborg → Arhus → Kiel,,2026-10-08,2026-10-08
NO07280610,AIDA,7 Nächte - Norwegens Welterbe ab Kiel 1,AIDAnova,2028-06-10,2028-06-17,7,NO,NOKEL07N,Kiel → Bergen → Maloy → Geirangerfjord → Welterbe-geirangerfjord-pass → Stavanger → Kiel,,2026-10-08,2026-10-08
NO07280617,AIDA,7 Nächte - Norwegens Welterbe ab Kiel 2,AIDAnova,2028-06-17,2028-06-24,7,NO,NOKEL07N,Kiel → Skagen → Flam → Welterbe-aurlandsfjord-passa → Haugesund → Kristiansand → Kiel,,2026-10-08,2026-10-08
NO07280624,AIDA,7 Nächte - Norwegens Welterbe ab Kiel 1,AIDAnova,2028-06-24,2028-07-01,7,NO,NOKEL07N,Kiel → Bergen → Maloy → Geirangerfjord → Welterbe-geirangerfjord-pass → Stavanger → Kiel,,2026-10-08,2026-10-08
NO07280701,AIDA,7 Nächte - Skandinavische Highlights ab Kiel 1,AIDAnova,2028-07-01,2028-07-08,7,NO,NOKEL06N,Kiel → Oslofjord-passage → Oslo → Göteborg → Kopenhagen → Arhus → Kiel,,2026-10-08,2026-10-08
NO07280708,AIDA,7 Nächte - Norwegens Welterbe ab Kiel 1,AIDAnova,2028-07-08,2028-07-15,7,NO,NOKEL07N,Kiel → Bergen → Maloy → Geirangerfjord → Welterbe-geirangerfjord-pass → Stavanger → Kiel,,2026-10-08,2026-10-08
NO07280715,AIDA,7 Nächte - Skandinavische Highlights ab Kiel 1,AIDAnova,2028-07-15,2028-07-22,7,NO,NOKEL06N,Kiel → Oslofjord-passage → Oslo → Göteborg → Kopenhagen → Arhus → Kiel,,2026-10-08,2026-10-08
NO07280722,AIDA,7 Nächte - Norwegens Welterbe ab Kiel 1,AIDAnova,2028-07-22,2028-07-29,7,NO,NOKEL07N,Kiel → Bergen → Maloy → Geirangerfjord → Welterbe-geirangerfjord-pass → Stavanger → Kiel,,2026-10-08,2026-10-08
NO07280729,AIDA,7 Nächte - Skandinavische Highlights ab Kiel 1,AIDAnova,2028-07-29,2028-08-05,7,NO,NOKEL06N,Kiel → Oslofjord-passage → Oslo → Göteborg → Kopenhagen → Arhus → Kiel,,2026-10-08,2026-10-08
NO07280805,AIDA,7 Nächte - Norwegens Welterbe ab Kiel 1,AIDAnova,2028-08-05,2028-08-12,7,NO,NOKEL07N,Kiel → Bergen → Maloy → Geirangerfjord → Welterbe-geirangerfjord-pass → Stavanger → Kiel,,2026-10-08,2026-10-08
NO07280812,AIDA,7 Nächte - Skandinavische Highlights ab Kiel 1,AIDAnova,2028-08-12,2028-08-19,7,NO,NOKEL06N,Kiel → Oslofjord-passage → Oslo → Göteborg → Kopenhagen → Arhus → Kiel,,2026-10-08,2026-10-08
NO07280819,AIDA,7 Nächte - Norwegens Welterbe ab Kiel 1,AIDAnova,2028-08-19,2028-08-26,7,NO,NOKEL07N,Kiel → Bergen → Maloy → Geirangerfjord → Welterbe-geirangerfjord-pass → Stavanger → Kiel,,2026-10-08,2026-10-08
NO07280826,AIDA,7 Nächte - Skandinavische Highlights ab Kiel 1,AIDAnova,2028-08-26,2028-09-02,7,NO,NOKEL06N,Kiel → Oslofjord-passage → Oslo → Göteborg → Kopenhagen → Arhus → Kiel,,2026-10-08,2026-10-08
NO07280902,AIDA,7 Nächte - Norwegens Welterbe ab Kiel 1,AIDAnova,2028-09-02,2028-09-09,7,NO,NOKEL07N,Kiel → Bergen → Maloy → Geirangerfjord → Welterbe-geirangerfjord-pass → Stavanger → Kiel,,2026-10-08,2026-10-08
NO07280909,AIDA,7 Nächte - Norwegens Welterbe ab Kiel 2,AIDAnova,2028-09-09,2028-09-16,7,NO,NOKEL07N,Kiel → Skagen → Flam → Welterbe-aurlandsfjord-passa → Haugesund → Kristiansand → Kiel,,2026-10-08,2026-10-08
NO07280916,AIDA,7 Nächte - Norwegens Welterbe ab Kiel 1,AIDAnova,2028-09-16,2028-09-23,7,NO,NOKEL07N,Kiel → Bergen → Maloy → Geirangerfjord → Welterbe-geirangerfjord-pass → Stavanger → Kiel,,2026-10-08,2026-10-08
NO07280923,AIDA,7 Nächte - Skandinavische Highlights ab Kiel 2,AIDAnova,2028-09-23,2028-09-30,7,NO,NOKEL13N,Kiel → Bergen → Flam → Welterbe-aurlandsfjord-passa → Stavanger → Kristiansand → Oslo → Kiel → Kopenhagen → Göteborg → Arhus → Kiel,,2026-10-08,2026-10-08
NO07280930,AIDA,7 Nächte - Norwegens Welterbe ab Kiel 1,AIDAnova,2028-09-30,2028-10-07,7,NO,NOKEL07N,Kiel → Bergen → Maloy → Geirangerfjord → Welterbe-geirangerfjord-pass → Stavanger → Kiel,,2026-10-08,2026-10-08
NO07281007,AIDA,7 Nächte - Skandinavische Highlights ab Kiel 1,AIDAnova,2028-10-07,2028-10-14,7,NO,NOKEL06N,Kiel → Oslofjord-passage → Oslo → Göteborg → Kopenhagen → Arhus → Kiel,,2026-10-08,2026-10-08
NO07281014,AIDA,7 Nächte - Norwegens Welterbe ab Kiel 1,AIDAnova,2028-10-14,2028-10-21,7,NO,NOKEL07N,Kiel → Bergen → Maloy → Geirangerfjord → Welterbe-geirangerfjord-pass → Stavanger → Kiel,,2026-10-08,2026-10-08
NO07281021,AIDA,7 Nächte - Skandinavische Highlights ab Kiel 1,AIDAnova,2028-10-21,2028-10-28,7,NO,NOKEL06N,Kiel → Oslofjord-passage → Oslo → Göteborg → Kopenhagen → Arhus → Kiel,,2026-10-08,2026-10-08
NO07281028,AIDA,7 Nächte - Norwegens Welterbe ab Kiel 1,AIDAnova,2028-10-28,2028-11-04,7,NO,NOKEL07N,Kiel → Bergen → Maloy → Geirangerfjord → Welterbe-geirangerfjord-pass → Stavanger → Kiel,,2026-10-08,2026-10-08
NO09271230,AIDA,9 Nächte - Silvesterreise nach Norwegen & Dänemark ab Hamburg,AIDAnova,2027-12-30,2028-01-08,9,NO,NOHAM09N,Hamburg → Kristiansand → Oslo → Skagen → Arhus → Kopenhagen → Hamburg,,2026-10-08,2026-10-08
NO10270929,AIDA,10 Nächte - Dänemark & Norwegen ab Kiel,AIDAnova,2027-09-29,2027-10-09,10,NO,NOKEL10N,Kiel → Kopenhagen → Arhus → Kiel → Bergen → Flam → Welterbe-aurlandsfjord-passa → Alesund → Stavanger → Kiel,,2026-10-08,2026-10-08
NO10280527,AIDA,10 Nächte - Skandinavien mit Fjord-Welterbe ab Kiel 1,AIDAnova,2028-05-27,2028-06-06,10,NO,NOKEL10N,Kiel → Bergen → Flam → Welterbe-aurlandsfjord-passa → Alesund → Stavanger → Kiel → Kopenhagen → Kiel,,2026-10-08,2026-10-08
NO10280927,AIDA,10 Nächte - Skandinavien mit Fjord-Welterbe ab Kiel 1,AIDAnova,2028-09-27,2028-10-07,10,NO,NOKEL10N,Kiel → Bergen → Flam → Welterbe-aurlandsfjord-passa → Alesund → Stavanger → Kiel → Kopenhagen → Kiel,,2026-10-08,2026-10-08
NO11270918,AIDA,11 Nächte - Norwegen & Dänemark ab Kiel 2,AIDAnova,2027-09-18,2027-09-29,11,NO,NOKEL11N,Kiel → Bergen → Flam → Welterbe-aurlandsfjord-passa → Alesund → Stavanger → Kiel → Skagen → Oslo → Kiel,,2026-10-08,2026-10-08
NO11280606,AIDA,11 Nächte - Skandinavien mit Fjord-Welterbe ab Kiel 2,AIDAnova,2028-06-06,2028-06-17,11,NO,NOKEL11N,Kiel → Skagen → Kopenhagen → Arhus → Kiel → Bergen → Welterbe-geirangerfjord-pass → Geirangerfjord → Alesund → Stavanger → Kiel,,2026-10-08,2026-10-08
NO11280916,AIDA,11 Nächte - Skandinavien mit Fjord-Welterbe ab Kiel 2,AIDAnova,2028-09-16,2028-09-27,11,NO,NOKEL11N,Kiel → Skagen → Kopenhagen → Arhus → Kiel → Bergen → Welterbe-geirangerfjord-pass → Geirangerfjord → Alesund → Stavanger → Kiel,,2026-10-08,2026-10-08
NO12271211,AIDA,12 Nächte - Westeuropas Metropolen & Norwegen ab Hamburg,AIDAnova,2027-12-11,2027-12-23,12,NO,NOHAM12W,Hamburg → Southampton → Paris/le Havre → Zeebrügge → Rotterdam → Hamburg → Oslo → Kristiansand → Hamburg,,2026-10-08,2026-10-08
NO12271218,AIDA,12 Nächte - Weihnachtsreise Metropolen & Südnorwegen ab Hamburg,AIDAnova,2027-12-18,2027-12-30,12,NO,NOHAM12W,Hamburg → Oslo → Kristiansand → Hamburg → Rotterdam → Zeebrügge → Cherbourg → Paris/le Havre → Hamburg,,2026-10-08,2026-10-08
NO14261107,AIDA,14 Nächte - Metropolen & Südnorwegen ab Hamburg,AIDAnova,2026-11-07,2026-11-21,14,NO,NOHAM14W,Hamburg → Bergen → Stavanger → Kristiansand → Oslo → Hamburg → Southampton → Paris/le Havre → Zeebrügge → Rotterdam → Hamburg,,2026-10-08,2026-10-08
NO14261114,AIDA,14 Nächte - Metropolen & Südnorwegen ab Hamburg,AIDAnova,2026-11-14,2026-11-28,14,NO,NOHAM14W,Hamburg → Bergen → Stavanger → Kristiansand → Oslo → Hamburg → Southampton → Paris/le Havre → Zeebrügge → Rotterdam → Hamburg,,2026-10-08,2026-10-08
NO14261121,AIDA,14 Nächte - Metropolen & Südnorwegen ab Hamburg,AIDAnova,2026-11-21,2026-12-05,14,NO,NOHAM14W,Hamburg → Bergen → Stavanger → Kristiansand → Oslo → Hamburg → Southampton → Paris/le Havre → Zeebrügge → Rotterdam → Hamburg,,2026-10-08,2026-10-08
NO14261128,AIDA,14 Nächte - Metropolen & Skandinavien ab Hamburg,AIDAnova,2026-11-28,2026-12-12,14,NO,NOHAM14N,Hamburg → Southampton → Paris/le Havre → Zeebrügge → Rotterdam → Hamburg → Kopenhagen → Oslo → Kristiansand → Hamburg,,2026-10-08,2026-10-08
NO14261205,AIDA,14 Nächte - Metropolen & Skandinavien ab Hamburg,AIDAnova,2026-12-05,2026-12-19,14,NO,NOHAM14N,Hamburg → Southampton → Paris/le Havre → Zeebrügge → Rotterdam → Hamburg → Kopenhagen → Oslo → Kristiansand → Hamburg,,2026-10-08,2026-10-08
NO14261212,AIDA,14 Nächte - Metropolen & Skandinavien ab Hamburg,AIDAnova,2026-12-12,2026-12-26,14,NO,NOHAM14N,Hamburg → Southampton → Paris/le Havre → Zeebrügge → Rotterdam → Hamburg → Kopenhagen → Oslo → Kristiansand → Hamburg,,2026-10-08,2026-10-08
NO14261219,AIDA,14 Nächte - Metropolen & Skandinavien ab Hamburg,AIDAnova,2026-12-19,2027-01-02,14,NO,NOHAM14N,Hamburg → Southampton → Paris/le Havre → Zeebrügge → Rotterdam → Hamburg → Kopenhagen → Oslo → Kristiansand → Hamburg,,2026-10-08,2026-10-08
NO14261226,AIDA,14 Nächte - Metropolen & Skandinavien ab Hamburg,AIDAnova,2026-12-26,2027-01-09,14,NO,NOHAM14N,Hamburg → Southampton → Paris/le Havre → Zeebrügge → Rotterdam → Hamburg → Kopenhagen → Oslo → Kristiansand → Hamburg,,2026-10-08,2026-10-08
NO14270102,AIDA,14 Nächte - Metropolen & Skandinavien ab Hamburg,AIDAnova,2027-01-02,2027-01-16,14,NO,NOHAM14N,Hamburg → Southampton → Paris/le Havre → Zeebrügge → Rotterdam → Hamburg → Kopenhagen → Oslo → Kristiansand → Hamburg,,2026-10-08,2026-10-08
NO14270109,AIDA,14 Nächte - Metropolen & Skandinavien ab Hamburg,AIDAnova,2027-01-09,2027-01-23,14,NO,NOHAM14N,Hamburg → Southampton → Paris/le Havre → Zeebrügge → Rotterdam → Hamburg → Kopenhagen → Oslo → Kristiansand → Hamburg,,2026-10-08,2026-10-08
NO14270116,AIDA,14 Nächte - Metropolen & Skandinavien ab Hamburg,AIDAnova,2027-01-16,2027-01-30,14,NO,NOHAM14N,Hamburg → Southampton → Paris/le Havre → Zeebrügge → Rotterdam → Hamburg → Kopenhagen → Oslo → Kristiansand → Hamburg,,2026-10-08,2026-10-08
NO14270130,AIDA,14 Nächte - Metropolen & Skandinavien ab Hamburg,AIDAnova,2027-01-30,2027-02-13,14,NO,NOHAM14N,Hamburg → Southampton → Paris/le Havre → Zeebrügge → Rotterdam → Hamburg → Kopenhagen → Oslo → Kristiansand → Hamburg,,2026-10-08,2026-10-08
NO14270206,AIDA,14 Nächte - Metropolen & Südnorwegen ab Hamburg,AIDAnova,2027-02-06,2027-02-20,14,NO,NOHAM14W,Hamburg → Bergen → Stavanger → Kristiansand → Oslo → Hamburg → Southampton → Paris/le Havre → Zeebrügge → Rotterdam → Hamburg,,2026-10-08,2026-10-08
NO14270213,AIDA,14 Nächte - Metropolen & Südnorwegen ab Hamburg,AIDAnova,2027-02-13,2027-02-27,14,NO,NOHAM14W,Hamburg → Bergen → Stavanger → Kristiansand → Oslo → Hamburg → Southampton → Paris/le Havre → Zeebrügge → Rotterdam → Hamburg,,2026-10-08,2026-10-08
NO14270220,AIDA,14 Nächte - Metropolen & Südnorwegen ab Hamburg,AIDAnova,2027-02-20,2027-03-06,14,NO,NOHAM14W,Hamburg → Bergen → Stavanger → Kristiansand → Oslo → Hamburg → Southampton → Paris/le Havre → Zeebrügge → Rotterdam → Hamburg,,2026-10-08,2026-10-08
NO14270227,AIDA,14 Nächte - Metropolen & Südnorwegen ab Hamburg,AIDAnova,2027-02-27,2027-03-13,14,NO,NOHAM14W,Hamburg → Bergen → Stavanger → Kristiansand → Oslo → Hamburg → Southampton → Paris/le Havre → Zeebrügge → Rotterdam → Hamburg,,2026-10-08,2026-10-08
NO14270306,AIDA,14 Nächte - Metropolen & Südnorwegen ab Hamburg,AIDAnova,2027-03-06,2027-03-20,14,NO,NOHAM14W,Hamburg → Bergen → Stavanger → Kristiansand → Oslo → Hamburg → Southampton → Paris/le Havre → Zeebrügge → Rotterdam → Hamburg,,2026-10-08,2026-10-08
NO14270313,AIDA,14 Nächte - Metropolen & Südnorwegen ab Hamburg,AIDAnova,2027-03-13,2027-03-27,14,NO,NOHAM14W,Hamburg → Bergen → Stavanger → Kristiansand → Oslo → Hamburg → Southampton → Paris/le Havre → Zeebrügge → Rotterdam → Hamburg,,2026-10-08,2026-10-08
NO14270320,AIDA,14 Nächte - Metropolen & Südnorwegen ab Hamburg,AIDAnova,2027-03-20,2027-04-03,14,NO,NOHAM14W,Hamburg → Bergen → Stavanger → Kristiansand → Oslo → Hamburg → Southampton → Paris/le Havre → Zeebrügge → Rotterdam → Hamburg,,2026-10-08,2026-10-08
NO14270327,AIDA,14 Nächte - Metropolen & Südnorwegen ab Hamburg,AIDAnova,2027-03-27,2027-04-10,14,NO,NOHAM14W,Hamburg → Bergen → Stavanger → Kristiansand → Oslo → Hamburg → Southampton → Paris/le Havre → Zeebrügge → Rotterdam → Hamburg,,2026-10-08,2026-10-08
NO14270403,AIDA,14 Nächte - Metropolen & Südnorwegen ab Hamburg,AIDAnova,2027-04-03,2027-04-17,14,NO,NOHAM14W,Hamburg → Bergen → Stavanger → Kristiansand → Oslo → Hamburg → Southampton → Paris/le Havre → Zeebrügge → Rotterdam → Hamburg,,2026-10-08,2026-10-08
NO14270410,AIDA,14 Nächte - Große Norwegen-Reise ab Hamburg,AIDAnova,2027-04-10,2027-04-24,14,NO,NOHAM14N,Hamburg → Bergen → Stavanger → Kristiansand → Oslo → Hamburg → Bergen → Alesund → Flam → Welterbe-aurlandsfjord-passa → Stavanger → Hamburg,,2026-10-08,2026-10-08
NO14270417,AIDA,14 Nächte - Große Skandinavien-Reise ab Hamburg 1,AIDAnova,2027-04-17,2027-05-01,14,NO,NOHAM14N,Hamburg → Bergen → Alesund → Flam → Welterbe-aurlandsfjord-passa → Stavanger → Hamburg → Oslo → Kristiansand → Skagen → Kopenhagen → Hamburg,,2026-10-08,2026-10-08
NO14270424,AIDA,14 Nächte - Große Skandinavien-Reise ab Hamburg 2,AIDAnova,2027-04-24,2027-05-08,14,NO,NOHAM14S,Hamburg → Oslo → Kristiansand → Skagen → Kopenhagen → Hamburg → Bergen → Flam → Welterbe-aurlandsfjord-passa → Alesund → Stavanger → Hamburg,,2026-10-08,2026-10-08
NO14270501,AIDA,14 Nächte - Große Skandinavien-Reise von Hamburg nach Kiel 1,AIDAnova,2027-05-01,2027-05-15,14,HA,HAMKEL14,Hamburg → Bergen → Flam → Welterbe-aurlandsfjord-passa → Alesund → Stavanger → Hamburg → Oslo → Kristiansand → Skagen → Kopenhagen → Arhus → Kiel,,2026-10-08,2026-10-08
NO14270508,AIDA,14 Nächte - Große Skandinavien-Reise von Hamburg nach Kiel 2,AIDAnova,2027-05-08,2027-05-22,14,HA,HAMKEL14,Hamburg → Oslo → Kristiansand → Skagen → Kopenhagen → Arhus → Kiel → Bergen → Maloy → Geirangerfjord → Welterbe-geirangerfjord-pass → Stavanger → Kiel,,2026-10-08,2026-10-08
NO14270515,AIDA,14 Nächte - Große Skandinavien-Reise ab Kiel 1,AIDAnova,2027-05-15,2027-05-29,14,NO,NOKEL14N,Kiel → Bergen → Maloy → Geirangerfjord → Welterbe-geirangerfjord-pass → Stavanger → Kiel → Oslo → Kristiansand → Skagen → Kopenhagen → Arhus → Kiel,,2026-10-08,2026-10-08
NO14270522,AIDA,14 Nächte - Große Skandinavien-Reise ab Kiel 2,AIDAnova,2027-05-22,2027-06-05,14,NO,NOKEL14S,Kiel → Oslo → Kristiansand → Skagen → Kopenhagen → Arhus → Kiel → Bergen → Flam → Welterbe-aurlandsfjord-passa → Alesund → Stavanger → Kiel,,2026-10-08,2026-10-08
NO14270529,AIDA,14 Nächte - Große Skandinavien-Reise ab Kiel 1,AIDAnova,2027-05-29,2027-06-12,14,NO,NOKEL14N,Kiel → Bergen → Maloy → Geirangerfjord → Welterbe-geirangerfjord-pass → Stavanger → Kiel → Oslo → Kristiansand → Skagen → Kopenhagen → Arhus → Kiel,,2026-10-08,2026-10-08
NO14270605,AIDA,14 Nächte - Große Skandinavien-Reise ab Kiel 2,AIDAnova,2027-06-05,2027-06-19,14,NO,NOKEL14S,Kiel → Oslo → Kristiansand → Skagen → Kopenhagen → Arhus → Kiel → Bergen → Flam → Welterbe-aurlandsfjord-passa → Alesund → Stavanger → Kiel,,2026-10-08,2026-10-08
NO14270612,AIDA,14 Nächte - Große Norwegen-Reise ab Kiel,AIDAnova,2027-06-12,2027-06-26,14,NO,NOKEL14N,Kiel → Haugesund → Welterbe-aurlandsfjord-passa → Flam → Lustrafjord-passage → Bergen → Stavanger → Kiel → Skagen → Flam → Welterbe-aurlandsfjord-passa → Haugesund → Kristiansand → Kiel,,2026-10-08,2026-10-08
NO14270619,AIDA,14 Nächte - Große Norwegen-Reise ab Kiel,AIDAnova,2027-06-19,2027-07-03,14,NO,NOKEL14N,Kiel → Haugesund → Welterbe-aurlandsfjord-passa → Flam → Lustrafjord-passage → Bergen → Stavanger → Kiel → Skagen → Flam → Welterbe-aurlandsfjord-passa → Haugesund → Kristiansand → Kiel,,2026-10-08,2026-10-08
NO14270626,AIDA,14 Nächte - Große Skandinavien-Reise ab Kiel 1,AIDAnova,2027-06-26,2027-07-10,14,NO,NOKEL14N,Kiel → Bergen → Maloy → Geirangerfjord → Welterbe-geirangerfjord-pass → Stavanger → Kiel → Oslo → Kristiansand → Skagen → Kopenhagen → Arhus → Kiel,,2026-10-08,2026-10-08
NO14270703,AIDA,14 Nächte - Große Skandinavien-Reise ab Kiel 2,AIDAnova,2027-07-03,2027-07-17,14,NO,NOKEL14S,Kiel → Oslo → Kristiansand → Skagen → Kopenhagen → Arhus → Kiel → Bergen → Flam → Welterbe-aurlandsfjord-passa → Alesund → Stavanger → Kiel,,2026-10-08,2026-10-08
NO14270710,AIDA,14 Nächte - Große Skandinavien-Reise ab Kiel 1,AIDAnova,2027-07-10,2027-07-24,14,NO,NOKEL14N,Kiel → Bergen → Maloy → Geirangerfjord → Welterbe-geirangerfjord-pass → Stavanger → Kiel → Oslo → Kristiansand → Skagen → Kopenhagen → Arhus → Kiel,,2026-10-08,2026-10-08
NO14270717,AIDA,14 Nächte - Große Skandinavien-Reise ab Kiel 2,AIDAnova,2027-07-17,2027-07-31,14,NO,NOKEL14S,Kiel → Oslo → Kristiansand → Skagen → Kopenhagen → Arhus → Kiel → Bergen → Flam → Welterbe-aurlandsfjord-passa → Alesund → Stavanger → Kiel,,2026-10-08,2026-10-08
NO14270724,AIDA,14 Nächte - Große Skandinavien-Reise ab Kiel 1,AIDAnova,2027-07-24,2027-08-07,14,NO,NOKEL14N,Kiel → Bergen → Maloy → Geirangerfjord → Welterbe-geirangerfjord-pass → Stavanger → Kiel → Oslo → Kristiansand → Skagen → Kopenhagen → Arhus → Kiel,,2026-10-08,2026-10-08
NO14270731,AIDA,14 Nächte - Große Skandinavien-Reise ab Kiel 2,AIDAnova,2027-07-31,2027-08-14,14,NO,NOKEL14S,Kiel → Oslo → Kristiansand → Skagen → Kopenhagen → Arhus → Kiel → Bergen → Flam → Welterbe-aurlandsfjord-passa → Alesund → Stavanger → Kiel,,2026-10-08,2026-10-08
NO14270807,AIDA,14 Nächte - Große Skandinavien-Reise ab Kiel 1,AIDAnova,2027-08-07,2027-08-21,14,NO,NOKEL14N,Kiel → Bergen → Maloy → Geirangerfjord → Welterbe-geirangerfjord-pass → Stavanger → Kiel → Oslo → Kristiansand → Skagen → Kopenhagen → Arhus → Kiel,,2026-10-08,2026-10-08
NO14270814,AIDA,14 Nächte - Große Skandinavien-Reise ab Kiel 2,AIDAnova,2027-08-14,2027-08-28,14,NO,NOKEL14S,Kiel → Oslo → Kristiansand → Skagen → Kopenhagen → Arhus → Kiel → Bergen → Flam → Welterbe-aurlandsfjord-passa → Alesund → Stavanger → Kiel,,2026-10-08,2026-10-08
NO14270821,AIDA,14 Nächte - Große Skandinavien-Reise ab Kiel 1,AIDAnova,2027-08-21,2027-09-04,14,NO,NOKEL14N,Kiel → Bergen → Maloy → Geirangerfjord → Welterbe-geirangerfjord-pass → Stavanger → Kiel → Oslo → Kristiansand → Skagen → Kopenhagen → Arhus → Kiel,,2026-10-08,2026-10-08
NO14270828,AIDA,14 Nächte - Große Skandinavien-Reise ab Kiel 2,AIDAnova,2027-08-28,2027-09-11,14,NO,NOKEL14S,Kiel → Oslo → Kristiansand → Skagen → Kopenhagen → Arhus → Kiel → Bergen → Flam → Welterbe-aurlandsfjord-passa → Alesund → Stavanger → Kiel,,2026-10-08,2026-10-08
NO14270904,AIDA,14 Nächte - Große Norwegen-Reise ab Kiel,AIDAnova,2027-09-04,2027-09-18,14,NO,NOKEL14N,Kiel → Haugesund → Welterbe-aurlandsfjord-passa → Flam → Lustrafjord-passage → Bergen → Stavanger → Kiel → Skagen → Flam → Welterbe-aurlandsfjord-passa → Haugesund → Kristiansand → Kiel,,2026-10-08,2026-10-08
NO14270911,AIDA,14 Nächte - Große Norwegen-Reise ab Kiel,AIDAnova,2027-09-11,2027-09-25,14,NO,NOKEL14N,Kiel → Haugesund → Welterbe-aurlandsfjord-passa → Flam → Lustrafjord-passage → Bergen → Stavanger → Kiel → Skagen → Flam → Welterbe-aurlandsfjord-passa → Haugesund → Kristiansand → Kiel,,2026-10-08,2026-10-08
NO14271002,AIDA,14 Nächte - Große Skandinavien-Reise ab Kiel 1,AIDAnova,2027-10-02,2027-10-16,14,NO,NOKEL14N,Kiel → Bergen → Maloy → Geirangerfjord → Welterbe-geirangerfjord-pass → Stavanger → Kiel → Oslo → Kristiansand → Skagen → Kopenhagen → Arhus → Kiel,,2026-10-08,2026-10-08
NO14271009,AIDA,14 Nächte - Große Skandinavien-Reise ab Kiel 2,AIDAnova,2027-10-09,2027-10-23,14,NO,NOKEL14S,Kiel → Oslo → Kristiansand → Skagen → Kopenhagen → Arhus → Kiel → Bergen → Flam → Welterbe-aurlandsfjord-passa → Alesund → Stavanger → Kiel,,2026-10-08,2026-10-08
NO14271016,AIDA,14 Nächte - Große Skandinavien-Reise ab Kiel 1,AIDAnova,2027-10-16,2027-10-30,14,NO,NOKEL14N,Kiel → Bergen → Maloy → Geirangerfjord → Welterbe-geirangerfjord-pass → Stavanger → Kiel → Oslo → Kristiansand → Skagen → Kopenhagen → Arhus → Kiel,,2026-10-08,2026-10-08
NO14271023,AIDA,14 Nächte - Große Skandinavien-Reise ab Kiel 2,AIDAnova,2027-10-23,2027-11-06,14,NO,NOKEL14S,Kiel → Oslo → Kristiansand → Skagen → Kopenhagen → Arhus → Kiel → Bergen → Flam → Welterbe-aurlandsfjord-passa → Alesund → Stavanger → Kiel,,2026-10-08,2026-10-08
NO14271030,AIDA,14 Nächte - Große Norwegen-Reise ab Kiel,AIDAnova,2027-10-30,2027-11-13,14,NO,NOKEL14N,Kiel → Haugesund → Welterbe-aurlandsfjord-passa → Flam → Lustrafjord-passage → Bergen → Stavanger → Kiel → Skagen → Flam → Welterbe-aurlandsfjord-passa → Haugesund → Kristiansand → Kiel,,2026-10-08,2026-10-08
NO14271106,AIDA,14 Nächte - Große Norwegen-Reise ab Kiel,AIDAnova,2027-11-06,2027-11-20,14,NO,NOKEL14N,Kiel → Haugesund → Welterbe-aurlandsfjord-passa → Flam → Lustrafjord-passage → Bergen → Stavanger → Kiel → Skagen → Flam → Welterbe-aurlandsfjord-passa → Haugesund → Kristiansand → Kiel,,2026-10-08,2026-10-08
NO14271113,AIDA,14 Nächte - Metropolen & Südnorwegen ab Hamburg,AIDAnova,2027-11-13,2027-11-27,14,NO,NOHAM14W,Hamburg → Bergen → Stavanger → Kristiansand → Oslo → Hamburg → Southampton → Paris/le Havre → Zeebrügge → Rotterdam → Hamburg,,2026-10-08,2026-10-08
NO14271120,AIDA,14 Nächte - Metropolen & Südnorwegen ab Hamburg,AIDAnova,2027-11-20,2027-12-04,14,NO,NOHAM14W,Hamburg → Bergen → Stavanger → Kristiansand → Oslo → Hamburg → Southampton → Paris/le Havre → Zeebrügge → Rotterdam → Hamburg,,2026-10-08,2026-10-08
NO14271127,AIDA,14 Nächte - Metropolen & Skandinavien ab Hamburg,AIDAnova,2027-11-27,2027-12-11,14,NO,NOHAM14N,Hamburg → Southampton → Paris/le Havre → Zeebrügge → Rotterdam → Hamburg → Kopenhagen → Oslo → Kristiansand → Hamburg,,2026-10-08,2026-10-08
NO14271204,AIDA,14 Nächte - Metropolen & Skandinavien ab Hamburg,AIDAnova,2027-12-04,2027-12-18,14,NO,NOHAM14N,Hamburg → Southampton → Paris/le Havre → Zeebrügge → Rotterdam → Hamburg → Kopenhagen → Oslo → Kristiansand → Hamburg,,2026-10-08,2026-10-08
NO14280108,AIDA,14 Nächte - Metropolen & Skandinavien ab Hamburg,AIDAnova,2028-01-08,2028-01-22,14,NO,NOHAM14N,Hamburg → Southampton → Paris/le Havre → Zeebrügge → Rotterdam → Hamburg → Kopenhagen → Oslo → Kristiansand → Hamburg,,2026-10-08,2026-10-08
NO14280115,AIDA,14 Nächte - Metropolen & Skandinavien ab Hamburg,AIDAnova,2028-01-15,2028-01-29,14,NO,NOHAM14N,Hamburg → Southampton → Paris/le Havre → Zeebrügge → Rotterdam → Hamburg → Kopenhagen → Oslo → Kristiansand → Hamburg,,2026-10-08,2026-10-08
NO14280122,AIDA,14 Nächte - Metropolen & Südnorwegen ab Hamburg,AIDAnova,2028-01-22,2028-02-05,14,NO,NOHAM14W,Hamburg → Bergen → Stavanger → Kristiansand → Oslo → Hamburg → Southampton → Paris/le Havre → Zeebrügge → Rotterdam → Hamburg,,2026-10-08,2026-10-08
NO14280129,AIDA,14 Nächte - Metropolen & Südnorwegen ab Hamburg,AIDAnova,2028-01-29,2028-02-12,14,NO,NOHAM14W,Hamburg → Bergen → Stavanger → Kristiansand → Oslo → Hamburg → Southampton → Paris/le Havre → Zeebrügge → Rotterdam → Hamburg,,2026-10-08,2026-10-08
NO14280205,AIDA,14 Nächte - Metropolen & Südnorwegen ab Hamburg,AIDAnova,2028-02-05,2028-02-19,14,NO,NOHAM14W,Hamburg → Bergen → Stavanger → Kristiansand → Oslo → Hamburg → Southampton → Paris/le Havre → Zeebrügge → Rotterdam → Hamburg,,2026-10-08,2026-10-08
NO14280212,AIDA,14 Nächte - Metropolen & Südnorwegen ab Hamburg,AIDAnova,2028-02-12,2028-02-26,14,NO,NOHAM14W,Hamburg → Bergen → Stavanger → Kristiansand → Oslo → Hamburg → Southampton → Paris/le Havre → Zeebrügge → Rotterdam → Hamburg,,2026-10-08,2026-10-08
NO14280219,AIDA,14 Nächte - Metropolen & Südnorwegen ab Hamburg,AIDAnova,2028-02-19,2028-03-04,14,NO,NOHAM14W,Hamburg → Bergen → Stavanger → Kristiansand → Oslo → Hamburg → Southampton → Paris/le Havre → Zeebrügge → Rotterdam → Hamburg,,2026-10-08,2026-10-08
NO14280226,AIDA,14 Nächte - Metropolen & Südnorwegen ab Hamburg,AIDAnova,2028-02-26,2028-03-11,14,NO,NOHAM14W,Hamburg → Bergen → Stavanger → Kristiansand → Oslo → Hamburg → Southampton → Paris/le Havre → Zeebrügge → Rotterdam → Hamburg,,2026-10-08,2026-10-08
NO14280304,AIDA,14 Nächte - Metropolen & Südnorwegen ab Hamburg,AIDAnova,2028-03-04,2028-03-18,14,NO,NOHAM14W,Hamburg → Bergen → Stavanger → Kristiansand → Oslo → Hamburg → Southampton → Paris/le Havre → Zeebrügge → Rotterdam → Hamburg,,2026-10-08,2026-10-08
NO14280311,AIDA,14 Nächte - Metropolen & Südnorwegen ab Hamburg,AIDAnova,2028-03-11,2028-03-25,14,NO,NOHAM14W,Hamburg → Bergen → Stavanger → Kristiansand → Oslo → Hamburg → Southampton → Paris/le Havre → Zeebrügge → Rotterdam → Hamburg,,2026-10-08,2026-10-08
NO14280318,AIDA,14 Nächte - Metropolen & Südnorwegen ab Hamburg,AIDAnova,2028-03-18,2028-04-01,14,NO,NOHAM14W,Hamburg → Bergen → Stavanger → Kristiansand → Oslo → Hamburg → Southampton → Paris/le Havre → Zeebrügge → Rotterdam → Hamburg,,2026-10-08,2026-10-08
NO14280325,AIDA,14 Nächte - Metropolen & Südnorwegen ab Hamburg,AIDAnova,2028-03-25,2028-04-08,14,NO,NOHAM14W,Hamburg → Bergen → Stavanger → Kristiansand → Oslo → Hamburg → Southampton → Paris/le Havre → Zeebrügge → Rotterdam → Hamburg,,2026-10-08,2026-10-08
NO14280401,AIDA,14 Nächte - Metropolen & Südnorwegen ab Hamburg,AIDAnova,2028-04-01,2028-04-15,14,NO,NOHAM14W,Hamburg → Bergen → Stavanger → Kristiansand → Oslo → Hamburg → Southampton → Paris/le Havre → Zeebrügge → Rotterdam → Hamburg,,2026-10-08,2026-10-08
NO14280408,AIDA,14 Nächte - Große Norwegen-Reise ab Hamburg 2,AIDAnova,2028-04-08,2028-04-22,14,NO,NOHAM14N,Hamburg → Bergen → Stavanger → Kristiansand → Oslo → Hamburg → Bergen → Flam → Welterbe-aurlandsfjord-passa → Alesund → Stavanger → Hamburg,,2026-10-08,2026-10-08
NO14280415,AIDA,14 Nächte - Große Norwegen-Welterbe-Reise ab Hamburg,AIDAnova,2028-04-15,2028-04-29,14,NO,NOHAM14N,Hamburg → Bergen → Flam → Welterbe-aurlandsfjord-passa → Alesund → Stavanger → Hamburg → Bergen → Alesund → Geirangerfjord → Welterbe-geirangerfjord-pass → Stavanger → Hamburg,,2026-10-08,2026-10-08
NO14280422,AIDA,14 Nächte - Große Norwegen-Welterbe-Reise ab Hamburg,AIDAnova,2028-04-22,2028-05-06,14,NO,NOHAM14N,Hamburg → Bergen → Flam → Welterbe-aurlandsfjord-passa → Alesund → Stavanger → Hamburg → Bergen → Alesund → Geirangerfjord → Welterbe-geirangerfjord-pass → Stavanger → Hamburg,,2026-10-08,2026-10-08
NO14280429,AIDA,14 Nächte - Große Norwegen-Reise von Hamburg nach Kiel,AIDAnova,2028-04-29,2028-05-13,14,HA,HAMKEL14,Hamburg → Bergen → Flam → Welterbe-aurlandsfjord-passa → Alesund → Stavanger → Hamburg → Bergen → Flam → Welterbe-aurlandsfjord-passa → Alesund → Stavanger → Kiel,,2026-10-08,2026-10-08
NO14280506,AIDA,14 Nächte - Große Norwegen-Reise von Hamburg nach Kiel,AIDAnova,2028-05-06,2028-05-20,14,HA,HAMKEL14,Hamburg → Bergen → Flam → Welterbe-aurlandsfjord-passa → Alesund → Stavanger → Hamburg → Bergen → Flam → Welterbe-aurlandsfjord-passa → Alesund → Stavanger → Kiel,,2026-10-08,2026-10-08
NO14280513,AIDA,14 Nächte - Große Norwegen-Reise ab Kiel,AIDAnova,2028-05-13,2028-05-27,14,NO,NOKEL14N,Kiel → Haugesund → Welterbe-aurlandsfjord-passa → Flam → Lustrafjord-passage → Bergen → Stavanger → Kiel → Skagen → Flam → Welterbe-aurlandsfjord-passa → Haugesund → Kristiansand → Kiel,,2026-10-08,2026-10-08
NO14280520,AIDA,14 Nächte - Große Norwegen-Reise ab Kiel,AIDAnova,2028-05-20,2028-06-03,14,NO,NOKEL14N,Kiel → Haugesund → Welterbe-aurlandsfjord-passa → Flam → Lustrafjord-passage → Bergen → Stavanger → Kiel → Skagen → Flam → Welterbe-aurlandsfjord-passa → Haugesund → Kristiansand → Kiel,,2026-10-08,2026-10-08
NO14280610,AIDA,14 Nächte - Große Norwegen-Reise ab Kiel,AIDAnova,2028-06-10,2028-06-24,14,NO,NOKEL14N,Kiel → Haugesund → Welterbe-aurlandsfjord-passa → Flam → Lustrafjord-passage → Bergen → Stavanger → Kiel → Skagen → Flam → Welterbe-aurlandsfjord-passa → Haugesund → Kristiansand → Kiel,,2026-10-08,2026-10-08
NO14280617,AIDA,14 Nächte - Große Norwegen-Reise ab Kiel,AIDAnova,2028-06-17,2028-07-01,14,NO,NOKEL14N,Kiel → Haugesund → Welterbe-aurlandsfjord-passa → Flam → Lustrafjord-passage → Bergen → Stavanger → Kiel → Skagen → Flam → Welterbe-aurlandsfjord-passa → Haugesund → Kristiansand → Kiel,,2026-10-08,2026-10-08
NO14280624,AIDA,14 Nächte - Große Skandinavien-Reise ab Kiel,AIDAnova,2028-06-24,2028-07-08,14,NO,NOKEL14N,Kiel → Bergen → Flam → Welterbe-aurlandsfjord-passa → Alesund → Stavanger → Kiel → Oslo → Kristiansand → Skagen → Kopenhagen → Arhus → Kiel,,2026-10-08,2026-10-08
NO14280701,AIDA,14 Nächte - Große Skandinavien-Reise ab Kiel,AIDAnova,2028-07-01,2028-07-15,14,NO,NOKEL14N,Kiel → Bergen → Flam → Welterbe-aurlandsfjord-passa → Alesund → Stavanger → Kiel → Oslo → Kristiansand → Skagen → Kopenhagen → Arhus → Kiel,,2026-10-08,2026-10-08
NO14280708,AIDA,14 Nächte - Große Skandinavien-Reise ab Kiel,AIDAnova,2028-07-08,2028-07-22,14,NO,NOKEL14N,Kiel → Bergen → Flam → Welterbe-aurlandsfjord-passa → Alesund → Stavanger → Kiel → Oslo → Kristiansand → Skagen → Kopenhagen → Arhus → Kiel,,2026-10-08,2026-10-08
NO14280715,AIDA,14 Nächte - Große Skandinavien-Reise ab Kiel,AIDAnova,2028-07-15,2028-07-29,14,NO,NOKEL14N,Kiel → Bergen → Flam → Welterbe-aurlandsfjord-passa → Alesund → Stavanger → Kiel → Oslo → Kristiansand → Skagen → Kopenhagen → Arhus → Kiel,,2026-10-08,2026-10-08
NO14280722,AIDA,14 Nächte - Große Skandinavien-Reise ab Kiel,AIDAnova,2028-07-22,2028-08-05,14,NO,NOKEL14N,Kiel → Bergen → Flam → Welterbe-aurlandsfjord-passa → Alesund → Stavanger → Kiel → Oslo → Kristiansand → Skagen → Kopenhagen → Arhus → Kiel,,2026-10-08,2026-10-08
NO14280729,AIDA,14 Nächte - Große Skandinavien-Reise ab Kiel,AIDAnova,2028-07-29,2028-08-12,14,NO,NOKEL14N,Kiel → Bergen → Flam → Welterbe-aurlandsfjord-passa → Alesund → Stavanger → Kiel → Oslo → Kristiansand → Skagen → Kopenhagen → Arhus → Kiel,,2026-10-08,2026-10-08
NO14280805,AIDA,14 Nächte - Große Skandinavien-Reise ab Kiel,AIDAnova,2028-08-05,2028-08-19,14,NO,NOKEL14N,Kiel → Bergen → Flam → Welterbe-aurlandsfjord-passa → Alesund → Stavanger → Kiel → Oslo → Kristiansand → Skagen → Kopenhagen → Arhus → Kiel,,2026-10-08,2026-10-08
NO14280812,AIDA,14 Nächte - Große Skandinavien-Reise ab Kiel,AIDAnova,2028-08-12,2028-08-26,14,NO,NOKEL14N,Kiel → Bergen → Flam → Welterbe-aurlandsfjord-passa → Alesund → Stavanger → Kiel → Oslo → Kristiansand → Skagen → Kopenhagen → Arhus → Kiel,,2026-10-08,2026-10-08
NO14280819,AIDA,14 Nächte - Große Skandinavien-Reise ab Kiel,AIDAnova,2028-08-19,2028-09-02,14,NO,NOKEL14N,Kiel → Bergen → Flam → Welterbe-aurlandsfjord-passa → Alesund → Stavanger → Kiel → Oslo → Kristiansand → Skagen → Kopenhagen → Arhus → Kiel,,2026-10-08,2026-10-08
NO14280826,AIDA,14 Nächte - Große Skandinavien-Reise ab Kiel,AIDAnova,2028-08-26,2028-09-09,14,NO,NOKEL14N,Kiel → Bergen → Flam → Welterbe-aurlandsfjord-passa → Alesund → Stavanger → Kiel → Oslo → Kristiansand → Skagen → Kopenhagen → Arhus → Kiel,,2026-10-08,2026-10-08
NO14280902,AIDA,14 Nächte - Große Norwegen-Reise ab Kiel,AIDAnova,2028-09-02,2028-09-16,14,NO,NOKEL14N,Kiel → Haugesund → Welterbe-aurlandsfjord-passa → Flam → Lustrafjord-passage → Bergen → Stavanger → Kiel → Skagen → Flam → Welterbe-aurlandsfjord-passa → Haugesund → Kristiansand → Kiel,,2026-10-08,2026-10-08
NO14280909,AIDA,14 Nächte - Große Norwegen-Reise ab Kiel,AIDAnova,2028-09-09,2028-09-23,14,NO,NOKEL14N,Kiel → Haugesund → Welterbe-aurlandsfjord-passa → Flam → Lustrafjord-passage → Bergen → Stavanger → Kiel → Skagen → Flam → Welterbe-aurlandsfjord-passa → Haugesund → Kristiansand → Kiel,,2026-10-08,2026-10-08
NO14280930,AIDA,14 Nächte - Große Skandinavien-Reise ab Kiel,AIDAnova,2028-09-30,2028-10-14,14,NO,NOKEL14N,Kiel → Bergen → Flam → Welterbe-aurlandsfjord-passa → Alesund → Stavanger → Kiel → Oslo → Kristiansand → Skagen → Kopenhagen → Arhus → Kiel,,2026-10-08,2026-10-08
NO14281007,AIDA,14 Nächte - Große Skandinavien-Reise ab Kiel,AIDAnova,2028-10-07,2028-10-21,14,NO,NOKEL14N,Kiel → Bergen → Flam → Welterbe-aurlandsfjord-passa → Alesund → Stavanger → Kiel → Oslo → Kristiansand → Skagen → Kopenhagen → Arhus → Kiel,,2026-10-08,2026-10-08
NO14281014,AIDA,14 Nächte - Große Skandinavien-Reise ab Kiel,AIDAnova,2028-10-14,2028-10-28,14,NO,NOKEL14N,Kiel → Bergen → Flam → Welterbe-aurlandsfjord-passa → Alesund → Stavanger → Kiel → Oslo → Kristiansand → Skagen → Kopenhagen → Arhus → Kiel,,2026-10-08,2026-10-08
NO14281021,AIDA,14 Nächte - Große Skandinavien-Reise ab Kiel,AIDAnova,2028-10-21,2028-11-04,14,NO,NOKEL14N,Kiel → Bergen → Flam → Welterbe-aurlandsfjord-passa → Alesund → Stavanger → Kiel → Oslo → Kristiansand → Skagen → Kopenhagen → Arhus → Kiel,,2026-10-08,2026-10-08
NO16271223,AIDA,16 Nächte - Feiertagsreise Metropolen & Skandinavien,AIDAnova,2027-12-23,2028-01-08,16,NO,NOHAM16N,Hamburg → Rotterdam → Zeebrügge → Cherbourg → Paris/le Havre → Hamburg → Kristiansand → Oslo → Skagen → Arhus → Kopenhagen → Hamburg,,2026-10-08,2026-10-08
PE03271211,AIDA,3 Nächte - Minikreuzfahrt nach Dänemark ab Kiel,AIDAperla,2027-12-11,2027-12-14,3,NO,NOKEL03N,Kiel → Kopenhagen → Arhus → Kiel,,2026-10-08,2026-10-08
PE04280201,AIDA,4 Nächte - Kurzreise nach Dänemark ab Kiel,AIDAperla,2028-02-01,2028-02-05,4,NO,NOKEL04N,Kiel → Kopenhagen → Arhus → Kiel,,2026-10-08,2026-10-08
PE05261031,AIDA,5 Nächte - Schlager @ AIDA,AIDAperla,2026-10-31,2026-11-05,5,NO,NOHAM05W,Hamburg → Zeebrügge → Rotterdam → Hamburg,,2026-10-08,2026-10-08
PE05270524,AIDA,5 Nächte - FESTIVAL Cruise,AIDAperla,2027-05-24,2027-05-29,5,NO,NOHAM05N,Hamburg → Göteborg → Kopenhagen → Hamburg,,2026-10-08,2026-10-08
PE05271223,AIDA,5 Nächte - Kurzreise über Weihnachten ab Kiel,AIDAperla,2027-12-23,2027-12-28,5,NO,NOKEL05N,Kiel → Kopenhagen → Kristiansand → Arhus → Kiel,,2026-10-08,2026-10-08
PE05271228,AIDA,5 Nächte - Kurzreise über Silvester ab Kiel,AIDAperla,2027-12-28,2028-01-02,5,NO,NOKEL05N,Kiel → Kopenhagen → Oslofjord-passage → Oslo → Kiel,,2026-10-08,2026-10-08
PE05280311,AIDA,5 Nächte - Kurzreise nach Oslo ab Kiel,AIDAperla,2028-03-11,2028-03-16,5,NO,NOKEL05N,Kiel → Arhus → Oslo → Oslofjord-passage → Kiel,,2026-10-08,2026-10-08
PE05280316,AIDA,5 Nächte - Kurzreise zum Biathlon-Weltcup in Oslo ab Kiel,AIDAperla,2028-03-16,2028-03-21,5,NO,NOKEL05N,Kiel → Arhus → Oslo → Oslofjord-passage → Kiel,,2026-10-08,2026-10-08
PE06271121,AIDA,6 Nächte - Polen & Dänemark ab Kiel,AIDAperla,2027-11-21,2027-11-27,6,BA,BAKEL06C,Kiel → Danzig/gdynia → Kopenhagen → Arhus → Kiel,,2026-10-08,2026-10-08
PE06280102,AIDA,6 Nächte - Polen & Dänemark ab Kiel,AIDAperla,2028-01-02,2028-01-08,6,BA,BAKEL06C,Kiel → Danzig/gdynia → Kopenhagen → Arhus → Kiel,,2026-10-08,2026-10-08
PE06280430,AIDA,6 Nächte - Skandinavische Highlights ab Kiel 3,AIDAperla,2028-04-30,2028-05-06,6,NO,NOKEL06N,Kiel → Kristiansand → Oslo → Oslofjord-passage → Skagen → Arhus → Kiel,,2026-10-08,2026-10-08
PE06280604,AIDA,6 Nächte - Norwegen ab Hamburg 3,AIDAperla,2028-06-04,2028-06-10,6,NO,NOHAM06F,Hamburg → Alesund → Nordfjordeid → Stavanger → Hamburg,,2026-10-08,2026-10-08
PE07261024,AIDA,7 Nächte - Norwegen ab Hamburg,AIDAperla,2026-10-24,2026-10-31,7,NO,NOHAM07N,Hamburg → Eidfjord → Bergen → Alesund → Stavanger → Hamburg,,2026-10-08,2026-10-08
PE07270529,AIDA,7 Nächte - Metropolen ab Hamburg,AIDAperla,2027-05-29,2027-06-05,7,NO,NOHAM07W,Hamburg → Southampton → Paris/le Havre → Zeebrügge → Rotterdam → Hamburg,,2026-10-08,2026-10-08
PE07270605,AIDA,7 Nächte - Norwegen ab Hamburg,AIDAperla,2027-06-05,2027-06-12,7,NO,NOHAM07N,Hamburg → Eidfjord → Bergen → Alesund → Stavanger → Hamburg,,2026-10-08,2026-10-08
PE07270612,AIDA,7 Nächte - Metropolen ab Hamburg,AIDAperla,2027-06-12,2027-06-19,7,NO,NOHAM07W,Hamburg → Southampton → Paris/le Havre → Zeebrügge → Rotterdam → Hamburg,,2026-10-08,2026-10-08
PE07270619,AIDA,7 Nächte - Norwegen ab Hamburg,AIDAperla,2027-06-19,2027-06-26,7,NO,NOHAM07N,Hamburg → Eidfjord → Bergen → Alesund → Stavanger → Hamburg,,2026-10-08,2026-10-08
PE07270626,AIDA,7 Nächte - Metropolen ab Hamburg,AIDAperla,2027-06-26,2027-07-03,7,NO,NOHAM07W,Hamburg → Southampton → Paris/le Havre → Zeebrügge → Rotterdam → Hamburg,,2026-10-08,2026-10-08
PE07270703,AIDA,7 Nächte - Norwegen ab Hamburg,AIDAperla,2027-07-03,2027-07-10,7,NO,NOHAM07N,Hamburg → Eidfjord → Bergen → Alesund → Stavanger → Hamburg,,2026-10-08,2026-10-08
PE07270710,AIDA,7 Nächte - Metropolen ab Hamburg,AIDAperla,2027-07-10,2027-07-17,7,NO,NOHAM07W,Hamburg → Southampton → Paris/le Havre → Zeebrügge → Rotterdam → Hamburg,,2026-10-08,2026-10-08
PE07270717,AIDA,7 Nächte - Norwegen ab Hamburg,AIDAperla,2027-07-17,2027-07-24,7,NO,NOHAM07N,Hamburg → Eidfjord → Bergen → Alesund → Stavanger → Hamburg,,2026-10-08,2026-10-08
PE07270724,AIDA,7 Nächte - Metropolen ab Hamburg,AIDAperla,2027-07-24,2027-07-31,7,NO,NOHAM07W,Hamburg → Southampton → Paris/le Havre → Zeebrügge → Rotterdam → Hamburg,,2026-10-08,2026-10-08
PE07270731,AIDA,7 Nächte - Norwegen ab Hamburg,AIDAperla,2027-07-31,2027-08-07,7,NO,NOHAM07N,Hamburg → Eidfjord → Bergen → Alesund → Stavanger → Hamburg,,2026-10-08,2026-10-08
PE07270807,AIDA,7 Nächte - Metropolen ab Hamburg,AIDAperla,2027-08-07,2027-08-14,7,NO,NOHAM07W,Hamburg → Southampton → Paris/le Havre → Zeebrügge → Rotterdam → Hamburg,,2026-10-08,2026-10-08
PE07270814,AIDA,7 Nächte - Norwegen ab Hamburg,AIDAperla,2027-08-14,2027-08-21,7,NO,NOHAM07N,Hamburg → Eidfjord → Bergen → Alesund → Stavanger → Hamburg,,2026-10-08,2026-10-08
PE07270821,AIDA,7 Nächte - Metropolen ab Hamburg,AIDAperla,2027-08-21,2027-08-28,7,NO,NOHAM07W,Hamburg → Southampton → Paris/le Havre → Zeebrügge → Rotterdam → Hamburg,,2026-10-08,2026-10-08
PE07270828,AIDA,7 Nächte - Norwegen ab Hamburg,AIDAperla,2027-08-28,2027-09-04,7,NO,NOHAM07N,Hamburg → Eidfjord → Bergen → Alesund → Stavanger → Hamburg,,2026-10-08,2026-10-08
PE07270904,AIDA,7 Nächte - Metropolen ab Hamburg,AIDAperla,2027-09-04,2027-09-11,7,NO,NOHAM07W,Hamburg → Southampton → Paris/le Havre → Zeebrügge → Rotterdam → Hamburg,,2026-10-08,2026-10-08
PE07270911,AIDA,7 Nächte - Norwegen ab Hamburg,AIDAperla,2027-09-11,2027-09-18,7,NO,NOHAM07N,Hamburg → Eidfjord → Bergen → Alesund → Stavanger → Hamburg,,2026-10-08,2026-10-08
PE07270918,AIDA,7 Nächte - Metropolen ab Hamburg,AIDAperla,2027-09-18,2027-09-25,7,NO,NOHAM07W,Hamburg → Southampton → Paris/le Havre → Zeebrügge → Rotterdam → Hamburg,,2026-10-08,2026-10-08
PE07270925,AIDA,7 Nächte - Norwegen ab Hamburg,AIDAperla,2027-09-25,2027-10-02,7,NO,NOHAM07N,Hamburg → Eidfjord → Bergen → Alesund → Stavanger → Hamburg,,2026-10-08,2026-10-08
PE07271002,AIDA,7 Nächte - Metropolen ab Hamburg,AIDAperla,2027-10-02,2027-10-09,7,NO,NOHAM07W,Hamburg → Southampton → Paris/le Havre → Zeebrügge → Rotterdam → Hamburg,,2026-10-08,2026-10-08
PE07271009,AIDA,7 Nächte - Norwegen ab Hamburg,AIDAperla,2027-10-09,2027-10-16,7,NO,NOHAM07N,Hamburg → Eidfjord → Bergen → Alesund → Stavanger → Hamburg,,2026-10-08,2026-10-08
PE07271016,AIDA,7 Nächte - Metropolen ab Hamburg,AIDAperla,2027-10-16,2027-10-23,7,NO,NOHAM07W,Hamburg → Southampton → Paris/le Havre → Zeebrügge → Rotterdam → Hamburg,,2026-10-08,2026-10-08
PE07271023,AIDA,7 Nächte - Norwegen ab Hamburg,AIDAperla,2027-10-23,2027-10-30,7,NO,NOHAM07N,Hamburg → Eidfjord → Bergen → Alesund → Stavanger → Hamburg,,2026-10-08,2026-10-08
PE07271030,AIDA,7 Nächte - Metropolen ab Hamburg,AIDAperla,2027-10-30,2027-11-06,7,NO,NOHAM07W,Hamburg → Southampton → Paris/le Havre → Zeebrügge → Rotterdam → Hamburg,,2026-10-08,2026-10-08
PE07271106,AIDA,7 Nächte - Norwegen von Hamburg nach Kiel,AIDAperla,2027-11-06,2027-11-13,7,HA,HAMKEL07,Hamburg → Stavanger → Eidfjord → Bergen → Kristiansand → Kiel,,2026-10-08,2026-10-08
PE07271127,AIDA,7 Nächte - Südnorwegen ab Kiel,AIDAperla,2027-11-27,2027-12-04,7,KE,KELHAM07,Kiel → Bergen → Stavanger → Kristiansand → Oslo → Hamburg,,2026-10-08,2026-10-08
PE07271204,AIDA,7 Nächte - Weihnachtsmärkte in der Ostsee ab Kiel 1,AIDAperla,2027-12-04,2027-12-11,7,BA,BAKEL07,Kiel → Tallinn → Helsinki → Stockholm → Schärengarten-passage → Kiel,,2026-10-08,2026-10-08
PE07280205,AIDA,7 Nächte - Südnorwegen ab Kiel,AIDAperla,2028-02-05,2028-02-12,7,KE,KELHAM07,Kiel → Bergen → Stavanger → Kristiansand → Oslo → Hamburg,,2026-10-08,2026-10-08
PE07280212,AIDA,"7 Nächte - Schweden, Polen & Dänemark ab Kiel 1",AIDAperla,2028-02-12,2028-02-19,7,BA,BAKEL07C,Kiel → Visby → Danzig/gdynia → Kopenhagen → Arhus → Kiel,,2026-10-08,2026-10-08
PE07280219,AIDA,7 Nächte - Südnorwegen ab Kiel,AIDAperla,2028-02-19,2028-02-26,7,KE,KELHAM07,Kiel → Bergen → Stavanger → Kristiansand → Oslo → Hamburg,,2026-10-08,2026-10-08
PE07280226,AIDA,"7 Nächte - Schweden, Polen & Dänemark ab Kiel 1",AIDAperla,2028-02-26,2028-03-04,7,BA,BAKEL07C,Kiel → Visby → Danzig/gdynia → Kopenhagen → Arhus → Kiel,,2026-10-08,2026-10-08
PE07280304,AIDA,7 Nächte - Norwegen ab Kiel 1,AIDAperla,2028-03-04,2028-03-11,7,NO,NOKEL07N,Kiel → Eidfjord → Bergen → Alesund → Stavanger → Kiel,,2026-10-08,2026-10-08
PE07280401,AIDA,7 Nächte - Norwegen ab Kiel 1,AIDAperla,2028-04-01,2028-04-08,7,NO,NOKEL07N,Kiel → Eidfjord → Bergen → Alesund → Stavanger → Kiel,,2026-10-08,2026-10-08
PE07280408,AIDA,7 Nächte - Ostsee ab Kiel 1,AIDAperla,2028-04-08,2028-04-15,7,BA,BAKEL07,Kiel → Tallinn → Helsinki → Stockholm → Schärengarten-passage → Kiel,,2026-10-08,2026-10-08
PE07280415,AIDA,7 Nächte - Skandinavische Highlights ab Kiel 1,AIDAperla,2028-04-15,2028-04-22,7,NO,NOKEL06N,Kiel → Oslofjord-passage → Oslo → Göteborg → Kopenhagen → Arhus → Kiel,,2026-10-08,2026-10-08
PE07280528,AIDA,7 Nächte - Norwegen ab Hamburg 1,AIDAperla,2028-05-28,2028-06-04,7,NO,NOHAM07N,Hamburg → Alesund → Nordfjordeid → Molde → Maloy → Hamburg,,2026-10-08,2026-10-08
PE07280610,AIDA,7 Nächte - Metropolen ab Hamburg,AIDAperla,2028-06-10,2028-06-17,7,NO,NOHAM07W,Hamburg → Southampton → Paris/le Havre → Zeebrügge → Rotterdam → Hamburg,,2026-10-08,2026-10-08
PE07280617,AIDA,7 Nächte - Norwegen ab Hamburg 1,AIDAperla,2028-06-17,2028-06-24,7,NO,NOHAM07N,Hamburg → Alesund → Nordfjordeid → Molde → Maloy → Hamburg,,2026-10-08,2026-10-08
PE07280624,AIDA,7 Nächte - Norwegen ab Hamburg 2,AIDAperla,2028-06-24,2028-07-01,7,NO,NOHAM07N,Hamburg → Maloy → Alesund → Molde → Eidfjord → Hamburg,,2026-10-08,2026-10-08
PE07280701,AIDA,7 Nächte - Norwegen ab Hamburg 1,AIDAperla,2028-07-01,2028-07-08,7,NO,NOHAM07N,Hamburg → Alesund → Nordfjordeid → Molde → Maloy → Hamburg,,2026-10-08,2026-10-08
PE07280708,AIDA,7 Nächte - Metropolen ab Hamburg,AIDAperla,2028-07-08,2028-07-15,7,NO,NOHAM07W,Hamburg → Southampton → Paris/le Havre → Zeebrügge → Rotterdam → Hamburg,,2026-10-08,2026-10-08
PE07280715,AIDA,7 Nächte - Norwegen ab Hamburg 1,AIDAperla,2028-07-15,2028-07-22,7,NO,NOHAM07N,Hamburg → Alesund → Nordfjordeid → Molde → Maloy → Hamburg,,2026-10-08,2026-10-08
PE07280722,AIDA,7 Nächte - Metropolen ab Hamburg,AIDAperla,2028-07-22,2028-07-29,7,NO,NOHAM07W,Hamburg → Southampton → Paris/le Havre → Zeebrügge → Rotterdam → Hamburg,,2026-10-08,2026-10-08
PE07280729,AIDA,7 Nächte - Norwegen ab Hamburg 1,AIDAperla,2028-07-29,2028-08-05,7,NO,NOHAM07N,Hamburg → Alesund → Nordfjordeid → Molde → Maloy → Hamburg,,2026-10-08,2026-10-08
PE07280805,AIDA,7 Nächte - Metropolen ab Hamburg,AIDAperla,2028-08-05,2028-08-12,7,NO,NOHAM07W,Hamburg → Southampton → Paris/le Havre → Zeebrügge → Rotterdam → Hamburg,,2026-10-08,2026-10-08
PE07280812,AIDA,7 Nächte - Norwegen ab Hamburg 1,AIDAperla,2028-08-12,2028-08-19,7,NO,NOHAM07N,Hamburg → Alesund → Nordfjordeid → Molde → Maloy → Hamburg,,2026-10-08,2026-10-08
PE07280819,AIDA,7 Nächte - Metropolen ab Hamburg,AIDAperla,2028-08-19,2028-08-26,7,NO,NOHAM07W,Hamburg → Southampton → Paris/le Havre → Zeebrügge → Rotterdam → Hamburg,,2026-10-08,2026-10-08
PE07280826,AIDA,7 Nächte - Norwegen ab Hamburg 1,AIDAperla,2028-08-26,2028-09-02,7,NO,NOHAM07N,Hamburg → Alesund → Nordfjordeid → Molde → Maloy → Hamburg,,2026-10-08,2026-10-08
PE07280902,AIDA,7 Nächte - Metropolen ab Hamburg,AIDAperla,2028-09-02,2028-09-09,7,NO,NOHAM07W,Hamburg → Southampton → Paris/le Havre → Zeebrügge → Rotterdam → Hamburg,,2026-10-08,2026-10-08
PE07280909,AIDA,7 Nächte - Norwegen ab Hamburg 1,AIDAperla,2028-09-09,2028-09-16,7,NO,NOHAM07N,Hamburg → Alesund → Nordfjordeid → Molde → Maloy → Hamburg,,2026-10-08,2026-10-08
PE07280916,AIDA,7 Nächte - Metropolen ab Hamburg,AIDAperla,2028-09-16,2028-09-23,7,NO,NOHAM07W,Hamburg → Southampton → Paris/le Havre → Zeebrügge → Rotterdam → Hamburg,,2026-10-08,2026-10-08
PE07280923,AIDA,7 Nächte - Norwegen ab Hamburg 1,AIDAperla,2028-09-23,2028-09-30,7,NO,NOHAM07N,Hamburg → Alesund → Nordfjordeid → Molde → Maloy → Hamburg,,2026-10-08,2026-10-08
PE07280930,AIDA,7 Nächte - Norwegen ab Hamburg 2,AIDAperla,2028-09-30,2028-10-07,7,NO,NOHAM07N,Hamburg → Maloy → Alesund → Molde → Eidfjord → Hamburg,,2026-10-08,2026-10-08
PE07281007,AIDA,7 Nächte - Norwegen ab Hamburg 1,AIDAperla,2028-10-07,2028-10-14,7,NO,NOHAM07N,Hamburg → Alesund → Nordfjordeid → Molde → Maloy → Hamburg,,2026-10-08,2026-10-08
PE07281014,AIDA,7 Nächte - Metropolen ab Hamburg,AIDAperla,2028-10-14,2028-10-21,7,NO,NOHAM07W,Hamburg → Southampton → Paris/le Havre → Zeebrügge → Rotterdam → Hamburg,,2026-10-08,2026-10-08
PE07281021,AIDA,7 Nächte - Norwegen ab Hamburg 1,AIDAperla,2028-10-21,2028-10-28,7,NO,NOHAM07N,Hamburg → Alesund → Nordfjordeid → Molde → Maloy → Hamburg,,2026-10-08,2026-10-08
PE08271113,AIDA,8 Nächte - Ostsee mit Lichterfest in Riga ab Kiel,AIDAperla,2027-11-13,2027-11-21,8,BA,BAKEL08,Kiel → Riga → Tallinn → Helsinki → Visby → Kiel,,2026-10-08,2026-10-08
PE08280422,AIDA,8 Nächte - Ostsee ab Kiel 2,AIDAperla,2028-04-22,2028-04-30,8,BA,BAKEL08,Kiel → Tallinn → Helsinki → Stockholm → Schärengarten-passage → Visby → Kiel,,2026-10-08,2026-10-08
PE08280516,AIDA,8 Nächte - Ostsee ab Kiel 2,AIDAperla,2028-05-16,2028-05-24,8,BA,BAKEL08,Kiel → Tallinn → Helsinki → Stockholm → Schärengarten-passage → Visby → Kiel,,2026-10-08,2026-10-08
PE09261105,AIDA,9 Nächte - Westeuropa-Highlights ab Hamburg 2,AIDAperla,2026-11-05,2026-11-14,9,HA,HAMLPA12,Hamburg → Southampton → Gijon → La Coruna → Porto/leixoes → Lissabon → Funchal/madeira → Santa Cruz/la Palma → Santa Cruz de Tenerife → Las Palmas/gran Canaria,,2026-10-08,2026-10-08
PE09271214,AIDA,9 Nächte - Weihnachtsmärkte in der Ostsee ab Kiel 2,AIDAperla,2027-12-14,2027-12-23,9,BA,BAKEL09,Kiel → Riga → Tallinn → Helsinki → Stockholm → Schärengarten-passage → Kiel,,2026-10-08,2026-10-08
PE10270502,AIDA,10 Nächte - Mediterrane Highlights ab Mallorca 2,AIDAperla,2027-05-02,2027-05-12,10,WM,WMPMI10C,Palma → Cagliari → Neapel → Rom/civitavecchia → Florenz/la Spezia → Ajaccio/korsika → Barcelona → Palma,,2026-10-08,2026-10-08
PE10271204,AIDA,10 Nächte - Skandinavische Highlights im Advent ab Kiel 2,AIDAperla,2027-12-04,2027-12-14,10,BA,BAKEL10,Kiel → Tallinn → Helsinki → Stockholm → Schärengarten-passage → Kiel → Kopenhagen → Arhus → Kiel,,2026-10-08,2026-10-08
PE10271223,AIDA,10 Nächte - Feiertagsreise nach Skandinavien ab Kiel,AIDAperla,2027-12-23,2028-01-02,10,NO,NOKEL10N,Kiel → Kopenhagen → Kristiansand → Arhus → Kiel → Kopenhagen → Oslofjord-passage → Oslo → Kiel,,2026-10-08,2026-10-08
PE10280311,AIDA,10 Nächte - Wintersport-Highlights in Oslo ab Kiel,AIDAperla,2028-03-11,2028-03-21,10,NO,NOKEL10N,Kiel → Arhus → Oslo → Oslofjord-passage → Kiel → Arhus → Oslo → Oslofjord-passage → Kiel,,2026-10-08,2026-10-08
PE10280506,AIDA,10 Nächte - Highlights der Ostsee ab Kiel,AIDAperla,2028-05-06,2028-05-16,10,BA,BAKEL10,Kiel → Riga → Tallinn → Helsinki → Schärengarten-passage → Stockholm → Visby → Kopenhagen → Kiel,,2026-10-08,2026-10-08
PE11270323,AIDA,11 Nächte - Osterreise Kanaren & Andalusien ab Teneriffa,AIDAperla,2027-03-23,2027-04-03,11,SC,SCTPMI11,Santa Cruz de Tenerife → Santa Cruz/la Palma → Funchal/madeira → Lissabon → Sevilla/cadiz → Malaga → Barcelona → Palma,,2026-10-08,2026-10-08
PE11271228,AIDA,11 Nächte - Silvesterreise nach Skandinavien ab Kiel,AIDAperla,2027-12-28,2028-01-08,11,NO,NOKEL11N,Kiel → Kopenhagen → Oslofjord-passage → Oslo → Kiel → Danzig/gdynia → Kopenhagen → Arhus → Kiel,,2026-10-08,2026-10-08
PE11280201,AIDA,11 Nächte - Dänemark & Norwegen ab Kiel,AIDAperla,2028-02-01,2028-02-12,11,NO,NOKEL10N,Kiel → Kopenhagen → Arhus → Kiel → Bergen → Flam → Welterbe-aurlandsfjord-passa → Alesund → Stavanger → Kiel,,2026-10-08,2026-10-08
PE11280321,AIDA,11 Nächte - Highlights der Ostsee ab Kiel 1,AIDAperla,2028-03-21,2028-04-01,11,BA,BAKEL11,Kiel → Riga → Tallinn → Helsinki → Stockholm → Schärengarten-passage → Visby → Danzig/gdynia → Kiel,,2026-10-08,2026-10-08
PE12261114,AIDA,12 Nächte - Von Gran Canaria in die Dominikanische Republik,AIDAperla,2026-11-14,2026-11-26,12,LP,LPALRM12,Las Palmas/gran Canaria → Santa Cruz/la Palma → St.johns → Basseterre → Philipsburg → La Romana/dom. Republik,,2026-10-08,2026-10-08
PE12270311,AIDA,12 Nächte - Von Barbados nach Teneriffa,AIDAperla,2027-03-11,2027-03-23,12,BG,BGISCT12,Bridgetown/barbados → Castries → St.johns → Basseterre → Santa Cruz/la Palma → Las Palmas/gran Canaria → Santa Cruz de Tenerife,,2026-10-08,2026-10-08
PE12270322,AIDA,12 Nächte - Osterreise Kanaren & Andalusien ab Gran Canaria 1,AIDAperla,2027-03-22,2027-04-03,12,LP,LPAPMI12,Las Palmas/gran Canaria → Santa Cruz de Tenerife → Santa Cruz/la Palma → Funchal/madeira → Lissabon → Sevilla/cadiz → Malaga → Barcelona → Palma,,2026-10-08,2026-10-08
PE12270512,AIDA,12 Nächte - Von Mallorca über Portugal nach Hamburg,AIDAperla,2027-05-12,2027-05-24,12,PM,PMIHAM12,Palma → Alicante → Lissabon → Porto/leixoes → La Coruna → Paris/le Havre → Zeebrügge → Rotterdam → Hamburg,,2026-10-08,2026-10-08
PE12271211,AIDA,12 Nächte - Skandinavische Highlights im Advent ab Kiel 1,AIDAperla,2027-12-11,2027-12-23,12,BA,BAKEL12,Kiel → Kopenhagen → Arhus → Kiel → Riga → Tallinn → Helsinki → Stockholm → Schärengarten-passage → Kiel,,2026-10-08,2026-10-08
PE12280108,AIDA,12 Nächte - Europas Atlantikküste ab Kiel,AIDAperla,2028-01-08,2028-01-20,12,KE,KELLPA12,Kiel → Paris/le Havre → Gijon → La Coruna → Lissabon → Funchal/madeira → Puerto del Rosario → Las Palmas/gran Canaria,,2026-10-08,2026-10-08
PE12280120,AIDA,12 Nächte - Europas Atlantikküste ab Teneriffa,AIDAperla,2028-01-20,2028-02-01,12,SC,SCTKEL12,Santa Cruz de Tenerife → Santa Cruz/la Palma → Funchal/madeira → Lissabon → Porto/leixoes → La Coruna → Paris/le Havre → Kiel,,2026-10-08,2026-10-08
PE12280304,AIDA,12 Nächte - Norwegen ab Kiel 2,AIDAperla,2028-03-04,2028-03-16,12,NO,NOKEL12N,Kiel → Eidfjord → Bergen → Alesund → Stavanger → Kiel → Arhus → Oslo → Oslofjord-passage → Kiel,,2026-10-08,2026-10-08
PE13271121,AIDA,13 Nächte - Ostsee & Norwegen ab Kiel 2,AIDAperla,2027-11-21,2027-12-04,13,NO,NOKEL13N,Kiel → Danzig/gdynia → Kopenhagen → Arhus → Kiel → Bergen → Stavanger → Kristiansand → Oslo → Kiel,,2026-10-08,2026-10-08
PE13280528,AIDA,13 Nächte - Große Norwegen-Reise ab Hamburg 3,AIDAperla,2028-05-28,2028-06-10,13,NO,NOHAM13N,Hamburg → Alesund → Nordfjordeid → Molde → Maloy → Hamburg → Alesund → Nordfjordeid → Stavanger → Hamburg,,2026-10-08,2026-10-08
PE13280604,AIDA,13 Nächte - Metropolen & Norwegen ab Hamburg 2,AIDAperla,2028-06-04,2028-06-17,13,NO,NOHAM13N,Hamburg → Alesund → Nordfjordeid → Stavanger → Hamburg → Southampton → Paris/le Havre → Zeebrügge → Rotterdam → Hamburg,,2026-10-08,2026-10-08
PE14261126,AIDA,14 Nächte - Karibische Inseln ab Dominikanische Republik,AIDAperla,2026-11-26,2026-12-10,14,CB,CBLRM14I,La Romana/dom. Republik → Willemstad → Kralendijk → Oranjestad → Bridgetown/barbados → Kingstown → Castries → Pointe A Pitre → Rouseau → St.johns → La Romana/dom. Republik,,2026-10-08,2026-10-08
PE14261203,AIDA,14 Nächte - Karibische Inseln ab Barbados,AIDAperla,2026-12-03,2026-12-17,14,CB,CBBGI14I,Bridgetown/barbados → Kralendijk → Willemstad → Oranjestad → La Romana/dom. Republik → St.johns → Basseterre → Philipsburg → Roadtown → Samana → Montego Bay/jamaika,,2026-10-08,2026-10-08
PE14261210,AIDA,14 Nächte - Karibische Inseln ab Dominikanische Republik,AIDAperla,2026-12-10,2026-12-24,14,CB,CBLRM14I,La Romana/dom. Republik → Willemstad → Kralendijk → Oranjestad → Bridgetown/barbados → Kingstown → Castries → Pointe A Pitre → Rouseau → St.johns → La Romana/dom. Republik,,2026-10-08,2026-10-08
PE14261217,AIDA,14 Nächte - Karibische Inseln ab Barbados,AIDAperla,2026-12-17,2026-12-31,14,CB,CBBGI14I,Bridgetown/barbados → Kralendijk → Willemstad → Oranjestad → La Romana/dom. Republik → St.johns → Basseterre → Philipsburg → Roadtown → Samana → Montego Bay/jamaika,,2026-10-08,2026-10-08
PE14261224,AIDA,14 Nächte - Karibische Inseln ab Dominikanische Republik,AIDAperla,2026-12-24,2027-01-07,14,CB,CBLRM14I,La Romana/dom. Republik → Willemstad → Kralendijk → Oranjestad → Bridgetown/barbados → Kingstown → Castries → Pointe A Pitre → Rouseau → St.johns → La Romana/dom. Republik,,2026-10-08,2026-10-08
PE14261231,AIDA,14 Nächte - Karibische Inseln ab Barbados,AIDAperla,2026-12-31,2027-01-14,14,CB,CBBGI14I,Bridgetown/barbados → Kralendijk → Willemstad → Oranjestad → La Romana/dom. Republik → St.johns → Basseterre → Philipsburg → Roadtown → Samana → Montego Bay/jamaika,,2026-10-08,2026-10-08
PE14270107,AIDA,14 Nächte - Karibische Inseln ab Dominikanische Republik,AIDAperla,2027-01-07,2027-01-21,14,CB,CBLRM14I,La Romana/dom. Republik → Willemstad → Kralendijk → Oranjestad → Bridgetown/barbados → Kingstown → Castries → Pointe A Pitre → Rouseau → St.johns → La Romana/dom. Republik,,2026-10-08,2026-10-08
PE14270114,AIDA,14 Nächte - Karibische Inseln ab Barbados,AIDAperla,2027-01-14,2027-01-28,14,CB,CBBGI14I,Bridgetown/barbados → Kralendijk → Willemstad → Oranjestad → La Romana/dom. Republik → St.johns → Basseterre → Philipsburg → Roadtown → Samana → Montego Bay/jamaika,,2026-10-08,2026-10-08
PE14270121,AIDA,14 Nächte - Karibische Inseln ab Dominikanische Republik,AIDAperla,2027-01-21,2027-02-04,14,CB,CBLRM14I,La Romana/dom. Republik → Willemstad → Kralendijk → Oranjestad → Bridgetown/barbados → Kingstown → Castries → Pointe A Pitre → Rouseau → St.johns → La Romana/dom. Republik,,2026-10-08,2026-10-08
PE14270128,AIDA,14 Nächte - Karibische Inseln ab Barbados,AIDAperla,2027-01-28,2027-02-11,14,CB,CBBGI14I,Bridgetown/barbados → Kralendijk → Willemstad → Oranjestad → La Romana/dom. Republik → St.johns → Basseterre → Philipsburg → Roadtown → Samana → Montego Bay/jamaika,,2026-10-08,2026-10-08
PE14270204,AIDA,14 Nächte - Karibische Inseln ab Dominikanische Republik,AIDAperla,2027-02-04,2027-02-18,14,CB,CBLRM14I,La Romana/dom. Republik → Willemstad → Kralendijk → Oranjestad → Bridgetown/barbados → Kingstown → Castries → Pointe A Pitre → Rouseau → St.johns → La Romana/dom. Republik,,2026-10-08,2026-10-08
PE14270211,AIDA,14 Nächte - Karibische Inseln ab Barbados,AIDAperla,2027-02-11,2027-02-25,14,CB,CBBGI14I,Bridgetown/barbados → Kralendijk → Willemstad → Oranjestad → La Romana/dom. Republik → St.johns → Basseterre → Philipsburg → Roadtown → Samana → Montego Bay/jamaika,,2026-10-08,2026-10-08
PE14270218,AIDA,14 Nächte - Karibische Inseln ab Dominikanische Republik,AIDAperla,2027-02-18,2027-03-04,14,CB,CBLRM14I,La Romana/dom. Republik → Willemstad → Kralendijk → Oranjestad → Bridgetown/barbados → Kingstown → Castries → Pointe A Pitre → Rouseau → St.johns → La Romana/dom. Republik,,2026-10-08,2026-10-08
PE14270225,AIDA,14 Nächte - Karibische Inseln ab Barbados,AIDAperla,2027-02-25,2027-03-11,14,CB,CBBGI14I,Bridgetown/barbados → Kralendijk → Willemstad → Oranjestad → La Romana/dom. Republik → St.johns → Basseterre → Philipsburg → Roadtown → Samana → Montego Bay/jamaika,,2026-10-08,2026-10-08
PE14270529,AIDA,14 Nächte - Metropolen & Norwegen ab Hamburg,AIDAperla,2027-05-29,2027-06-12,14,NO,NOHAM14W,Hamburg → Southampton → Paris/le Havre → Zeebrügge → Rotterdam → Hamburg → Bergen → Nordfjordeid → Alesund → Stavanger → Hamburg,,2026-10-08,2026-10-08
PE14270605,AIDA,14 Nächte - Metropolen & Norwegen ab Hamburg,AIDAperla,2027-06-05,2027-06-19,14,NO,NOHAM14W,Hamburg → Southampton → Paris/le Havre → Zeebrügge → Rotterdam → Hamburg → Bergen → Nordfjordeid → Alesund → Stavanger → Hamburg,,2026-10-08,2026-10-08
PE14270612,AIDA,14 Nächte - Metropolen & Norwegen ab Hamburg,AIDAperla,2027-06-12,2027-06-26,14,NO,NOHAM14W,Hamburg → Southampton → Paris/le Havre → Zeebrügge → Rotterdam → Hamburg → Bergen → Nordfjordeid → Alesund → Stavanger → Hamburg,,2026-10-08,2026-10-08
PE14270619,AIDA,14 Nächte - Metropolen & Norwegen ab Hamburg,AIDAperla,2027-06-19,2027-07-03,14,NO,NOHAM14W,Hamburg → Southampton → Paris/le Havre → Zeebrügge → Rotterdam → Hamburg → Bergen → Nordfjordeid → Alesund → Stavanger → Hamburg,,2026-10-08,2026-10-08
PE14270626,AIDA,14 Nächte - Metropolen & Norwegen ab Hamburg,AIDAperla,2027-06-26,2027-07-10,14,NO,NOHAM14W,Hamburg → Southampton → Paris/le Havre → Zeebrügge → Rotterdam → Hamburg → Bergen → Nordfjordeid → Alesund → Stavanger → Hamburg,,2026-10-08,2026-10-08
PE14270703,AIDA,14 Nächte - Metropolen & Norwegen ab Hamburg,AIDAperla,2027-07-03,2027-07-17,14,NO,NOHAM14W,Hamburg → Southampton → Paris/le Havre → Zeebrügge → Rotterdam → Hamburg → Bergen → Nordfjordeid → Alesund → Stavanger → Hamburg,,2026-10-08,2026-10-08
PE14270710,AIDA,14 Nächte - Metropolen & Norwegen ab Hamburg,AIDAperla,2027-07-10,2027-07-24,14,NO,NOHAM14W,Hamburg → Southampton → Paris/le Havre → Zeebrügge → Rotterdam → Hamburg → Bergen → Nordfjordeid → Alesund → Stavanger → Hamburg,,2026-10-08,2026-10-08
PE14270717,AIDA,14 Nächte - Metropolen & Norwegen ab Hamburg,AIDAperla,2027-07-17,2027-07-31,14,NO,NOHAM14W,Hamburg → Southampton → Paris/le Havre → Zeebrügge → Rotterdam → Hamburg → Bergen → Nordfjordeid → Alesund → Stavanger → Hamburg,,2026-10-08,2026-10-08
PE14270724,AIDA,14 Nächte - Metropolen & Norwegen ab Hamburg,AIDAperla,2027-07-24,2027-08-07,14,NO,NOHAM14W,Hamburg → Southampton → Paris/le Havre → Zeebrügge → Rotterdam → Hamburg → Bergen → Nordfjordeid → Alesund → Stavanger → Hamburg,,2026-10-08,2026-10-08
PE14270731,AIDA,14 Nächte - Metropolen & Norwegen ab Hamburg,AIDAperla,2027-07-31,2027-08-14,14,NO,NOHAM14W,Hamburg → Southampton → Paris/le Havre → Zeebrügge → Rotterdam → Hamburg → Bergen → Nordfjordeid → Alesund → Stavanger → Hamburg,,2026-10-08,2026-10-08
PE14270807,AIDA,14 Nächte - Metropolen & Norwegen ab Hamburg,AIDAperla,2027-08-07,2027-08-21,14,NO,NOHAM14W,Hamburg → Southampton → Paris/le Havre → Zeebrügge → Rotterdam → Hamburg → Bergen → Nordfjordeid → Alesund → Stavanger → Hamburg,,2026-10-08,2026-10-08
PE14270814,AIDA,14 Nächte - Metropolen & Norwegen ab Hamburg,AIDAperla,2027-08-14,2027-08-28,14,NO,NOHAM14W,Hamburg → Southampton → Paris/le Havre → Zeebrügge → Rotterdam → Hamburg → Bergen → Nordfjordeid → Alesund → Stavanger → Hamburg,,2026-10-08,2026-10-08
PE14270821,AIDA,14 Nächte - Metropolen & Norwegen ab Hamburg,AIDAperla,2027-08-21,2027-09-04,14,NO,NOHAM14W,Hamburg → Southampton → Paris/le Havre → Zeebrügge → Rotterdam → Hamburg → Bergen → Nordfjordeid → Alesund → Stavanger → Hamburg,,2026-10-08,2026-10-08
PE14270828,AIDA,14 Nächte - Metropolen & Norwegen ab Hamburg,AIDAperla,2027-08-28,2027-09-11,14,NO,NOHAM14W,Hamburg → Southampton → Paris/le Havre → Zeebrügge → Rotterdam → Hamburg → Bergen → Nordfjordeid → Alesund → Stavanger → Hamburg,,2026-10-08,2026-10-08
PE14270904,AIDA,14 Nächte - Metropolen & Norwegen ab Hamburg,AIDAperla,2027-09-04,2027-09-18,14,NO,NOHAM14W,Hamburg → Southampton → Paris/le Havre → Zeebrügge → Rotterdam → Hamburg → Bergen → Nordfjordeid → Alesund → Stavanger → Hamburg,,2026-10-08,2026-10-08
PE14270911,AIDA,14 Nächte - Metropolen & Norwegen ab Hamburg,AIDAperla,2027-09-11,2027-09-25,14,NO,NOHAM14W,Hamburg → Southampton → Paris/le Havre → Zeebrügge → Rotterdam → Hamburg → Bergen → Nordfjordeid → Alesund → Stavanger → Hamburg,,2026-10-08,2026-10-08
PE14270918,AIDA,14 Nächte - Metropolen & Norwegen ab Hamburg,AIDAperla,2027-09-18,2027-10-02,14,NO,NOHAM14W,Hamburg → Southampton → Paris/le Havre → Zeebrügge → Rotterdam → Hamburg → Bergen → Nordfjordeid → Alesund → Stavanger → Hamburg,,2026-10-08,2026-10-08
PE14270925,AIDA,14 Nächte - Metropolen & Norwegen ab Hamburg,AIDAperla,2027-09-25,2027-10-09,14,NO,NOHAM14W,Hamburg → Southampton → Paris/le Havre → Zeebrügge → Rotterdam → Hamburg → Bergen → Nordfjordeid → Alesund → Stavanger → Hamburg,,2026-10-08,2026-10-08
PE14271002,AIDA,14 Nächte - Metropolen & Norwegen ab Hamburg,AIDAperla,2027-10-02,2027-10-16,14,NO,NOHAM14W,Hamburg → Southampton → Paris/le Havre → Zeebrügge → Rotterdam → Hamburg → Bergen → Nordfjordeid → Alesund → Stavanger → Hamburg,,2026-10-08,2026-10-08
PE14271009,AIDA,14 Nächte - Metropolen & Norwegen ab Hamburg,AIDAperla,2027-10-09,2027-10-23,14,NO,NOHAM14W,Hamburg → Southampton → Paris/le Havre → Zeebrügge → Rotterdam → Hamburg → Bergen → Nordfjordeid → Alesund → Stavanger → Hamburg,,2026-10-08,2026-10-08
PE14271016,AIDA,14 Nächte - Metropolen & Norwegen ab Hamburg,AIDAperla,2027-10-16,2027-10-30,14,NO,NOHAM14W,Hamburg → Southampton → Paris/le Havre → Zeebrügge → Rotterdam → Hamburg → Bergen → Nordfjordeid → Alesund → Stavanger → Hamburg,,2026-10-08,2026-10-08
PE14271023,AIDA,14 Nächte - Metropolen & Norwegen ab Hamburg,AIDAperla,2027-10-23,2027-11-06,14,NO,NOHAM14W,Hamburg → Southampton → Paris/le Havre → Zeebrügge → Rotterdam → Hamburg → Bergen → Nordfjordeid → Alesund → Stavanger → Hamburg,,2026-10-08,2026-10-08
PE14271030,AIDA,14 Nächte - Metropolen & Norwegen von Hamburg nach Kiel,AIDAperla,2027-10-30,2027-11-13,14,HA,HAMKEL14,Hamburg → Southampton → Paris/le Havre → Zeebrügge → Rotterdam → Hamburg → Stavanger → Eidfjord → Bergen → Kristiansand → Kiel,,2026-10-08,2026-10-08
PE14271113,AIDA,14 Nächte - Große Ostsee-Reise mit Lichterfest in Riga ab Kiel,AIDAperla,2027-11-13,2027-11-27,14,BA,BAKEL14,Kiel → Riga → Tallinn → Helsinki → Visby → Kiel → Danzig/gdynia → Kopenhagen → Arhus → Kiel,,2026-10-08,2026-10-08
PE14271127,AIDA,14 Nächte - Highlights der Nord- & Ostsee im Advent ab Kiel,AIDAperla,2027-11-27,2027-12-11,14,NO,NOKEL14N,Kiel → Bergen → Stavanger → Kristiansand → Oslo → Kiel → Tallinn → Helsinki → Stockholm → Schärengarten-passage → Kiel,,2026-10-08,2026-10-08
PE14271214,AIDA,14 Nächte - Weihnachtsreise nach Skandinavien ab Kiel,AIDAperla,2027-12-14,2027-12-28,14,BA,BAKEL14,Kiel → Riga → Tallinn → Helsinki → Stockholm → Schärengarten-passage → Kiel → Kopenhagen → Kristiansand → Arhus → Kiel,,2026-10-08,2026-10-08
PE14280205,AIDA,14 Nächte - Ostsee & Norwegen ab Kiel 1,AIDAperla,2028-02-05,2028-02-19,14,NO,NOKEL14N,Kiel → Bergen → Stavanger → Kristiansand → Oslo → Kiel → Visby → Danzig/gdynia → Kopenhagen → Arhus → Kiel,,2026-10-08,2026-10-08
PE14280212,AIDA,14 Nächte - Ostsee & Norwegen ab Kiel 1,AIDAperla,2028-02-12,2028-02-26,14,NO,NOKEL14N,Kiel → Bergen → Stavanger → Kristiansand → Oslo → Kiel → Visby → Danzig/gdynia → Kopenhagen → Arhus → Kiel,,2026-10-08,2026-10-08
PE14280219,AIDA,14 Nächte - Ostsee & Norwegen ab Kiel 1,AIDAperla,2028-02-19,2028-03-04,14,NO,NOKEL14N,Kiel → Bergen → Stavanger → Kristiansand → Oslo → Kiel → Visby → Danzig/gdynia → Kopenhagen → Arhus → Kiel,,2026-10-08,2026-10-08
PE14280226,AIDA,14 Nächte - Ostsee & Norwegen ab Kiel 1,AIDAperla,2028-02-26,2028-03-11,14,NO,NOKEL14N,Kiel → Bergen → Stavanger → Kristiansand → Oslo → Kiel → Visby → Danzig/gdynia → Kopenhagen → Arhus → Kiel,,2026-10-08,2026-10-08
PE14280401,AIDA,14 Nächte - Große Skandinavien-Reise ab Kiel 2,AIDAperla,2028-04-01,2028-04-15,14,NO,NOKEL14S,Kiel → Oslo → Kristiansand → Skagen → Kopenhagen → Arhus → Kiel → Bergen → Flam → Welterbe-aurlandsfjord-passa → Alesund → Stavanger → Kiel,,2026-10-08,2026-10-08
PE14280408,AIDA,14 Nächte - Highlights der Ostseeküste ab Kiel 1,AIDAperla,2028-04-08,2028-04-22,14,BA,BAKEL14,Kiel → Tallinn → Helsinki → Stockholm → Schärengarten-passage → Kiel → Oslo → Oslofjord-passage → Kristiansand → Skagen → Kopenhagen → Arhus → Kiel,,2026-10-08,2026-10-08
PE14280422,AIDA,14 Nächte - Highlights Ostseeküste ab Kiel 2,AIDAperla,2028-04-22,2028-05-06,14,BA,BAKEL14,Kiel → Tallinn → Helsinki → Stockholm → Schärengarten-passage → Visby → Kiel → Kristiansand → Oslo → Oslofjord-passage → Skagen → Arhus → Kiel,,2026-10-08,2026-10-08
PE14280610,AIDA,14 Nächte - Metropolen & Norwegen ab Hamburg,AIDAperla,2028-06-10,2028-06-24,14,NO,NOHAM14W,Hamburg → Southampton → Paris/le Havre → Zeebrügge → Rotterdam → Hamburg → Bergen → Nordfjordeid → Alesund → Stavanger → Hamburg,,2026-10-08,2026-10-08
PE14280617,AIDA,14 Nächte - Große Norwegen-Reise ab Hamburg 1,AIDAperla,2028-06-17,2028-07-01,14,NO,NOHAM14N,Hamburg → Bergen → Nordfjordeid → Alesund → Stavanger → Hamburg → Maloy → Alesund → Molde → Eidfjord → Hamburg,,2026-10-08,2026-10-08
PE14280624,AIDA,14 Nächte - Große Norwegen-Reise ab Hamburg 1,AIDAperla,2028-06-24,2028-07-08,14,NO,NOHAM14N,Hamburg → Bergen → Nordfjordeid → Alesund → Stavanger → Hamburg → Maloy → Alesund → Molde → Eidfjord → Hamburg,,2026-10-08,2026-10-08
PE14280701,AIDA,14 Nächte - Metropolen & Norwegen ab Hamburg,AIDAperla,2028-07-01,2028-07-15,14,NO,NOHAM14W,Hamburg → Southampton → Paris/le Havre → Zeebrügge → Rotterdam → Hamburg → Bergen → Nordfjordeid → Alesund → Stavanger → Hamburg,,2026-10-08,2026-10-08
PE14280708,AIDA,14 Nächte - Metropolen & Norwegen ab Hamburg,AIDAperla,2028-07-08,2028-07-22,14,NO,NOHAM14W,Hamburg → Southampton → Paris/le Havre → Zeebrügge → Rotterdam → Hamburg → Bergen → Nordfjordeid → Alesund → Stavanger → Hamburg,,2026-10-08,2026-10-08
PE14280715,AIDA,14 Nächte - Metropolen & Norwegen ab Hamburg,AIDAperla,2028-07-15,2028-07-29,14,NO,NOHAM14W,Hamburg → Southampton → Paris/le Havre → Zeebrügge → Rotterdam → Hamburg → Bergen → Nordfjordeid → Alesund → Stavanger → Hamburg,,2026-10-08,2026-10-08
PE14280722,AIDA,14 Nächte - Metropolen & Norwegen ab Hamburg,AIDAperla,2028-07-22,2028-08-05,14,NO,NOHAM14W,Hamburg → Southampton → Paris/le Havre → Zeebrügge → Rotterdam → Hamburg → Bergen → Nordfjordeid → Alesund → Stavanger → Hamburg,,2026-10-08,2026-10-08
PE14280729,AIDA,14 Nächte - Metropolen & Norwegen ab Hamburg,AIDAperla,2028-07-29,2028-08-12,14,NO,NOHAM14W,Hamburg → Southampton → Paris/le Havre → Zeebrügge → Rotterdam → Hamburg → Bergen → Nordfjordeid → Alesund → Stavanger → Hamburg,,2026-10-08,2026-10-08
PE14280805,AIDA,14 Nächte - Metropolen & Norwegen ab Hamburg,AIDAperla,2028-08-05,2028-08-19,14,NO,NOHAM14W,Hamburg → Southampton → Paris/le Havre → Zeebrügge → Rotterdam → Hamburg → Bergen → Nordfjordeid → Alesund → Stavanger → Hamburg,,2026-10-08,2026-10-08
PE14280812,AIDA,14 Nächte - Metropolen & Norwegen ab Hamburg,AIDAperla,2028-08-12,2028-08-26,14,NO,NOHAM14W,Hamburg → Southampton → Paris/le Havre → Zeebrügge → Rotterdam → Hamburg → Bergen → Nordfjordeid → Alesund → Stavanger → Hamburg,,2026-10-08,2026-10-08
PE14280819,AIDA,14 Nächte - Metropolen & Norwegen ab Hamburg,AIDAperla,2028-08-19,2028-09-02,14,NO,NOHAM14W,Hamburg → Southampton → Paris/le Havre → Zeebrügge → Rotterdam → Hamburg → Bergen → Nordfjordeid → Alesund → Stavanger → Hamburg,,2026-10-08,2026-10-08
PE14280826,AIDA,14 Nächte - Metropolen & Norwegen ab Hamburg,AIDAperla,2028-08-26,2028-09-09,14,NO,NOHAM14W,Hamburg → Southampton → Paris/le Havre → Zeebrügge → Rotterdam → Hamburg → Bergen → Nordfjordeid → Alesund → Stavanger → Hamburg,,2026-10-08,2026-10-08
PE14280902,AIDA,14 Nächte - Metropolen & Norwegen ab Hamburg,AIDAperla,2028-09-02,2028-09-16,14,NO,NOHAM14W,Hamburg → Southampton → Paris/le Havre → Zeebrügge → Rotterdam → Hamburg → Bergen → Nordfjordeid → Alesund → Stavanger → Hamburg,,2026-10-08,2026-10-08
PE14280909,AIDA,14 Nächte - Metropolen & Norwegen ab Hamburg,AIDAperla,2028-09-09,2028-09-23,14,NO,NOHAM14W,Hamburg → Southampton → Paris/le Havre → Zeebrügge → Rotterdam → Hamburg → Bergen → Nordfjordeid → Alesund → Stavanger → Hamburg,,2026-10-08,2026-10-08
PE14280916,AIDA,14 Nächte - Metropolen & Norwegen ab Hamburg,AIDAperla,2028-09-16,2028-09-30,14,NO,NOHAM14W,Hamburg → Southampton → Paris/le Havre → Zeebrügge → Rotterdam → Hamburg → Bergen → Nordfjordeid → Alesund → Stavanger → Hamburg,,2026-10-08,2026-10-08
PE14280923,AIDA,14 Nächte - Große Norwegen-Reise ab Hamburg 1,AIDAperla,2028-09-23,2028-10-07,14,NO,NOHAM14N,Hamburg → Bergen → Nordfjordeid → Alesund → Stavanger → Hamburg → Maloy → Alesund → Molde → Eidfjord → Hamburg,,2026-10-08,2026-10-08
PE14280930,AIDA,14 Nächte - Große Norwegen-Reise ab Hamburg 1,AIDAperla,2028-09-30,2028-10-14,14,NO,NOHAM14N,Hamburg → Bergen → Nordfjordeid → Alesund → Stavanger → Hamburg → Maloy → Alesund → Molde → Eidfjord → Hamburg,,2026-10-08,2026-10-08
PE14281007,AIDA,14 Nächte - Metropolen & Norwegen ab Hamburg,AIDAperla,2028-10-07,2028-10-21,14,NO,NOHAM14W,Hamburg → Southampton → Paris/le Havre → Zeebrügge → Rotterdam → Hamburg → Bergen → Nordfjordeid → Alesund → Stavanger → Hamburg,,2026-10-08,2026-10-08
PE14281014,AIDA,14 Nächte - Metropolen & Norwegen ab Hamburg,AIDAperla,2028-10-14,2028-10-28,14,NO,NOHAM14W,Hamburg → Southampton → Paris/le Havre → Zeebrügge → Rotterdam → Hamburg → Bergen → Nordfjordeid → Alesund → Stavanger → Hamburg,,2026-10-08,2026-10-08
PE15271106,AIDA,15 Nächte - Norwegen & Ostsee mit Lichterfest in Riga,AIDAperla,2027-11-06,2027-11-21,15,HA,HAMKEL15,Hamburg → Stavanger → Eidfjord → Bergen → Kristiansand → Kiel → Riga → Tallinn → Helsinki → Visby → Kiel,,2026-10-08,2026-10-08
PE15280415,AIDA,15 Nächte - Highlights der Nord- & Ostseeküste ab Kiel 1,AIDAperla,2028-04-15,2028-04-30,15,NO,NOKEL15N,Kiel → Oslo → Oslofjord-passage → Kristiansand → Skagen → Kopenhagen → Arhus → Kiel → Tallinn → Helsinki → Stockholm → Schärengarten-passage → Visby → Kiel,,2026-10-08,2026-10-08
PE16271223,AIDA,16 Nächte - Große Feiertagsreise nach Skandinavien ab Kiel,AIDAperla,2027-12-23,2028-01-08,16,NO,NOKEL16N,Kiel → Kopenhagen → Kristiansand → Arhus → Kiel → Kopenhagen → Oslofjord-passage → Oslo → Kiel → Danzig/gdynia → Kopenhagen → Arhus → Kiel,,2026-10-08,2026-10-08
PE16280316,AIDA,16 Nächte - Ostsee-Reise mit Biathlon-Weltcup in Oslo ab Kiel,AIDAperla,2028-03-16,2028-04-01,16,NO,NOKEL16N,Kiel → Arhus → Oslo → Oslofjord-passage → Kiel → Riga → Tallinn → Helsinki → Stockholm → Schärengarten-passage → Visby → Danzig/gdynia → Kiel,,2026-10-08,2026-10-08
PE16280430,AIDA,16 Nächte - Highlights der Nord- & Ostseeküste ab Kiel 2,AIDAperla,2028-04-30,2028-05-16,16,BA,BAKEL16,Kiel → Kristiansand → Oslo → Oslofjord-passage → Skagen → Arhus → Kiel → Riga → Tallinn → Helsinki → Schärengarten-passage → Stockholm → Visby → Kopenhagen → Kiel,,2026-10-08,2026-10-08
PE18270304,AIDA,18 Nächte - Von der Dominikanischen Republik nach Gran Canaria,AIDAperla,2027-03-04,2027-03-22,18,LR,LRMLPA18,La Romana/dom. Republik → Oranjestad → Kralendijk → Willemstad → Kingstown → Bridgetown/barbados → Castries → St.johns → Basseterre → Santa Cruz/la Palma → Las Palmas/gran Canaria,,2026-10-08,2026-10-08
PE18280321,AIDA,18 Nächte - Große Ostsee- & Norwegen-Reise ab Kiel,AIDAperla,2028-03-21,2028-04-08,18,NO,NOKEL16N,Kiel → Danzig/gdynia → Kopenhagen → Göteborg → Arhus → Kiel → Bergen → Flam → Stavanger → Kristiansand → Oslo → Oslofjord-passage → Kopenhagen → Kiel,,2026-10-08,2026-10-08
PE18280506,AIDA,18 Nächte - Große Ostsee-Reise ab Kiel,AIDAperla,2028-05-06,2028-05-24,18,BA,BAKEL18,Kiel → Riga → Tallinn → Helsinki → Schärengarten-passage → Stockholm → Visby → Kopenhagen → Kiel → Riga → Tallinn → Helsinki → Schärengarten-passage → Stockholm → Kiel,,2026-10-08,2026-10-08
PE19261114,AIDA,19 Nächte - Von Gran Canaria nach Barbados,AIDAperla,2026-11-14,2026-12-03,19,LP,LPABGI19,Las Palmas/gran Canaria → Santa Cruz/la Palma → St.johns → Basseterre → Philipsburg → La Romana/dom. Republik → Willemstad → Kralendijk → Oranjestad → Bridgetown/barbados,,2026-10-08,2026-10-08
PE21261210,AIDA,21 Nächte - Karibische Insel-Rundreise,AIDAperla,2026-12-10,2026-12-31,21,CB,CBLRM21I,La Romana/dom. Republik → Kralendijk → Willemstad → Oranjestad → Fort de France → Bridgetown/barbados → Kingstown → Castries → Rouseau → Pointe A Pitre → St.johns → La Romana/dom. Republik → Willemstad → Oranjestad → Bridgetown/barbados,,2026-10-08,2026-10-08
PE21261224,AIDA,21 Nächte - Karibische Insel-Rundreise,AIDAperla,2026-12-24,2027-01-14,21,CB,CBLRM21I,La Romana/dom. Republik → Kralendijk → Willemstad → Oranjestad → Fort de France → Bridgetown/barbados → Kingstown → Castries → Rouseau → Pointe A Pitre → St.johns → La Romana/dom. Republik → Willemstad → Oranjestad → Bridgetown/barbados,,2026-10-08,2026-10-08
PE21261231,AIDA,21 Nächte - Karibische Insel-Rundreise ab Barbados,AIDAperla,2026-12-31,2027-01-21,21,CB,CBBGI21I,Bridgetown/barbados → Kingstown → Castries → Rouseau → Pointe A Pitre → St.johns → La Romana/dom. Republik → Oranjestad → Willemstad → Bridgetown/barbados → Kingstown → Castries → Pointe A Pitre → Rouseau → St.johns → La Romana/dom. Republik,,2026-10-08,2026-10-08
PE21270114,AIDA,21 Nächte - Karibische Insel-Rundreise ab Barbados,AIDAperla,2027-01-14,2027-02-04,21,CB,CBBGI21I,Bridgetown/barbados → Kingstown → Castries → Rouseau → Pointe A Pitre → St.johns → La Romana/dom. Republik → Oranjestad → Willemstad → Bridgetown/barbados → Kingstown → Castries → Pointe A Pitre → Rouseau → St.johns → La Romana/dom. Republik,,2026-10-08,2026-10-08
PE21270128,AIDA,21 Nächte - Karibische Insel-Rundreise ab Barbados,AIDAperla,2027-01-28,2027-02-18,21,CB,CBBGI21I,Bridgetown/barbados → Kingstown → Castries → Rouseau → Pointe A Pitre → St.johns → La Romana/dom. Republik → Oranjestad → Willemstad → Bridgetown/barbados → Kingstown → Castries → Pointe A Pitre → Rouseau → St.johns → La Romana/dom. Republik,,2026-10-08,2026-10-08
PE21270211,AIDA,21 Nächte - Karibische Insel-Rundreise ab Barbados,AIDAperla,2027-02-11,2027-03-04,21,CB,CBBGI21I,Bridgetown/barbados → Kingstown → Castries → Rouseau → Pointe A Pitre → St.johns → La Romana/dom. Republik → Oranjestad → Willemstad → Bridgetown/barbados → Kingstown → Castries → Pointe A Pitre → Rouseau → St.johns → La Romana/dom. Republik,,2026-10-08,2026-10-08
PE21270218,AIDA,21 Nächte - Karibische Insel-Rundreise,AIDAperla,2027-02-18,2027-03-11,21,CB,CBLRM21I,La Romana/dom. Republik → Kralendijk → Willemstad → Oranjestad → Fort de France → Bridgetown/barbados → Kingstown → Castries → Rouseau → Pointe A Pitre → St.johns → La Romana/dom. Republik → Willemstad → Oranjestad → Bridgetown/barbados,,2026-10-08,2026-10-08
PE24280108,AIDA,24 Nächte - Große Winterpause Kanaren,AIDAperla,2028-01-08,2028-02-01,24,CA,CAKEL24,Kiel → Cherbourg → Vigo → Lissabon → Arrecife/lanzarote → Puerto del Rosario → Las Palmas/gran Canaria → Santa Cruz de Tenerife → Santa Cruz/la Palma → Funchal/madeira → Lissabon → Porto/leixoes → La Coruna → Paris/le Havre → Kiel,,2026-10-08,2026-10-08
PE28261105,AIDA,28 Nächte - Von Hamburg nach Barbados,AIDAperla,2026-11-05,2026-12-03,28,HA,HAMBGI28,Hamburg → Southampton → La Coruna → Porto/leixoes → Lissabon → Arrecife/lanzarote → Las Palmas/gran Canaria → Santa Cruz/la Palma → St.johns → Basseterre → Philipsburg → La Romana/dom. Republik → Willemstad → Kralendijk → Oranjestad → Bridgetown/barbados,,2026-10-08,2026-10-08
PE37270225,AIDA,37 Nächte - Weltenbummler Karibische Inseln ab Barbados,AIDAperla,2027-02-25,2027-04-03,37,BG,BGIPMI37,Bridgetown/barbados → Kingstown → Rouseau → Castries → Pointe A Pitre → St.johns → La Romana/dom. Republik → Oranjestad → Kralendijk → Willemstad → Kingstown → Bridgetown/barbados → Castries → St.johns → Basseterre → Santa Cruz/la Palma → Las Palmas/gran Canaria → Santa Cruz de Tenerife → Santa Cruz/la Palma → Funchal/madeira → Lissabon → Sevilla/cadiz → Malaga → Barcelona → Palma,,2026-10-08,2026-10-08
PR04261219,AIDA,4 Nächte - Kurzreise Schweden & Dänemark ab Kiel,AIDAprima,2026-12-19,2026-12-23,4,NO,NOKEL04N,Kiel → Kopenhagen → Göteborg → Arhus → Kiel,,2026-10-08,2026-10-08
PR04270316,AIDA,4 Nächte - Kurzreise Schweden & Dänemark ab Kiel,AIDAprima,2027-03-16,2027-03-20,4,NO,NOKEL04N,Kiel → Kopenhagen → Göteborg → Arhus → Kiel,,2026-10-08,2026-10-08
PR05270926,AIDA,5 Nächte - Kurzreise nach Niederlande & Belgien ab Hamburg,AIDAprima,2027-09-26,2027-10-01,5,NO,NOHAM05N,Hamburg → Rotterdam → Zeebrügge → Hamburg,,2026-10-08,2026-10-08
PR06270301,AIDA,6 Nächte - Skandinavische Highlights ab Kiel 1,AIDAprima,2027-03-01,2027-03-07,6,NO,NOKEL06N,Kiel → Oslofjord-passage → Oslo → Göteborg → Kopenhagen → Arhus → Kiel,,2026-10-08,2026-10-08
PR07261031,AIDA,7 Nächte - Kanaren & Madeira ab Gran Canaria,AIDAprima,2026-10-31,2026-11-07,7,CA,CALPA07,Las Palmas/gran Canaria → Santa Cruz de Tenerife → Puerto del Rosario → Funchal/madeira → Las Palmas/gran Canaria,,2026-10-08,2026-10-08
PR07261107,AIDA,7 Nächte - Kanaren & Marokko ab Gran Canaria,AIDAprima,2026-11-07,2026-11-14,7,CA,CALPA07S,Las Palmas/gran Canaria → Santa Cruz/la Palma → Santa Cruz de Tenerife → Agadir → Arrecife/lanzarote → Las Palmas/gran Canaria,,2026-10-08,2026-10-08
PR07261114,AIDA,7 Nächte - Kanaren & Madeira ab Gran Canaria,AIDAprima,2026-11-14,2026-11-21,7,CA,CALPA07,Las Palmas/gran Canaria → Santa Cruz de Tenerife → Puerto del Rosario → Funchal/madeira → Las Palmas/gran Canaria,,2026-10-08,2026-10-08
PR07261121,AIDA,7 Nächte - Kanaren & Madeira ab Gran Canaria,AIDAprima,2026-11-21,2026-11-28,7,CA,CALPA07,Las Palmas/gran Canaria → Santa Cruz de Tenerife → Puerto del Rosario → Funchal/madeira → Las Palmas/gran Canaria,,2026-10-08,2026-10-08
PR07261128,AIDA,7 Nächte - Kanaren & Marokko ab Gran Canaria,AIDAprima,2026-11-28,2026-12-05,7,CA,CALPA07S,Las Palmas/gran Canaria → Santa Cruz/la Palma → Santa Cruz de Tenerife → Agadir → Arrecife/lanzarote → Las Palmas/gran Canaria,,2026-10-08,2026-10-08
PR07261223,AIDA,7 Nächte - Weihnachtsreise auf der Ostsee ab Kiel 1,AIDAprima,2026-12-23,2026-12-30,7,BA,BAKEL07,Kiel → Riga → Tallinn → Helsinki → Kiel,,2026-10-08,2026-10-08
PR07261230,AIDA,7 Nächte - Silvesterreise nach Norwegen & Dänemark ab Kiel,AIDAprima,2026-12-30,2027-01-06,7,NO,NOKEL07N,Kiel → Kopenhagen → Oslo → Kristiansand → Göteborg → Arhus → Kiel,,2026-10-08,2026-10-08
PR07270130,AIDA,"7 Nächte - Schweden, Polen & Dänemark ab Kiel",AIDAprima,2027-01-30,2027-02-06,7,BA,BAKEL07C,Kiel → Danzig/gdynia → Kopenhagen → Göteborg → Arhus → Kiel,,2026-10-08,2026-10-08
PR07270206,AIDA,7 Nächte - Norwegens Welterbe ab Kiel,AIDAprima,2027-02-06,2027-02-13,7,NO,NOKEL07F,Kiel → Bergen → Flam → Welterbe-aurlandsfjord-passa → Stavanger → Kristiansand → Kiel,,2026-10-08,2026-10-08
PR07270213,AIDA,"7 Nächte - Schweden, Polen & Dänemark ab Kiel",AIDAprima,2027-02-13,2027-02-20,7,BA,BAKEL07C,Kiel → Danzig/gdynia → Kopenhagen → Göteborg → Arhus → Kiel,,2026-10-08,2026-10-08
PR07270320,AIDA,7 Nächte - Norwegens Welterbe ab Kiel,AIDAprima,2027-03-20,2027-03-27,7,NO,NOKEL07F,Kiel → Bergen → Flam → Welterbe-aurlandsfjord-passa → Stavanger → Kristiansand → Kiel,,2026-10-08,2026-10-08
PR07270404,AIDA,7 Nächte - Norwegens Welterbe ab Kiel,AIDAprima,2027-04-04,2027-04-11,7,NO,NOKEL07F,Kiel → Bergen → Flam → Welterbe-aurlandsfjord-passa → Stavanger → Kristiansand → Kiel,,2026-10-08,2026-10-08
PR07270411,AIDA,7 Nächte - Ostsee ab Kiel,AIDAprima,2027-04-11,2027-04-18,7,BA,BAKEL07,Kiel → Tallinn → Helsinki → Stockholm → Schärengarten-passage → Kiel,,2026-10-08,2026-10-08
PR07270418,AIDA,7 Nächte - Skandinavische Highlights ab Kiel,AIDAprima,2027-04-18,2027-04-25,7,NO,NOKEL07S,Kiel → Oslo → Kristiansand → Skagen → Kopenhagen → Arhus → Kiel,,2026-10-08,2026-10-08
PR07270425,AIDA,7 Nächte - MOIN Cruise,AIDAprima,2027-04-25,2027-05-02,7,BA,BAKEL07,Kiel → Tallinn → Helsinki → Stockholm → Schärengarten-passage → Kiel,,2026-10-08,2026-10-08
PR07270502,AIDA,7 Nächte - Norwegens Welterbe von Kiel nach Hamburg,AIDAprima,2027-05-02,2027-05-09,7,KE,KELHAM07,Kiel → Bergen → Welterbe-geirangerfjord-pass → Geirangerfjord → Nordfjordeid → Stavanger → Hamburg,,2026-10-08,2026-10-08
PR07271001,AIDA,7 Nächte - Norwegens Welterbe ab Hamburg,AIDAprima,2027-10-01,2027-10-08,7,NO,NOHAM07N,Hamburg → Bergen → Alesund → Flam → Welterbe-aurlandsfjord-passa → Stavanger → Hamburg,,2026-10-08,2026-10-08
PR07271008,AIDA,7 Nächte - Metropolen ab Hamburg,AIDAprima,2027-10-08,2027-10-15,7,NO,NOHAM07W,Hamburg → Southampton → Paris/le Havre → Zeebrügge → Rotterdam → Hamburg,,2026-10-08,2026-10-08
PR07271015,AIDA,7 Nächte - Norwegens Welterbe ab Hamburg,AIDAprima,2027-10-15,2027-10-22,7,NO,NOHAM07N,Hamburg → Bergen → Alesund → Flam → Welterbe-aurlandsfjord-passa → Stavanger → Hamburg,,2026-10-08,2026-10-08
PR07271022,AIDA,7 Nächte - Metropolen ab Hamburg,AIDAprima,2027-10-22,2027-10-29,7,NO,NOHAM07W,Hamburg → Southampton → Paris/le Havre → Zeebrügge → Rotterdam → Hamburg,,2026-10-08,2026-10-08
PR07271029,AIDA,7 Nächte - Norwegens Welterbe ab Hamburg,AIDAprima,2027-10-29,2027-11-05,7,NO,NOHAM07N,Hamburg → Bergen → Alesund → Flam → Welterbe-aurlandsfjord-passa → Stavanger → Hamburg,,2026-10-08,2026-10-08
PR07280408,AIDA,7 Nächte - Andalusien ab Mallorca,AIDAprima,2028-04-08,2028-04-15,7,WM,WMPMI07W,Palma → Sevilla/cadiz → Malaga → Cartagena → Barcelona → Palma,,2026-10-08,2026-10-08
PR07280415,AIDA,7 Nächte - Mediterrane Schätze zu Ostern ab Mallorca,AIDAprima,2028-04-15,2028-04-22,7,WM,WMPMI07W,Palma → Alicante → Rom/civitavecchia → Ajaccio/korsika → Barcelona → Palma,,2026-10-08,2026-10-08
PR07280521,AIDA,7 Nächte - Perlen am Mittelmeer ab Mallorca,AIDAprima,2028-05-21,2028-05-28,7,WM,WMPMI07E,Palma → Barcelona → Marseille → Florenz/la Spezia → Rom/civitavecchia → Palma,,2026-10-08,2026-10-08
PR07280601,AIDA,7 Nächte - Von Lissabon über Galicien nach Hamburg,AIDAprima,2028-06-01,2028-06-08,7,LI,LISHAM07,Lissabon → Porto/leixoes → Vigo → La Coruna → Cherbourg → Hamburg,,2026-10-08,2026-10-08
PR07281006,AIDA,7 Nächte - Metropolen ab Hamburg,AIDAprima,2028-10-06,2028-10-13,7,NO,NOHAM07W,Hamburg → Southampton → Paris/le Havre → Zeebrügge → Rotterdam → Hamburg,,2026-10-08,2026-10-08
PR07281013,AIDA,7 Nächte - Norwegens Welterbe ab Hamburg 1,AIDAprima,2028-10-13,2028-10-20,7,NO,NOHAM07N,Hamburg → Bergen → Flam → Welterbe-aurlandsfjord-passa → Alesund → Stavanger → Hamburg,,2026-10-08,2026-10-08
PR07281020,AIDA,7 Nächte - Metropolen ab Hamburg,AIDAprima,2028-10-20,2028-10-27,7,NO,NOHAM07W,Hamburg → Southampton → Paris/le Havre → Zeebrügge → Rotterdam → Hamburg,,2026-10-08,2026-10-08
PR08261030,AIDA,8 Nächte - Kanaren & Madeira ab Teneriffa 2,AIDAprima,2026-10-30,2026-11-07,8,CA,CASCT08,Santa Cruz de Tenerife → Las Palmas/gran Canaria → Santa Cruz de Tenerife → Puerto del Rosario → Funchal/madeira → Las Palmas/gran Canaria,,2026-10-08,2026-10-08
PR08270327,AIDA,8 Nächte - Osterreise auf der Ostsee ab Kiel,AIDAprima,2027-03-27,2027-04-04,8,BA,BAKEL08,Kiel → Riga → Tallinn → Helsinki → Visby → Kiel,,2026-10-08,2026-10-08
PR09261101,AIDA,9 Nächte - Kanaren & Madeira ab Gran Canaria 2,AIDAprima,2026-11-01,2026-11-10,9,LP,LPASCT09,Las Palmas/gran Canaria → Santa Cruz de Tenerife → Puerto del Rosario → Funchal/madeira → Las Palmas/gran Canaria → Santa Cruz/la Palma → Santa Cruz de Tenerife,,2026-10-08,2026-10-08
PR09270220,AIDA,9 Nächte - Winterliches Norwegen ab Kiel,AIDAprima,2027-02-20,2027-03-01,9,NO,NOKEL09F,Kiel → Bergen → Flam → Stavanger → Kristiansand → Oslo → Oslofjord-passage → Kopenhagen → Kiel,,2026-10-08,2026-10-08
PR09270307,AIDA,9 Nächte - Norwegens Welterbe mit Skifestival in Oslo ab Kiel,AIDAprima,2027-03-07,2027-03-16,9,NO,NOKEL09F,Kiel → Bergen → Flam → Welterbe-aurlandsfjord-passa → Stavanger → Kristiansand → Oslo → Kiel,,2026-10-08,2026-10-08
PR09271105,AIDA,9 Nächte - Von Hamburg über Portugal nach Gran Canaria,AIDAprima,2027-11-05,2027-11-14,9,HA,HAMLPA09,Hamburg → Cherbourg → La Coruna → Porto/leixoes → Lissabon → Arrecife/lanzarote → Las Palmas/gran Canaria,,2026-10-08,2026-10-08
PR09281027,AIDA,9 Nächte - Von Hamburg über Portugal nach Gran Canaria,AIDAprima,2028-10-27,2028-11-05,9,HA,HAMLPA09,Hamburg → Cherbourg → La Coruna → Porto/leixoes → Lissabon → Arrecife/lanzarote → Las Palmas/gran Canaria,,2026-10-08,2026-10-08
PR10270520,AIDA,10 Nächte - Norwegens Fjord-Weltnaturerbe ab Hamburg 1,AIDAprima,2027-05-20,2027-05-30,10,NO,NOHAM10F,Hamburg → Bergen → Flam → Welterbe-aurlandsfjord-passa → Alesund → Molde → Geirangerfjord → Welterbe-geirangerfjord-pass → Nordfjordeid → Stavanger → Hamburg,,2026-10-08,2026-10-08
PR10270610,AIDA,10 Nächte - Norwegens Fjord-Weltnaturerbe ab Hamburg 1,AIDAprima,2027-06-10,2027-06-20,10,NO,NOHAM10F,Hamburg → Bergen → Flam → Welterbe-aurlandsfjord-passa → Alesund → Molde → Geirangerfjord → Welterbe-geirangerfjord-pass → Nordfjordeid → Stavanger → Hamburg,,2026-10-08,2026-10-08
PR10270701,AIDA,10 Nächte - Norwegens Fjord-Weltnaturerbe ab Hamburg 1,AIDAprima,2027-07-01,2027-07-11,10,NO,NOHAM10F,Hamburg → Bergen → Flam → Welterbe-aurlandsfjord-passa → Alesund → Molde → Geirangerfjord → Welterbe-geirangerfjord-pass → Nordfjordeid → Stavanger → Hamburg,,2026-10-08,2026-10-08
PR10270722,AIDA,10 Nächte - Norwegens Fjord-Weltnaturerbe ab Hamburg 1,AIDAprima,2027-07-22,2027-08-01,10,NO,NOHAM10F,Hamburg → Bergen → Flam → Welterbe-aurlandsfjord-passa → Alesund → Molde → Geirangerfjord → Welterbe-geirangerfjord-pass → Nordfjordeid → Stavanger → Hamburg,,2026-10-08,2026-10-08
PR10270812,AIDA,10 Nächte - Norwegens Fjord-Weltnaturerbe ab Hamburg 1,AIDAprima,2027-08-12,2027-08-22,10,NO,NOHAM10F,Hamburg → Bergen → Flam → Welterbe-aurlandsfjord-passa → Alesund → Molde → Geirangerfjord → Welterbe-geirangerfjord-pass → Nordfjordeid → Stavanger → Hamburg,,2026-10-08,2026-10-08
PR10270913,AIDA,10 Nächte - Norwegens Fjord-Weltnaturerbe ab Hamburg 1,AIDAprima,2027-09-13,2027-09-23,10,NO,NOHAM10F,Hamburg → Bergen → Flam → Welterbe-aurlandsfjord-passa → Alesund → Molde → Geirangerfjord → Welterbe-geirangerfjord-pass → Nordfjordeid → Stavanger → Hamburg,,2026-10-08,2026-10-08
PR10280608,AIDA,10 Nächte - Norwegens Fjord-Weltnaturerbe ab Hamburg 1,AIDAprima,2028-06-08,2028-06-18,10,NO,NOHAM10F,Hamburg → Bergen → Flam → Welterbe-aurlandsfjord-passa → Alesund → Molde → Geirangerfjord → Welterbe-geirangerfjord-pass → Nordfjordeid → Stavanger → Hamburg,,2026-10-08,2026-10-08
PR10280629,AIDA,10 Nächte - Norwegens Fjord-Weltnaturerbe ab Hamburg 1,AIDAprima,2028-06-29,2028-07-09,10,NO,NOHAM10F,Hamburg → Bergen → Flam → Welterbe-aurlandsfjord-passa → Alesund → Molde → Geirangerfjord → Welterbe-geirangerfjord-pass → Nordfjordeid → Stavanger → Hamburg,,2026-10-08,2026-10-08
PR10280720,AIDA,10 Nächte - Norwegens Fjord-Weltnaturerbe ab Hamburg 1,AIDAprima,2028-07-20,2028-07-30,10,NO,NOHAM10F,Hamburg → Bergen → Flam → Welterbe-aurlandsfjord-passa → Alesund → Molde → Geirangerfjord → Welterbe-geirangerfjord-pass → Nordfjordeid → Stavanger → Hamburg,,2026-10-08,2026-10-08
PR10280810,AIDA,10 Nächte - Norwegens Fjord-Weltnaturerbe ab Hamburg 1,AIDAprima,2028-08-10,2028-08-20,10,NO,NOHAM10F,Hamburg → Bergen → Flam → Welterbe-aurlandsfjord-passa → Alesund → Molde → Geirangerfjord → Welterbe-geirangerfjord-pass → Nordfjordeid → Stavanger → Hamburg,,2026-10-08,2026-10-08
PR11261019,AIDA,11 Nächte - Westeuropa-Highlights ab Hamburg 3,AIDAprima,2026-10-19,2026-10-30,11,HA,HAMSCT11,Hamburg → Southampton → Gijon → La Coruna → Porto/leixoes → Lissabon → Funchal/madeira → Santa Cruz/la Palma → Santa Cruz de Tenerife,,2026-10-08,2026-10-08
PR11261110,AIDA,"11 Nächte - Kanaren, Marokko & Madeira ab Teneriffa",AIDAprima,2026-11-10,2026-11-21,11,SC,SCTLPA11,Santa Cruz de Tenerife → Agadir → Arrecife/lanzarote → Las Palmas/gran Canaria → Funchal/madeira → Santa Cruz de Tenerife → Puerto del Rosario → Arrecife/lanzarote → Las Palmas/gran Canaria,,2026-10-08,2026-10-08
PR11261219,AIDA,11 Nächte - Weihnachtsreise auf der Ostsee ab Kiel 2,AIDAprima,2026-12-19,2026-12-30,11,BA,BAKEL11,Kiel → Kopenhagen → Göteborg → Arhus → Kiel → Riga → Tallinn → Helsinki → Kiel,,2026-10-08,2026-10-08
PR11270316,AIDA,11 Nächte - Norwegens Welterbe mit Schweden & Dänemark ab Kiel,AIDAprima,2027-03-16,2027-03-27,11,NO,NOKEL11N,Kiel → Kopenhagen → Göteborg → Arhus → Kiel → Bergen → Flam → Welterbe-aurlandsfjord-passa → Stavanger → Kristiansand → Kiel,,2026-10-08,2026-10-08
PR11270509,AIDA,11 Nächte - Norwegens Fjord-Weltnaturerbe ab Hamburg 2,AIDAprima,2027-05-09,2027-05-20,11,NO,NOHAM11F,Hamburg → Bergen → Welterbe-geirangerfjord-pass → Geirangerfjord → Alesund → Trondheim → Molde → Maloy → Flam → Welterbe-aurlandsfjord-passa → Eidfjord → Hamburg,,2026-10-08,2026-10-08
PR11270530,AIDA,11 Nächte - Norwegens Fjord-Weltnaturerbe ab Hamburg 2,AIDAprima,2027-05-30,2027-06-10,11,NO,NOHAM11F,Hamburg → Bergen → Welterbe-geirangerfjord-pass → Geirangerfjord → Alesund → Trondheim → Molde → Maloy → Flam → Welterbe-aurlandsfjord-passa → Eidfjord → Hamburg,,2026-10-08,2026-10-08
PR11270620,AIDA,11 Nächte - Norwegens Fjord-Weltnaturerbe ab Hamburg 2,AIDAprima,2027-06-20,2027-07-01,11,NO,NOHAM11F,Hamburg → Bergen → Welterbe-geirangerfjord-pass → Geirangerfjord → Alesund → Trondheim → Molde → Maloy → Flam → Welterbe-aurlandsfjord-passa → Eidfjord → Hamburg,,2026-10-08,2026-10-08
PR11270711,AIDA,11 Nächte - Norwegens Fjord-Weltnaturerbe ab Hamburg 2,AIDAprima,2027-07-11,2027-07-22,11,NO,NOHAM11F,Hamburg → Bergen → Welterbe-geirangerfjord-pass → Geirangerfjord → Alesund → Trondheim → Molde → Maloy → Flam → Welterbe-aurlandsfjord-passa → Eidfjord → Hamburg,,2026-10-08,2026-10-08
PR11270801,AIDA,11 Nächte - Norwegens Fjord-Weltnaturerbe ab Hamburg 2,AIDAprima,2027-08-01,2027-08-12,11,NO,NOHAM11F,Hamburg → Bergen → Welterbe-geirangerfjord-pass → Geirangerfjord → Alesund → Trondheim → Molde → Maloy → Flam → Welterbe-aurlandsfjord-passa → Eidfjord → Hamburg,,2026-10-08,2026-10-08
PR11270822,AIDA,11 Nächte - Norwegens Fjord-Weltnaturerbe ab Hamburg 2,AIDAprima,2027-08-22,2027-09-02,11,NO,NOHAM11F,Hamburg → Bergen → Welterbe-geirangerfjord-pass → Geirangerfjord → Alesund → Trondheim → Molde → Maloy → Flam → Welterbe-aurlandsfjord-passa → Eidfjord → Hamburg,,2026-10-08,2026-10-08
PR11270902,AIDA,11 Nächte - Norwegens Fjord-Weltnaturerbe ab Hamburg 2,AIDAprima,2027-09-02,2027-09-13,11,NO,NOHAM11F,Hamburg → Bergen → Welterbe-geirangerfjord-pass → Geirangerfjord → Alesund → Trondheim → Molde → Maloy → Flam → Welterbe-aurlandsfjord-passa → Eidfjord → Hamburg,,2026-10-08,2026-10-08
PR11271114,AIDA,11 Nächte - Von Gran Canaria über Antigua in die Dom. Republik,AIDAprima,2027-11-14,2027-11-25,11,LP,LPALRM11,Las Palmas/gran Canaria → St.johns → Rouseau → Basseterre → Roadtown → La Romana/dom. Republik,,2026-10-08,2026-10-08
PR11280521,AIDA,11 Nächte - Perlen am Mittelmeer mit Lissabon ab Mallorca,AIDAprima,2028-05-21,2028-06-01,11,PM,PMILIS11,Palma → Barcelona → Marseille → Florenz/la Spezia → Rom/civitavecchia → Palma → Sevilla/cadiz → Lissabon,,2026-10-08,2026-10-08
PR11280528,AIDA,11 Nächte - Von Mallorca über Portugal nach Hamburg,AIDAprima,2028-05-28,2028-06-08,11,PM,PMIHAM12,Palma → Alicante → Lissabon → Porto/leixoes → La Coruna → Paris/le Havre → Zeebrügge → Rotterdam → Hamburg,,2026-10-08,2026-10-08
PR11280618,AIDA,11 Nächte - Norwegens Fjord-Weltnaturerbe ab Hamburg 2,AIDAprima,2028-06-18,2028-06-29,11,NO,NOHAM11F,Hamburg → Bergen → Welterbe-geirangerfjord-pass → Geirangerfjord → Alesund → Trondheim → Molde → Maloy → Flam → Welterbe-aurlandsfjord-passa → Eidfjord → Hamburg,,2026-10-08,2026-10-08
PR11280709,AIDA,11 Nächte - Norwegens Fjord-Weltnaturerbe ab Hamburg 2,AIDAprima,2028-07-09,2028-07-20,11,NO,NOHAM11F,Hamburg → Bergen → Welterbe-geirangerfjord-pass → Geirangerfjord → Alesund → Trondheim → Molde → Maloy → Flam → Welterbe-aurlandsfjord-passa → Eidfjord → Hamburg,,2026-10-08,2026-10-08
PR11280730,AIDA,11 Nächte - Norwegens Fjord-Weltnaturerbe ab Hamburg 2,AIDAprima,2028-07-30,2028-08-10,11,NO,NOHAM11F,Hamburg → Bergen → Welterbe-geirangerfjord-pass → Geirangerfjord → Alesund → Trondheim → Molde → Maloy → Flam → Welterbe-aurlandsfjord-passa → Eidfjord → Hamburg,,2026-10-08,2026-10-08
PR11280820,AIDA,11 Nächte - Norwegens Fjord-Weltnaturerbe ab Hamburg 2,AIDAprima,2028-08-20,2028-08-31,11,NO,NOHAM11F,Hamburg → Bergen → Welterbe-geirangerfjord-pass → Geirangerfjord → Alesund → Trondheim → Molde → Maloy → Flam → Welterbe-aurlandsfjord-passa → Eidfjord → Hamburg,,2026-10-08,2026-10-08
PR11281105,AIDA,11 Nächte - Von Gran Canaria nach Barbados,AIDAprima,2028-11-05,2028-11-16,11,LP,LPABGI19,Las Palmas/gran Canaria → Santa Cruz/la Palma → St.johns → Basseterre → Philipsburg → La Romana/dom. Republik → Willemstad → Kralendijk → Oranjestad → Bridgetown/barbados,,2026-10-08,2026-10-08
PR12261019,AIDA,12 Nächte - Westeuropa-Highlights ab Hamburg 2,AIDAprima,2026-10-19,2026-10-31,12,HA,HAMLPA12,Hamburg → Southampton → Gijon → La Coruna → Porto/leixoes → Lissabon → Funchal/madeira → Santa Cruz/la Palma → Santa Cruz de Tenerife → Las Palmas/gran Canaria,,2026-10-08,2026-10-08
PR12270106,AIDA,12 Nächte - Europas Atlantikküste ab Kiel,AIDAprima,2027-01-06,2027-01-18,12,KE,KELLPA12,Kiel → Paris/le Havre → Gijon → La Coruna → Lissabon → Funchal/madeira → Puerto del Rosario → Las Palmas/gran Canaria,,2026-10-08,2026-10-08
PR12270118,AIDA,12 Nächte - Europas Atlantikküste ab Gran Canaria,AIDAprima,2027-01-18,2027-01-30,12,LP,LPAKEL12,Las Palmas/gran Canaria → Arrecife/lanzarote → Santa Cruz de Tenerife → Santa Cruz/la Palma → Lissabon → Vigo → Cherbourg → Kiel,,2026-10-08,2026-10-08
PR13261019,AIDA,13 Nächte - Westeuropa-Highlights ab Hamburg 1,AIDAprima,2026-10-19,2026-11-01,13,HA,HAMLPA13,Hamburg → Southampton → Gijon → La Coruna → Porto/leixoes → Lissabon → Funchal/madeira → Santa Cruz/la Palma → Santa Cruz de Tenerife → Las Palmas/gran Canaria,,2026-10-08,2026-10-08
PR13261101,AIDA,"13 Nächte - Kanaren, Madeira & Marokko ab Gran Canaria",AIDAprima,2026-11-01,2026-11-14,13,CA,CALPA13S,Las Palmas/gran Canaria → Santa Cruz de Tenerife → Puerto del Rosario → Funchal/madeira → Las Palmas/gran Canaria → Santa Cruz/la Palma → Santa Cruz de Tenerife → Agadir → Arrecife/lanzarote → Las Palmas/gran Canaria,,2026-10-08,2026-10-08
PR13270307,AIDA,13 Nächte - Skandinavische Highlights ab Kiel 2,AIDAprima,2027-03-07,2027-03-20,13,NO,NOKEL13N,Kiel → Bergen → Flam → Welterbe-aurlandsfjord-passa → Stavanger → Kristiansand → Oslo → Kiel → Kopenhagen → Göteborg → Arhus → Kiel,,2026-10-08,2026-10-08
PR14261107,AIDA,14 Nächte - Große Kanaren-Reise & Marokko ab Gran Canaria,AIDAprima,2026-11-07,2026-11-21,14,CA,CALPA14S,Las Palmas/gran Canaria → Santa Cruz/la Palma → Santa Cruz de Tenerife → Agadir → Arrecife/lanzarote → Las Palmas/gran Canaria → Funchal/madeira → Santa Cruz de Tenerife → Puerto del Rosario → Arrecife/lanzarote → Las Palmas/gran Canaria,,2026-10-08,2026-10-08
PR14261114,AIDA,14 Nächte - Große Kanaren-Reise & Madeira ab Gran Canaria,AIDAprima,2026-11-14,2026-11-28,14,CA,CALPA14,Las Palmas/gran Canaria → Funchal/madeira → Santa Cruz de Tenerife → Puerto del Rosario → Arrecife/lanzarote → Las Palmas/gran Canaria → Puerto del Rosario → Funchal/madeira → Santa Cruz de Tenerife → Arrecife/lanzarote → Las Palmas/gran Canaria,,2026-10-08,2026-10-08
PR14261121,AIDA,14 Nächte - Große Kanaren-Reise & Marokko ab Gran Canaria,AIDAprima,2026-11-21,2026-12-05,14,CA,CALPA14S,Las Palmas/gran Canaria → Santa Cruz/la Palma → Santa Cruz de Tenerife → Agadir → Arrecife/lanzarote → Las Palmas/gran Canaria → Funchal/madeira → Santa Cruz de Tenerife → Puerto del Rosario → Arrecife/lanzarote → Las Palmas/gran Canaria,,2026-10-08,2026-10-08
PR14261205,AIDA,14 Nächte - Westeuropa-Highlights mit Marokko ab Gran Canaria,AIDAprima,2026-12-05,2026-12-19,14,LP,LPAKEL14,Las Palmas/gran Canaria → Arrecife/lanzarote → Agadir → Tanger → Sevilla/cadiz → Lissabon → Vigo → La Coruna → Southampton → Kiel,,2026-10-08,2026-10-08
PR14261223,AIDA,14 Nächte - Feiertagsreise auf der Ostsee ab Kiel,AIDAprima,2026-12-23,2027-01-06,14,NO,NOKEL14N,Kiel → Riga → Tallinn → Helsinki → Kiel → Kopenhagen → Oslo → Kristiansand → Göteborg → Arhus → Kiel,,2026-10-08,2026-10-08
PR14270130,AIDA,14 Nächte - Ostsee & Norwegens Welterbe ab Kiel 1,AIDAprima,2027-01-30,2027-02-13,14,NO,NOKEL14N,Kiel → Danzig/gdynia → Kopenhagen → Göteborg → Arhus → Kiel → Bergen → Flam → Welterbe-aurlandsfjord-passa → Stavanger → Kristiansand → Kiel,,2026-10-08,2026-10-08
PR14270206,AIDA,14 Nächte - Ostsee & Norwegens Welterbe ab Kiel 1,AIDAprima,2027-02-06,2027-02-20,14,NO,NOKEL14N,Kiel → Danzig/gdynia → Kopenhagen → Göteborg → Arhus → Kiel → Bergen → Flam → Welterbe-aurlandsfjord-passa → Stavanger → Kristiansand → Kiel,,2026-10-08,2026-10-08
PR14270404,AIDA,14 Nächte - Ostsee & Norwegens Welterbe ab Kiel 1,AIDAprima,2027-04-04,2027-04-18,14,NO,NOKEL14N,Kiel → Danzig/gdynia → Kopenhagen → Göteborg → Arhus → Kiel → Bergen → Flam → Welterbe-aurlandsfjord-passa → Stavanger → Kristiansand → Kiel,,2026-10-08,2026-10-08
PR14270411,AIDA,14 Nächte - Highlights der Nord- & Ostseeküste ab Kiel,AIDAprima,2027-04-11,2027-04-25,14,BA,BAKEL14,Kiel → Tallinn → Helsinki → Stockholm → Schärengarten-passage → Kiel → Oslo → Oslofjord-passage → Kristiansand → Skagen → Kopenhagen → Arhus → Kiel,,2026-10-08,2026-10-08
PR14271125,AIDA,14 Nächte - Karibische Inseln ab Dominikanische Republik,AIDAprima,2027-11-25,2027-12-09,14,CB,CBLRM14I,La Romana/dom. Republik → Willemstad → Kralendijk → Oranjestad → Bridgetown/barbados → Kingstown → Castries → Pointe A Pitre → Rouseau → St.johns → La Romana/dom. Republik,,2026-10-08,2026-10-08
PR14271202,AIDA,14 Nächte - Karibische Inseln ab Barbados,AIDAprima,2027-12-02,2027-12-16,14,CB,CBBGI14I,Bridgetown/barbados → Kralendijk → Willemstad → Oranjestad → La Romana/dom. Republik → St.johns → Basseterre → Philipsburg → Roadtown → Samana → Montego Bay/jamaika,,2026-10-08,2026-10-08
PR14271209,AIDA,14 Nächte - Karibische Inseln ab Dominikanische Republik,AIDAprima,2027-12-09,2027-12-23,14,CB,CBLRM14I,La Romana/dom. Republik → Willemstad → Kralendijk → Oranjestad → Bridgetown/barbados → Kingstown → Castries → Pointe A Pitre → Rouseau → St.johns → La Romana/dom. Republik,,2026-10-08,2026-10-08
PR14271216,AIDA,14 Nächte - Karibische Inseln ab Barbados,AIDAprima,2027-12-16,2027-12-30,14,CB,CBBGI14I,Bridgetown/barbados → Kralendijk → Willemstad → Oranjestad → La Romana/dom. Republik → St.johns → Basseterre → Philipsburg → Roadtown → Samana → Montego Bay/jamaika,,2026-10-08,2026-10-08
PR14271223,AIDA,14 Nächte - Karibische Inseln ab Dominikanische Republik,AIDAprima,2027-12-23,2028-01-06,14,CB,CBLRM14I,La Romana/dom. Republik → Willemstad → Kralendijk → Oranjestad → Bridgetown/barbados → Kingstown → Castries → Pointe A Pitre → Rouseau → St.johns → La Romana/dom. Republik,,2026-10-08,2026-10-08
PR14271230,AIDA,14 Nächte - Karibische Inseln ab Barbados,AIDAprima,2027-12-30,2028-01-13,14,CB,CBBGI14I,Bridgetown/barbados → Kralendijk → Willemstad → Oranjestad → La Romana/dom. Republik → St.johns → Basseterre → Philipsburg → Roadtown → Samana → Montego Bay/jamaika,,2026-10-08,2026-10-08
PR14280106,AIDA,14 Nächte - Karibische Inseln ab Dominikanische Republik,AIDAprima,2028-01-06,2028-01-20,14,CB,CBLRM14I,La Romana/dom. Republik → Willemstad → Kralendijk → Oranjestad → Bridgetown/barbados → Kingstown → Castries → Pointe A Pitre → Rouseau → St.johns → La Romana/dom. Republik,,2026-10-08,2026-10-08
PR14280113,AIDA,14 Nächte - Karibische Inseln ab Barbados,AIDAprima,2028-01-13,2028-01-27,14,CB,CBBGI14I,Bridgetown/barbados → Kralendijk → Willemstad → Oranjestad → La Romana/dom. Republik → St.johns → Basseterre → Philipsburg → Roadtown → Samana → Montego Bay/jamaika,,2026-10-08,2026-10-08
PR14280120,AIDA,14 Nächte - Karibische Inseln ab Dominikanische Republik,AIDAprima,2028-01-20,2028-02-03,14,CB,CBLRM14I,La Romana/dom. Republik → Willemstad → Kralendijk → Oranjestad → Bridgetown/barbados → Kingstown → Castries → Pointe A Pitre → Rouseau → St.johns → La Romana/dom. Republik,,2026-10-08,2026-10-08
PR14280127,AIDA,14 Nächte - Karibische Inseln ab Barbados,AIDAprima,2028-01-27,2028-02-10,14,CB,CBBGI14I,Bridgetown/barbados → Kralendijk → Willemstad → Oranjestad → La Romana/dom. Republik → St.johns → Basseterre → Philipsburg → Roadtown → Samana → Montego Bay/jamaika,,2026-10-08,2026-10-08
PR14280203,AIDA,14 Nächte - Karibische Inseln ab Dominikanische Republik,AIDAprima,2028-02-03,2028-02-17,14,CB,CBLRM14I,La Romana/dom. Republik → Willemstad → Kralendijk → Oranjestad → Bridgetown/barbados → Kingstown → Castries → Pointe A Pitre → Rouseau → St.johns → La Romana/dom. Republik,,2026-10-08,2026-10-08
PR14280210,AIDA,14 Nächte - Karibische Inseln ab Barbados,AIDAprima,2028-02-10,2028-02-24,14,CB,CBBGI14I,Bridgetown/barbados → Kralendijk → Willemstad → Oranjestad → La Romana/dom. Republik → St.johns → Basseterre → Philipsburg → Roadtown → Samana → Montego Bay/jamaika,,2026-10-08,2026-10-08
PR14280217,AIDA,14 Nächte - Karibische Inseln ab Dominikanische Republik,AIDAprima,2028-02-17,2028-03-02,14,CB,CBLRM14I,La Romana/dom. Republik → Willemstad → Kralendijk → Oranjestad → Bridgetown/barbados → Kingstown → Castries → Pointe A Pitre → Rouseau → St.johns → La Romana/dom. Republik,,2026-10-08,2026-10-08
PR14280224,AIDA,14 Nächte - Karibische Inseln ab Barbados,AIDAprima,2028-02-24,2028-03-09,14,CB,CBBGI14I,Bridgetown/barbados → Kralendijk → Willemstad → Oranjestad → La Romana/dom. Republik → St.johns → Basseterre → Philipsburg → Roadtown → Samana → Montego Bay/jamaika,,2026-10-08,2026-10-08
PR14280302,AIDA,14 Nächte - Karibische Inseln ab Dominikanische Republik,AIDAprima,2028-03-02,2028-03-16,14,CB,CBLRM14I,La Romana/dom. Republik → Willemstad → Kralendijk → Oranjestad → Bridgetown/barbados → Kingstown → Castries → Pointe A Pitre → Rouseau → St.johns → La Romana/dom. Republik,,2026-10-08,2026-10-08
PR14280309,AIDA,14 Nächte - Karibische Inseln ab Barbados,AIDAprima,2028-03-09,2028-03-23,14,CB,CBBGI14I,Bridgetown/barbados → Kralendijk → Willemstad → Oranjestad → La Romana/dom. Republik → St.johns → Basseterre → Philipsburg → Roadtown → Samana → Montego Bay/jamaika,,2026-10-08,2026-10-08
PR14280408,AIDA,14 Nächte - Große Mittelmeer-Reise zu Ostern ab Mallorca,AIDAprima,2028-04-08,2028-04-22,14,WM,WMPMI14,Palma → Sevilla/cadiz → Malaga → Cartagena → Barcelona → Palma → Alicante → Rom/civitavecchia → Ajaccio/korsika → Barcelona → Palma,,2026-10-08,2026-10-08
PR14281116,AIDA,14 Nächte - Karibische Inseln ab Barbados,AIDAprima,2028-11-16,2028-11-30,14,CB,CBBGI14I,Bridgetown/barbados → Kralendijk → Willemstad → Oranjestad → La Romana/dom. Republik → St.johns → Basseterre → Philipsburg → Roadtown → Samana → Montego Bay/jamaika,,2026-10-08,2026-10-08
PR14281123,AIDA,14 Nächte - Karibische Inseln ab Dom. Republik 1,AIDAprima,2028-11-23,2028-12-07,14,CB,CBLRM14I,La Romana/dom. Republik → Oranjestad → Willemstad → Kralendijk → St.george's → Kingstown → Castries → Rouseau → Basseterre → Philipsburg → La Romana/dom. Republik,,2026-10-08,2026-10-08
PR14281130,AIDA,14 Nächte - Karibische Inseln ab Barbados,AIDAprima,2028-11-30,2028-12-14,14,CB,CBBGI14I,Bridgetown/barbados → Kralendijk → Willemstad → Oranjestad → La Romana/dom. Republik → St.johns → Basseterre → Philipsburg → Roadtown → Samana → Montego Bay/jamaika,,2026-10-08,2026-10-08
PR14281207,AIDA,14 Nächte - Karibische Inseln ab Dom. Republik 1,AIDAprima,2028-12-07,2028-12-21,14,CB,CBLRM14I,La Romana/dom. Republik → Oranjestad → Willemstad → Kralendijk → St.george's → Kingstown → Castries → Rouseau → Basseterre → Philipsburg → La Romana/dom. Republik,,2026-10-08,2026-10-08
PR14281214,AIDA,14 Nächte - Karibische Inseln ab Barbados,AIDAprima,2028-12-14,2028-12-28,14,CB,CBBGI14I,Bridgetown/barbados → Kralendijk → Willemstad → Oranjestad → La Romana/dom. Republik → St.johns → Basseterre → Philipsburg → Roadtown → Samana → Montego Bay/jamaika,,2026-10-08,2026-10-08
PR14281221,AIDA,14 Nächte - Karibische Inseln ab Dom. Republik 1,AIDAprima,2028-12-21,2029-01-04,14,CB,CBLRM14I,La Romana/dom. Republik → Oranjestad → Willemstad → Kralendijk → St.george's → Kingstown → Castries → Rouseau → Basseterre → Philipsburg → La Romana/dom. Republik,,2026-10-08,2026-10-08
PR14281228,AIDA,14 Nächte - Karibische Inseln ab Barbados,AIDAprima,2028-12-28,2029-01-11,14,CB,CBBGI14I,Bridgetown/barbados → Kralendijk → Willemstad → Oranjestad → La Romana/dom. Republik → St.johns → Basseterre → Philipsburg → Roadtown → Samana → Montego Bay/jamaika,,2026-10-08,2026-10-08
PR14290104,AIDA,14 Nächte - Karibische Inseln ab Dom. Republik 1,AIDAprima,2029-01-04,2029-01-18,14,CB,CBLRM14I,La Romana/dom. Republik → Oranjestad → Willemstad → Kralendijk → St.george's → Kingstown → Castries → Rouseau → Basseterre → Philipsburg → La Romana/dom. Republik,,2026-10-08,2026-10-08
PR14290111,AIDA,14 Nächte - Karibische Inseln ab Barbados,AIDAprima,2029-01-11,2029-01-25,14,CB,CBBGI14I,Bridgetown/barbados → Kralendijk → Willemstad → Oranjestad → La Romana/dom. Republik → St.johns → Basseterre → Philipsburg → Roadtown → Samana → Montego Bay/jamaika,,2026-10-08,2026-10-08
PR14290118,AIDA,14 Nächte - Karibische Inseln ab Dom. Republik 1,AIDAprima,2029-01-18,2029-02-01,14,CB,CBLRM14I,La Romana/dom. Republik → Oranjestad → Willemstad → Kralendijk → St.george's → Kingstown → Castries → Rouseau → Basseterre → Philipsburg → La Romana/dom. Republik,,2026-10-08,2026-10-08
PR14290125,AIDA,14 Nächte - Karibische Inseln ab Barbados,AIDAprima,2029-01-25,2029-02-08,14,CB,CBBGI14I,Bridgetown/barbados → Kralendijk → Willemstad → Oranjestad → La Romana/dom. Republik → St.johns → Basseterre → Philipsburg → Roadtown → Samana → Montego Bay/jamaika,,2026-10-08,2026-10-08
PR14290201,AIDA,14 Nächte - Karibische Inseln ab Dom. Republik 1,AIDAprima,2029-02-01,2029-02-15,14,CB,CBLRM14I,La Romana/dom. Republik → Oranjestad → Willemstad → Kralendijk → St.george's → Kingstown → Castries → Rouseau → Basseterre → Philipsburg → La Romana/dom. Republik,,2026-10-08,2026-10-08
PR14290208,AIDA,14 Nächte - Karibische Inseln ab Barbados,AIDAprima,2029-02-08,2029-02-22,14,CB,CBBGI14I,Bridgetown/barbados → Kralendijk → Willemstad → Oranjestad → La Romana/dom. Republik → St.johns → Basseterre → Philipsburg → Roadtown → Samana → Montego Bay/jamaika,,2026-10-08,2026-10-08
PR14290215,AIDA,14 Nächte - Karibische Inseln ab Dom. Republik 1,AIDAprima,2029-02-15,2029-03-01,14,CB,CBLRM14I,La Romana/dom. Republik → Oranjestad → Willemstad → Kralendijk → St.george's → Kingstown → Castries → Rouseau → Basseterre → Philipsburg → La Romana/dom. Republik,,2026-10-08,2026-10-08
PR15270220,AIDA,15 Nächte - Große Norwegen- & Dänemark-Reise ab Kiel,AIDAprima,2027-02-20,2027-03-07,15,NO,NOKEL15N,Kiel → Bergen → Flam → Stavanger → Kristiansand → Oslo → Oslofjord-passage → Kopenhagen → Kiel → Oslofjord-passage → Oslo → Göteborg → Kopenhagen → Arhus → Kiel,,2026-10-08,2026-10-08
PR15270301,AIDA,15 Nächte - Große Norwegen- & Dänemark-Reise ab Kiel,AIDAprima,2027-03-01,2027-03-16,15,NO,NOKEL15N,Kiel → Bergen → Flam → Stavanger → Kristiansand → Oslo → Oslofjord-passage → Kopenhagen → Kiel → Oslofjord-passage → Oslo → Göteborg → Kopenhagen → Arhus → Kiel,,2026-10-08,2026-10-08
PR15270320,AIDA,15 Nächte - Ostsee & Norwegens Welterbe ab Kiel 2,AIDAprima,2027-03-20,2027-04-04,15,NO,NOKEL15N,Kiel → Bergen → Flam → Welterbe-aurlandsfjord-passa → Stavanger → Kristiansand → Kiel → Riga → Tallinn → Helsinki → Visby → Kiel,,2026-10-08,2026-10-08
PR15270327,AIDA,15 Nächte - Ostsee & Norwegens Welterbe ab Kiel 2,AIDAprima,2027-03-27,2027-04-11,15,NO,NOKEL15N,Kiel → Bergen → Flam → Welterbe-aurlandsfjord-passa → Stavanger → Kristiansand → Kiel → Riga → Tallinn → Helsinki → Visby → Kiel,,2026-10-08,2026-10-08
PR16270213,AIDA,16 Nächte - Große Ostsee- & Norwegen-Reise ab Kiel,AIDAprima,2027-02-13,2027-03-01,16,NO,NOKEL16N,Kiel → Danzig/gdynia → Kopenhagen → Göteborg → Arhus → Kiel → Bergen → Flam → Stavanger → Kristiansand → Oslo → Oslofjord-passage → Kopenhagen → Kiel,,2026-10-08,2026-10-08
PR16280323,AIDA,16 Nächte - Von Barbados über Madeira nach Mallorca,AIDAprima,2028-03-23,2028-04-08,16,BG,BGIPMI16,Bridgetown/barbados → Fort de France → Pointe A Pitre → St.johns → Philipsburg → Funchal/madeira → Gibraltar → Palma,,2026-10-08,2026-10-08
PR18271114,AIDA,18 Nächte - Von Gran Canaria über Curacao nach Barbados,AIDAprima,2027-11-14,2027-12-02,18,LP,LPABGI18,Las Palmas/gran Canaria → St.johns → Rouseau → Basseterre → Roadtown → La Romana/dom. Republik → Oranjestad → Willemstad → Kralendijk → St.george's → Bridgetown/barbados,,2026-10-08,2026-10-08
PR18281105,AIDA,18 Nächte - Von Gran Canaria in die Dominikanische Republik,AIDAprima,2028-11-05,2028-11-23,18,LP,LPALRM12,Las Palmas/gran Canaria → Santa Cruz/la Palma → St.johns → Basseterre → Philipsburg → La Romana/dom. Republik,,2026-10-08,2026-10-08
PR20271105,AIDA,20 Nächte - Von Hamburg über die Kanaren in die Dom. Republik,AIDAprima,2027-11-05,2027-11-25,20,HA,HAMLRM20,Hamburg → Cherbourg → La Coruna → Porto/leixoes → Lissabon → Arrecife/lanzarote → Las Palmas/gran Canaria → St.johns → Rouseau → Basseterre → Roadtown → La Romana/dom. Republik,,2026-10-08,2026-10-08
PR20281027,AIDA,20 Nächte - Von Hamburg über die Kanaren nach Barbados,AIDAprima,2028-10-27,2028-11-16,20,HA,HAMBGI27,Hamburg → Cherbourg → La Coruna → Porto/leixoes → Lissabon → Arrecife/lanzarote → Las Palmas/gran Canaria → St.johns → Rouseau → Basseterre → Roadtown → La Romana/dom. Republik → Oranjestad → Willemstad → Kralendijk → St.george's → Bridgetown/barbados,,2026-10-08,2026-10-08
PR21261128,AIDA,21 Nächte - Von Gran Canaria über Portugal nach Kiel,AIDAprima,2026-11-28,2026-12-19,21,LP,LPAKEL21,Las Palmas/gran Canaria → Santa Cruz/la Palma → Las Palmas/gran Canaria → Agadir → Puerto del Rosario → Arrecife/lanzarote → Las Palmas/gran Canaria → Arrecife/lanzarote → Agadir → Tanger → Sevilla/cadiz → Lissabon → Vigo → La Coruna → Southampton → Kiel,,2026-10-08,2026-10-08
PR21271125,AIDA,21 Nächte - Karibische Insel-Rundreise,AIDAprima,2027-11-25,2027-12-16,21,CB,CBLRM21I,La Romana/dom. Republik → Kralendijk → Willemstad → Oranjestad → Fort de France → Bridgetown/barbados → Kingstown → Castries → Rouseau → Pointe A Pitre → St.johns → La Romana/dom. Republik → Willemstad → Oranjestad → Bridgetown/barbados,,2026-10-08,2026-10-08
PR21271202,AIDA,21 Nächte - Karibische Insel-Rundreise ab Barbados,AIDAprima,2027-12-02,2027-12-23,21,CB,CBBGI21I,Bridgetown/barbados → Kingstown → Castries → Rouseau → Pointe A Pitre → St.johns → La Romana/dom. Republik → Oranjestad → Willemstad → Bridgetown/barbados → Kingstown → Castries → Pointe A Pitre → Rouseau → St.johns → La Romana/dom. Republik,,2026-10-08,2026-10-08
PR21271209,AIDA,21 Nächte - Karibische Insel-Rundreise,AIDAprima,2027-12-09,2027-12-30,21,CB,CBLRM21I,La Romana/dom. Republik → Kralendijk → Willemstad → Oranjestad → Fort de France → Bridgetown/barbados → Kingstown → Castries → Rouseau → Pointe A Pitre → St.johns → La Romana/dom. Republik → Willemstad → Oranjestad → Bridgetown/barbados,,2026-10-08,2026-10-08
PR21271216,AIDA,21 Nächte - Karibische Insel-Rundreise ab Barbados,AIDAprima,2027-12-16,2028-01-06,21,CB,CBBGI21I,Bridgetown/barbados → Kingstown → Castries → Rouseau → Pointe A Pitre → St.johns → La Romana/dom. Republik → Oranjestad → Willemstad → Bridgetown/barbados → Kingstown → Castries → Pointe A Pitre → Rouseau → St.johns → La Romana/dom. Republik,,2026-10-08,2026-10-08
PR21271223,AIDA,21 Nächte - Karibische Insel-Rundreise,AIDAprima,2027-12-23,2028-01-13,21,CB,CBLRM21I,La Romana/dom. Republik → Kralendijk → Willemstad → Oranjestad → Fort de France → Bridgetown/barbados → Kingstown → Castries → Rouseau → Pointe A Pitre → St.johns → La Romana/dom. Republik → Willemstad → Oranjestad → Bridgetown/barbados,,2026-10-08,2026-10-08
PR21271230,AIDA,21 Nächte - Karibische Insel-Rundreise ab Barbados,AIDAprima,2027-12-30,2028-01-20,21,CB,CBBGI21I,Bridgetown/barbados → Kingstown → Castries → Rouseau → Pointe A Pitre → St.johns → La Romana/dom. Republik → Oranjestad → Willemstad → Bridgetown/barbados → Kingstown → Castries → Pointe A Pitre → Rouseau → St.johns → La Romana/dom. Republik,,2026-10-08,2026-10-08
PR21280106,AIDA,21 Nächte - Karibische Insel-Rundreise,AIDAprima,2028-01-06,2028-01-27,21,CB,CBLRM21I,La Romana/dom. Republik → Kralendijk → Willemstad → Oranjestad → Fort de France → Bridgetown/barbados → Kingstown → Castries → Rouseau → Pointe A Pitre → St.johns → La Romana/dom. Republik → Willemstad → Oranjestad → Bridgetown/barbados,,2026-10-08,2026-10-08
PR21280113,AIDA,21 Nächte - Karibische Insel-Rundreise ab Barbados,AIDAprima,2028-01-13,2028-02-03,21,CB,CBBGI21I,Bridgetown/barbados → Kingstown → Castries → Rouseau → Pointe A Pitre → St.johns → La Romana/dom. Republik → Oranjestad → Willemstad → Bridgetown/barbados → Kingstown → Castries → Pointe A Pitre → Rouseau → St.johns → La Romana/dom. Republik,,2026-10-08,2026-10-08
PR21280120,AIDA,21 Nächte - Karibische Insel-Rundreise,AIDAprima,2028-01-20,2028-02-10,21,CB,CBLRM21I,La Romana/dom. Republik → Kralendijk → Willemstad → Oranjestad → Fort de France → Bridgetown/barbados → Kingstown → Castries → Rouseau → Pointe A Pitre → St.johns → La Romana/dom. Republik → Willemstad → Oranjestad → Bridgetown/barbados,,2026-10-08,2026-10-08
PR21280127,AIDA,21 Nächte - Karibische Insel-Rundreise ab Barbados,AIDAprima,2028-01-27,2028-02-17,21,CB,CBBGI21I,Bridgetown/barbados → Kingstown → Castries → Rouseau → Pointe A Pitre → St.johns → La Romana/dom. Republik → Oranjestad → Willemstad → Bridgetown/barbados → Kingstown → Castries → Pointe A Pitre → Rouseau → St.johns → La Romana/dom. Republik,,2026-10-08,2026-10-08
PR21280203,AIDA,21 Nächte - Karibische Insel-Rundreise,AIDAprima,2028-02-03,2028-02-24,21,CB,CBLRM21I,La Romana/dom. Republik → Kralendijk → Willemstad → Oranjestad → Fort de France → Bridgetown/barbados → Kingstown → Castries → Rouseau → Pointe A Pitre → St.johns → La Romana/dom. Republik → Willemstad → Oranjestad → Bridgetown/barbados,,2026-10-08,2026-10-08
PR21280210,AIDA,21 Nächte - Karibische Insel-Rundreise ab Barbados,AIDAprima,2028-02-10,2028-03-02,21,CB,CBBGI21I,Bridgetown/barbados → Kingstown → Castries → Rouseau → Pointe A Pitre → St.johns → La Romana/dom. Republik → Oranjestad → Willemstad → Bridgetown/barbados → Kingstown → Castries → Pointe A Pitre → Rouseau → St.johns → La Romana/dom. Republik,,2026-10-08,2026-10-08
PR21280217,AIDA,21 Nächte - Karibische Insel-Rundreise,AIDAprima,2028-02-17,2028-03-09,21,CB,CBLRM21I,La Romana/dom. Republik → Kralendijk → Willemstad → Oranjestad → Fort de France → Bridgetown/barbados → Kingstown → Castries → Rouseau → Pointe A Pitre → St.johns → La Romana/dom. Republik → Willemstad → Oranjestad → Bridgetown/barbados,,2026-10-08,2026-10-08
PR21280224,AIDA,21 Nächte - Karibische Insel-Rundreise ab Barbados,AIDAprima,2028-02-24,2028-03-16,21,CB,CBBGI21I,Bridgetown/barbados → Kingstown → Castries → Rouseau → Pointe A Pitre → St.johns → La Romana/dom. Republik → Oranjestad → Willemstad → Bridgetown/barbados → Kingstown → Castries → Pointe A Pitre → Rouseau → St.johns → La Romana/dom. Republik,,2026-10-08,2026-10-08
PR21281116,AIDA,21 Nächte - Karibische Insel-Rundreise ab Barbados,AIDAprima,2028-11-16,2028-12-07,21,CB,CBBGI21I,Bridgetown/barbados → Kingstown → Castries → Rouseau → Pointe A Pitre → St.johns → La Romana/dom. Republik → Oranjestad → Willemstad → Bridgetown/barbados → Kingstown → Castries → Pointe A Pitre → Rouseau → St.johns → La Romana/dom. Republik,,2026-10-08,2026-10-08
PR21281123,AIDA,21 Nächte - Karibische Insel-Rundreise ab Dom. Republik 1,AIDAprima,2028-11-23,2028-12-14,21,CB,CBLRM21I,La Romana/dom. Republik → Oranjestad → Willemstad → Kralendijk → St.george's → Bridgetown/barbados → Kingstown → Castries → Rouseau → Pointe A Pitre → St.johns → La Romana/dom. Republik → Oranjestad → Willemstad → Kralendijk → St.george's → Bridgetown/barbados,,2026-10-08,2026-10-08
PR21281130,AIDA,21 Nächte - Karibische Insel-Rundreise ab Barbados,AIDAprima,2028-11-30,2028-12-21,21,CB,CBBGI21I,Bridgetown/barbados → Kingstown → Castries → Rouseau → Pointe A Pitre → St.johns → La Romana/dom. Republik → Oranjestad → Willemstad → Bridgetown/barbados → Kingstown → Castries → Pointe A Pitre → Rouseau → St.johns → La Romana/dom. Republik,,2026-10-08,2026-10-08
PR21281207,AIDA,21 Nächte - Karibische Insel-Rundreise ab Dom. Republik 1,AIDAprima,2028-12-07,2028-12-28,21,CB,CBLRM21I,La Romana/dom. Republik → Oranjestad → Willemstad → Kralendijk → St.george's → Bridgetown/barbados → Kingstown → Castries → Rouseau → Pointe A Pitre → St.johns → La Romana/dom. Republik → Oranjestad → Willemstad → Kralendijk → St.george's → Bridgetown/barbados,,2026-10-08,2026-10-08
PR21281214,AIDA,21 Nächte - Karibische Insel-Rundreise ab Barbados,AIDAprima,2028-12-14,2029-01-04,21,CB,CBBGI21I,Bridgetown/barbados → Kingstown → Castries → Rouseau → Pointe A Pitre → St.johns → La Romana/dom. Republik → Oranjestad → Willemstad → Bridgetown/barbados → Kingstown → Castries → Pointe A Pitre → Rouseau → St.johns → La Romana/dom. Republik,,2026-10-08,2026-10-08
PR21281221,AIDA,21 Nächte - Karibische Insel-Rundreise ab Dom. Republik 1,AIDAprima,2028-12-21,2029-01-11,21,CB,CBLRM21I,La Romana/dom. Republik → Oranjestad → Willemstad → Kralendijk → St.george's → Bridgetown/barbados → Kingstown → Castries → Rouseau → Pointe A Pitre → St.johns → La Romana/dom. Republik → Oranjestad → Willemstad → Kralendijk → St.george's → Bridgetown/barbados,,2026-10-08,2026-10-08
PR21281228,AIDA,21 Nächte - Karibische Insel-Rundreise ab Barbados,AIDAprima,2028-12-28,2029-01-18,21,CB,CBBGI21I,Bridgetown/barbados → Kingstown → Castries → Rouseau → Pointe A Pitre → St.johns → La Romana/dom. Republik → Oranjestad → Willemstad → Bridgetown/barbados → Kingstown → Castries → Pointe A Pitre → Rouseau → St.johns → La Romana/dom. Republik,,2026-10-08,2026-10-08
PR21290104,AIDA,21 Nächte - Karibische Insel-Rundreise ab Dom. Republik 1,AIDAprima,2029-01-04,2029-01-25,21,CB,CBLRM21I,La Romana/dom. Republik → Oranjestad → Willemstad → Kralendijk → St.george's → Bridgetown/barbados → Kingstown → Castries → Rouseau → Pointe A Pitre → St.johns → La Romana/dom. Republik → Oranjestad → Willemstad → Kralendijk → St.george's → Bridgetown/barbados,,2026-10-08,2026-10-08
PR21290111,AIDA,21 Nächte - Karibische Insel-Rundreise ab Barbados,AIDAprima,2029-01-11,2029-02-01,21,CB,CBBGI21I,Bridgetown/barbados → Kingstown → Castries → Rouseau → Pointe A Pitre → St.johns → La Romana/dom. Republik → Oranjestad → Willemstad → Bridgetown/barbados → Kingstown → Castries → Pointe A Pitre → Rouseau → St.johns → La Romana/dom. Republik,,2026-10-08,2026-10-08
PR21290118,AIDA,21 Nächte - Karibische Insel-Rundreise ab Dom. Republik 1,AIDAprima,2029-01-18,2029-02-08,21,CB,CBLRM21I,La Romana/dom. Republik → Oranjestad → Willemstad → Kralendijk → St.george's → Bridgetown/barbados → Kingstown → Castries → Rouseau → Pointe A Pitre → St.johns → La Romana/dom. Republik → Oranjestad → Willemstad → Kralendijk → St.george's → Bridgetown/barbados,,2026-10-08,2026-10-08
PR21290125,AIDA,21 Nächte - Karibische Insel-Rundreise ab Barbados,AIDAprima,2029-01-25,2029-02-15,21,CB,CBBGI21I,Bridgetown/barbados → Kingstown → Castries → Rouseau → Pointe A Pitre → St.johns → La Romana/dom. Republik → Oranjestad → Willemstad → Bridgetown/barbados → Kingstown → Castries → Pointe A Pitre → Rouseau → St.johns → La Romana/dom. Republik,,2026-10-08,2026-10-08
PR21290201,AIDA,21 Nächte - Karibische Insel-Rundreise ab Dom. Republik 1,AIDAprima,2029-02-01,2029-02-22,21,CB,CBLRM21I,La Romana/dom. Republik → Oranjestad → Willemstad → Kralendijk → St.george's → Bridgetown/barbados → Kingstown → Castries → Rouseau → Pointe A Pitre → St.johns → La Romana/dom. Republik → Oranjestad → Willemstad → Kralendijk → St.george's → Bridgetown/barbados,,2026-10-08,2026-10-08
PR21290208,AIDA,21 Nächte - Karibische Insel-Rundreise ab Barbados,AIDAprima,2029-02-08,2029-03-01,21,CB,CBBGI21I,Bridgetown/barbados → Kingstown → Castries → Rouseau → Pointe A Pitre → St.johns → La Romana/dom. Republik → Oranjestad → Willemstad → Bridgetown/barbados → Kingstown → Castries → Pointe A Pitre → Rouseau → St.johns → La Romana/dom. Republik,,2026-10-08,2026-10-08
PR23280316,AIDA,23 Nächte - Von der Dom. Republik über Madeira nach Mallorca,AIDAprima,2028-03-16,2028-04-08,23,LR,LRMPMI23,La Romana/dom. Republik → Oranjestad → Willemstad → Kralendijk → St.george's → Bridgetown/barbados → Fort de France → Pointe A Pitre → St.johns → Philipsburg → Funchal/madeira → Gibraltar → Palma,,2026-10-08,2026-10-08
PR24270106,AIDA,24 Nächte - Große Winterpause Kanaren ab Kiel,AIDAprima,2027-01-06,2027-01-30,24,CA,CAKEL24,Kiel → Paris/le Havre → Gijon → La Coruna → Lissabon → Funchal/madeira → Puerto del Rosario → Las Palmas/gran Canaria → Arrecife/lanzarote → Santa Cruz de Tenerife → Santa Cruz/la Palma → Lissabon → Vigo → Cherbourg → Kiel,,2026-10-08,2026-10-08
PR27271105,AIDA,27 Nächte - Von Hamburg über die Kanaren nach Barbados,AIDAprima,2027-11-05,2027-12-02,27,HA,HAMBGI27,Hamburg → Cherbourg → La Coruna → Porto/leixoes → Lissabon → Arrecife/lanzarote → Las Palmas/gran Canaria → St.johns → Rouseau → Basseterre → Roadtown → La Romana/dom. Republik → Oranjestad → Willemstad → Kralendijk → St.george's → Bridgetown/barbados,,2026-10-08,2026-10-08
PR27281027,AIDA,27 Nächte - Von Hamburg über die Kanaren in die Dom. Republik,AIDAprima,2028-10-27,2028-11-23,27,HA,HAMLRM20,Hamburg → Cherbourg → La Coruna → Porto/leixoes → Lissabon → Arrecife/lanzarote → Las Palmas/gran Canaria → St.johns → Rouseau → Basseterre → Roadtown → La Romana/dom. Republik,,2026-10-08,2026-10-08
PR34271105,AIDA,34 Nächte - Weltenbummler Karibische Inseln ab Hamburg,AIDAprima,2027-11-05,2027-12-09,34,HA,HAMLRM34,Hamburg → Cherbourg → La Coruna → Porto/leixoes → Lissabon → Arrecife/lanzarote → Las Palmas/gran Canaria → St.johns → Rouseau → Basseterre → Roadtown → La Romana/dom. Republik → Oranjestad → Willemstad → Kralendijk → St.george's → Bridgetown/barbados → Kingstown → Castries → Rouseau → Pointe A Pitre → St.johns → La Romana/dom. Republik,,2026-10-08,2026-10-08
SO04280824,AIDA,4 Nächte - Kurzreise nach Norwegen & Dänemark ab Warnemünde,AIDAsol,2028-08-24,2028-08-28,4,WA,WARHAM05,Warnemünde → Kopenhagen → Kristiansand → Haugesund → Hamburg,,2026-10-08,2026-10-08
SO04281028,AIDA,4 Nächte - Kurzreise nach Dänemark & Schweden ab Warnemünde,AIDAsol,2028-10-28,2028-11-01,4,NO,NOWAR04N,Warnemünde → Arhus → Kopenhagen → Ystad → Warnemünde,,2026-10-08,2026-10-08
SO06271010,AIDA,6 Nächte - Von Hamburg über Galicien nach Lissabon,AIDAsol,2027-10-10,2027-10-16,6,HA,HAMLIS06,Hamburg → La Coruna → Vigo → Lissabon,,2026-10-08,2026-10-08
SO07271003,AIDA,7 Nächte - Schottische Highlights ab Hamburg,AIDAsol,2027-10-03,2027-10-10,7,NO,NOHAM07U,Hamburg → Newcastle Upon Tyne → Aberdeen → Invergordon → Kirkwall → Hamburg,,2026-10-08,2026-10-08
SO07271223,AIDA,7 Nächte - Weihnachtsreise im Mittelmeer ab Mallorca,AIDAsol,2027-12-23,2027-12-30,7,WM,WMPMI07E,Palma → Florenz/la Spezia → Rom/civitavecchia → Ajaccio/korsika → Barcelona → Palma,,2026-10-08,2026-10-08
SO07280109,AIDA,7 Nächte - Andalusien & Portugal ab Mallorca,AIDAsol,2028-01-09,2028-01-16,7,PM,PMILIS07,Palma → Malaga → Sevilla/cadiz → Porto/leixoes → Lissabon,,2026-10-08,2026-10-08
SO07280116,AIDA,7 Nächte - Madeira & Kanaren ab Lissabon,AIDAsol,2028-01-16,2028-01-23,7,LI,LISLPA07,Lissabon → Funchal/madeira → Arrecife/lanzarote → Puerto del Rosario → Santa Cruz de Tenerife → Las Palmas/gran Canaria,,2026-10-08,2026-10-08
SO07280123,AIDA,7 Nächte - Kanaren mit La Gomera,AIDAsol,2028-01-23,2028-01-30,7,CA,CALPA07G,Las Palmas/gran Canaria → San Sebastian → Santa Cruz/la Palma → Arrecife/lanzarote → Puerto del Rosario → Santa Cruz de Tenerife → Las Palmas/gran Canaria,,2026-10-08,2026-10-08
SO07280206,AIDA,7 Nächte - Kanaren & Marokko,AIDAsol,2028-02-06,2028-02-13,7,CA,CALPA07S,Las Palmas/gran Canaria → Arrecife/lanzarote → Agadir → Santa Cruz de Tenerife → Puerto del Rosario → San Sebastian → Las Palmas/gran Canaria,,2026-10-08,2026-10-08
SO07280220,AIDA,7 Nächte - Kanaren mit La Gomera,AIDAsol,2028-02-20,2028-02-27,7,CA,CALPA07G,Las Palmas/gran Canaria → San Sebastian → Santa Cruz/la Palma → Arrecife/lanzarote → Puerto del Rosario → Santa Cruz de Tenerife → Las Palmas/gran Canaria,,2026-10-08,2026-10-08
SO07280305,AIDA,7 Nächte - Kanaren & Marokko,AIDAsol,2028-03-05,2028-03-12,7,CA,CALPA07S,Las Palmas/gran Canaria → Arrecife/lanzarote → Agadir → Santa Cruz de Tenerife → Puerto del Rosario → San Sebastian → Las Palmas/gran Canaria,,2026-10-08,2026-10-08
SO07280319,AIDA,7 Nächte - Kanaren mit La Gomera,AIDAsol,2028-03-19,2028-03-26,7,CA,CALPA07G,Las Palmas/gran Canaria → San Sebastian → Santa Cruz/la Palma → Arrecife/lanzarote → Puerto del Rosario → Santa Cruz de Tenerife → Las Palmas/gran Canaria,,2026-10-08,2026-10-08
SO07280409,AIDA,7 Nächte - Norwegens Fjorde ab Hamburg,AIDAsol,2028-04-09,2028-04-16,7,NO,NOHAM07F,Hamburg → Bergen → Olden → Alesund → Stavanger → Hamburg,,2026-10-08,2026-10-08
SO07280416,AIDA,"7 Nächte - Südengland, Guernsey & Mont-Saint-Michel ab Hamburg",AIDAsol,2028-04-16,2028-04-23,7,NO,NOHAM07W,"Hamburg → Dover/london → Portland, Uk → St.peter Port/guernsey → Cherbourg → Hamburg",,2026-10-08,2026-10-08
SO07280423,AIDA,7 Nächte - Norwegens Fjorde ab Hamburg,AIDAsol,2028-04-23,2028-04-30,7,NO,NOHAM07F,Hamburg → Bergen → Olden → Alesund → Stavanger → Hamburg,,2026-10-08,2026-10-08
SO07280909,AIDA,"7 Nächte - Schweden, Polen & Dänemark ab Warnemünde",AIDAsol,2028-09-09,2028-09-16,7,BA,BAWAR07C,Warnemünde → Stockholm → Visby → Danzig/gdynia → Kopenhagen → Warnemünde,,2026-10-08,2026-10-08
SO07280916,AIDA,7 Nächte - Ostsee ab Warnemünde 1,AIDAsol,2028-09-16,2028-09-23,7,BA,BAWAR07,Warnemünde → Riga → Tallinn → Helsinki → Stockholm → Warnemünde,,2026-10-08,2026-10-08
SO07280923,AIDA,7 Nächte - Norwegens Fjorde ab Warnemünde 1,AIDAsol,2028-09-23,2028-09-30,7,NO,NOWAR07F,Warnemünde → Kristiansand → Bergen → Vik - Sogn → Eidfjord → Warnemünde,,2026-10-08,2026-10-08
SO07280930,AIDA,"7 Nächte - Schweden, Polen & Dänemark ab Warnemünde",AIDAsol,2028-09-30,2028-10-07,7,BA,BAWAR07C,Warnemünde → Stockholm → Visby → Danzig/gdynia → Kopenhagen → Warnemünde,,2026-10-08,2026-10-08
SO07281007,AIDA,7 Nächte - Norwegens Fjorde ab Warnemünde 1,AIDAsol,2028-10-07,2028-10-14,7,NO,NOWAR07F,Warnemünde → Kristiansand → Bergen → Vik - Sogn → Eidfjord → Warnemünde,,2026-10-08,2026-10-08
SO07281014,AIDA,7 Nächte - Ostsee ab Warnemünde 1,AIDAsol,2028-10-14,2028-10-21,7,BA,BAWAR07,Warnemünde → Riga → Tallinn → Helsinki → Stockholm → Warnemünde,,2026-10-08,2026-10-08
SO07281021,AIDA,7 Nächte - Norwegens Fjorde ab Warnemünde 1,AIDAsol,2028-10-21,2028-10-28,7,NO,NOWAR07F,Warnemünde → Kristiansand → Bergen → Vik - Sogn → Eidfjord → Warnemünde,,2026-10-08,2026-10-08
SO08271016,AIDA,8 Nächte - Spanien & Gibraltar ab Lissabon,AIDAsol,2027-10-16,2027-10-24,8,LI,LISPMI08,Lissabon → Sevilla/cadiz → Gibraltar → Malaga → Valencia → Tarragona → Palma,,2026-10-08,2026-10-08
SO09270416,AIDA,9 Nächte - Schottlands Küsten & Inselwelten ab Hamburg,AIDAsol,2027-04-16,2027-04-25,9,NO,NOHAM09U,Hamburg → Newcastle Upon Tyne → Invergordon → Stornoway → Lerwick/shetland Inseln → Kirkwall → Scrabster → Hamburg,,2026-10-08,2026-10-08
SO09270507,AIDA,9 Nächte - Großbritannien & Irland ab Hamburg,AIDAsol,2027-05-07,2027-05-16,9,NO,NOHAM09U,"Hamburg → Portsmouth → Falmouth → Cork / Cobh → Dublin/dún Laoghaire → Fishguard → Portland, Uk → Hamburg",,2026-10-08,2026-10-08
SO09270528,AIDA,9 Nächte - Großbritannien & Irland ab Hamburg,AIDAsol,2027-05-28,2027-06-06,9,NO,NOHAM09U,"Hamburg → Portsmouth → Falmouth → Cork / Cobh → Dublin/dún Laoghaire → Fishguard → Portland, Uk → Hamburg",,2026-10-08,2026-10-08
SO09270618,AIDA,9 Nächte - Großbritannien & Irland ab Hamburg,AIDAsol,2027-06-18,2027-06-27,9,NO,NOHAM09U,"Hamburg → Portsmouth → Falmouth → Cork / Cobh → Dublin/dún Laoghaire → Fishguard → Portland, Uk → Hamburg",,2026-10-08,2026-10-08
SO09270730,AIDA,9 Nächte - Großbritannien & Irland ab Hamburg,AIDAsol,2027-07-30,2027-08-08,9,NO,NOHAM09U,"Hamburg → Portsmouth → Falmouth → Cork / Cobh → Dublin/dún Laoghaire → Fishguard → Portland, Uk → Hamburg",,2026-10-08,2026-10-08
SO09270820,AIDA,9 Nächte - Schottlands Küsten & Inselwelten ab Hamburg,AIDAsol,2027-08-20,2027-08-29,9,NO,NOHAM09U,Hamburg → Newcastle Upon Tyne → Invergordon → Stornoway → Lerwick/shetland Inseln → Kirkwall → Scrabster → Hamburg,,2026-10-08,2026-10-08
SO09270910,AIDA,9 Nächte - Großbritannien & Irland ab Hamburg,AIDAsol,2027-09-10,2027-09-19,9,NO,NOHAM09U,"Hamburg → Portsmouth → Falmouth → Cork / Cobh → Dublin/dún Laoghaire → Fishguard → Portland, Uk → Hamburg",,2026-10-08,2026-10-08
SO09280121,AIDA,9 Nächte - Kanarische Inselwelt ab Fuerteventura,AIDAsol,2028-01-21,2028-01-30,9,CA,CAFUE09,Puerto del Rosario → Santa Cruz de Tenerife → Las Palmas/gran Canaria → San Sebastian → Santa Cruz/la Palma → Arrecife/lanzarote → Puerto del Rosario → Santa Cruz de Tenerife → Las Palmas/gran Canaria,,2026-10-08,2026-10-08
SO09280128,AIDA,9 Nächte - Kanarische Inselwelt & Madeira,AIDAsol,2028-01-28,2028-02-06,9,CA,CAFUE09,Puerto del Rosario → San Sebastian → Las Palmas/gran Canaria → Santa Cruz/la Palma → Funchal/madeira → Puerto del Rosario → Santa Cruz de Tenerife → Las Palmas/gran Canaria,,2026-10-08,2026-10-08
SO09280204,AIDA,9 Nächte - Kanarische Inselwelt & Marokko,AIDAsol,2028-02-04,2028-02-13,9,CA,CAFUE09S,Puerto del Rosario → Santa Cruz de Tenerife → Las Palmas/gran Canaria → San Sebastian → Arrecife/lanzarote → Agadir → Puerto del Rosario → Santa Cruz de Tenerife → Las Palmas/gran Canaria,,2026-10-08,2026-10-08
SO09280211,AIDA,9 Nächte - Kanarische Inselwelt & Madeira,AIDAsol,2028-02-11,2028-02-20,9,CA,CAFUE09,Puerto del Rosario → San Sebastian → Las Palmas/gran Canaria → Santa Cruz/la Palma → Funchal/madeira → Puerto del Rosario → Santa Cruz de Tenerife → Las Palmas/gran Canaria,,2026-10-08,2026-10-08
SO09280218,AIDA,9 Nächte - Kanarische Inselwelt ab Fuerteventura,AIDAsol,2028-02-18,2028-02-27,9,CA,CAFUE09,Puerto del Rosario → Santa Cruz de Tenerife → Las Palmas/gran Canaria → San Sebastian → Santa Cruz/la Palma → Arrecife/lanzarote → Puerto del Rosario → Santa Cruz de Tenerife → Las Palmas/gran Canaria,,2026-10-08,2026-10-08
SO09280225,AIDA,9 Nächte - Kanarische Inselwelt & Madeira,AIDAsol,2028-02-25,2028-03-05,9,CA,CAFUE09,Puerto del Rosario → San Sebastian → Las Palmas/gran Canaria → Santa Cruz/la Palma → Funchal/madeira → Puerto del Rosario → Santa Cruz de Tenerife → Las Palmas/gran Canaria,,2026-10-08,2026-10-08
SO09280303,AIDA,9 Nächte - Kanarische Inselwelt & Marokko,AIDAsol,2028-03-03,2028-03-12,9,CA,CAFUE09S,Puerto del Rosario → Santa Cruz de Tenerife → Las Palmas/gran Canaria → San Sebastian → Arrecife/lanzarote → Agadir → Puerto del Rosario → Santa Cruz de Tenerife → Las Palmas/gran Canaria,,2026-10-08,2026-10-08
SO09280310,AIDA,9 Nächte - Kanarische Inselwelt & Madeira,AIDAsol,2028-03-10,2028-03-19,9,CA,CAFUE09,Puerto del Rosario → San Sebastian → Las Palmas/gran Canaria → Santa Cruz/la Palma → Funchal/madeira → Puerto del Rosario → Santa Cruz de Tenerife → Las Palmas/gran Canaria,,2026-10-08,2026-10-08
SO09280317,AIDA,9 Nächte - Kanarische Inselwelt ab Fuerteventura,AIDAsol,2028-03-17,2028-03-26,9,CA,CAFUE09,Puerto del Rosario → Santa Cruz de Tenerife → Las Palmas/gran Canaria → San Sebastian → Santa Cruz/la Palma → Arrecife/lanzarote → Puerto del Rosario → Santa Cruz de Tenerife → Las Palmas/gran Canaria,,2026-10-08,2026-10-08
SO10271230,AIDA,10 Nächte - Silvesterreise im Mittelmeer ab Mallorca,AIDAsol,2027-12-30,2028-01-09,10,WM,WMPMI07W,Palma → Sevilla/cadiz → Gibraltar → Malaga → Alicante → Palma,,2026-10-08,2026-10-08
SO11271212,AIDA,"11 Nächte - Spanien, Portugal & Balearen ab Mallorca",AIDAsol,2027-12-12,2027-12-23,11,WM,WMPMI11W,Palma → Malaga → Sevilla/cadiz → Lissabon → Cartagena → Valencia → Barcelona → Mahon/menorca → Palma,,2026-10-08,2026-10-08
SO11281101,AIDA,11 Nächte - Von Warnemünde über Portugal nach Teneriffa,AIDAsol,2028-11-01,2028-11-12,11,WA,WARSCT11,Warnemünde → Paris/le Havre → Gijon → La Coruna → Porto/leixoes → Lissabon → Arrecife/lanzarote → Santa Cruz de Tenerife,,2026-10-08,2026-10-08
SO12270404,AIDA,12 Nächte - Island-Rundreise ab Hamburg,AIDAsol,2027-04-04,2027-04-16,12,NO,NOHAM12N,Hamburg → Invergordon → Island/reykjavik → Island/isafjord → Island/akureyri → Seydisfjordur → Kirkwall → Hamburg,,2026-10-08,2026-10-08
SO12270425,AIDA,12 Nächte - Ärmelkanal & Golf von Biskaya ab Hamburg,AIDAsol,2027-04-25,2027-05-07,12,NO,NOHAM12W,"Hamburg → Portland, Uk → Falmouth → La Coruna → Santander → Bilbao → Bordeaux → Garonne-passage → Cherbourg → Hamburg",,2026-10-08,2026-10-08
SO12270516,AIDA,12 Nächte - Island-Rundreise ab Hamburg,AIDAsol,2027-05-16,2027-05-28,12,NO,NOHAM12N,Hamburg → Invergordon → Island/reykjavik → Island/isafjord → Island/akureyri → Seydisfjordur → Kirkwall → Hamburg,,2026-10-08,2026-10-08
SO12270606,AIDA,12 Nächte - Ärmelkanal & Golf von Biskaya ab Hamburg,AIDAsol,2027-06-06,2027-06-18,12,NO,NOHAM12W,"Hamburg → Portland, Uk → Falmouth → La Coruna → Santander → Bilbao → Bordeaux → Garonne-passage → Cherbourg → Hamburg",,2026-10-08,2026-10-08
SO12270718,AIDA,12 Nächte - Ärmelkanal & Golf von Biskaya ab Hamburg,AIDAsol,2027-07-18,2027-07-30,12,NO,NOHAM12W,"Hamburg → Portland, Uk → Falmouth → La Coruna → Santander → Bilbao → Bordeaux → Garonne-passage → Cherbourg → Hamburg",,2026-10-08,2026-10-08
SO12270808,AIDA,12 Nächte - Island-Rundreise ab Hamburg,AIDAsol,2027-08-08,2027-08-20,12,NO,NOHAM12N,Hamburg → Invergordon → Island/reykjavik → Island/isafjord → Island/akureyri → Seydisfjordur → Kirkwall → Hamburg,,2026-10-08,2026-10-08
SO12270829,AIDA,12 Nächte - Ärmelkanal & Golf von Biskaya ab Hamburg,AIDAsol,2027-08-29,2027-09-10,12,NO,NOHAM12W,"Hamburg → Portland, Uk → Falmouth → La Coruna → Santander → Bilbao → Bordeaux → Garonne-passage → Cherbourg → Hamburg",,2026-10-08,2026-10-08
SO12280109,AIDA,12 Nächte - Mittelmeer & Atlantikküste ab Mallorca,AIDAsol,2028-01-09,2028-01-21,12,PM,PMIFUE12,Palma → Malaga → Sevilla/cadiz → Porto/leixoes → Lissabon → Funchal/madeira → Arrecife/lanzarote → Puerto del Rosario,,2026-10-08,2026-10-08
SO12280116,AIDA,12 Nächte - Kanaren & Madeira mit La Gomera ab Lissabon 2,AIDAsol,2028-01-16,2028-01-28,12,LI,LISFUE12,Lissabon → Funchal/madeira → Arrecife/lanzarote → Puerto del Rosario → Santa Cruz de Tenerife → Las Palmas/gran Canaria → San Sebastian → Santa Cruz/la Palma → Arrecife/lanzarote → Puerto del Rosario,,2026-10-08,2026-10-08
SO12280123,AIDA,12 Nächte - Große Rundreise Kanaren & Madeira,AIDAsol,2028-01-23,2028-02-04,12,CA,CALPA12,Las Palmas/gran Canaria → Santa Cruz/la Palma → Funchal/madeira → Puerto del Rosario → Santa Cruz de Tenerife → Las Palmas/gran Canaria → San Sebastian → Santa Cruz/la Palma → Arrecife/lanzarote → Puerto del Rosario,,2026-10-08,2026-10-08
SO12280130,AIDA,"12 Nächte - Kanaren, Madeira & Marokko",AIDAsol,2028-01-30,2028-02-11,12,CA,CALPA12S,Las Palmas/gran Canaria → Santa Cruz/la Palma → Funchal/madeira → Puerto del Rosario → Santa Cruz de Tenerife → Las Palmas/gran Canaria → San Sebastian → Arrecife/lanzarote → Agadir → Puerto del Rosario,,2026-10-08,2026-10-08
SO12280206,AIDA,"12 Nächte - Kanaren, Madeira & Marokko",AIDAsol,2028-02-06,2028-02-18,12,CA,CALPA12S,Las Palmas/gran Canaria → Santa Cruz/la Palma → Funchal/madeira → Puerto del Rosario → Santa Cruz de Tenerife → Las Palmas/gran Canaria → San Sebastian → Arrecife/lanzarote → Agadir → Puerto del Rosario,,2026-10-08,2026-10-08
SO12280213,AIDA,12 Nächte - Große Rundreise Kanaren & Madeira,AIDAsol,2028-02-13,2028-02-25,12,CA,CALPA12,Las Palmas/gran Canaria → Santa Cruz/la Palma → Funchal/madeira → Puerto del Rosario → Santa Cruz de Tenerife → Las Palmas/gran Canaria → San Sebastian → Santa Cruz/la Palma → Arrecife/lanzarote → Puerto del Rosario,,2026-10-08,2026-10-08
SO12280220,AIDA,12 Nächte - Große Rundreise Kanaren & Madeira,AIDAsol,2028-02-20,2028-03-03,12,CA,CALPA12,Las Palmas/gran Canaria → Santa Cruz/la Palma → Funchal/madeira → Puerto del Rosario → Santa Cruz de Tenerife → Las Palmas/gran Canaria → San Sebastian → Santa Cruz/la Palma → Arrecife/lanzarote → Puerto del Rosario,,2026-10-08,2026-10-08
SO12280227,AIDA,"12 Nächte - Kanaren, Madeira & Marokko",AIDAsol,2028-02-27,2028-03-10,12,CA,CALPA12S,Las Palmas/gran Canaria → Santa Cruz/la Palma → Funchal/madeira → Puerto del Rosario → Santa Cruz de Tenerife → Las Palmas/gran Canaria → San Sebastian → Arrecife/lanzarote → Agadir → Puerto del Rosario,,2026-10-08,2026-10-08
SO12280305,AIDA,"12 Nächte - Kanaren, Madeira & Marokko",AIDAsol,2028-03-05,2028-03-17,12,CA,CALPA12S,Las Palmas/gran Canaria → Santa Cruz/la Palma → Funchal/madeira → Puerto del Rosario → Santa Cruz de Tenerife → Las Palmas/gran Canaria → San Sebastian → Arrecife/lanzarote → Agadir → Puerto del Rosario,,2026-10-08,2026-10-08
SO12280312,AIDA,12 Nächte - Große Rundreise Kanaren & Madeira,AIDAsol,2028-03-12,2028-03-24,12,CA,CALPA12,Las Palmas/gran Canaria → Santa Cruz/la Palma → Funchal/madeira → Puerto del Rosario → Santa Cruz de Tenerife → Las Palmas/gran Canaria → San Sebastian → Santa Cruz/la Palma → Arrecife/lanzarote → Puerto del Rosario,,2026-10-08,2026-10-08
SO12280828,AIDA,12 Nächte - Schärengärten der Ostsee ab Warnemünde 2,AIDAsol,2028-08-28,2028-09-09,12,BA,BAWAR12,Warnemünde → Stockholm → Schärengarten-passage → Tallinn → Schärenmeer-passage → Hamina → Helsinki → Riga → Klaipeda → Danzig/gdynia → Roenne/bornholm → Warnemünde,,2026-10-08,2026-10-08
SO13280430,AIDA,13 Nächte - Königreich Großbritannien ab Hamburg 1,AIDAsol,2028-04-30,2028-05-13,13,NO,NOHAM13U,"Hamburg → Portland, Uk → Falmouth → Fishguard → Liverpool → Belfast → Glasgow / Greenock → Loch-long-passage → Portree → Kirkwall → Invergordon → Hamburg",,2026-10-08,2026-10-08
SO13290207,AIDA,"13 Nächte - Mauritius, La Réunion & Südafrika 2",AIDAsol,2029-02-07,2029-02-20,13,AF,AFPLU13,Port Louis → Le Port → Maputo → Durban → Kugompo (east London) → Gqeberha (port Elizabeth) → Kapstadt,,2026-10-08,2026-10-08
SO14270321,AIDA,14 Nächte - Winter im hohen Norden ab Hamburg,AIDAsol,2027-03-21,2027-04-04,14,NO,NOHAM14F,Hamburg → Bergen → Bodo → Alta → Honningsvag/nordkap → Tromsö → Trondheim → Maloy → Hamburg,,2026-10-08,2026-10-08
SO14270919,AIDA,14 Nächte - Herbstliche Nordlichter ab Hamburg,AIDAsol,2027-09-19,2027-10-03,14,NO,NOHAM14N,Hamburg → Bergen → Leknes → Sortland → Alta → Tromsö → Bodo → Haugesund → Hamburg,,2026-10-08,2026-10-08
SO14271010,AIDA,14 Nächte - Von Hamburg über Portugal nach Mallorca,AIDAsol,2027-10-10,2027-10-24,14,HA,HAMPMI14,Hamburg → La Coruna → Vigo → Lissabon → Sevilla/cadiz → Gibraltar → Malaga → Valencia → Tarragona → Palma,,2026-10-08,2026-10-08
SO14280109,AIDA,14 Nächte - Mittelmeer & Atlantikküste mit Kanaren ab Mallorca,AIDAsol,2028-01-09,2028-01-23,14,PM,PMILPA14,Palma → Malaga → Sevilla/cadiz → Porto/leixoes → Lissabon → Funchal/madeira → Arrecife/lanzarote → Puerto del Rosario → Santa Cruz de Tenerife → Las Palmas/gran Canaria,,2026-10-08,2026-10-08
SO14280116,AIDA,14 Nächte - Kanaren & Madeira mit La Gomera ab Lissabon 1,AIDAsol,2028-01-16,2028-01-30,14,LI,LISLPA14,Lissabon → Funchal/madeira → Arrecife/lanzarote → Puerto del Rosario → Santa Cruz de Tenerife → Las Palmas/gran Canaria → San Sebastian → Santa Cruz/la Palma → Arrecife/lanzarote → Puerto del Rosario → Santa Cruz de Tenerife → Las Palmas/gran Canaria,,2026-10-08,2026-10-08
SO14280123,AIDA,14 Nächte - Große Kanaren-Reise mit La Gomera & Madeira,AIDAsol,2028-01-23,2028-02-06,14,CA,CALPA14,Las Palmas/gran Canaria → Santa Cruz/la Palma → Funchal/madeira → Puerto del Rosario → Santa Cruz de Tenerife → Las Palmas/gran Canaria → San Sebastian → Santa Cruz/la Palma → Arrecife/lanzarote → Puerto del Rosario → Santa Cruz de Tenerife → Las Palmas/gran Canaria,,2026-10-08,2026-10-08
SO14280130,AIDA,14 Nächte - Große Kanaren-Reise mit Madeira & Marokko,AIDAsol,2028-01-30,2028-02-13,14,CA,CALPA14S,Las Palmas/gran Canaria → Funchal/madeira → Puerto del Rosario → Santa Cruz de Tenerife → Las Palmas/gran Canaria → Arrecife/lanzarote → Agadir → Santa Cruz de Tenerife → Puerto del Rosario → San Sebastian → Las Palmas/gran Canaria,,2026-10-08,2026-10-08
SO14280206,AIDA,14 Nächte - Große Kanaren-Reise mit Madeira & Marokko,AIDAsol,2028-02-06,2028-02-20,14,CA,CALPA14S,Las Palmas/gran Canaria → Funchal/madeira → Puerto del Rosario → Santa Cruz de Tenerife → Las Palmas/gran Canaria → Arrecife/lanzarote → Agadir → Santa Cruz de Tenerife → Puerto del Rosario → San Sebastian → Las Palmas/gran Canaria,,2026-10-08,2026-10-08
SO14280213,AIDA,14 Nächte - Große Kanaren-Reise mit La Gomera & Madeira,AIDAsol,2028-02-13,2028-02-27,14,CA,CALPA14,Las Palmas/gran Canaria → Santa Cruz/la Palma → Funchal/madeira → Puerto del Rosario → Santa Cruz de Tenerife → Las Palmas/gran Canaria → San Sebastian → Santa Cruz/la Palma → Arrecife/lanzarote → Puerto del Rosario → Santa Cruz de Tenerife → Las Palmas/gran Canaria,,2026-10-08,2026-10-08
SO14280220,AIDA,14 Nächte - Große Kanaren-Reise mit La Gomera & Madeira,AIDAsol,2028-02-20,2028-03-05,14,CA,CALPA14,Las Palmas/gran Canaria → Santa Cruz/la Palma → Funchal/madeira → Puerto del Rosario → Santa Cruz de Tenerife → Las Palmas/gran Canaria → San Sebastian → Santa Cruz/la Palma → Arrecife/lanzarote → Puerto del Rosario → Santa Cruz de Tenerife → Las Palmas/gran Canaria,,2026-10-08,2026-10-08
SO14280227,AIDA,14 Nächte - Große Kanaren-Reise mit Madeira & Marokko,AIDAsol,2028-02-27,2028-03-12,14,CA,CALPA14S,Las Palmas/gran Canaria → Funchal/madeira → Puerto del Rosario → Santa Cruz de Tenerife → Las Palmas/gran Canaria → Arrecife/lanzarote → Agadir → Santa Cruz de Tenerife → Puerto del Rosario → San Sebastian → Las Palmas/gran Canaria,,2026-10-08,2026-10-08
SO14280305,AIDA,14 Nächte - Große Kanaren-Reise mit Madeira & Marokko,AIDAsol,2028-03-05,2028-03-19,14,CA,CALPA14S,Las Palmas/gran Canaria → Funchal/madeira → Puerto del Rosario → Santa Cruz de Tenerife → Las Palmas/gran Canaria → Arrecife/lanzarote → Agadir → Santa Cruz de Tenerife → Puerto del Rosario → San Sebastian → Las Palmas/gran Canaria,,2026-10-08,2026-10-08
SO14280312,AIDA,14 Nächte - Große Kanaren-Reise mit La Gomera & Madeira,AIDAsol,2028-03-12,2028-03-26,14,CA,CALPA14,Las Palmas/gran Canaria → Santa Cruz/la Palma → Funchal/madeira → Puerto del Rosario → Santa Cruz de Tenerife → Las Palmas/gran Canaria → San Sebastian → Santa Cruz/la Palma → Arrecife/lanzarote → Puerto del Rosario → Santa Cruz de Tenerife → Las Palmas/gran Canaria,,2026-10-08,2026-10-08
SO14280326,AIDA,14 Nächte - Von Gran Canaria über die Azoren nach Hamburg 1,AIDAsol,2028-03-26,2028-04-09,14,LP,LPAHAM14,Las Palmas/gran Canaria → San Sebastian → Santa Cruz/la Palma → Funchal/madeira → Ponta Delgada → Praia di Vitoria/azoren → Portsmouth → Hamburg,,2026-10-08,2026-10-08
SO14280513,AIDA,14 Nächte - Norwegen mit Lofoten & Nordkap ab Hamburg,AIDAsol,2028-05-13,2028-05-27,14,NO,NOHAM14F,Hamburg → Haugesund → Molde → Polarkreisüberquerung → Tromsö → Honningsvag/nordkap → Hammerfest → Leknes → Bodo → Polarkreisüberquerung → Bergen → Hamburg,,2026-10-08,2026-10-08
SO14280909,AIDA,14 Nächte - Highlights der Ostseeküste ab Warnemünde,AIDAsol,2028-09-09,2028-09-23,14,BA,BAWAR14,Warnemünde → Riga → Tallinn → Helsinki → Stockholm → Warnemünde → Stockholm → Visby → Danzig/gdynia → Kopenhagen → Warnemünde,,2026-10-08,2026-10-08
SO14280916,AIDA,14 Nächte - Highlights der Nord- und Ostseeküste 2,AIDAsol,2028-09-16,2028-09-30,14,BA,BAWAR14,Warnemünde → Kristiansand → Bergen → Vik - Sogn → Eidfjord → Warnemünde → Riga → Tallinn → Helsinki → Stockholm → Warnemünde,,2026-10-08,2026-10-08
SO14280923,AIDA,14 Nächte - Highlights der Nord- und Ostseeküste 1,AIDAsol,2028-09-23,2028-10-07,14,NO,NOWAR14N,Warnemünde → Stockholm → Visby → Danzig/gdynia → Kopenhagen → Warnemünde → Kristiansand → Bergen → Vik - Sogn → Eidfjord → Warnemünde,,2026-10-08,2026-10-08
SO14280930,AIDA,14 Nächte - Highlights der Nord- und Ostseeküste 1,AIDAsol,2028-09-30,2028-10-14,14,NO,NOWAR14N,Warnemünde → Stockholm → Visby → Danzig/gdynia → Kopenhagen → Warnemünde → Kristiansand → Bergen → Vik - Sogn → Eidfjord → Warnemünde,,2026-10-08,2026-10-08
SO14281007,AIDA,14 Nächte - Highlights der Nord- und Ostseeküste 2,AIDAsol,2028-10-07,2028-10-21,14,BA,BAWAR14,Warnemünde → Kristiansand → Bergen → Vik - Sogn → Eidfjord → Warnemünde → Riga → Tallinn → Helsinki → Stockholm → Warnemünde,,2026-10-08,2026-10-08
SO14281014,AIDA,14 Nächte - Highlights der Nord- und Ostseeküste 2,AIDAsol,2028-10-14,2028-10-28,14,BA,BAWAR14,Warnemünde → Kristiansand → Bergen → Vik - Sogn → Eidfjord → Warnemünde → Riga → Tallinn → Helsinki → Stockholm → Warnemünde,,2026-10-08,2026-10-08
SO14281128,AIDA,"14 Nächte - Südafrika, La Réunion & Mauritius 1",AIDAsol,2028-11-28,2028-12-12,14,AF,AFCPT14,Kapstadt → Gqeberha (port Elizabeth) → Kugompo (east London) → Maputo → Le Port → Port Louis,,2026-10-08,2026-10-08
SO14281212,AIDA,"14 Nächte - Mauritius, Seychellen & Madagaskar 1",AIDAsol,2028-12-12,2028-12-26,14,IO,IOPLU14,Port Louis → Le Port → La Digue → Mahe → Antsiranana → Nosy Be → Port Louis,,2026-10-08,2026-10-08
SO14281213,AIDA,"14 Nächte - Mauritius, Seychellen & Madagaskar 1",AIDAsol,2028-12-13,2028-12-27,14,IO,IOPLU14,Port Louis → Le Port → La Digue → Mahe → Antsiranana → Nosy Be → Port Louis,,2026-10-08,2026-10-08
SO14281219,AIDA,"14 Nächte - Mauritius, Seychellen & Madagaskar 2",AIDAsol,2028-12-19,2029-01-02,14,IO,IOPOV14,Mahe → Antsiranana → Nosy Be → Port Louis → Le Port → La Digue → Mahe,,2026-10-08,2026-10-08
SO14281226,AIDA,"14 Nächte - Mauritius, Seychellen & Madagaskar 1",AIDAsol,2028-12-26,2029-01-09,14,IO,IOPLU14,Port Louis → Le Port → La Digue → Mahe → Antsiranana → Nosy Be → Port Louis,,2026-10-08,2026-10-08
SO14281227,AIDA,"14 Nächte - Mauritius, Seychellen & Madagaskar 1",AIDAsol,2028-12-27,2029-01-10,14,IO,IOPLU14,Port Louis → Le Port → La Digue → Mahe → Antsiranana → Nosy Be → Port Louis,,2026-10-08,2026-10-08
SO14290102,AIDA,"14 Nächte - Mauritius, Seychellen & Madagaskar 2",AIDAsol,2029-01-02,2029-01-16,14,IO,IOPOV14,Mahe → Antsiranana → Nosy Be → Port Louis → Le Port → La Digue → Mahe,,2026-10-08,2026-10-08
SO14290109,AIDA,"14 Nächte - Mauritius, Seychellen & Madagaskar 1",AIDAsol,2029-01-09,2029-01-23,14,IO,IOPLU14,Port Louis → Le Port → La Digue → Mahe → Antsiranana → Nosy Be → Port Louis,,2026-10-08,2026-10-08
SO14290110,AIDA,"14 Nächte - Mauritius, Seychellen & Madagaskar 1",AIDAsol,2029-01-10,2029-01-24,14,IO,IOPLU14,Port Louis → Le Port → La Digue → Mahe → Antsiranana → Nosy Be → Port Louis,,2026-10-08,2026-10-08
SO14290116,AIDA,"14 Nächte - Mauritius, Seychellen & Madagaskar 2",AIDAsol,2029-01-16,2029-01-30,14,IO,IOPOV14,Mahe → Antsiranana → Nosy Be → Port Louis → Le Port → La Digue → Mahe,,2026-10-08,2026-10-08
SO14290123,AIDA,"14 Nächte - Mauritius, Seychellen & Madagaskar 1",AIDAsol,2029-01-23,2029-02-06,14,IO,IOPLU14,Port Louis → Le Port → La Digue → Mahe → Antsiranana → Nosy Be → Port Louis,,2026-10-08,2026-10-08
SO14290124,AIDA,"14 Nächte - Mauritius, Seychellen & Madagaskar 1",AIDAsol,2029-01-24,2029-02-07,14,IO,IOPLU14,Port Louis → Le Port → La Digue → Mahe → Antsiranana → Nosy Be → Port Louis,,2026-10-08,2026-10-08
SO14290206,AIDA,"14 Nächte - Mauritius, La Réunion & Südafrika 1",AIDAsol,2029-02-06,2029-02-20,14,AF,AFPLU14,Port Louis → Le Port → Maputo → Durban → Kugompo (east London) → Gqeberha (port Elizabeth) → Kapstadt,,2026-10-08,2026-10-08
SO14290220,AIDA,14 Nächte - Südafrika & Namibia,AIDAsol,2029-02-20,2029-03-06,14,AF,AFCPT14,Kapstadt → Kugompo (east London) → Gqeberha (port Elizabeth) → Lüderitz → Walvis Bay → Kapstadt,,2026-10-08,2026-10-08
SO15281128,AIDA,"15 Nächte - Südafrika, La Réunion & Mauritius 2",AIDAsol,2028-11-28,2028-12-13,15,AF,AFCPT15,Kapstadt → Gqeberha (port Elizabeth) → Kugompo (east London) → Maputo → Le Port → Port Louis,,2026-10-08,2026-10-08
SO16280324,AIDA,16 Nächte - Von Fuerteventura über die Azoren nach Hamburg,AIDAsol,2028-03-24,2028-04-09,16,FU,FUEHAM16,Puerto del Rosario → Santa Cruz de Tenerife → Las Palmas/gran Canaria → San Sebastian → Santa Cruz/la Palma → Funchal/madeira → Ponta Delgada → Praia di Vitoria/azoren → Portsmouth → Hamburg,,2026-10-08,2026-10-08
SO16281112,AIDA,16 Nächte - Von Teneriffa über Namibia nach Kapstadt,AIDAsol,2028-11-12,2028-11-28,16,SC,SCTCPT16,Santa Cruz de Tenerife → Santiago/praia (kapverden) → Äquatorüberquerung → Walvis Bay → Lüderitz → Kapstadt,,2026-10-08,2026-10-08
SO19280527,AIDA,19 Nächte - Highlights am Polarkreis ab Hamburg,AIDAsol,2028-05-27,2028-06-15,19,NO,NOHAM19N,Hamburg → Kirkwall → Island/reykjavik → Island/isafjord → Island/akureyri → Longyearbyen/spitzbergen → Honningsvag/nordkap → Hammerfest → Tromsö → Leknes → Bergen → Hamburg,,2026-10-08,2026-10-08
SO19280615,AIDA,19 Nächte - Highlights am Polarkreis ab Hamburg,AIDAsol,2028-06-15,2028-07-04,19,NO,NOHAM19N,Hamburg → Kirkwall → Island/reykjavik → Island/isafjord → Island/akureyri → Longyearbyen/spitzbergen → Honningsvag/nordkap → Hammerfest → Tromsö → Leknes → Bergen → Hamburg,,2026-10-08,2026-10-08
SO21270627,AIDA,21 Nächte - Island & Grönland ab Hamburg,AIDAsol,2027-06-27,2027-07-18,21,NO,NOHAM21N,Hamburg → Seydisfjordur → Nanortalik → Sisimiut (holsteinsborg) → Ilimanaq → Nuuk → Prins-christian-sund-passage → Island/reykjavik → Stornoway → Kirkwall → Hamburg,,2026-10-08,2026-10-08
SO21280319,AIDA,21 Nächte - Von Gran Canaria über die Azoren nach Hamburg 2,AIDAsol,2028-03-19,2028-04-09,21,LP,LPAHAM21,Las Palmas/gran Canaria → Santa Cruz/la Palma → San Sebastian → Arrecife/lanzarote → Puerto del Rosario → Santa Cruz de Tenerife → Las Palmas/gran Canaria → San Sebastian → Santa Cruz/la Palma → Funchal/madeira → Ponta Delgada → Praia di Vitoria/azoren → Portsmouth → Hamburg,,2026-10-08,2026-10-08
SO21281128,AIDA,"21 Nächte - Südafrika, Mauritius & Seychellen",AIDAsol,2028-11-28,2028-12-19,21,AF,AFCPT21,Kapstadt → Gqeberha (port Elizabeth) → Kugompo (east London) → Maputo → Le Port → Port Louis → Le Port → La Digue → Mahe,,2026-10-08,2026-10-08
SO21290130,AIDA,"21 Nächte - Seychellen, Mauritius & Südafrika",AIDAsol,2029-01-30,2029-02-20,21,AF,AFPOV21,Mahe → Antsiranana → Nosy Be → Port Louis → Le Port → Maputo → Durban → Kugompo (east London) → Gqeberha (port Elizabeth) → Kapstadt,,2026-10-08,2026-10-08
SO22280704,AIDA,22 Nächte - Island & Grönland ab Hamburg,AIDAsol,2028-07-04,2028-07-26,22,NO,NOHAM21N,Hamburg → Seydisfjordur → Nanortalik → Sisimiut (holsteinsborg) → Ilimanaq → Nuuk → Prins-christian-sund-passage → Island/reykjavik → Stornoway → Kirkwall → Hamburg,,2026-10-08,2026-10-08
SO27281101,AIDA,27 Nächte - Von Warnemünde über Namibia nach Kapstadt,AIDAsol,2028-11-01,2028-11-28,27,WA,WARCPT27,Warnemünde → Paris/le Havre → Gijon → La Coruna → Porto/leixoes → Lissabon → Arrecife/lanzarote → Santa Cruz de Tenerife → Santiago/praia (kapverden) → Äquatorüberquerung → Walvis Bay → Lüderitz → Kapstadt,,2026-10-08,2026-10-08
SO28281128,AIDA,"28 Nächte - Südafrika, Mauritius, Seychellen & Madagaskar",AIDAsol,2028-11-28,2028-12-26,28,IO,IOCPT28,Kapstadt → Gqeberha (port Elizabeth) → Kugompo (east London) → Maputo → Le Port → Port Louis → Le Port → La Digue → Mahe → Antsiranana → Nosy Be → Port Louis,,2026-10-08,2026-10-08
SO28290123,AIDA,"28 Nächte - Mauritius, Seychellen, Madagaskar & Südafrika",AIDAsol,2029-01-23,2029-02-20,28,IO,IOPLU28,Port Louis → Le Port → Praslin → Mahe → Antsiranana → Nosy Be → Port Louis → Le Port → Maputo → Durban → Kugompo (east London) → Gqeberha (port Elizabeth) → Kapstadt,,2026-10-08,2026-10-08
SO29280726,AIDA,"29 Nächte - Island, Grönland & Spitzbergen ab Hamburg",AIDAsol,2028-07-26,2028-08-24,29,HA,HAMWAR29,Hamburg → Seydisfjordur → Island/akureyri → Prins-christian-sund-passage → Nuuk → Sisimiut (holsteinsborg) → Ilimanaq → Nanortalik → Island/reykjavik → Longyearbyen/spitzbergen → Honningsvag/nordkap → Tromsö → Leknes → Stavanger → Warnemünde,,2026-10-08,2026-10-08
SO30281112,AIDA,30 Nächte - Von Teneriffa über Südafrika nach Mauritius,AIDAsol,2028-11-12,2028-12-12,30,SC,SCTPLU30,Santa Cruz de Tenerife → Santiago/praia (kapverden) → Äquatorüberquerung → Walvis Bay → Lüderitz → Kapstadt → Gqeberha (port Elizabeth) → Kugompo (east London) → Maputo → Le Port → Port Louis,,2026-10-08,2026-10-08
SO33270119,AIDA,33 Nächte - Von Mauritius nach Hamburg,AIDAsol,2027-01-19,2027-02-21,33,WC,WCPLU33,Port Louis → Le Port → Maputo → Kugompo (east London) → Gqeberha (port Elizabeth) → Kap-der-guten-hoffnung-pass → Kapstadt → Walvis Bay → Äquatorüberquerung → Santiago/praia (kapverden) → Santa Cruz de Tenerife → Funchal/madeira → Lissabon → Hamburg,,2026-10-08,2026-10-08
SO35290130,AIDA,"35 Nächte - Seychellen, Mauritius, Südafrika & Namibia",AIDAsol,2029-01-30,2029-03-06,35,AF,AFPOV35,Mahe → Antsiranana → Nosy Be → Port Louis → Le Port → Maputo → Durban → Kugompo (east London) → Gqeberha (port Elizabeth) → Kapstadt → Gqeberha (port Elizabeth) → Kugompo (east London) → Walvis Bay → Lüderitz → Kapstadt,,2026-10-08,2026-10-08
SO37281112,AIDA,37 Nächte - Von Teneriffa über Südafrika auf die Seychellen,AIDAsol,2028-11-12,2028-12-19,37,SC,SCTPOV37,Santa Cruz de Tenerife → Santiago/praia (kapverden) → Äquatorüberquerung → Walvis Bay → Lüderitz → Kapstadt → Gqeberha (port Elizabeth) → Kugompo (east London) → Maputo → Le Port → Port Louis → Le Port → La Digue → Mahe,,2026-10-08,2026-10-08
SO41281101,AIDA,41 Nächte - Weltenbummler Afrika mit Mauritius ab Warnemünde 1,AIDAsol,2028-11-01,2028-12-12,41,WA,WARPLU41,Warnemünde → Paris/le Havre → Gijon → La Coruna → Porto/leixoes → Lissabon → Arrecife/lanzarote → Santa Cruz de Tenerife → Santiago/praia (kapverden) → Äquatorüberquerung → Walvis Bay → Lüderitz → Kapstadt → Gqeberha (port Elizabeth) → Kugompo (east London) → Maputo → Le Port → Port Louis,,2026-10-08,2026-10-08
SO42281101,AIDA,42 Nächte - Weltenbummler Afrika mit Mauritius ab Warnemünde 2,AIDAsol,2028-11-01,2028-12-13,42,WA,WARPLU42,Warnemünde → Paris/le Havre → Gijon → La Coruna → Porto/leixoes → Lissabon → Arrecife/lanzarote → Santa Cruz de Tenerife → Santiago/praia (kapverden) → Äquatorüberquerung → Walvis Bay → Lüderitz → Kapstadt → Gqeberha (port Elizabeth) → Kugompo (east London) → Maputo → Le Port → Port Louis,,2026-10-08,2026-10-08
SO42290123,AIDA,"42 Nächte - Weltenbummler Südafrika, Namibia & Indischer Ozean",AIDAsol,2029-01-23,2029-03-06,42,PL,PLUPMI48,Port Louis → Le Port → Maputo → Durban → Kugompo (east London) → Gqeberha (port Elizabeth) → Kapstadt → Gqeberha (port Elizabeth) → Kugompo (east London) → Walvis Bay → Lüderitz → Kapstadt → Walvis Bay → Äquatorüberquerung → Santiago/praia (kapverden) → Santa Cruz de Tenerife → Gibraltar → Palma,,2026-10-08,2026-10-08
SO44261018,AIDA,44 Nächte - Von Hamburg nach San Antonio,AIDAsol,2026-10-18,2026-12-01,44,WC,WCHAM44,Hamburg → La Coruna → Las Palmas/gran Canaria → Mindelo → Amazonas-passage → Äquatorüberquerung → Santarem → Boca da Valeria → Amazonas-passage → Fortaleza → Ilheus → Rio de Janeiro → Copacabana-passage → Montevideo → Buenos Aires → Puerto Madryn → Ushuaia → Kap-hoorn-passage → Allee-der-gletscher-passage → Garibaldi-fjord-passage → Magellanstraße-passage → Südpatagonischer-fjord → Puerto Montt → San Antonio (santiago),,2026-10-08,2026-10-08
SO45281112,AIDA,45 Nächte - Weltenbummler Indischer Ozean ab Teneriffa,AIDAsol,2028-11-12,2028-12-27,45,SC,SCTPLU45,Santa Cruz de Tenerife → Santiago/praia (kapverden) → Äquatorüberquerung → Walvis Bay → Lüderitz → Kapstadt → Gqeberha (port Elizabeth) → Kugompo (east London) → Maputo → Le Port → Port Louis → Le Port → La Digue → Mahe → Antsiranana → Nosy Be → Port Louis,,2026-10-08,2026-10-08
SO48281101,AIDA,48 Nächte - Weltenbummler Afrika mit Seychellen ab Warnemünde,AIDAsol,2028-11-01,2028-12-19,48,WA,WARPOV48,Warnemünde → Paris/le Havre → Gijon → La Coruna → Porto/leixoes → Lissabon → Arrecife/lanzarote → Santa Cruz de Tenerife → Santiago/praia (kapverden) → Äquatorüberquerung → Walvis Bay → Lüderitz → Kapstadt → Gqeberha (port Elizabeth) → Kugompo (east London) → Maputo → Le Port → Port Louis → Le Port → La Digue → Mahe,,2026-10-08,2026-10-08
SO49261201,AIDA,49 Nächte - Von San Antonio nach Mauritius,AIDAsol,2026-12-01,2027-01-19,49,WC,WCSAI49,"San Antonio (santiago) → Osterinsel → Ducie-island-passage → Tuamotu-archipel-passage → Tahiti → Moorea → Uturoa → Arutanga, Aitutaki → Nuku'alofa → Suva, Fiji → Lautoka → Mystery Island → Lifou → Noumea → Sydney → Burnie → Melbourne → Adelaide → Kangaroo Island → Fremantle → Port Louis",,2026-10-08,2026-10-08
SO55281101,AIDA,55 Nächte - Weltenbummler Indischer Ozean ab Warnemünde,AIDAsol,2028-11-01,2028-12-26,55,WA,WARPLU55,Warnemünde → Paris/le Havre → Gijon → La Coruna → Porto/leixoes → Lissabon → Arrecife/lanzarote → Santa Cruz de Tenerife → Santiago/praia (kapverden) → Äquatorüberquerung → Walvis Bay → Lüderitz → Kapstadt → Gqeberha (port Elizabeth) → Kugompo (east London) → Maputo → Le Port → Port Louis → Le Port → La Digue → Mahe → Antsiranana → Nosy Be → Port Louis,,2026-10-08,2026-10-08
SOC6261018,AIDA,126 Nächte - Weltreise 2026,AIDAsol,2026-10-18,2027-02-21,126,WC,WCHAMC6,"Hamburg → La Coruna → Las Palmas/gran Canaria → Mindelo → Amazonas-passage → Äquatorüberquerung → Santarem → Boca da Valeria → Amazonas-passage → Fortaleza → Ilheus → Rio de Janeiro → Copacabana-passage → Montevideo → Buenos Aires → Puerto Madryn → Ushuaia → Kap-hoorn-passage → Allee-der-gletscher-passage → Garibaldi-fjord-passage → Magellanstraße-passage → Südpatagonischer-fjord → Puerto Montt → San Antonio (santiago) → Osterinsel → Ducie-island-passage → Tuamotu-archipel-passage → Tahiti → Moorea → Uturoa → Arutanga, Aitutaki → Nuku'alofa → Suva, Fiji → Lautoka → Mystery Island → Lifou → Noumea → Sydney → Burnie → Melbourne → Adelaide → Kangaroo Island → Fremantle → Port Louis → Le Port → Maputo → Kugompo (east London) → Gqeberha (port Elizabeth) → Kap-der-guten-hoffnung-pass → Kapstadt → Walvis Bay → Äquatorüberquerung → Santiago/praia (kapverden) → Santa Cruz de Tenerife → Funchal/madeira → Lissabon → Hamburg",,2026-10-08,2026-10-08
ST07270610,AIDA,7 Nächte - Genuss & Meer,AIDAstella,2027-06-10,2027-06-17,7,WM,WMPMI07E,Palma → Olbia/sardinien → Rom/civitavecchia → Neapel → Mahon/menorca → Palma,,2026-10-08,2026-10-08
ST07271010,AIDA,7 Nächte - Östliches Mittelmeer mit Ägypten,AIDAstella,2027-10-10,2027-10-17,7,EM,EMAYT07N,Antalya → Limassol → Kairo/port Said → Alexandria → Marmaris → Antalya,,2026-10-08,2026-10-08
ST07271017,AIDA,7 Nächte - Östliches Mittelmeer mit Istanbul,AIDAstella,2027-10-17,2027-10-24,7,EM,EMAYT07S,Antalya → Istanbul → Izmir → Kos → Rhodos Stadt → Antalya,,2026-10-08,2026-10-08
ST07271024,AIDA,7 Nächte - Östliches Mittelmeer mit Ägypten,AIDAstella,2027-10-24,2027-10-31,7,EM,EMAYT07N,Antalya → Limassol → Kairo/port Said → Alexandria → Marmaris → Antalya,,2026-10-08,2026-10-08
ST07271031,AIDA,7 Nächte - Östliches Mittelmeer mit Istanbul,AIDAstella,2027-10-31,2027-11-07,7,EM,EMAYT07S,Antalya → Istanbul → Izmir → Kos → Rhodos Stadt → Antalya,,2026-10-08,2026-10-08
ST07271107,AIDA,7 Nächte - Mittelmeerinseln ab Antalya,AIDAstella,2027-11-07,2027-11-14,7,AY,AYTPMI07,Antalya → Rhodos Stadt → Souda-bucht → Sizilien/palermo → Cagliari → Palma,,2026-10-08,2026-10-08
ST07271114,AIDA,7 Nächte - Spanische Mittelmeerküste & Kanaren ab Mallorca,AIDAstella,2027-11-14,2027-11-21,7,PM,PMILPA07,Palma → Valencia → Cartagena → Malaga → Sevilla/cadiz → Santa Cruz de Tenerife → Las Palmas/gran Canaria,,2026-10-08,2026-10-08
ST07271128,AIDA,7 Nächte - Kanaren mit La Gomera,AIDAstella,2027-11-28,2027-12-05,7,CA,CALPA07G,Las Palmas/gran Canaria → San Sebastian → Santa Cruz/la Palma → Arrecife/lanzarote → Puerto del Rosario → Santa Cruz de Tenerife → Las Palmas/gran Canaria,,2026-10-08,2026-10-08
ST07271212,AIDA,7 Nächte - Kanaren & Marokko,AIDAstella,2027-12-12,2027-12-19,7,CA,CALPA07S,Las Palmas/gran Canaria → Arrecife/lanzarote → Agadir → Santa Cruz de Tenerife → Puerto del Rosario → San Sebastian → Las Palmas/gran Canaria,,2026-10-08,2026-10-08
ST07271226,AIDA,7 Nächte - Kanaren mit La Gomera,AIDAstella,2027-12-26,2028-01-02,7,CA,CALPA07G,Las Palmas/gran Canaria → San Sebastian → Santa Cruz/la Palma → Arrecife/lanzarote → Puerto del Rosario → Santa Cruz de Tenerife → Las Palmas/gran Canaria,,2026-10-08,2026-10-08
ST07280109,AIDA,7 Nächte - Kanaren & Marokko,AIDAstella,2028-01-09,2028-01-16,7,CA,CALPA07S,Las Palmas/gran Canaria → Arrecife/lanzarote → Agadir → Santa Cruz de Tenerife → Puerto del Rosario → San Sebastian → Las Palmas/gran Canaria,,2026-10-08,2026-10-08
ST07280116,AIDA,7 Nächte - Kanaren & Südspanien ab Gran Canaria,AIDAstella,2028-01-16,2028-01-23,7,LP,LPAPMI07,Las Palmas/gran Canaria → Arrecife/lanzarote → Gibraltar → Malaga → Cartagena → Valencia → Palma,,2026-10-08,2026-10-08
ST07280312,AIDA,7 Nächte - Italien & Malta,AIDAstella,2028-03-12,2028-03-19,7,WM,WMCVV07E,Rom/civitavecchia → Valletta → Sizilien/catania → Sizilien/palermo → Neapel → Olbia/sardinien → Rom/civitavecchia,,2026-10-08,2026-10-08
ST07280319,AIDA,7 Nächte - Mediterrane Schätze ab Civitavecchia,AIDAstella,2028-03-19,2028-03-26,7,WM,WMCVV07E,Rom/civitavecchia → Ajaccio/korsika → Mahon/menorca → La Seyne-sur-mer → Cannes → Florenz/livorno → Rom/civitavecchia,,2026-10-08,2026-10-08
ST07280326,AIDA,7 Nächte - Italien & Malta,AIDAstella,2028-03-26,2028-04-02,7,WM,WMCVV07E,Rom/civitavecchia → Valletta → Sizilien/catania → Sizilien/palermo → Neapel → Olbia/sardinien → Rom/civitavecchia,,2026-10-08,2026-10-08
ST07280402,AIDA,7 Nächte - Mediterrane Schätze ab Civitavecchia,AIDAstella,2028-04-02,2028-04-09,7,WM,WMCVV07E,Rom/civitavecchia → Ajaccio/korsika → Mahon/menorca → La Seyne-sur-mer → Cannes → Florenz/livorno → Rom/civitavecchia,,2026-10-08,2026-10-08
ST07280409,AIDA,7 Nächte - Italien & Malta,AIDAstella,2028-04-09,2028-04-16,7,WM,WMCVV07E,Rom/civitavecchia → Valletta → Sizilien/catania → Sizilien/palermo → Neapel → Olbia/sardinien → Rom/civitavecchia,,2026-10-08,2026-10-08
ST07280416,AIDA,7 Nächte - Mediterrane Schätze ab Civitavecchia,AIDAstella,2028-04-16,2028-04-23,7,WM,WMCVV07E,Rom/civitavecchia → Ajaccio/korsika → Mahon/menorca → La Seyne-sur-mer → Cannes → Florenz/livorno → Rom/civitavecchia,,2026-10-08,2026-10-08
ST07280917,AIDA,7 Nächte - Mittelmeerinseln ab Mallorca,AIDAstella,2028-09-17,2028-09-24,7,PM,PMIMLA07,Palma → Mahon/menorca → Olbia/sardinien → Neapel → Sizilien/palermo → Siracusa → Valletta,,2026-10-08,2026-10-08
ST07280924,AIDA,7 Nächte - Griechenland & Türkei ab Malta,AIDAstella,2028-09-24,2028-10-01,7,ML,MLAAYT07,Valletta → Souda-bucht → Athen/piräus → Mykonos → Izmir → Antalya,,2026-10-08,2026-10-08
ST07281022,AIDA,7 Nächte - Östliches Mittelmeer mit Istanbul 1,AIDAstella,2028-10-22,2028-10-29,7,EM,EMAYT07N,Antalya → Istanbul → Izmir → Kos → Rhodos Stadt → Antalya,,2026-10-08,2026-10-08
ST07281029,AIDA,7 Nächte - Mittelmeerinseln ab Antalya,AIDAstella,2028-10-29,2028-11-05,7,AY,AYTPMI07,Antalya → Rhodos Stadt → Souda-bucht → Sizilien/palermo → Cagliari → Palma,,2026-10-08,2026-10-08
ST09271126,AIDA,9 Nächte - Kanarische Inselwelt ab Fuerteventura,AIDAstella,2027-11-26,2027-12-05,9,CA,CAFUE09,Puerto del Rosario → Santa Cruz de Tenerife → Las Palmas/gran Canaria → San Sebastian → Santa Cruz/la Palma → Arrecife/lanzarote → Puerto del Rosario → Santa Cruz de Tenerife → Las Palmas/gran Canaria,,2026-10-08,2026-10-08
ST09271203,AIDA,9 Nächte - Kanarische Inselwelt & Madeira,AIDAstella,2027-12-03,2027-12-12,9,CA,CAFUE09,Puerto del Rosario → San Sebastian → Las Palmas/gran Canaria → Santa Cruz/la Palma → Funchal/madeira → Puerto del Rosario → Santa Cruz de Tenerife → Las Palmas/gran Canaria,,2026-10-08,2026-10-08
ST09271210,AIDA,9 Nächte - Kanarische Inselwelt & Marokko,AIDAstella,2027-12-10,2027-12-19,9,CA,CAFUE09S,Puerto del Rosario → Santa Cruz de Tenerife → Las Palmas/gran Canaria → San Sebastian → Arrecife/lanzarote → Agadir → Puerto del Rosario → Santa Cruz de Tenerife → Las Palmas/gran Canaria,,2026-10-08,2026-10-08
ST09271217,AIDA,9 Nächte - Kanarische Inselwelt & Madeira,AIDAstella,2027-12-17,2027-12-26,9,CA,CAFUE09,Puerto del Rosario → San Sebastian → Las Palmas/gran Canaria → Santa Cruz/la Palma → Funchal/madeira → Puerto del Rosario → Santa Cruz de Tenerife → Las Palmas/gran Canaria,,2026-10-08,2026-10-08
ST09271224,AIDA,9 Nächte - Kanarische Inselwelt ab Fuerteventura,AIDAstella,2027-12-24,2028-01-02,9,CA,CAFUE09,Puerto del Rosario → Santa Cruz de Tenerife → Las Palmas/gran Canaria → San Sebastian → Santa Cruz/la Palma → Arrecife/lanzarote → Puerto del Rosario → Santa Cruz de Tenerife → Las Palmas/gran Canaria,,2026-10-08,2026-10-08
ST09271231,AIDA,9 Nächte - Kanarische Inselwelt & Madeira,AIDAstella,2027-12-31,2028-01-09,9,CA,CAFUE09,Puerto del Rosario → San Sebastian → Las Palmas/gran Canaria → Santa Cruz/la Palma → Funchal/madeira → Puerto del Rosario → Santa Cruz de Tenerife → Las Palmas/gran Canaria,,2026-10-08,2026-10-08
ST09280107,AIDA,9 Nächte - Kanarische Inselwelt & Marokko,AIDAstella,2028-01-07,2028-01-16,9,CA,CAFUE09S,Puerto del Rosario → Santa Cruz de Tenerife → Las Palmas/gran Canaria → San Sebastian → Arrecife/lanzarote → Agadir → Puerto del Rosario → Santa Cruz de Tenerife → Las Palmas/gran Canaria,,2026-10-08,2026-10-08
ST09280114,AIDA,9 Nächte - Kanaren & Südspanien ab Fuerteventura,AIDAstella,2028-01-14,2028-01-23,9,FU,FUEPMI09,Puerto del Rosario → Santa Cruz de Tenerife → Las Palmas/gran Canaria → Arrecife/lanzarote → Gibraltar → Malaga → Cartagena → Valencia → Palma,,2026-10-08,2026-10-08
ST10261022,AIDA,"10 Nächte - Italien, Griechenland & Spanien ab Antalya",AIDAstella,2026-10-22,2026-11-01,10,AY,AYTPMI10,Antalya → Marmaris → Rhodos Stadt → Heraklion/kreta → Valletta → Sizilien/palermo → Cagliari → Barcelona → Palma,,2026-10-08,2026-10-08
ST10270617,AIDA,"10 Nächte - Spanien, Portugal & Gibraltar ab Mallorca",AIDAstella,2027-06-17,2027-06-27,10,WM,WMPMI10W,Palma → Malaga → Gibraltar → Sevilla/cadiz → Lissabon → Cartagena → Valencia → Palma,,2026-10-08,2026-10-08
ST10270708,AIDA,10 Nächte - Mediterrane Highlights ab Mallorca,AIDAstella,2027-07-08,2027-07-18,10,WM,WMPMI10C,Palma → Olbia/sardinien → Neapel → Rom/civitavecchia → Florenz/livorno → Cannes → Marseille → Girona/palamos → Mahon/menorca → Palma,,2026-10-08,2026-10-08
ST10270729,AIDA,10 Nächte - Spanien & Portugal mit Sonnenfinsternis,AIDAstella,2027-07-29,2027-08-08,10,WM,WMPMI10W,Palma → Malaga → Sevilla/cadiz → Sonnenfinsternis Auf See → Lissabon → Cartagena → Valencia → Barcelona → Palma,,2026-10-08,2026-10-08
ST10270819,AIDA,10 Nächte - Mediterrane Highlights ab Mallorca,AIDAstella,2027-08-19,2027-08-29,10,WM,WMPMI10C,Palma → Olbia/sardinien → Neapel → Rom/civitavecchia → Florenz/livorno → Cannes → Marseille → Girona/palamos → Mahon/menorca → Palma,,2026-10-08,2026-10-08
ST10270909,AIDA,"10 Nächte - Spanien, Portugal & Gibraltar ab Mallorca",AIDAstella,2027-09-09,2027-09-19,10,WM,WMPMI10W,Palma → Malaga → Gibraltar → Sevilla/cadiz → Lissabon → Cartagena → Valencia → Palma,,2026-10-08,2026-10-08
ST10270930,AIDA,10 Nächte - Italien & Griechenland mit Istanbul,AIDAstella,2027-09-30,2027-10-10,10,PM,PMIAYT10,Palma → Sizilien/palermo → Siracusa → Olympia/katakolon → Athen/piräus → Istanbul → Marmaris → Antalya,,2026-10-08,2026-10-08
ST10280504,AIDA,10 Nächte - Mediterrane Highlights ab Mallorca,AIDAstella,2028-05-04,2028-05-14,10,WM,WMPMI10C,Palma → Olbia/sardinien → Neapel → Rom/civitavecchia → Florenz/livorno → Cannes → Marseille → Girona/palamos → Mahon/menorca → Palma,,2026-10-08,2026-10-08
ST10280525,AIDA,"10 Nächte - Spanien, Portugal & Gibraltar ab Mallorca",AIDAstella,2028-05-25,2028-06-04,10,WM,WMPMI10W,Palma → Malaga → Gibraltar → Sevilla/cadiz → Lissabon → Cartagena → Valencia → Palma,,2026-10-08,2026-10-08
ST10280615,AIDA,10 Nächte - Mediterrane Highlights ab Mallorca,AIDAstella,2028-06-15,2028-06-25,10,WM,WMPMI10C,Palma → Olbia/sardinien → Neapel → Rom/civitavecchia → Florenz/livorno → Cannes → Marseille → Girona/palamos → Mahon/menorca → Palma,,2026-10-08,2026-10-08
ST10280706,AIDA,"10 Nächte - Spanien, Portugal & Gibraltar ab Mallorca",AIDAstella,2028-07-06,2028-07-16,10,WM,WMPMI10W,Palma → Malaga → Gibraltar → Sevilla/cadiz → Lissabon → Cartagena → Valencia → Palma,,2026-10-08,2026-10-08
ST10280727,AIDA,10 Nächte - Mediterrane Highlights ab Mallorca,AIDAstella,2028-07-27,2028-08-06,10,WM,WMPMI10C,Palma → Olbia/sardinien → Neapel → Rom/civitavecchia → Florenz/livorno → Cannes → Marseille → Girona/palamos → Mahon/menorca → Palma,,2026-10-08,2026-10-08
ST10280817,AIDA,"10 Nächte - Spanien, Portugal & Gibraltar ab Mallorca",AIDAstella,2028-08-17,2028-08-27,10,WM,WMPMI10W,Palma → Malaga → Gibraltar → Sevilla/cadiz → Lissabon → Cartagena → Valencia → Palma,,2026-10-08,2026-10-08
ST10280907,AIDA,10 Nächte - Mediterrane Highlights ab Mallorca,AIDAstella,2028-09-07,2028-09-17,10,WM,WMPMI10C,Palma → Olbia/sardinien → Neapel → Rom/civitavecchia → Florenz/livorno → Cannes → Marseille → Girona/palamos → Mahon/menorca → Palma,,2026-10-08,2026-10-08
ST10281001,AIDA,10 Nächte - Östliches Mittelmeer mit Istanbul 2,AIDAstella,2028-10-01,2028-10-11,10,EM,EMAYT10N,Antalya → Marmaris → Istanbul → Volos → Athen/piräus → Heraklion/kreta → Rhodos Stadt → Antalya,,2026-10-08,2026-10-08
ST11270606,AIDA,11 Nächte - Italien & Balearen ab Gran Canaria,AIDAstella,2027-06-06,2027-06-17,11,LP,LPAPMI11,Las Palmas/gran Canaria → Alicante → Palma → Olbia/sardinien → Rom/civitavecchia → Neapel → Mahon/menorca → Palma,,2026-10-08,2026-10-08
ST11270627,AIDA,"11 Nächte - Spanien, Portugal & Balearen ab Mallorca",AIDAstella,2027-06-27,2027-07-08,11,WM,WMPMI11W,Palma → Malaga → Sevilla/cadiz → Lissabon → Cartagena → Valencia → Barcelona → Mahon/menorca → Palma,,2026-10-08,2026-10-08
ST11270718,AIDA,11 Nächte - Italien & Mittelmeerinseln ab Mallorca,AIDAstella,2027-07-18,2027-07-29,11,WM,WMPMI11E,Palma → Ajaccio/korsika → Rom/civitavecchia → Neapel → Messina → Valletta → Sizilien/palermo → Cagliari → Mahon/menorca → Palma,,2026-10-08,2026-10-08
ST11270808,AIDA,"11 Nächte - Spanien, Portugal & Balearen ab Mallorca",AIDAstella,2027-08-08,2027-08-19,11,WM,WMPMI11W,Palma → Malaga → Sevilla/cadiz → Lissabon → Cartagena → Valencia → Barcelona → Mahon/menorca → Palma,,2026-10-08,2026-10-08
ST11270829,AIDA,11 Nächte - Italien & Mittelmeerinseln ab Mallorca,AIDAstella,2027-08-29,2027-09-09,11,WM,WMPMI11E,Palma → Ajaccio/korsika → Rom/civitavecchia → Neapel → Messina → Valletta → Sizilien/palermo → Cagliari → Mahon/menorca → Palma,,2026-10-08,2026-10-08
ST11270919,AIDA,"11 Nächte - Spanien, Portugal & Balearen ab Mallorca",AIDAstella,2027-09-19,2027-09-30,11,WM,WMPMI11W,Palma → Malaga → Sevilla/cadiz → Lissabon → Cartagena → Valencia → Barcelona → Mahon/menorca → Palma,,2026-10-08,2026-10-08
ST11280423,AIDA,11 Nächte - Italien & Mittelmeerinseln ab Civitavecchia,AIDAstella,2028-04-23,2028-05-04,11,WM,WMCVV14E,Rom/civitavecchia → Valletta → Sizilien/catania → Sizilien/palermo → Neapel → Olbia/sardinien → Rom/civitavecchia → Ajaccio/korsika → Mahon/menorca → La Seyne-sur-mer → Cannes → Florenz/livorno → Rom/civitavecchia,,2026-10-08,2026-10-08
ST11280514,AIDA,11 Nächte - Italien & Mittelmeerinseln ab Mallorca,AIDAstella,2028-05-14,2028-05-25,11,WM,WMPMI11E,Palma → Ajaccio/korsika → Rom/civitavecchia → Neapel → Messina → Valletta → Sizilien/palermo → Cagliari → Mahon/menorca → Palma,,2026-10-08,2026-10-08
ST11280604,AIDA,"11 Nächte - Spanien, Portugal & Balearen ab Mallorca",AIDAstella,2028-06-04,2028-06-15,11,WM,WMPMI11W,Palma → Malaga → Sevilla/cadiz → Lissabon → Cartagena → Valencia → Barcelona → Mahon/menorca → Palma,,2026-10-08,2026-10-08
ST11280625,AIDA,11 Nächte - Italien & Mittelmeerinseln ab Mallorca,AIDAstella,2028-06-25,2028-07-06,11,WM,WMPMI11E,Palma → Ajaccio/korsika → Rom/civitavecchia → Neapel → Messina → Valletta → Sizilien/palermo → Cagliari → Mahon/menorca → Palma,,2026-10-08,2026-10-08
ST11280716,AIDA,"11 Nächte - Spanien, Portugal & Balearen ab Mallorca",AIDAstella,2028-07-16,2028-07-27,11,WM,WMPMI11W,Palma → Malaga → Sevilla/cadiz → Lissabon → Cartagena → Valencia → Barcelona → Mahon/menorca → Palma,,2026-10-08,2026-10-08
ST11280806,AIDA,11 Nächte - Italien & Mittelmeerinseln ab Mallorca,AIDAstella,2028-08-06,2028-08-17,11,WM,WMPMI11E,Palma → Ajaccio/korsika → Rom/civitavecchia → Neapel → Messina → Valletta → Sizilien/palermo → Cagliari → Mahon/menorca → Palma,,2026-10-08,2026-10-08
ST11280827,AIDA,"11 Nächte - Spanien, Portugal & Balearen ab Mallorca",AIDAstella,2028-08-27,2028-09-07,11,WM,WMPMI11W,Palma → Malaga → Sevilla/cadiz → Lissabon → Cartagena → Valencia → Barcelona → Mahon/menorca → Palma,,2026-10-08,2026-10-08
ST11281011,AIDA,11 Nächte - Östliches Mittelmeer mit Ägypten 2,AIDAstella,2028-10-11,2028-10-22,11,EM,EMAYT11S,Antalya → Rhodos Stadt → Mykonos → Athen/piräus → Souda-bucht → Alexandria → Kairo/port Said → Limassol → Alanya → Antalya,,2026-10-08,2026-10-08
ST12271114,AIDA,"12 Nächte - Spanische Mittelmeerküste, Kanaren & Madeira 2",AIDAstella,2027-11-14,2027-11-26,12,PM,PMIFUE12,Palma → Valencia → Cartagena → Malaga → Sevilla/cadiz → Santa Cruz de Tenerife → Las Palmas/gran Canaria → Funchal/madeira → Puerto del Rosario,,2026-10-08,2026-10-08
ST12271121,AIDA,12 Nächte - Große Rundreise Kanaren & Madeira,AIDAstella,2027-11-21,2027-12-03,12,CA,CALPA12,Las Palmas/gran Canaria → Santa Cruz/la Palma → Funchal/madeira → Puerto del Rosario → Santa Cruz de Tenerife → Las Palmas/gran Canaria → San Sebastian → Santa Cruz/la Palma → Arrecife/lanzarote → Puerto del Rosario,,2026-10-08,2026-10-08
ST12271128,AIDA,12 Nächte - Große Rundreise Kanaren & Madeira,AIDAstella,2027-11-28,2027-12-10,12,CA,CALPA12,Las Palmas/gran Canaria → Santa Cruz/la Palma → Funchal/madeira → Puerto del Rosario → Santa Cruz de Tenerife → Las Palmas/gran Canaria → San Sebastian → Santa Cruz/la Palma → Arrecife/lanzarote → Puerto del Rosario,,2026-10-08,2026-10-08
ST12271205,AIDA,"12 Nächte - Kanaren, Madeira & Marokko",AIDAstella,2027-12-05,2027-12-17,12,CA,CALPA12S,Las Palmas/gran Canaria → Santa Cruz/la Palma → Funchal/madeira → Puerto del Rosario → Santa Cruz de Tenerife → Las Palmas/gran Canaria → San Sebastian → Arrecife/lanzarote → Agadir → Puerto del Rosario,,2026-10-08,2026-10-08
ST12271212,AIDA,"12 Nächte - Kanaren, Madeira & Marokko",AIDAstella,2027-12-12,2027-12-24,12,CA,CALPA12S,Las Palmas/gran Canaria → Santa Cruz/la Palma → Funchal/madeira → Puerto del Rosario → Santa Cruz de Tenerife → Las Palmas/gran Canaria → San Sebastian → Arrecife/lanzarote → Agadir → Puerto del Rosario,,2026-10-08,2026-10-08
ST12271219,AIDA,12 Nächte - Große Rundreise Kanaren & Madeira,AIDAstella,2027-12-19,2027-12-31,12,CA,CALPA12,Las Palmas/gran Canaria → Santa Cruz/la Palma → Funchal/madeira → Puerto del Rosario → Santa Cruz de Tenerife → Las Palmas/gran Canaria → San Sebastian → Santa Cruz/la Palma → Arrecife/lanzarote → Puerto del Rosario,,2026-10-08,2026-10-08
ST12271226,AIDA,12 Nächte - Große Rundreise Kanaren & Madeira,AIDAstella,2027-12-26,2028-01-07,12,CA,CALPA12,Las Palmas/gran Canaria → Santa Cruz/la Palma → Funchal/madeira → Puerto del Rosario → Santa Cruz de Tenerife → Las Palmas/gran Canaria → San Sebastian → Santa Cruz/la Palma → Arrecife/lanzarote → Puerto del Rosario,,2026-10-08,2026-10-08
ST12280102,AIDA,"12 Nächte - Kanaren, Madeira & Marokko",AIDAstella,2028-01-02,2028-01-14,12,CA,CALPA12S,Las Palmas/gran Canaria → Santa Cruz/la Palma → Funchal/madeira → Puerto del Rosario → Santa Cruz de Tenerife → Las Palmas/gran Canaria → San Sebastian → Arrecife/lanzarote → Agadir → Puerto del Rosario,,2026-10-08,2026-10-08
ST14261221,AIDA,"14 Nächte - Thailand, Malaysia & Singapur",AIDAstella,2026-12-21,2027-01-04,14,AS,ASLCH14E,Bangkok/laem Chabang → Ko Samui → Penang/malaysia → Ko Phuket → Langkawi/malaysia → Port Klang → Singapur → Bangkok/laem Chabang,,2026-10-08,2026-10-08
ST14271010,AIDA,14 Nächte - Östliches Mittelmeer mit Ägypten & Istanbul,AIDAstella,2027-10-10,2027-10-24,14,EM,EMAYT14,Antalya → Limassol → Kairo/port Said → Alexandria → Marmaris → Antalya → Istanbul → Izmir → Kos → Rhodos Stadt → Antalya,,2026-10-08,2026-10-08
ST14271017,AIDA,14 Nächte - Östliches Mittelmeer mit Istanbul & Ägypten,AIDAstella,2027-10-17,2027-10-31,14,EM,EMAYT14,Antalya → Istanbul → Izmir → Kos → Rhodos Stadt → Antalya → Limassol → Kairo/port Said → Alexandria → Marmaris → Antalya,,2026-10-08,2026-10-08
ST14271024,AIDA,14 Nächte - Östliches Mittelmeer mit Ägypten & Istanbul,AIDAstella,2027-10-24,2027-11-07,14,EM,EMAYT14,Antalya → Limassol → Kairo/port Said → Alexandria → Marmaris → Antalya → Istanbul → Izmir → Kos → Rhodos Stadt → Antalya,,2026-10-08,2026-10-08
ST14271031,AIDA,14 Nächte - Mittelmeerinseln mit Istanbul ab Antalya,AIDAstella,2027-10-31,2027-11-14,14,AY,AYTPMI14,Antalya → Istanbul → Izmir → Kos → Rhodos Stadt → Antalya → Rhodos Stadt → Souda-bucht → Sizilien/palermo → Cagliari → Palma,,2026-10-08,2026-10-08
ST14271107,AIDA,14 Nächte - Mittelmeer & Kanaren ab Antalya,AIDAstella,2027-11-07,2027-11-21,14,AY,AYTLPA14,Antalya → Rhodos Stadt → Souda-bucht → Sizilien/palermo → Cagliari → Palma → Valencia → Cartagena → Malaga → Sevilla/cadiz → Santa Cruz de Tenerife → Las Palmas/gran Canaria,,2026-10-08,2026-10-08
ST14271114,AIDA,"14 Nächte - Spanische Mittelmeerküste, Kanaren & Madeira 1",AIDAstella,2027-11-14,2027-11-28,14,PM,PMILPA14,Palma → Valencia → Cartagena → Malaga → Sevilla/cadiz → Santa Cruz de Tenerife → Las Palmas/gran Canaria → Funchal/madeira → Puerto del Rosario → Santa Cruz de Tenerife → Las Palmas/gran Canaria,,2026-10-08,2026-10-08
ST14271121,AIDA,14 Nächte - Große Kanaren-Reise mit La Gomera & Madeira,AIDAstella,2027-11-21,2027-12-05,14,CA,CALPA14,Las Palmas/gran Canaria → Santa Cruz/la Palma → Funchal/madeira → Puerto del Rosario → Santa Cruz de Tenerife → Las Palmas/gran Canaria → San Sebastian → Santa Cruz/la Palma → Arrecife/lanzarote → Puerto del Rosario → Santa Cruz de Tenerife → Las Palmas/gran Canaria,,2026-10-08,2026-10-08
ST14271128,AIDA,14 Nächte - Große Kanaren-Reise mit La Gomera & Madeira,AIDAstella,2027-11-28,2027-12-12,14,CA,CALPA14,Las Palmas/gran Canaria → Santa Cruz/la Palma → Funchal/madeira → Puerto del Rosario → Santa Cruz de Tenerife → Las Palmas/gran Canaria → San Sebastian → Santa Cruz/la Palma → Arrecife/lanzarote → Puerto del Rosario → Santa Cruz de Tenerife → Las Palmas/gran Canaria,,2026-10-08,2026-10-08
ST14271205,AIDA,14 Nächte - Große Kanaren-Reise mit Madeira & Marokko,AIDAstella,2027-12-05,2027-12-19,14,CA,CALPA14S,Las Palmas/gran Canaria → Funchal/madeira → Puerto del Rosario → Santa Cruz de Tenerife → Las Palmas/gran Canaria → Arrecife/lanzarote → Agadir → Santa Cruz de Tenerife → Puerto del Rosario → San Sebastian → Las Palmas/gran Canaria,,2026-10-08,2026-10-08
ST14271212,AIDA,14 Nächte - Große Kanaren-Reise mit Madeira & Marokko,AIDAstella,2027-12-12,2027-12-26,14,CA,CALPA14S,Las Palmas/gran Canaria → Funchal/madeira → Puerto del Rosario → Santa Cruz de Tenerife → Las Palmas/gran Canaria → Arrecife/lanzarote → Agadir → Santa Cruz de Tenerife → Puerto del Rosario → San Sebastian → Las Palmas/gran Canaria,,2026-10-08,2026-10-08
ST14271219,AIDA,14 Nächte - Große Kanaren-Reise mit La Gomera & Madeira,AIDAstella,2027-12-19,2028-01-02,14,CA,CALPA14,Las Palmas/gran Canaria → Santa Cruz/la Palma → Funchal/madeira → Puerto del Rosario → Santa Cruz de Tenerife → Las Palmas/gran Canaria → San Sebastian → Santa Cruz/la Palma → Arrecife/lanzarote → Puerto del Rosario → Santa Cruz de Tenerife → Las Palmas/gran Canaria,,2026-10-08,2026-10-08
ST14271226,AIDA,14 Nächte - Große Kanaren-Reise mit La Gomera & Madeira,AIDAstella,2027-12-26,2028-01-09,14,CA,CALPA14,Las Palmas/gran Canaria → Santa Cruz/la Palma → Funchal/madeira → Puerto del Rosario → Santa Cruz de Tenerife → Las Palmas/gran Canaria → San Sebastian → Santa Cruz/la Palma → Arrecife/lanzarote → Puerto del Rosario → Santa Cruz de Tenerife → Las Palmas/gran Canaria,,2026-10-08,2026-10-08
ST14280102,AIDA,14 Nächte - Große Kanaren-Reise mit Madeira & Marokko,AIDAstella,2028-01-02,2028-01-16,14,CA,CALPA14S,Las Palmas/gran Canaria → Funchal/madeira → Puerto del Rosario → Santa Cruz de Tenerife → Las Palmas/gran Canaria → Arrecife/lanzarote → Agadir → Santa Cruz de Tenerife → Puerto del Rosario → San Sebastian → Las Palmas/gran Canaria,,2026-10-08,2026-10-08
ST14280109,AIDA,14 Nächte - Kanaren & Südspanien mit Marokko ab Gran Canaria,AIDAstella,2028-01-09,2028-01-23,14,LP,LPAPMI14,Las Palmas/gran Canaria → San Sebastian → Arrecife/lanzarote → Agadir → Puerto del Rosario → Santa Cruz de Tenerife → Las Palmas/gran Canaria → Arrecife/lanzarote → Gibraltar → Malaga → Cartagena → Valencia → Palma,,2026-10-08,2026-10-08
ST14280312,AIDA,14 Nächte - Italien & Mittelmeerinseln ab Civitavecchia,AIDAstella,2028-03-12,2028-03-26,14,WM,WMCVV14E,Rom/civitavecchia → Valletta → Sizilien/catania → Sizilien/palermo → Neapel → Olbia/sardinien → Rom/civitavecchia → Ajaccio/korsika → Mahon/menorca → La Seyne-sur-mer → Cannes → Florenz/livorno → Rom/civitavecchia,,2026-10-08,2026-10-08
ST14280319,AIDA,14 Nächte - Italien & Mittelmeerinseln ab Civitavecchia,AIDAstella,2028-03-19,2028-04-02,14,WM,WMCVV14E,Rom/civitavecchia → Valletta → Sizilien/catania → Sizilien/palermo → Neapel → Olbia/sardinien → Rom/civitavecchia → Ajaccio/korsika → Mahon/menorca → La Seyne-sur-mer → Cannes → Florenz/livorno → Rom/civitavecchia,,2026-10-08,2026-10-08
ST14280326,AIDA,14 Nächte - Italien & Mittelmeerinseln ab Civitavecchia,AIDAstella,2028-03-26,2028-04-09,14,WM,WMCVV14E,Rom/civitavecchia → Valletta → Sizilien/catania → Sizilien/palermo → Neapel → Olbia/sardinien → Rom/civitavecchia → Ajaccio/korsika → Mahon/menorca → La Seyne-sur-mer → Cannes → Florenz/livorno → Rom/civitavecchia,,2026-10-08,2026-10-08
ST14280402,AIDA,14 Nächte - Italien & Mittelmeerinseln ab Civitavecchia,AIDAstella,2028-04-02,2028-04-16,14,WM,WMCVV14E,Rom/civitavecchia → Valletta → Sizilien/catania → Sizilien/palermo → Neapel → Olbia/sardinien → Rom/civitavecchia → Ajaccio/korsika → Mahon/menorca → La Seyne-sur-mer → Cannes → Florenz/livorno → Rom/civitavecchia,,2026-10-08,2026-10-08
ST14280409,AIDA,14 Nächte - Italien & Mittelmeerinseln ab Civitavecchia,AIDAstella,2028-04-09,2028-04-23,14,WM,WMCVV14E,Rom/civitavecchia → Valletta → Sizilien/catania → Sizilien/palermo → Neapel → Olbia/sardinien → Rom/civitavecchia → Ajaccio/korsika → Mahon/menorca → La Seyne-sur-mer → Cannes → Florenz/livorno → Rom/civitavecchia,,2026-10-08,2026-10-08
ST14280917,AIDA,14 Nächte - Griechenland & Mittelmeerinseln ab Mallorca,AIDAstella,2028-09-17,2028-10-01,14,PM,PMIAYT14,Palma → Mahon/menorca → Olbia/sardinien → Neapel → Sizilien/palermo → Siracusa → Valletta → Souda-bucht → Athen/piräus → Mykonos → Izmir → Antalya,,2026-10-08,2026-10-08
ST14281022,AIDA,14 Nächte - Mittelmeerinseln mit Istanbul ab Antalya,AIDAstella,2028-10-22,2028-11-05,14,AY,AYTPMI14,Antalya → Istanbul → Izmir → Kos → Rhodos Stadt → Antalya → Rhodos Stadt → Souda-bucht → Sizilien/palermo → Cagliari → Palma,,2026-10-08,2026-10-08
ST14281221,AIDA,14 Nächte - Feiertagsreise Südostasien ab Singapur,AIDAstella,2028-12-21,2029-01-04,14,AS,ASSIN14E,Singapur → Ko Samui → Bangkok/laem Chabang → Port Klang → Penang/malaysia → Ko Phuket → Reede Vor Phuket → Langkawi/malaysia → Singapur,,2026-10-08,2026-10-08
ST17280924,AIDA,17 Nächte - Große Mittelmeer-Reise mit Istanbul ab Antalya,AIDAstella,2028-09-24,2028-10-11,17,ML,MLAAYT17,Valletta → Souda-bucht → Athen/piräus → Mykonos → Izmir → Antalya → Marmaris → Istanbul → Volos → Athen/piräus → Heraklion/kreta → Rhodos Stadt → Antalya,,2026-10-08,2026-10-08
ST18281011,AIDA,18 Nächte - Große Mittelmeer-Reise mit Ägypten & Istanbul,AIDAstella,2028-10-11,2028-10-29,18,EM,EMAYT18,Antalya → Rhodos Stadt → Mykonos → Athen/piräus → Souda-bucht → Alexandria → Kairo/port Said → Limassol → Alanya → Antalya → Istanbul → Izmir → Kos → Rhodos Stadt → Antalya,,2026-10-08,2026-10-08
ST19261101,AIDA,19 Nächte - Von Mallorca über Namibia nach Kapstadt,AIDAstella,2026-11-01,2026-11-20,19,PM,PMICPT19,Palma → Sevilla/cadiz → Las Palmas/gran Canaria → Santiago/praia (kapverden) → Äquatorüberquerung → Walvis Bay → Kapstadt,,2026-10-08,2026-10-08
ST19270522,AIDA,19 Nächte - Von Kapstadt über Namibia nach Mallorca,AIDAstella,2027-05-22,2027-06-10,19,CP,CPTPMI19,Kapstadt → Lüderitz → Walvis Bay → Äquatorüberquerung → Mindelo → Las Palmas/gran Canaria → Alicante → Palma,,2026-10-08,2026-10-08
ST19281105,AIDA,19 Nächte - Von Mallorca über Namibia nach Kapstadt,AIDAstella,2028-11-05,2028-11-24,19,PM,PMICPT19,Palma → Sevilla/cadiz → Las Palmas/gran Canaria → Santiago/praia (kapverden) → Äquatorüberquerung → Walvis Bay → Kapstadt,,2026-10-08,2026-10-08
ST19281202,AIDA,19 Nächte - Von Mauritius über die Seychellen nach Singapur,AIDAstella,2028-12-02,2028-12-21,19,IO,IOPLU19,Port Louis → Mahe → La Digue → Male → Colombo → Hambantota → Penang/malaysia → Port Klang → Singapur,,2026-10-08,2026-10-08
ST21270406,AIDA,"21 Nächte - Japan, Taiwan, Vietnam & Hongkong 1",AIDAstella,2027-04-06,2027-04-27,21,AS,ASYOK21J,Yokohama → Suruga Bay - Mt Fuji View → Kobe → Osaka → Kochi → Kagoshima → Taipeh / Keelung → Kaohsiung → Hongkong → Halong-bucht/cái Lân → Hoi An / da Nang → Singapur,,2026-10-08,2026-10-08
ST22261129,AIDA,22 Nächte - Von Mauritius über die Seychellen nach Bangkok,AIDAstella,2026-11-29,2026-12-21,22,PL,PLULCH22,Port Louis → Mahe → La Digue → Male → Colombo → Hambantota → Penang/malaysia → Port Klang → Singapur → Ko Samui → Bangkok/laem Chabang,,2026-10-08,2026-10-08
ST24270513,AIDA,24 Nächte - Von Mauritius über Afrika nach Gran Canaria,AIDAstella,2027-05-13,2027-06-06,24,PL,PLULPA24,Port Louis → Le Port → Gqeberha (port Elizabeth) → Kapstadt → Lüderitz → Walvis Bay → Äquatorüberquerung → Mindelo → Las Palmas/gran Canaria,,2026-10-08,2026-10-08
ST24290104,AIDA,24 Nächte - Metropolen & Inselwelten Südostasiens ab Singapur,AIDAstella,2029-01-04,2029-01-28,24,AS,ASSIN24E,Singapur → Phu My → Hoi An / da Nang → Halong-bucht-passage → Halong-bucht/cái Lân → Qiongzhou-strasse-passage → Hongkong → Naha/okinawa → Ishigaki → Taipeh / Keelung → Kaohsiung → Coron → Boracay → Singapur,,2026-10-08,2026-10-08
ST27281105,AIDA,27 Nächte - Von Mallorca über Südafrika nach Mauritius,AIDAstella,2028-11-05,2028-12-02,27,PM,PMIPLU28,Palma → Sevilla/cadiz → Las Palmas/gran Canaria → Santiago/praia (kapverden) → Äquatorüberquerung → Walvis Bay → Kapstadt → Gqeberha (port Elizabeth) → Le Port → Port Louis,,2026-10-08,2026-10-08
ST27281124,AIDA,27 Nächte - Von Kapstadt über Mauritius nach Singapur,AIDAstella,2028-11-24,2028-12-21,27,IO,IOCPT27,Kapstadt → Gqeberha (port Elizabeth) → Le Port → Port Louis → Mahe → La Digue → Male → Colombo → Hambantota → Penang/malaysia → Port Klang → Singapur,,2026-10-08,2026-10-08
ST28261101,AIDA,28 Nächte - Von Mallorca über Südafrika nach Mauritius,AIDAstella,2026-11-01,2026-11-29,28,PM,PMIPLU28,Palma → Sevilla/cadiz → Las Palmas/gran Canaria → Santiago/praia (kapverden) → Äquatorüberquerung → Walvis Bay → Kapstadt → Gqeberha (port Elizabeth) → Le Port → Port Louis,,2026-10-08,2026-10-08
ST28270513,AIDA,28 Nächte - Von Mauritius über Afrika nach Mallorca,AIDAstella,2027-05-13,2027-06-10,28,PL,PLUPMI28,Port Louis → Le Port → Gqeberha (port Elizabeth) → Kapstadt → Lüderitz → Walvis Bay → Äquatorüberquerung → Mindelo → Las Palmas/gran Canaria → Alicante → Palma,,2026-10-08,2026-10-08
ST28290128,AIDA,"28 Nächte - Australien, Indonesien & Singapur",AIDAstella,2029-01-28,2029-02-25,28,AS,ASSIN28E,"Singapur → Semarang, Java → Tanjung Priok (jakarta) → Fremantle → Geraldton → Exmouth → Broome → Darwin → Lombok → Bali → Singapur",,2026-10-08,2026-10-08
ST31261120,AIDA,31 Nächte - Von Kapstadt über Mauritius nach Bangkok,AIDAstella,2026-11-20,2026-12-21,31,CP,CPTLCH31,Kapstadt → Gqeberha (port Elizabeth) → Le Port → Port Louis → Mahe → La Digue → Male → Colombo → Hambantota → Penang/malaysia → Port Klang → Singapur → Ko Samui → Bangkok/laem Chabang,,2026-10-08,2026-10-08
ST34281029,AIDA,34 Nächte - Von Antalya über Namibia nach Mauritius,AIDAstella,2028-10-29,2028-12-02,34,AY,AYTPLU34,Antalya → Souda-bucht → Argostolion → Messina → Mahon/menorca → Palma → Arrecife/lanzarote → Las Palmas/gran Canaria → Santiago/praia (kapverden) → Äquatorüberquerung → Walvis Bay → Lüderitz → Kapstadt → Gqeberha (port Elizabeth) → Le Port → Port Louis,,2026-10-08,2026-10-08
ST36270407,AIDA,36 Nächte - Weltenbummler von Asien in den Indischen Ozean,AIDAstella,2027-04-07,2027-05-13,36,YO,YOKPLU36,Yokohama → Suruga Bay - Mt Fuji View → Kobe → Osaka → Kochi → Kagoshima → Taipeh / Keelung → Kaohsiung → Hongkong → Halong-bucht/cái Lân → Hoi An / da Nang → Singapur → Port Klang → Langkawi/malaysia → Hambantota → Colombo → Male → Äquatorüberquerung → Mahe → Port Louis,,2026-10-08,2026-10-08
ST46281105,AIDA,46 Nächte - Weltenbummler Südafrika & Indischer Ozean,AIDAstella,2028-11-05,2028-12-21,46,PM,PMISIN46,Palma → Arrecife/lanzarote → Las Palmas/gran Canaria → Santiago/praia (kapverden) → Äquatorüberquerung → Walvis Bay → Lüderitz → Kapstadt → Gqeberha (port Elizabeth) → Le Port → Port Louis → Mahe → La Digue → Male → Colombo → Hambantota → Penang/malaysia → Port Klang → Singapur,,2026-10-08,2026-10-08
ST53281029,AIDA,"53 Nächte - Weltenbummler Mittelmeer, Afrika & Indischer Ozean",AIDAstella,2028-10-29,2028-12-21,53,AY,AYTSIN53,Antalya → Souda-bucht → Argostolion → Messina → Mahon/menorca → Palma → Arrecife/lanzarote → Las Palmas/gran Canaria → Santiago/praia (kapverden) → Äquatorüberquerung → Walvis Bay → Lüderitz → Kapstadt → Gqeberha (port Elizabeth) → Le Port → Port Louis → Mahe → La Digue → Male → Colombo → Hambantota → Penang/malaysia → Port Klang → Singapur,,2026-10-08,2026-10-08
ZWO2632SEE,Mein Schiff,7 Nächte - Faszination Mittelmeer - ab/bis Palma,Mein Schiff 2,2026-10-09,2026-10-16,7,MM,Westliches Mittelmeer 197,Palma (Mallorca) → Gibraltar → Cádiz → Málaga → Cartagena (Murcia) → Palma (Mallorca),https://www.meinschiff.com/de/trips/7-naechte-faszination-mittelmeer-abbis-palma-ZWO2632SEE?cabinType=Balcony&cabinCategoryType=BAUR2V&priceMode=perPerson&tariff=PUR,2026-10-08,2026-10-08
ZWO263334SEE,Mein Schiff,17 Nächte - Transatlantik - ab Palma/bis Bridgetown,Mein Schiff 2,2026-10-16,2026-11-02,17,KA,Trans-Karibik Europa 24,Palma (Mallorca) → Santa Cruz (Teneriffa) → St. John's (Antigua) → Philipsburg (St. Maarten) → Basseterre (St. Kitts) → La Romana → Castries (St. Lucia) → Bridgetown (Barbados),https://www.meinschiff.com/de/trips/17-naechte-transatlantik-ab-palmabis-bridgetown-ZWO263334SEE?cabinType=Outside&cabinCategoryType=AKUR2V&priceMode=perPerson&tariff=PUR,2026-10-08,2026-10-08
ZWO2633SEE,Mein Schiff,14 Nächte - Transatlantik - ab Palma/bis La Romana,Mein Schiff 2,2026-10-16,2026-10-30,14,KA,Trans-Karibik Europa 32,Palma (Mallorca) → Santa Cruz (Teneriffa) → St. John's (Antigua) → Philipsburg (St. Maarten) → Basseterre (St. Kitts) → La Romana,https://www.meinschiff.com/de/trips/14-naechte-transatlantik-ab-palmabis-la-romana-ZWO2633SEE?cabinCategoryType=INUR2V&priceMode=perPerson&tariff=PUR,2026-10-08,2026-10-08
ZWO263435SEE,Mein Schiff,14 Nächte - Karibische Inseln - ab/bis La Romana,Mein Schiff 2,2026-10-30,2026-11-13,14,KA,Karibische Inseln 9,La Romana → Castries (St. Lucia) → Bridgetown (Barbados) → St. George's (Grenada) → Kingstown (St. Vincent) → Fort-de-France (Martinique) → Pointe-à-Pitre (Guadeloupe) → Roseau (Dominica) → St. John's (Antigua) → Basseterre (St. Kitts) → La Romana,https://www.meinschiff.com/de/trips/14-naechte-karibische-inseln-abbis-la-romana-ZWO263435SEE?cabinCategoryType=INUS2V&priceMode=perPerson&tariff=PLUS,2026-10-08,2026-10-08
ZWO263536SEE,Mein Schiff,14 Nächte - Karibische Inseln - ab/bis Bridgetown,Mein Schiff 2,2026-11-02,2026-11-16,14,KA,Karibische Inseln 11,Bridgetown (Barbados) → St. George's (Grenada) → Kingstown (St. Vincent) → Fort-de-France (Martinique) → Pointe-à-Pitre (Guadeloupe) → Roseau (Dominica) → St. John's (Antigua) → Basseterre (St. Kitts) → La Romana → Castries (St. Lucia) → Bridgetown (Barbados),https://www.meinschiff.com/de/trips/14-naechte-karibische-inseln-abbis-bridgetown-ZWO263536SEE?cabinCategoryType=IKUS2V&inboundAirport=DUS&outboundAirport=FRA&priceMode=perPerson&tariff=PLUS,2026-10-08,2026-10-08
ZWO263637SEE,Mein Schiff,14 Nächte - Karibische Inseln - ab/bis La Romana,Mein Schiff 2,2026-11-13,2026-11-27,14,KA,Karibische Inseln 78,La Romana → Castries (St. Lucia) → Bridgetown (Barbados) → Kingstown (St. Vincent) → St. George's (Grenada) → Fort-de-France (Martinique) → Pointe-à-Pitre (Guadeloupe) → Roseau (Dominica) → St. John's (Antigua) → Basseterre (St. Kitts) → La Romana,https://www.meinschiff.com/de/trips/14-naechte-karibische-inseln-abbis-la-romana-ZWO263637SEE?cabinCategoryType=INUS2V&inboundAirport=DUS&outboundAirport=FRA&priceMode=perPerson&tariff=PLUS,2026-10-08,2026-10-08
ZWO263738SEE,Mein Schiff,14 Nächte - Karibische Inseln - ab/bis Bridgetown,Mein Schiff 2,2026-11-16,2026-11-30,14,KA,Karibische Inseln 66,Bridgetown (Barbados) → Kingstown (St. Vincent) → St. George's (Grenada) → Fort-de-France (Martinique) → Pointe-à-Pitre (Guadeloupe) → Roseau (Dominica) → St. John's (Antigua) → Basseterre (St. Kitts) → La Romana → Castries (St. Lucia) → Bridgetown (Barbados),https://www.meinschiff.com/de/trips/14-naechte-karibische-inseln-abbis-bridgetown-ZWO263738SEE?cabinType=Outside&cabinCategoryType=AKUS2V&inboundAirport=FRA&outboundAirport=FRA&priceMode=perPerson&tariff=PLUS,2026-10-08,2026-10-08
ZWO263839SEE,Mein Schiff,14 Nächte - Karibische Inseln - ab/bis La Romana,Mein Schiff 2,2026-11-27,2026-12-11,14,KA,Karibische Inseln 81,La Romana → Castries (St. Lucia) → Bridgetown (Barbados) → Fort-de-France (Martinique) → Kingstown (St. Vincent) → St. George's (Grenada) → Roseau (Dominica) → Pointe-à-Pitre (Guadeloupe) → St. John's (Antigua) → Basseterre (St. Kitts) → La Romana,https://www.meinschiff.com/de/trips/14-naechte-karibische-inseln-abbis-la-romana-ZWO263839SEE?cabinCategoryType=INUS2V&inboundAirport=FRA&outboundAirport=FRA&priceMode=perPerson&tariff=PLUS,2026-10-08,2026-10-08
ZWO263940SEE,Mein Schiff,14 Nächte - Karibische Inseln - ab/bis Bridgetown,Mein Schiff 2,2026-11-30,2026-12-14,14,KA,Karibische Inseln 80,Bridgetown (Barbados) → Fort-de-France (Martinique) → Kingstown (St. Vincent) → St. George's (Grenada) → Roseau (Dominica) → Pointe-à-Pitre (Guadeloupe) → St. John's (Antigua) → Basseterre (St. Kitts) → La Romana → Castries (St. Lucia) → Bridgetown (Barbados),https://www.meinschiff.com/de/trips/14-naechte-karibische-inseln-abbis-bridgetown-ZWO263940SEE?cabinCategoryType=IKUS2V&inboundAirport=FRA&outboundAirport=FRA&priceMode=perPerson&tariff=PLUS,2026-10-08,2026-10-08
ZWO264041SEE,Mein Schiff,14 Nächte - Karibische Inseln - ab/bis La Romana,Mein Schiff 2,2026-12-11,2026-12-25,14,KA,Karibische Inseln 123,La Romana → Castries (St. Lucia) → Bridgetown (Barbados) → Pointe-à-Pitre (Guadeloupe) → Fort-de-France (Martinique) → St. George's (Grenada) → Roseau (Dominica) → St. John's (Antigua) → Basseterre (St. Kitts) → Philipsburg (St. Maarten) → La Romana,https://www.meinschiff.com/de/trips/14-naechte-karibische-inseln-abbis-la-romana-ZWO264041SEE?cabinCategoryType=INUS2V&inboundAirport=FRA&outboundAirport=FRA&priceMode=perPerson&tariff=PLUS,2026-10-08,2026-10-08
ZWO264142SEE,Mein Schiff,14 Nächte - Festtage in der Karibik - ab/bis Bridgetown,Mein Schiff 2,2026-12-14,2026-12-28,14,KA,Karibische Inseln 124,Bridgetown (Barbados) → Pointe-à-Pitre (Guadeloupe) → Fort-de-France (Martinique) → St. George's (Grenada) → Roseau (Dominica) → St. John's (Antigua) → Basseterre (St. Kitts) → Philipsburg (St. Maarten) → La Romana → Castries (St. Lucia) → Bridgetown (Barbados),https://www.meinschiff.com/de/trips/14-naechte-festtage-in-der-karibik-abbis-bridgetown-ZWO264142SEE?cabinCategoryType=IKUS2V&inboundAirport=FRA&outboundAirport=DUS&priceMode=perPerson&tariff=PLUS,2026-10-08,2026-10-08
ZWO264243SEE,Mein Schiff,14 Nächte - Festtage in der Karibik - ab/bis La Romana,Mein Schiff 2,2026-12-25,2027-01-08,14,KA,Karibische Inseln 65,La Romana → Castries (St. Lucia) → Bridgetown (Barbados) → Fort-de-France (Martinique) → Kingstown (St. Vincent) → St. George's (Grenada) → Pointe-à-Pitre (Guadeloupe) → Roseau (Dominica) → Philipsburg (St. Maarten) → Basseterre (St. Kitts) → La Romana,https://www.meinschiff.com/de/trips/14-naechte-festtage-in-der-karibik-abbis-la-romana-ZWO264243SEE?cabinCategoryType=INUS2V&priceMode=perPerson&tariff=PLUS,2026-10-08,2026-10-08
ZWO264301SEE,Mein Schiff,14 Nächte - Jahresauftakt in der Karibik - ab/bis Bridgetown,Mein Schiff 2,2026-12-28,2027-01-11,14,KA,Karibische Inseln 71,Bridgetown (Barbados) → Fort-de-France (Martinique) → Kingstown (St. Vincent) → St. George's (Grenada) → Pointe-à-Pitre (Guadeloupe) → Roseau (Dominica) → Philipsburg (St. Maarten) → Basseterre (St. Kitts) → La Romana → Castries (St. Lucia) → Bridgetown (Barbados),https://www.meinschiff.com/de/trips/14-naechte-jahresauftakt-in-der-karibik-abbis-bridgetown-ZWO264301SEE?cabinCategoryType=IKUS2V&priceMode=perPerson&tariff=PLUS,2026-10-08,2026-10-08
ZWO270102SEE,Mein Schiff,14 Nächte - Karibische Inseln - ab/bis La Romana,Mein Schiff 2,2027-01-08,2027-01-22,14,KA,Karibische Inseln 9,La Romana → Castries (St. Lucia) → Bridgetown (Barbados) → St. George's (Grenada) → Kingstown (St. Vincent) → Fort-de-France (Martinique) → Pointe-à-Pitre (Guadeloupe) → Roseau (Dominica) → St. John's (Antigua) → Basseterre (St. Kitts) → La Romana,https://www.meinschiff.com/de/trips/14-naechte-karibische-inseln-abbis-la-romana-ZWO270102SEE?cabinCategoryType=INUS2V&inboundAirport=FRA&outboundAirport=FRA&priceMode=perPerson&tariff=PLUS,2026-10-08,2026-10-08
ZWO270203SEE,Mein Schiff,14 Nächte - Karibische Inseln - ab/bis Bridgetown,Mein Schiff 2,2027-01-11,2027-01-25,14,KA,Karibische Inseln 11,Bridgetown (Barbados) → St. George's (Grenada) → Kingstown (St. Vincent) → Fort-de-France (Martinique) → Pointe-à-Pitre (Guadeloupe) → Roseau (Dominica) → St. John's (Antigua) → Basseterre (St. Kitts) → La Romana → Castries (St. Lucia) → Bridgetown (Barbados),https://www.meinschiff.com/de/trips/14-naechte-karibische-inseln-abbis-bridgetown-ZWO270203SEE?cabinCategoryType=IKUS2V&inboundAirport=FRA&outboundAirport=FRA&priceMode=perPerson&tariff=PLUS,2026-10-08,2026-10-08
ZWO270304SEE,Mein Schiff,14 Nächte - Karibische Inseln - ab/bis La Romana,Mein Schiff 2,2027-01-22,2027-02-05,14,KA,Karibische Inseln 119,La Romana → Castries (St. Lucia) → Bridgetown (Barbados) → St. George's (Grenada) → Kingstown (St. Vincent) → Fort-de-France (Martinique) → Pointe-à-Pitre (Guadeloupe) → Basseterre (St. Kitts) → Roseau (Dominica) → St. John's (Antigua) → La Romana,https://www.meinschiff.com/de/trips/14-naechte-karibische-inseln-abbis-la-romana-ZWO270304SEE?cabinCategoryType=INUS2V&inboundAirport=FRA&outboundAirport=FRA&priceMode=perPerson&tariff=PLUS,2026-10-08,2026-10-08
ZWO270405SEE,Mein Schiff,14 Nächte - Karibische Inseln - ab/bis Bridgetown,Mein Schiff 2,2027-01-25,2027-02-08,14,KA,Karibische Inseln 120,Bridgetown (Barbados) → St. George's (Grenada) → Kingstown (St. Vincent) → Fort-de-France (Martinique) → Pointe-à-Pitre (Guadeloupe) → Basseterre (St. Kitts) → Roseau (Dominica) → St. John's (Antigua) → La Romana → Castries (St. Lucia) → Bridgetown (Barbados),https://www.meinschiff.com/de/trips/14-naechte-karibische-inseln-abbis-bridgetown-ZWO270405SEE?cabinCategoryType=IKUS2V&inboundAirport=DUS&outboundAirport=FRA&priceMode=perPerson&tariff=PLUS,2026-10-08,2026-10-08
ZWO270506SEE,Mein Schiff,14 Nächte - Karibische Inseln - ab/bis La Romana,Mein Schiff 2,2027-02-05,2027-02-19,14,KA,Karibische Inseln 125,La Romana → Castries (St. Lucia) → Bridgetown (Barbados) → Fort-de-France (Martinique) → Kingstown (St. Vincent) → St. George's (Grenada) → Roseau (Dominica) → Basseterre (St. Kitts) → Philipsburg (St. Maarten) → Pointe-à-Pitre (Guadeloupe) → La Romana,https://www.meinschiff.com/de/trips/14-naechte-karibische-inseln-abbis-la-romana-ZWO270506SEE?cabinCategoryType=INUS2V&inboundAirport=FRA&outboundAirport=FRA&priceMode=perPerson&tariff=PLUS,2026-10-08,2026-10-08
ZWO270607SEE,Mein Schiff,14 Nächte - Karibische Inseln - ab/bis Bridgetown,Mein Schiff 2,2027-02-08,2027-02-22,14,KA,Karibische Inseln 126,Bridgetown (Barbados) → Fort-de-France (Martinique) → Kingstown (St. Vincent) → St. George's (Grenada) → Roseau (Dominica) → Basseterre (St. Kitts) → Philipsburg (St. Maarten) → Pointe-à-Pitre (Guadeloupe) → La Romana → Castries (St. Lucia) → Bridgetown (Barbados),https://www.meinschiff.com/de/trips/14-naechte-karibische-inseln-abbis-bridgetown-ZWO270607SEE?cabinCategoryType=IKUS2V&inboundAirport=DUS&outboundAirport=FRA&priceMode=perPerson&tariff=PLUS,2026-10-08,2026-10-08
ZWO270708SEE,Mein Schiff,14 Nächte - Karibische Inseln - ab/bis La Romana,Mein Schiff 2,2027-02-19,2027-03-05,14,KA,Karibische Inseln 121,La Romana → Castries (St. Lucia) → Bridgetown (Barbados) → St. George's (Grenada) → Kingstown (St. Vincent) → Fort-de-France (Martinique) → Pointe-à-Pitre (Guadeloupe) → Basseterre (St. Kitts) → Roseau (Dominica) → Philipsburg (St. Maarten) → La Romana,https://www.meinschiff.com/de/trips/14-naechte-karibische-inseln-abbis-la-romana-ZWO270708SEE?cabinCategoryType=INBO2V&inboundAirport=DUS&outboundAirport=FRA&priceMode=perPerson&tariff=PRO,2026-10-08,2026-10-08
ZWO270809SEE,Mein Schiff,14 Nächte - Karibische Inseln - ab/bis Bridgetown,Mein Schiff 2,2027-02-22,2027-03-08,14,KA,Karibische Inseln 122,Bridgetown (Barbados) → St. George's (Grenada) → Kingstown (St. Vincent) → Fort-de-France (Martinique) → Pointe-à-Pitre (Guadeloupe) → Basseterre (St. Kitts) → Roseau (Dominica) → Philipsburg (St. Maarten) → La Romana → Castries (St. Lucia) → Bridgetown (Barbados),https://www.meinschiff.com/de/trips/14-naechte-karibische-inseln-abbis-bridgetown-ZWO270809SEE?cabinCategoryType=IKCO2V&inboundAirport=DUS&outboundAirport=FRA&priceMode=perPerson&tariff=PRO,2026-10-08,2026-10-08
ZWO270910SEE,Mein Schiff,14 Nächte - Karibische Inseln - ab/bis La Romana,Mein Schiff 2,2027-03-05,2027-03-19,14,KA,Karibische Inseln 9,La Romana → Castries (St. Lucia) → Bridgetown (Barbados) → St. George's (Grenada) → Kingstown (St. Vincent) → Fort-de-France (Martinique) → Pointe-à-Pitre (Guadeloupe) → Roseau (Dominica) → St. John's (Antigua) → Basseterre (St. Kitts) → La Romana,https://www.meinschiff.com/de/trips/14-naechte-karibische-inseln-abbis-la-romana-ZWO270910SEE?cabinCategoryType=INCO2V&inboundAirport=FRA&outboundAirport=FRA&priceMode=perPerson&tariff=PRO,2026-10-08,2026-10-08
ZWO271011SEE,Mein Schiff,14 Nächte - Karibische Inseln - ab/bis Bridgetown,Mein Schiff 2,2027-03-08,2027-03-22,14,KA,Karibische Inseln 11,Bridgetown (Barbados) → St. George's (Grenada) → Kingstown (St. Vincent) → Fort-de-France (Martinique) → Pointe-à-Pitre (Guadeloupe) → Roseau (Dominica) → St. John's (Antigua) → Basseterre (St. Kitts) → La Romana → Castries (St. Lucia) → Bridgetown (Barbados),https://www.meinschiff.com/de/trips/14-naechte-karibische-inseln-abbis-bridgetown-ZWO271011SEE?cabinCategoryType=IKCO2V&inboundAirport=FRA&outboundAirport=FRA&priceMode=perPerson&tariff=PRO,2026-10-08,2026-10-08
ZWO271112SEE,Mein Schiff,14 Nächte - Karibische Inseln - ab/bis La Romana,Mein Schiff 2,2027-03-19,2027-04-02,14,KA,Karibische Inseln 41,La Romana → Castries (St. Lucia) → Bridgetown (Barbados) → St. George's (Grenada) → Kingstown (St. Vincent) → Fort-de-France (Martinique) → Pointe-à-Pitre (Guadeloupe) → Roseau (Dominica) → St. John's (Antigua) → Basseterre (St. Kitts) → La Romana,https://www.meinschiff.com/de/trips/14-naechte-karibische-inseln-abbis-la-romana-ZWO271112SEE?cabinCategoryType=INCO2V&priceMode=perPerson&tariff=PRO,2026-10-08,2026-10-08
ZWO271213SEE,Mein Schiff,14 Nächte - Karibische Inseln - ab/bis Bridgetown,Mein Schiff 2,2027-03-22,2027-04-05,14,KA,Karibische Inseln 42,Bridgetown (Barbados) → St. George's (Grenada) → Kingstown (St. Vincent) → Fort-de-France (Martinique) → Pointe-à-Pitre (Guadeloupe) → Roseau (Dominica) → St. John's (Antigua) → Basseterre (St. Kitts) → La Romana → Castries (St. Lucia) → Bridgetown (Barbados),https://www.meinschiff.com/de/trips/14-naechte-karibische-inseln-abbis-bridgetown-ZWO271213SEE?cabinCategoryType=IKUS2V&inboundAirport=FRA&outboundAirport=FRA&priceMode=perPerson&tariff=PLUS,2026-10-08,2026-10-08
ZWO271314SEE,Mein Schiff,14 Nächte - Karibische Inseln - ab/bis La Romana,Mein Schiff 2,2027-04-02,2027-04-16,14,KA,Karibische Inseln 61,La Romana → Castries (St. Lucia) → Bridgetown (Barbados) → St. George's (Grenada) → Kingstown (St. Vincent) → Fort-de-France (Martinique) → Pointe-à-Pitre (Guadeloupe) → Roseau (Dominica) → St. John's (Antigua) → Basseterre (St. Kitts) → La Romana,https://www.meinschiff.com/de/trips/14-naechte-karibische-inseln-abbis-la-romana-ZWO271314SEE?cabinCategoryType=INUS2V&inboundAirport=FRA&outboundAirport=FRA&priceMode=perPerson&tariff=PLUS,2026-10-08,2026-10-08
ZWO271415SEE,Mein Schiff,14 Nächte - Karibische Inseln - ab/bis Bridgetown,Mein Schiff 2,2027-04-05,2027-04-19,14,KA,Karibische Inseln 62,Bridgetown (Barbados) → St. George's (Grenada) → Kingstown (St. Vincent) → Fort-de-France (Martinique) → Pointe-à-Pitre (Guadeloupe) → Roseau (Dominica) → St. John's (Antigua) → Basseterre (St. Kitts) → La Romana → Castries (St. Lucia) → Bridgetown (Barbados),https://www.meinschiff.com/de/trips/14-naechte-karibische-inseln-abbis-bridgetown-ZWO271415SEE?cabinCategoryType=IKUS2V&inboundAirport=FRA&outboundAirport=FRA&priceMode=perPerson&tariff=PLUS,2026-10-08,2026-10-08
ZWO271516SEE,Mein Schiff,20 Nächte - Auszeit auf dem Atlantik - ab La Romana/bis Bremerhaven,Mein Schiff 2,2027-04-16,2027-05-06,20,KA,Trans-Karibik Europa 42,La Romana → Castries (St. Lucia) → Bridgetown (Barbados) → Kingstown (St. Vincent) → Ponta Delgada (Såo Miguel) → Praia da Vitória (Terceira) → Leixões (Porto) → A Coruña → Bremerhaven,https://www.meinschiff.com/de/trips/20-naechte-auszeit-auf-dem-atlantik-ab-la-romanabis-bremerhaven-ZWO271516SEE?cabinCategoryType=INCO2V&priceMode=perPerson&tariff=PRO,2026-10-08,2026-10-08
ZWO2716SEE,Mein Schiff,17 Nächte - Auszeit auf dem Atlantik - ab Bridgetown/bis Bremerhaven,Mein Schiff 2,2027-04-19,2027-05-06,17,KA,Trans-Karibik Europa 26,Bridgetown (Barbados) → Kingstown (St. Vincent) → Ponta Delgada (Såo Miguel) → Praia da Vitória (Terceira) → Leixões (Porto) → A Coruña → Bremerhaven,https://www.meinschiff.com/de/trips/17-naechte-auszeit-auf-dem-atlantik-ab-bridgetownbis-bremerhaven-ZWO2716SEE?cabinCategoryType=IKUS2V&priceMode=perPerson&tariff=PLUS,2026-10-08,2026-10-08
ZWO2717SEE,Mein Schiff,5 Nächte - Schlagerliner 5 - ab/bis Bremerhaven,Mein Schiff 2,2027-05-06,2027-05-11,5,WE,Westeuropa 75,Bremerhaven → Rotterdam → Dover (London) → Bremerhaven,https://www.meinschiff.com/de/trips/5-naechte-schlagerliner-5-abbis-bremerhaven-ZWO2717SEE?cabinType=Balcony&cabinCategoryType=BADO2V&priceMode=perPerson&tariff=PRO,2026-10-08,2026-10-08
ZWO2718SEE,Mein Schiff,5 Nächte - Fjordmomente zum Durchatmen - ab/bis Bremerhaven,Mein Schiff 2,2027-05-11,2027-05-16,5,NL,Südnorwegen 120,Bremerhaven → Molde (Moldefjord) → Nordfjordeid (Eidsfjord) → Bremerhaven,https://www.meinschiff.com/de/trips/5-naechte-fjordmomente-zum-durchatmen-abbis-bremerhaven-ZWO2718SEE?cabinCategoryType=INCO2V&priceMode=perPerson&tariff=PRO,2026-10-08,2026-10-08
ZWO2719SEE,Mein Schiff,11 Nächte - Großbritanniens Schätze - ab/bis Bremerhaven,Mein Schiff 2,2027-05-16,2027-05-27,11,NL,Großbritannien & Irland 28,Bremerhaven → Kirkwall (Orkney-Inseln) → Stornoway (Hebriden) → Greenock (Edinburgh) → Belfast → Liverpool → Southampton (London) → Bremerhaven,https://www.meinschiff.com/de/trips/11-naechte-grossbritanniens-schaetze-abbis-bremerhaven-ZWO2719SEE?cabinCategoryType=INAO2V&priceMode=perPerson&tariff=PRO,2026-10-08,2026-10-08
ZWO2720SEE,Mein Schiff,10 Nächte - Großbritanniens Schätze - ab/bis Bremerhaven,Mein Schiff 2,2027-05-30,2027-06-09,10,NL,Großbritannien & Irland 29,Bremerhaven → Southampton (London) → Greenock (Edinburgh) → Stornoway (Hebriden) → Kirkwall (Orkney-Inseln) → Invergordon → Bremerhaven,https://www.meinschiff.com/de/trips/10-naechte-grossbritanniens-schaetze-abbis-bremerhaven-ZWO2720SEE?cabinCategoryType=INBO2V&priceMode=perPerson&tariff=PRO,2026-10-08,2026-10-08
ZWO2721SEE,Mein Schiff,12 Nächte - Islands Naturwunder - ab/bis Bremerhaven,Mein Schiff 2,2027-06-09,2027-06-21,12,NL,Großbritannien & Irland 30,Bremerhaven → Invergordon → Kirkwall (Orkney-Inseln) → Reykjavik → Isafjördur → Akureyri → Bremerhaven,https://www.meinschiff.com/de/trips/12-naechte-islands-naturwunder-abbis-bremerhaven-ZWO2721SEE?cabinCategoryType=INCO2V&priceMode=perPerson&tariff=PRO,2026-10-08,2026-10-08
ZWO2722SEE,Mein Schiff,12 Nächte - Islands Naturwunder - ab/bis Bremerhaven,Mein Schiff 2,2027-06-21,2027-07-03,12,NL,Großbritannien & Irland 31,Bremerhaven → Stornoway (Hebriden) → Reykjavik → Isafjördur → Akureyri → Bremerhaven,https://www.meinschiff.com/de/trips/12-naechte-islands-naturwunder-abbis-bremerhaven-ZWO2722SEE?cabinCategoryType=INCO2V&priceMode=perPerson&tariff=PRO,2026-10-08,2026-10-08
ZWO2723SEE,Mein Schiff,12 Nächte - Sommerzauber in Norwegen - ab/bis Bremerhaven,Mein Schiff 2,2027-07-03,2027-07-15,12,NL,Südnorwegen 114,Bremerhaven → Flåm (Aurlandsfjord) → Molde (Moldefjord) → Honningsvåg (Nordkap) → Tromsø → Trondheim (Trondheimfjord) → Nordfjordeid (Eidsfjord) → Bremerhaven,https://www.meinschiff.com/de/trips/12-naechte-sommerzauber-in-norwegen-abbis-bremerhaven-ZWO2723SEE?cabinCategoryType=INCO2V&priceMode=perPerson&tariff=PRO,2026-10-08,2026-10-08
ZWO2724SEE,Mein Schiff,12 Nächte - Sommerzauber in Norwegen - ab/bis Bremerhaven,Mein Schiff 2,2027-07-15,2027-07-27,12,NL,Südnorwegen 115,Bremerhaven → Bergen → Nordfjordeid (Eidsfjord) → Honningsvåg (Nordkap) → Tromsø → Trondheim (Trondheimfjord) → Ålesund → Bremerhaven,https://www.meinschiff.com/de/trips/12-naechte-sommerzauber-in-norwegen-abbis-bremerhaven-ZWO2724SEE?cabinCategoryType=INCO2V&priceMode=perPerson&tariff=PRO,2026-10-08,2026-10-08
ZWO2725SEE,Mein Schiff,12 Nächte - Norwegens Fjordwelten mit Geiranger - ab/bis Bremerhaven,Mein Schiff 2,2027-07-27,2027-08-08,12,NL,Südnorwegen 116,Bremerhaven → Bergen → Geiranger (Geirangerfjord) → Hellesylt (Sunnylvsfjord) → Tromsø → Honningsvåg (Nordkap) → Trondheim (Trondheimfjord) → Ålesund → Bremerhaven,https://www.meinschiff.com/de/trips/12-naechte-norwegens-fjordwelten-mit-geiranger-abbis-bremerhaven-ZWO2725SEE?cabinCategoryType=INCO2V&priceMode=perPerson&tariff=PRO,2026-10-08,2026-10-08
ZWO2726SEE,Mein Schiff,12 Nächte - Islands Naturwunder - ab/bis Bremerhaven ,Mein Schiff 2,2027-08-08,2027-08-20,12,NL,Großbritannien & Island 13,Bremerhaven → Kirkwall (Orkney-Inseln) → Akureyri → Reykjavik → Bremerhaven,https://www.meinschiff.com/de/trips/12-naechte-islands-naturwunder-abbis-bremerhaven-ZWO2726SEE?cabinCategoryType=INCO2V&priceMode=perPerson&tariff=PRO,2026-10-08,2026-10-08
ZWO2727SEE,Mein Schiff,10 Nächte - Westküste Großbritannien und Schottland - ab/bis Bremerhaven,Mein Schiff 2,2027-08-20,2027-08-30,10,NL,Großbritannien & Irland 32,Bremerhaven → Invergordon → Stornoway (Hebriden) → Greenock (Edinburgh) → Portland (England) → Dover (London) → Bremerhaven,https://www.meinschiff.com/de/trips/10-naechte-westkueste-grossbritannien-und-schottland-abbis-bremerhaven-ZWO2727SEE?cabinCategoryType=INBO2V&priceMode=perPerson&tariff=PRO,2026-10-08,2026-10-08
ZWO2728SEE,Mein Schiff,10 Nächte - Großbritanniens nordische Schönheiten - ab/bis Bremerhaven,Mein Schiff 2,2027-08-30,2027-09-09,10,NL,Großbritannien & Irland 33,Bremerhaven → Kirkwall (Orkney-Inseln) → Stornoway (Hebriden) → Greenock (Edinburgh) → Belfast → Southampton (London) → Bremerhaven,https://www.meinschiff.com/de/trips/10-naechte-grossbritanniens-nordische-schoenheiten-abbis-bremerhaven-ZWO2728SEE?cabinCategoryType=INBO2V&priceMode=perPerson&tariff=PRO,2026-10-08,2026-10-08
ZWO2729SEE,Mein Schiff,5 Nächte - Küstenzauber am Ärmelkanal - ab/bis Bremerhaven,Mein Schiff 2,2027-09-09,2027-09-14,5,NL,Großbritannien & Irland 34,Bremerhaven → Le Havre (Paris) → Southampton (London) → Bremerhaven,https://www.meinschiff.com/de/trips/5-naechte-kuestenzauber-am-aermelkanal-abbis-bremerhaven-ZWO2729SEE?cabinCategoryType=INCO2V&priceMode=perPerson&tariff=PRO,2026-10-08,2026-10-08
ZWO2731SEE,Mein Schiff,4 Nächte - Jeckliner im Sunnesching - ab/bis Palma,Mein Schiff 2,2027-09-24,2027-09-28,4,MM,Westliches Mittelmeer 276,Palma (Mallorca) → La Seyne (Toulon) → Barcelona → Palma (Mallorca),https://www.meinschiff.com/de/trips/4-naechte-jeckliner-im-sunnesching-abbis-palma-ZWO2731SEE?cabinType=Balcony&cabinCategoryType=BACO2V&inboundAirport=STR&outboundAirport=MUC&priceMode=perPerson&tariff=PRO,2026-10-08,2026-10-08
ZWO2732SEE,Mein Schiff,5 Nächte - Rainbow Cruise: The next chapter - ab/bis Palma,Mein Schiff 2,2027-09-28,2027-10-03,5,MM,Westliches Mittelmeer 238,Palma (Mallorca) → Palermo (Sizilien) → Cagliari (Sardinien) → Palma (Mallorca),https://www.meinschiff.com/de/trips/5-naechte-rainbow-cruise-the-next-chapter-abbis-palma-ZWO2732SEE?cabinCategoryType=INAO2V&priceMode=perPerson&tariff=PRO,2026-10-08,2026-10-08
ZWO2733SEE,Mein Schiff,8 Nächte - Faszination Mittelmeer - ab/bis Palma,Mein Schiff 2,2027-10-03,2027-10-11,8,MM,Westliches Mittelmeer 220,Palma (Mallorca) → Barcelona → Gibraltar → Cádiz → Málaga → Cartagena (Murcia) → Palma (Mallorca),https://www.meinschiff.com/de/trips/8-naechte-faszination-mittelmeer-abbis-palma-ZWO2733SEE?cabinCategoryType=INCO2V&priceMode=perPerson&tariff=PRO,2026-10-08,2026-10-08
ZWO2734SEE,Mein Schiff,9 Nächte - Sonniges Iberien und Marokko - ab/bis Palma,Mein Schiff 2,2027-10-11,2027-10-20,9,MM,Westliches Mittelmeer 221,Palma (Mallorca) → Tanger → Cádiz → Lissabon → Gibraltar → Málaga → Palma (Mallorca),https://www.meinschiff.com/de/trips/9-naechte-sonniges-iberien-und-marokko-abbis-palma-ZWO2734SEE?cabinCategoryType=INCO2V&priceMode=perPerson&tariff=PRO,2026-10-08,2026-10-08
ZWO2737SEE,Mein Schiff,11 Nächte - Europas Westküste - ab Palma/bis Bremerhaven,Mein Schiff 2,2027-10-20,2027-10-31,11,WE,Westeuropa-Trans-Mittelmeer 40,Palma (Mallorca) → Málaga → Cádiz → Lissabon → Leixões (Porto) → A Coruña → Le Havre (Paris) → Zeebrügge → Bremerhaven,https://www.meinschiff.com/de/trips/11-naechte-europas-westkueste-ab-palmabis-bremerhaven-ZWO2737SEE?cabinCategoryType=INCO2V&priceMode=perPerson&tariff=PRO,2026-10-08,2026-10-08
ZWO2738SEE,Mein Schiff,18 Nächte - Westküste Europas und Kanaren - ab/bis Bremerhaven,Mein Schiff 2,2027-10-31,2027-11-18,18,WE,Westeuropa 59,Bremerhaven → A Coruña → Leixões (Porto) → Puerto del Rosario (Fuerteventura) → Santa Cruz (Teneriffa) → Las Palmas (Gran Canaria) → Santa Cruz (La Palma) → Funchal (Madeira) → Lissabon → Le Havre (Paris) → Bremerhaven,https://www.meinschiff.com/de/trips/18-naechte-westkueste-europas-und-kanaren-abbis-bremerhaven-ZWO2738SEE?cabinCategoryType=INCO2V&priceMode=perPerson&tariff=PRO,2026-10-08,2026-10-08
ZWO2739SEE,Mein Schiff,14 Nächte - Winterliches Norwegen - ab Bremerhaven/bis Kiel,Mein Schiff 2,2027-11-18,2027-12-02,14,NL,Südnorwegen 122,Bremerhaven → Ålesund → Tromsø → Honningsvåg (Nordkap) → Narvik → Bergen → Kiel,https://www.meinschiff.com/de/trips/14-naechte-winterliches-norwegen-ab-bremerhavenbis-kiel-ZWO2739SEE?cabinCategoryType=INCO2V&priceMode=perPerson&tariff=PRO,2026-10-08,2026-10-08
ZWO2740SEE,Mein Schiff,7 Nächte - Metropolen der Ostsee - ab/bis Kiel,Mein Schiff 2,2027-12-02,2027-12-09,7,OB,Ostsee & Baltikum 99,Kiel → Helsinki → Tallinn → Stockholm → Kiel,https://www.meinschiff.com/de/trips/7-naechte-metropolen-der-ostsee-abbis-kiel-ZWO2740SEE?cabinCategoryType=INCO2V&priceMode=perPerson&tariff=PRO,2026-10-08,2026-10-08
ZWO274142SEE,Mein Schiff,14 Nächte - Zauberhaftes Norwegen und Ostseemetropolen - ab Kiel/bis Bremerhaven,Mein Schiff 2,2027-12-09,2027-12-23,14,OB,Ostsee & Baltikum 100,Kiel → Stockholm → Tallinn → Helsinki → Kiel → Stavanger → Bergen → Molde (Moldefjord) → Ålesund → Bremerhaven,https://www.meinschiff.com/de/trips/14-naechte-zauberhaftes-norwegen-und-ostseemetropolen-ab-kielbis-bremerhaven-ZWO274142SEE?cabinCategoryType=INCO2V&priceMode=perPerson&tariff=PRO,2026-10-08,2026-10-08
ZWO2741SEE,Mein Schiff,7 Nächte - Metropolen der Ostsee - ab/bis Kiel,Mein Schiff 2,2027-12-09,2027-12-16,7,OB,Ostsee & Baltikum 97,Kiel → Stockholm → Tallinn → Helsinki → Kiel,https://www.meinschiff.com/de/trips/7-naechte-metropolen-der-ostsee-abbis-kiel-ZWO2741SEE?cabinCategoryType=INCO2V&priceMode=perPerson&tariff=PRO,2026-10-08,2026-10-08
ZWO2742SEE,Mein Schiff,7 Nächte - Kleine Winterreise nach Norwegen - ab Kiel/bis Bremerhaven,Mein Schiff 2,2027-12-16,2027-12-23,7,NL,Südnorwegen 123,Kiel → Stavanger → Bergen → Molde (Moldefjord) → Ålesund → Bremerhaven,https://www.meinschiff.com/de/trips/7-naechte-kleine-winterreise-nach-norwegen-ab-kielbis-bremerhaven-ZWO2742SEE?cabinCategoryType=INCO2V&priceMode=perPerson&tariff=PRO,2026-10-08,2026-10-08
ZWO2743SEE,Mein Schiff,17 Nächte - Westküste Europas und Kanaren - ab/bis Bremerhaven,Mein Schiff 2,2027-12-23,2028-01-09,17,WE,Westeuropa 60,Bremerhaven → Le Havre (Paris) → A Coruña → Leixões (Porto) → Lissabon → Funchal (Madeira) → Santa Cruz (Teneriffa) → Arrecife (Lanzarote) → Bremerhaven,https://www.meinschiff.com/de/trips/17-naechte-westkueste-europas-und-kanaren-abbis-bremerhaven-ZWO2743SEE?cabinCategoryType=INCO2V&priceMode=perPerson&tariff=PRO,2026-10-08,2026-10-08
ZWO2801SEE,Mein Schiff,35 Nächte - Traumreise in die Karibik - ab/bis Bremerhaven,Mein Schiff 2,2028-01-09,2028-02-13,35,WE,Westeuropa 61,Bremerhaven → Las Palmas (Gran Canaria) → Philipsburg (St. Maarten) → Road Town (Tortola) → St. John's (Antigua) → Pointe-à-Pitre (Guadeloupe) → Basseterre (St. Kitts) → Castries (St. Lucia) → Fort-de-France (Martinique) → St. George's (Grenada) → Bridgetown (Barbados) → Funchal (Madeira) → Bremerhaven,https://www.meinschiff.com/de/trips/35-naechte-traumreise-in-die-karibik-abbis-bremerhaven-ZWO2801SEE?cabinCategoryType=INCO2V&priceMode=perPerson&tariff=PRO,2026-10-08,2026-10-08
ZWO2802SEE,Mein Schiff,14 Nächte - Winterliches Norwegen - ab/bis Bremerhaven,Mein Schiff 2,2028-02-13,2028-02-27,14,WE,Westeuropa 62,Bremerhaven → Ålesund → Narvik → Honningsvåg (Nordkap) → Tromsø → Bremerhaven,https://www.meinschiff.com/de/trips/14-naechte-winterliches-norwegen-abbis-bremerhaven-ZWO2802SEE?cabinCategoryType=INCO2V&priceMode=perPerson&tariff=PRO,2026-10-08,2026-10-08
ZWO2803SEE,Mein Schiff,14 Nächte - Winterliches Norwegen - ab/bis Bremerhaven,Mein Schiff 2,2028-02-27,2028-03-12,14,WE,Westeuropa 63,Bremerhaven → Ålesund → Tromsø → Honningsvåg (Nordkap) → Narvik → Bergen → Bremerhaven,https://www.meinschiff.com/de/trips/14-naechte-winterliches-norwegen-abbis-bremerhaven-ZWO2803SEE?cabinCategoryType=INCO2V&priceMode=perPerson&tariff=PRO,2026-10-08,2026-10-08
ZWO2804SEE,Mein Schiff,14 Nächte - Winterliches Norwegen - ab/bis Bremerhaven,Mein Schiff 2,2028-03-12,2028-03-26,14,WE,Westeuropa 62,Bremerhaven → Ålesund → Narvik → Honningsvåg (Nordkap) → Tromsø → Bremerhaven,https://www.meinschiff.com/de/trips/14-naechte-winterliches-norwegen-abbis-bremerhaven-ZWO2804SEE?cabinCategoryType=INCO2V&priceMode=perPerson&tariff=PRO,2026-10-08,2026-10-08
ZWO2805SEE,Mein Schiff,14 Nächte - Westeuropas Vielfalt - ab/bis Bremerhaven,Mein Schiff 2,2028-03-26,2028-04-09,14,WE,Westeuropa 45,Bremerhaven → Southampton (London) → A Coruña → Leixões (Porto) → Lissabon → Bilbao → Cherbourg → Le Havre (Paris) → Bremerhaven,https://www.meinschiff.com/de/trips/14-naechte-westeuropas-vielfalt-abbis-bremerhaven-ZWO2805SEE?cabinCategoryType=INCO2V&priceMode=perPerson&tariff=PRO,2026-10-08,2026-10-08
ZWO2806SEE,Mein Schiff,14 Nächte - Westeuropas Vielfalt - ab/bis Bremerhaven,Mein Schiff 2,2028-04-09,2028-04-23,14,WE,Westeuropa 64,Bremerhaven → A Coruña → Lissabon → Leixões (Porto) → Le Havre (Paris) → Southampton (London) → Zeebrügge → Rotterdam → Bremerhaven,https://www.meinschiff.com/de/trips/14-naechte-westeuropas-vielfalt-abbis-bremerhaven-ZWO2806SEE?cabinCategoryType=INCO2V&priceMode=perPerson&tariff=PRO,2026-10-08,2026-10-08
