trip_code,snapshot_date,fetched_at,price_pp,price_pp_with_flight,cabin_type,cabin_name,tariff,sold_out,offers,price_pp_outside,price_pp_balcony
BE03270429,2026-10-09,2026-10-09T17:00:48+00:00,555,,,,IND,0,Frühbucher Plus,,
BE03270506,2026-10-09,2026-10-09T17:00:48+00:00,715,,,,IND,0,,,
BE03270829,2026-10-09,2026-10-09T17:00:48+00:00,585,,,,IND,0,Frühbucher Plus,,
BE03270909,2026-10-09,2026-10-09T17:00:48+00:00,585,,,,IND,0,Frühbucher Plus,,
BE03270920,2026-10-09,2026-10-09T17:00:48+00:00,515,,,,IND,0,Frühbucher Plus,,
BE03270923,2026-10-09,2026-10-09T17:00:48+00:00,620,,,,IND,0,Frühbucher,,
BE03271007,2026-10-09,2026-10-09T17:00:48+00:00,565,,,,IND,0,Frühbucher Plus,,
BE04270425,2026-10-09,2026-10-09T17:00:48+00:00,580,,,,IND,0,Frühbucher Plus,,
BE04270502,2026-10-09,2026-10-09T17:00:48+00:00,635,,,,IND,0,Frühbucher Plus | AIDAspecialOffer | Ab 2 Kabinen 10% sparen,,
BE04270514,2026-10-09,2026-10-09T17:00:48+00:00,805,,,,IND,0,Frühbucher Plus | AIDAspecialOffer | Ab 2 Kabinen 10% sparen,,
BE04270901,2026-10-09,2026-10-09T17:00:48+00:00,635,,,,IND,0,Frühbucher Plus,,
BE04270905,2026-10-09,2026-10-09T17:00:48+00:00,635,,,,IND,0,Frühbucher Plus,,
BE04270912,2026-10-09,2026-10-09T17:00:48+00:00,610,,,,IND,0,Frühbucher Plus,,
BE04270916,2026-10-09,2026-10-09T17:00:48+00:00,635,,,,IND,0,Frühbucher Plus,,
BE04270926,2026-10-09,2026-10-09T17:00:48+00:00,605,,,,IND,0,Frühbucher Plus | AIDAspecialOffer | Ab 2 Kabinen 10% sparen,,
BE04271003,2026-10-09,2026-10-09T17:00:48+00:00,635,,,,IND,0,Frühbucher Plus,,
BE04271024,2026-10-09,2026-10-09T17:00:48+00:00,710,,,,IND,0,Frühbucher Plus,,
BE04271028,2026-10-09,2026-10-09T17:00:48+00:00,730,,,,IND,0,Frühbucher Plus,,
BE05270509,2026-10-09,2026-10-09T17:00:48+00:00,745,,,,IND,0,Frühbucher Plus | AIDAspecialOffer | Ab 2 Kabinen 10% sparen,,
BE05281010,2026-10-09,2026-10-09T17:00:48+00:00,725,,,,IND,0,Frühbucher Plus,,
BE06270920,2026-10-09,2026-10-09T17:00:48+00:00,1110,,,,IND,0,Frühbucher Plus,,
BE07270822,2026-10-09,2026-10-09T17:00:48+00:00,1130,,,,IND,0,Frühbucher Plus | AIDAspecialOffer | Ab 2 Kabinen 10% sparen,,
BE07270829,2026-10-09,2026-10-09T17:00:48+00:00,1220,,,,IND,0,Frühbucher Plus,,
BE07270905,2026-10-09,2026-10-09T17:00:48+00:00,1220,,,,IND,0,Frühbucher Plus,,
BE07271003,2026-10-09,2026-10-09T17:00:48+00:00,1200,,,,IND,0,Frühbucher Plus,,
BE07280421,2026-10-09,2026-10-09T17:00:48+00:00,945,,,,IND,0,Frühbucher Plus,,
BE07280428,2026-10-09,2026-10-09T17:00:48+00:00,980,,,,IND,0,Frühbucher Plus,,
BE07281015,2026-10-09,2026-10-09T17:00:48+00:00,1050,,,,IND,0,Frühbucher Plus,,
BE08270912,2026-10-09,2026-10-09T17:00:48+00:00,1245,,,,IND,0,Frühbucher Plus,,
BE08271024,2026-10-09,2026-10-09T17:00:48+00:00,1440,,,,IND,0,Frühbucher Plus,,
BE08280401,2026-10-09,2026-10-09T17:00:48+00:00,1110,,,,IND,0,Frühbucher Plus,,
BE09280505,2026-10-09,2026-10-09T17:00:48+00:00,1325,,,,IND,0,Frühbucher Plus | AIDAselection,,
BE09280526,2026-10-09,2026-10-09T17:00:48+00:00,1435,,,,IND,0,Frühbucher Plus | AIDAselection,,
BE09280616,2026-10-09,2026-10-09T17:00:48+00:00,1395,,,,IND,0,Frühbucher Plus | AIDAselection,,
BE09280707,2026-10-09,2026-10-09T17:00:48+00:00,1590,,,,IND,0,Frühbucher Plus | AIDAselection,,
BE09280728,2026-10-09,2026-10-09T17:00:48+00:00,1605,,,,IND,0,Frühbucher Plus | AIDAselection,,
BE09280818,2026-10-09,2026-10-09T17:00:48+00:00,1515,,,,IND,0,Frühbucher Plus | AIDAselection,,
BE09280908,2026-10-09,2026-10-09T17:00:48+00:00,1395,,,,IND,0,Frühbucher Plus | AIDAselection,,
BE09281001,2026-10-09,2026-10-09T17:00:48+00:00,1405,,,,IND,0,Frühbucher Plus | AIDAselection,,
BE09281022,2026-10-09,2026-10-09T17:00:48+00:00,1345,,,,IND,0,Frühbucher Plus | AIDAselection,,
BE11281031,2026-10-09,2026-10-09T17:00:48+00:00,,1905,,,IND,0,Frühbucher Plus | inkl. Flug | AIDAselection,,
BE12270518,2026-10-09,2026-10-09T17:00:48+00:00,2110,,,,IND,0,Frühbucher Plus,,
BE12280409,2026-10-09,2026-10-09T17:00:48+00:00,1980,,,,IND,0,Frühbucher Plus | AIDAselection,,
BE12280514,2026-10-09,2026-10-09T17:00:48+00:00,1705,,,,IND,0,Frühbucher Plus | AIDAselection,,
BE12280604,2026-10-09,2026-10-09T17:00:48+00:00,2060,,,,IND,0,Frühbucher Plus | AIDAselection,,
BE12280625,2026-10-09,2026-10-09T17:00:48+00:00,1895,,,,IND,0,Frühbucher Plus | AIDAselection,,
BE12280716,2026-10-09,2026-10-09T17:00:48+00:00,2260,,,,IND,0,Frühbucher Plus | AIDAselection,,
BE12280806,2026-10-09,2026-10-09T17:00:48+00:00,2050,,,,IND,0,Frühbucher Plus | AIDAselection,,
BE12280827,2026-10-09,2026-10-09T17:00:48+00:00,2060,,,,IND,0,Frühbucher Plus | AIDAselection,,
BE13270221,2026-10-09,2026-10-09T17:00:48+00:00,,2399,,,CLA,0,inkl. Flug | AIDAspecialOffer | Winterpause,,
BE14261115,2026-10-09,2026-10-09T17:00:48+00:00,,2395,,,IND,0,Frühbucher Plus | inkl. Flug,,
BE14261121,2026-10-09,2026-10-09T17:00:48+00:00,,2249,,,CLA,0,inkl. Flug | AIDAspecialOffer | Last Minute,,
BE14261129,2026-10-09,2026-10-09T17:00:48+00:00,,2149,,,LIG,0,inkl. Flug | AIDAspecialOffer | Winterpause,,
BE14261205,2026-10-09,2026-10-09T17:00:48+00:00,,2199,,,CLA,0,inkl. Flug | AIDAspecialOffer | Winterpause,,
BE14261213,2026-10-09,2026-10-09T17:00:48+00:00,,2149,,,CLA,0,inkl. Flug | AIDAspecialOffer | Winterpause,,
BE14261219,2026-10-09,2026-10-09T17:00:48+00:00,1349,,,,LIG,0,AIDAspecialOffer | Winterpause,,
BE14261227,2026-10-09,2026-10-09T17:00:48+00:00,,2849,,,CLA,0,inkl. Flug | AIDAspecialOffer | Winterpause,,
BE14270102,2026-10-09,2026-10-09T17:00:48+00:00,,2349,,,CLA,0,inkl. Flug | AIDAspecialOffer | Winterpause,,
BE14270110,2026-10-09,2026-10-09T17:00:48+00:00,,2399,,,CLA,0,inkl. Flug,,
BE14270116,2026-10-09,2026-10-09T17:00:48+00:00,,2349,,,CLA,0,inkl. Flug,,
BE14270124,2026-10-09,2026-10-09T17:00:48+00:00,,2545,,,IND,0,Frühbucher Plus | inkl. Flug,,
BE14270130,2026-10-09,2026-10-09T17:00:48+00:00,,2449,,,CLA,0,inkl. Flug | AIDAspecialOffer | Winterpause,,
BE14270207,2026-10-09,2026-10-09T17:00:48+00:00,1500,,,,IND,0,Frühbucher,,
BE14270213,2026-10-09,2026-10-09T17:00:48+00:00,,2399,,,CLA,0,inkl. Flug | AIDAspecialOffer | Winterpause,,
BE14270227,2026-10-09,2026-10-09T17:00:48+00:00,,3099,,,CLA,0,inkl. Flug | AIDAspecialOffer | Winterpause,,
BE14270306,2026-10-09,2026-10-09T17:00:48+00:00,1229,,,,CLA,0,AIDAspecialOffer | Winterpause,,
BE14270313,2026-10-09,2026-10-09T17:00:48+00:00,,2549,,,CLA,0,inkl. Flug | AIDAspecialOffer | Winterpause,,
BE14270320,2026-10-09,2026-10-09T17:00:48+00:00,2170,,,,IND,0,Frühbucher Plus,,
BE14270403,2026-10-09,2026-10-09T16:44:36+00:00,,2450,,,IND,0,inkl. Flug | AIDAselection,,
BE14270530,2026-10-09,2026-10-09T17:00:48+00:00,2260,,,,IND,0,Frühbucher Plus,,
BE14270613,2026-10-09,2026-10-09T17:00:48+00:00,2315,,,,IND,0,Frühbucher Plus,,
BE14270627,2026-10-09,2026-10-09T17:00:48+00:00,2030,,,,IND,0,Frühbucher,,
BE14270711,2026-10-09,2026-10-09T17:00:48+00:00,2415,,,,IND,0,Frühbucher Plus,,
BE14270725,2026-10-09,2026-10-09T17:00:48+00:00,2470,,,,IND,0,,,
BE14270808,2026-10-09,2026-10-09T17:00:48+00:00,2190,,,,IND,0,Frühbucher,,
BE14271010,2026-10-09,2026-10-09T17:00:48+00:00,1965,,,,IND,0,Frühbucher Plus,,
BE14271121,2026-10-09,2026-10-09T17:00:48+00:00,,2590,,,IND,0,Frühbucher Plus | inkl. Flug,,
BE14271127,2026-10-09,2026-10-09T17:00:48+00:00,,2505,,,IND,0,Frühbucher Plus | inkl. Flug,,
BE14271205,2026-10-09,2026-10-09T17:00:48+00:00,,2665,,,IND,0,Frühbucher Plus | inkl. Flug,,
BE14271211,2026-10-09,2026-10-09T17:00:48+00:00,,2535,,,IND,0,Frühbucher Plus | inkl. Flug,,
BE14271219,2026-10-09,2026-10-09T17:00:48+00:00,,3500,,,IND,0,Frühbucher Plus | inkl. Flug,,
BE14271225,2026-10-09,2026-10-09T17:00:48+00:00,,4020,,,IND,0,Frühbucher Plus | inkl. Flug,,
BE14280102,2026-10-09,2026-10-09T17:00:48+00:00,,3695,,,INDAI,0,Frühbucher Plus | All inclusive | inkl. Flug,,
BE14280108,2026-10-09,2026-10-09T17:00:48+00:00,,3335,,,INDAI,0,Frühbucher Plus | All inclusive | inkl. Flug,,
BE14280116,2026-10-09,2026-10-09T17:00:48+00:00,,2665,,,IND,0,Frühbucher Plus | inkl. Flug,,
BE14280122,2026-10-09,2026-10-09T17:00:48+00:00,,2575,,,IND,0,Frühbucher Plus | inkl. Flug,,
BE14280130,2026-10-09,2026-10-09T17:00:48+00:00,,2615,,,IND,0,Frühbucher Plus | inkl. Flug,,
BE14280205,2026-10-09,2026-10-09T17:00:48+00:00,,3100,,,IND,0,Frühbucher Plus | inkl. Flug,,
BE14280213,2026-10-09,2026-10-09T17:00:48+00:00,,3920,,,COMAI,0,Frühbucher Plus | All inclusive | inkl. Flug,,
BE14280219,2026-10-09,2026-10-09T17:00:48+00:00,,2730,,,IND,0,Frühbucher Plus | inkl. Flug,,
BE14280227,2026-10-09,2026-10-09T17:00:48+00:00,,2710,,,IND,0,Frühbucher Plus | inkl. Flug,,
BE14280917,2026-10-09,2026-10-09T17:00:48+00:00,1990,,,,IND,0,Frühbucher Plus | AIDAselection,,
BE14281111,2026-10-09,2026-10-09T17:00:48+00:00,,2690,,,IND,0,Frühbucher Plus | inkl. Flug | AIDAselection,,
BE14281112,2026-10-09,2026-10-09T17:00:48+00:00,,5330,,,IND,0,Frühbucher Plus | inkl. Flug | AIDAselection,,
BE14281125,2026-10-09,2026-10-09T17:00:48+00:00,,2615,,,IND,0,Frühbucher Plus | inkl. Flug | AIDAselection,,
BE14281126,2026-10-09,2026-10-09T17:00:48+00:00,,2575,,,IND,0,Frühbucher Plus | inkl. Flug | AIDAselection,,
BE14281209,2026-10-09,2026-10-09T17:00:48+00:00,,3255,,,INDAI,0,Frühbucher Plus | All inclusive | inkl. Flug | AIDAselection,,
BE14281210,2026-10-09,2026-10-09T17:00:48+00:00,,3610,,,IND,0,Frühbucher Plus | inkl. Flug | AIDAselection,,
BE14281223,2026-10-09,2026-10-09T17:00:48+00:00,,5650,,,IND,0,Frühbucher Plus | inkl. Flug | AIDAselection,,
BE14281224,2026-10-09,2026-10-09T17:00:48+00:00,,3950,,,IND,0,Frühbucher Plus | inkl. Flug | AIDAselection,,
BE14290106,2026-10-09,2026-10-09T17:00:48+00:00,,2840,,,IND,0,Frühbucher Plus | inkl. Flug | AIDAselection,,
BE14290107,2026-10-09,2026-10-09T17:00:48+00:00,,2640,,,IND,0,Frühbucher Plus | inkl. Flug | AIDAselection,,
BE14290120,2026-10-09,2026-10-09T17:00:48+00:00,,2715,,,IND,0,Frühbucher Plus | inkl. Flug | AIDAselection,,
BE14290121,2026-10-09,2026-10-09T17:00:48+00:00,,2880,,,IND,0,Frühbucher Plus | inkl. Flug | AIDAselection,,
BE14290203,2026-10-09,2026-10-09T17:00:48+00:00,,2830,,,IND,0,Frühbucher Plus | inkl. Flug | AIDAselection,,
BE20271101,2026-10-09,2026-10-09T17:00:48+00:00,,2555,,,IND,0,Frühbucher Plus | inkl. Flug | AIDAselection,,
BE20280312,2026-10-09,2026-10-09T17:00:48+00:00,,2545,,,IND,0,Frühbucher Plus | inkl. Flug | AIDAselection,,
BE21261025,2026-10-09,2026-10-09T17:00:48+00:00,2030,,,,IND,0,Frühbucher Plus | AIDAselection,,
BE21270327,2026-10-09,2026-10-09T17:00:48+00:00,,3060,,,IND,0,Frühbucher Plus | inkl. Flug | AIDAselection,,
BE22270403,2026-10-09,2026-10-09T17:00:48+00:00,,2755,,,IND,0,Frühbucher Plus | inkl. Hinflug | AIDAselection,,
BE26271101,2026-10-09,2026-10-09T17:00:48+00:00,,3185,,,IND,0,Frühbucher Plus | inkl. Flug | AIDAselection,,
BE27261025,2026-10-09,2026-10-09T17:00:48+00:00,3805,,,,IND,0,Frühbucher Plus | AIDAselection,,
BE28280304,2026-10-09,2026-10-09T17:00:48+00:00,,3350,,,IND,0,Frühbucher Plus | inkl. Flug | AIDAselection,,
BE28281111,2026-10-09,2026-10-09T17:00:48+00:00,,5630,,,INDAI,0,Frühbucher Plus | All inclusive | inkl. Flug | AIDAselection,,
BE28281125,2026-10-09,2026-10-09T17:00:48+00:00,,6635,,,COMAI,0,Frühbucher Plus | All inclusive | inkl. Flug | AIDAselection,,
BE28281209,2026-10-09,2026-10-09T17:00:48+00:00,,5960,,,IND,0,Frühbucher Plus | inkl. Flug | AIDAselection,,
BE28281223,2026-10-09,2026-10-09T17:00:48+00:00,,6975,,,INDAI,0,Frühbucher Plus | All inclusive | inkl. Flug | AIDAselection,,
BE28290106,2026-10-09,2026-10-09T17:00:48+00:00,,4820,,,IND,0,Frühbucher Plus | inkl. Flug | AIDAselection,,
BE28290120,2026-10-09,2026-10-09T17:00:48+00:00,,5075,,,IND,0,Frühbucher Plus | inkl. Flug | AIDAselection,,
BE29270327,2026-10-09,2026-10-09T17:00:48+00:00,,3345,,,IND,0,Frühbucher Plus | inkl. Hinflug | AIDAselection,,
BL06270419,2026-10-09,2026-10-09T17:00:48+00:00,820,,,,IND,0,Frühbucher | AIDAselection,,
BL07261010,2026-10-09,2026-10-09T17:00:48+00:00,1055,,,,IND,0,Frühbucher,,
BL07261017,2026-10-09,2026-10-09T11:57:12+00:00,1050,,,,IND,0,Frühbucher Plus,,
BL07261101,2026-10-09,2026-10-09T17:00:48+00:00,799,,,,LIG,0,AIDAselection,,
BL07261106,2026-10-09,2026-10-09T17:00:48+00:00,699,,,,CLA,0,AIDAspecialOffer | Verlockung der Woche KW 41,,
BL07261108,2026-10-09,2026-10-09T17:00:48+00:00,749,,,,LIG,0,AIDAspecials | AIDAspecialOffer | Winterpause,,
BL07261113,2026-10-09,2026-10-09T17:00:48+00:00,679,,,,CLA,0,AIDAspecialOffer | Verlockung der Woche KW 41,,
BL07261115,2026-10-09,2026-10-09T17:00:48+00:00,,1445,,,IND,0,Frühbucher Plus | inkl. Flug,,
BL07261120,2026-10-09,2026-10-09T17:00:48+00:00,879,,,,CLA,0,AIDAspecialOffer | Verlockung der Woche KW 41,,
BL07261122,2026-10-09,2026-10-09T17:00:48+00:00,899,,,,CLA,0,,,
BL07261127,2026-10-09,2026-10-09T17:00:48+00:00,675,,,,IND,0,Frühbucher Plus,,
BL07261129,2026-10-09,2026-10-09T17:00:48+00:00,695,,,,IND,0,Frühbucher,,
BL07261204,2026-10-09,2026-10-09T17:00:48+00:00,,1229,,,CLA,0,inkl. Flug | AIDAspecialOffer | Verlockung der Woche KW 41,,
BL07261206,2026-10-09,2026-10-09T17:00:48+00:00,,1199,,,CLA,0,inkl. Flug,,
BL07261211,2026-10-09,2026-10-09T17:00:48+00:00,,1055,,,IND,0,Frühbucher Plus | inkl. Flug,,
BL07261213,2026-10-09,2026-10-09T17:00:48+00:00,,1149,,,CLA,0,inkl. Flug,,
BL07261218,2026-10-09,2026-10-09T17:00:48+00:00,799,,,,CLA,0,AIDAspecialOffer | Verlockung der Woche KW 41,,
BL07261220,2026-10-09,2026-10-09T17:00:48+00:00,579,,,,LIG,0,AIDAspecialOffer | Winterpause,,
BL07261225,2026-10-09,2026-10-09T17:00:48+00:00,,1749,,,CLA,0,inkl. Flug | AIDAspecialOffer | Verlockung der Woche KW 41,,
BL07261227,2026-10-09,2026-10-09T17:00:48+00:00,949,,,,CLA,0,AIDAspecialOffer | Winterpause,,
BL07270101,2026-10-09,2026-10-09T17:00:48+00:00,779,,,,CLA,0,AIDAspecialOffer | Verlockung der Woche KW 41,,
BL07270103,2026-10-09,2026-10-09T17:00:48+00:00,629,,,,LIG,0,AIDAspecialOffer | Winterpause,,
BL07270108,2026-10-09,2026-10-09T17:00:48+00:00,625,,,,IND,0,Frühbucher Plus,,
BL07270110,2026-10-09,2026-10-09T17:00:48+00:00,625,,,,IND,0,Frühbucher Plus,,
BL07270117,2026-10-09,2026-10-09T17:00:48+00:00,,999,,,CLA,0,inkl. Flug | AIDAspecialOffer | Winterpause,,
BL07270314,2026-10-09,2026-10-09T17:00:48+00:00,1160,,,,IND,0,,,
BL07270321,2026-10-09,2026-10-09T17:00:48+00:00,1370,,,,IND,0,,,
BL07270328,2026-10-09,2026-10-09T17:00:48+00:00,1050,,,,IND,0,Frühbucher Plus,,
BL07270404,2026-10-09,2026-10-09T17:00:48+00:00,1175,,,,IND,0,,,
BL07270501,2026-10-09,2026-10-09T17:00:48+00:00,1000,,,,IND,0,Frühbucher Plus,,
BL07270508,2026-10-09,2026-10-09T17:00:48+00:00,960,,,,IND,0,Frühbucher Plus | AIDAspecialOffer | Ab 2 Kabinen 10% sparen,,
BL07270515,2026-10-09,2026-10-09T17:00:48+00:00,1100,,,,IND,0,Frühbucher Plus,,
BL07270522,2026-10-09,2026-10-09T17:00:48+00:00,1055,,,,IND,0,Frühbucher,,
BL07270529,2026-10-09,2026-10-09T17:00:48+00:00,985,,,,IND,0,Frühbucher Plus,,
BL07270605,2026-10-09,2026-10-09T17:00:48+00:00,1050,,,,IND,0,Frühbucher,,
BL07270612,2026-10-09,2026-10-09T17:00:48+00:00,1125,,,,IND,0,,,
BL07270619,2026-10-09,2026-10-09T17:00:48+00:00,1105,,,,IND,0,Frühbucher,,
BL07270626,2026-10-09,2026-10-09T17:00:48+00:00,975,,,,IND,0,Frühbucher Plus | AIDAspecialOffer | Ab 2 Kabinen 10% sparen,,
BL07270703,2026-10-09,2026-10-09T17:00:48+00:00,1030,,,,IND,0,Frühbucher Plus | AIDAspecialOffer | Ab 2 Kabinen 10% sparen,,
BL07270710,2026-10-09,2026-10-09T17:00:48+00:00,1045,,,,IND,0,Frühbucher Plus | AIDAspecialOffer | Ab 2 Kabinen 10% sparen,,
BL07270717,2026-10-09,2026-10-09T17:00:48+00:00,1045,,,,IND,0,Frühbucher Plus | AIDAspecialOffer | Ab 2 Kabinen 10% sparen,,
BL07270724,2026-10-09,2026-10-09T17:00:48+00:00,1045,,,,IND,0,Frühbucher Plus | AIDAspecialOffer | Ab 2 Kabinen 10% sparen,,
BL07270731,2026-10-09,2026-10-09T17:00:48+00:00,1075,,,,IND,0,Frühbucher Plus | AIDAspecialOffer | Ab 2 Kabinen 10% sparen,,
BL07270807,2026-10-09,2026-10-09T17:00:48+00:00,1045,,,,IND,0,Frühbucher Plus | AIDAspecialOffer | Ab 2 Kabinen 10% sparen,,
BL07270814,2026-10-09,2026-10-09T17:00:48+00:00,995,,,,IND,0,Frühbucher Plus | AIDAspecialOffer | Ab 2 Kabinen 10% sparen,,
BL07270821,2026-10-09,2026-10-09T17:00:48+00:00,995,,,,IND,0,Frühbucher Plus | AIDAspecialOffer | Ab 2 Kabinen 10% sparen,,
BL07270828,2026-10-09,2026-10-09T17:00:48+00:00,1010,,,,IND,0,Frühbucher Plus | AIDAspecialOffer | Ab 2 Kabinen 10% sparen,,
BL07270904,2026-10-09,2026-10-09T17:00:48+00:00,1070,,,,IND,0,Frühbucher,,
BL07270911,2026-10-09,2026-10-09T17:00:48+00:00,1020,,,,IND,0,Frühbucher Plus,,
BL07270918,2026-10-09,2026-10-09T17:00:48+00:00,1020,,,,IND,0,Frühbucher Plus,,
BL07270925,2026-10-09,2026-10-09T17:00:48+00:00,1065,,,,IND,0,Frühbucher Plus,,
BL07271002,2026-10-09,2026-10-09T17:00:48+00:00,1020,,,,IND,0,Frühbucher Plus,,
BL07271009,2026-10-09,2026-10-09T17:00:48+00:00,1040,,,,IND,0,Frühbucher Plus,,
BL07271016,2026-10-09,2026-10-09T17:00:48+00:00,1040,,,,IND,0,Frühbucher Plus,,
BL07280422,2026-10-09,2026-10-09T17:00:48+00:00,980,,,,IND,0,Frühbucher Plus,,
BL07280429,2026-10-09,2026-10-09T17:00:48+00:00,1010,,,,IND,0,Frühbucher Plus,,
BL07280506,2026-10-09,2026-10-09T17:00:48+00:00,995,,,,IND,0,Frühbucher Plus,,
BL07280513,2026-10-09,2026-10-09T17:00:48+00:00,970,,,,IND,0,Frühbucher Plus,,
BL07280520,2026-10-09,2026-10-09T17:00:48+00:00,1040,,,,IND,0,Frühbucher Plus,,
BL07280527,2026-10-09,2026-10-09T17:00:48+00:00,1025,,,,IND,0,Frühbucher Plus,,
BL07280603,2026-10-09,2026-10-09T17:00:48+00:00,1050,,,,IND,0,Frühbucher Plus,,
BL07280610,2026-10-09,2026-10-09T17:00:48+00:00,1025,,,,IND,0,Frühbucher Plus,,
BL07280617,2026-10-09,2026-10-09T17:00:48+00:00,1000,,,,IND,0,Frühbucher Plus,,
BL07280624,2026-10-09,2026-10-09T17:00:48+00:00,1000,,,,IND,0,Frühbucher Plus,,
BL07280701,2026-10-09,2026-10-09T17:00:48+00:00,1045,,,,IND,0,Frühbucher Plus,,
BL07280708,2026-10-09,2026-10-09T17:00:48+00:00,1070,,,,IND,0,Frühbucher Plus,,
BL07280715,2026-10-09,2026-10-09T17:00:48+00:00,1070,,,,IND,0,Frühbucher Plus,,
BL07280722,2026-10-09,2026-10-09T17:00:48+00:00,1100,,,,IND,0,Frühbucher Plus,,
BL07280729,2026-10-09,2026-10-09T17:00:48+00:00,1125,,,,IND,0,Frühbucher Plus,,
BL07280805,2026-10-09,2026-10-09T17:00:48+00:00,1100,,,,IND,0,Frühbucher Plus,,
BL07280812,2026-10-09,2026-10-09T17:00:48+00:00,1070,,,,IND,0,Frühbucher Plus,,
BL07280819,2026-10-09,2026-10-09T17:00:48+00:00,1045,,,,IND,0,Frühbucher Plus,,
BL07280826,2026-10-09,2026-10-09T17:00:48+00:00,995,,,,IND,0,Frühbucher Plus,,
BL07280902,2026-10-09,2026-10-09T17:00:48+00:00,1045,,,,IND,0,Frühbucher Plus,,
BL07280909,2026-10-09,2026-10-09T17:00:48+00:00,1045,,,,IND,0,Frühbucher Plus,,
BL07280916,2026-10-09,2026-10-09T17:00:48+00:00,1025,,,,IND,0,Frühbucher Plus,,
BL07280923,2026-10-09,2026-10-09T17:00:48+00:00,1045,,,,IND,0,Frühbucher Plus,,
BL07280930,2026-10-09,2026-10-09T17:00:48+00:00,1045,,,,IND,0,Frühbucher Plus,,
BL07281007,2026-10-09,2026-10-09T17:00:48+00:00,1025,,,,IND,0,Frühbucher Plus,,
BL07281014,2026-10-09,2026-10-09T17:00:48+00:00,1025,,,,IND,0,Frühbucher Plus,,
BL07281021,2026-10-09,2026-10-09T17:00:48+00:00,1095,,,,IND,0,Frühbucher Plus,,
BL07281028,2026-10-09,2026-10-09T17:00:48+00:00,1095,,,,IND,0,Frühbucher Plus,,
BL07281104,2026-10-09,2026-10-09T17:00:48+00:00,880,,,,IND,0,Frühbucher Plus | AIDAselection,,
BL07281119,2026-10-09,2026-10-09T17:00:48+00:00,700,,,,IND,0,Frühbucher Plus | AIDAselection,,
BL07281126,2026-10-09,2026-10-09T17:00:48+00:00,715,,,,IND,0,Frühbucher Plus | AIDAselection,,
BL07281203,2026-10-09,2026-10-09T17:00:48+00:00,670,,,,IND,0,Frühbucher Plus | AIDAselection,,
BL07281210,2026-10-09,2026-10-09T17:00:48+00:00,635,,,,IND,0,Frühbucher Plus | AIDAselection,,
BL07281217,2026-10-09,2026-10-09T17:00:48+00:00,580,,,,IND,0,Frühbucher Plus | AIDAselection,,
BL07281224,2026-10-09,2026-10-09T17:00:48+00:00,790,,,,IND,0,Frühbucher Plus | AIDAselection,,
BL07281231,2026-10-09,2026-10-09T17:00:48+00:00,990,,,,IND,0,Frühbucher Plus | AIDAselection,,
BL07290107,2026-10-09,2026-10-09T17:00:48+00:00,665,,,,IND,0,Frühbucher Plus | AIDAselection,,
BL07290114,2026-10-09,2026-10-09T17:00:48+00:00,635,,,,IND,0,Frühbucher Plus | AIDAselection,,
BL07290121,2026-10-09,2026-10-09T17:00:48+00:00,685,,,,IND,0,Frühbucher Plus | AIDAselection,,
BL07290128,2026-10-09,2026-10-09T17:00:48+00:00,675,,,,IND,0,Frühbucher Plus | AIDAselection,,
BL07290204,2026-10-09,2026-10-09T17:00:48+00:00,745,,,,IND,0,Frühbucher Plus | AIDAselection,,
BL07290211,2026-10-09,2026-10-09T17:00:48+00:00,745,,,,IND,0,Frühbucher Plus | AIDAselection,,
BL07290218,2026-10-09,2026-10-09T17:00:48+00:00,745,,,,IND,0,Frühbucher Plus | AIDAselection,,
BL07290225,2026-10-09,2026-10-09T17:00:48+00:00,715,,,,IND,0,Frühbucher Plus | AIDAselection,,
BL07290304,2026-10-09,2026-10-09T17:00:48+00:00,735,,,,IND,0,Frühbucher Plus | AIDAselection,,
BL07290311,2026-10-09,2026-10-09T17:00:48+00:00,715,,,,IND,0,Frühbucher Plus | AIDAselection,,
BL08261024,2026-10-09,2026-10-09T17:00:48+00:00,1249,,,,CLA,0,AIDAselection | AIDAspecialOffer | Last Minute,,
BL08281111,2026-10-09,2026-10-09T17:00:48+00:00,915,,,,IND,0,Frühbucher Plus | AIDAselection,,
BL09261106,2026-10-09,2026-10-09T17:00:48+00:00,949,,,,CLA,0,AIDAspecials,,
BL09261120,2026-10-09,2026-10-09T17:00:48+00:00,1200,,,,IND,0,Frühbucher Plus,,
BL09261127,2026-10-09,2026-10-09T17:00:48+00:00,799,,,,CLA,0,AIDAspecialOffer | Winterpause,,
BL09261204,2026-10-09,2026-10-09T17:00:48+00:00,799,,,,CLA,0,AIDAspecialOffer | Winterpause,,
BL09261211,2026-10-09,2026-10-09T17:00:48+00:00,799,,,,CLA,0,AIDAspecialOffer | Winterpause,,
BL09261218,2026-10-09,2026-10-09T17:00:48+00:00,799,,,,CLA,0,AIDAspecialOffer | Winterpause,,
BL09270101,2026-10-09,2026-10-09T17:00:48+00:00,799,,,,LIG,0,AIDAspecialOffer | Winterpause,,
BL09270108,2026-10-09,2026-10-09T17:00:48+00:00,829,,,,CLA,0,AIDAspecialOffer | Winterpause,,
BL09270115,2026-10-09,2026-10-09T17:00:48+00:00,,1279,,,CLA,0,inkl. Flug,,
BL09271026,2026-10-09,2026-10-09T17:00:48+00:00,1215,,,,IND,0,Frühbucher Plus,,
BL09280403,2026-10-09,2026-10-09T17:00:48+00:00,1155,,,,IND,0,Frühbucher Plus | AIDAselection,,
BL09281124,2026-10-09,2026-10-09T17:00:48+00:00,920,,,,IND,0,Frühbucher Plus | AIDAselection,,
BL09281201,2026-10-09,2026-10-09T17:00:48+00:00,900,,,,IND,0,Frühbucher Plus | AIDAselection,,
BL09281208,2026-10-09,2026-10-09T17:00:48+00:00,850,,,,IND,0,Frühbucher Plus | AIDAselection,,
BL09281215,2026-10-09,2026-10-09T17:00:48+00:00,795,,,,IND,0,Frühbucher Plus | AIDAselection,,
BL09281222,2026-10-09,2026-10-09T17:00:48+00:00,895,,,,IND,0,Frühbucher Plus | AIDAselection,,
BL09281229,2026-10-09,2026-10-09T17:00:48+00:00,1160,,,,IND,0,Frühbucher Plus | AIDAselection,,
BL09290105,2026-10-09,2026-10-09T17:00:48+00:00,1075,,,,IND,0,Frühbucher Plus | AIDAselection,,
BL09290112,2026-10-09,2026-10-09T17:00:48+00:00,845,,,,IND,0,Frühbucher Plus | AIDAselection,,
BL09290119,2026-10-09,2026-10-09T17:00:48+00:00,860,,,,IND,0,Frühbucher Plus | AIDAselection,,
BL09290126,2026-10-09,2026-10-09T17:00:48+00:00,885,,,,IND,0,Frühbucher Plus | AIDAselection,,
BL09290202,2026-10-09,2026-10-09T17:00:48+00:00,925,,,,IND,0,Frühbucher Plus | AIDAselection,,
BL09290209,2026-10-09,2026-10-09T17:00:48+00:00,970,,,,IND,0,Frühbucher Plus | AIDAselection,,
BL09290216,2026-10-09,2026-10-09T17:00:48+00:00,970,,,,IND,0,Frühbucher Plus | AIDAselection,,
BL09290223,2026-10-09,2026-10-09T17:00:48+00:00,950,,,,IND,0,Frühbucher Plus | AIDAselection,,
BL09290302,2026-10-09,2026-10-09T17:00:48+00:00,940,,,,IND,0,Frühbucher Plus | AIDAselection,,
BL09290309,2026-10-09,2026-10-09T17:00:48+00:00,940,,,,IND,0,Frühbucher Plus | AIDAselection,,
BL10271016,2026-10-09,2026-10-09T17:00:48+00:00,1390,,,,IND,0,Frühbucher Plus,,
BL10280412,2026-10-09,2026-10-09T17:00:48+00:00,1525,,,,IND,0,Frühbucher Plus,,
BL12261101,2026-10-09,2026-10-09T17:00:48+00:00,1249,,,,CLA,0,AIDAselection | AIDAspecialOffer | Verlockung der Woche KW 41,,
BL12261108,2026-10-09,2026-10-09T17:00:48+00:00,1399,,,,CLA,0,AIDAspecials,,
BL12261122,2026-10-09,2026-10-09T17:00:48+00:00,1249,,,,CLA,0,AIDAspecialOffer | Winterpause,,
BL12261129,2026-10-09,2026-10-09T17:00:48+00:00,,1699,,,CLA,0,inkl. Flug,,
BL12261206,2026-10-09,2026-10-09T17:00:48+00:00,,1849,,,CLA,0,inkl. Flug,,
BL12261213,2026-10-09,2026-10-09T17:00:48+00:00,999,,,,LIG,0,AIDAspecialOffer | Winterpause,,
BL12261220,2026-10-09,2026-10-09T17:00:48+00:00,1349,,,,CLA,0,AIDAspecialOffer | Winterpause,,
BL12261227,2026-10-09,2026-10-09T17:00:48+00:00,1349,,,,CLA,0,AIDAspecialOffer | Winterpause,,
BL12270103,2026-10-09,2026-10-09T17:00:48+00:00,1099,,,,CLA,0,AIDAspecialOffer | Winterpause,,
BL12270419,2026-10-09,2026-10-09T17:00:48+00:00,1295,,,,IND,0,Frühbucher Plus | AIDAselection,,
BL12271023,2026-10-09,2026-10-09T17:00:48+00:00,1580,,,,IND,0,Frühbucher Plus,,
BL12281119,2026-10-09,2026-10-09T17:00:48+00:00,1245,,,,IND,0,Frühbucher Plus | AIDAselection,,
BL12281126,2026-10-09,2026-10-09T17:00:48+00:00,1215,,,,IND,0,Frühbucher Plus | AIDAselection,,
BL12281203,2026-10-09,2026-10-09T17:00:48+00:00,1150,,,,IND,0,Frühbucher Plus | AIDAselection,,
BL12281210,2026-10-09,2026-10-09T17:00:48+00:00,1075,,,,IND,0,Frühbucher Plus | AIDAselection,,
BL12281217,2026-10-09,2026-10-09T17:00:48+00:00,1210,,,,IND,0,Frühbucher Plus | AIDAselection,,
BL12281224,2026-10-09,2026-10-09T17:00:48+00:00,1560,,,,IND,0,Frühbucher Plus | AIDAselection,,
BL12281231,2026-10-09,2026-10-09T17:00:48+00:00,1450,,,,IND,0,Frühbucher Plus | AIDAselection,,
BL12290107,2026-10-09,2026-10-09T17:00:48+00:00,1145,,,,IND,0,Frühbucher Plus | AIDAselection,,
BL12290114,2026-10-09,2026-10-09T17:00:48+00:00,1160,,,,IND,0,Frühbucher Plus | AIDAselection,,
BL12290121,2026-10-09,2026-10-09T17:00:48+00:00,1195,,,,IND,0,Frühbucher Plus | AIDAselection,,
BL12290128,2026-10-09,2026-10-09T17:00:48+00:00,1245,,,,IND,0,Frühbucher Plus | AIDAselection,,
BL12290204,2026-10-09,2026-10-09T17:00:48+00:00,1305,,,,IND,0,Frühbucher Plus | AIDAselection,,
BL12290211,2026-10-09,2026-10-09T17:00:48+00:00,1305,,,,IND,0,Frühbucher Plus | AIDAselection,,
BL12290218,2026-10-09,2026-10-09T17:00:48+00:00,1280,,,,IND,0,Frühbucher Plus | AIDAselection,,
BL12290225,2026-10-09,2026-10-09T17:00:48+00:00,1275,,,,IND,0,Frühbucher Plus | AIDAselection,,
BL12290304,2026-10-09,2026-10-09T17:00:48+00:00,1275,,,,IND,0,Frühbucher Plus | AIDAselection,,
BL13261024,2026-10-09,2026-10-09T17:00:48+00:00,1549,,,,CLA,0,AIDAselection | AIDAspecialOffer | Last Minute,,
BL13270425,2026-10-09,2026-10-09T17:00:48+00:00,1885,,,,IND,0,AIDAselection,,
BL13271208,2026-10-09,2026-10-09T17:00:48+00:00,1345,,,,IND,0,Frühbucher Plus,,
BL13280216,2026-10-09,2026-10-09T17:00:48+00:00,1500,,,,IND,0,Frühbucher Plus,,
BL13281111,2026-10-09,2026-10-09T17:00:48+00:00,1445,,,,IND,0,Frühbucher Plus | AIDAselection,,
BL14261101,2026-10-09,2026-10-09T17:00:48+00:00,1590,,,,IND,0,Frühbucher Plus | AIDAselection,,
BL14261108,2026-10-09,2026-10-09T17:00:48+00:00,1505,,,,IND,0,Frühbucher Plus,,
BL14261115,2026-10-09,2026-10-09T17:00:48+00:00,1715,,,,IND,0,,,
BL14261122,2026-10-09,2026-10-09T17:00:48+00:00,1299,,,,CLA,0,,,
BL14261129,2026-10-09,2026-10-09T17:00:48+00:00,1199,,,,CLA,0,,,
BL14261206,2026-10-09,2026-10-09T17:00:48+00:00,1549,,,,CLA,0,,,
BL14261213,2026-10-09,2026-10-09T17:00:48+00:00,1349,,,,CLA,0,,,
BL14261220,2026-10-09,2026-10-09T17:00:48+00:00,1799,,,,CLA,0,,,
BL14261227,2026-10-09,2026-10-09T17:00:48+00:00,1649,,,,CLA,0,,,
BL14270103,2026-10-09,2026-10-09T17:00:48+00:00,1299,,,,CLA,0,,,
BL14270501,2026-10-09,2026-10-09T17:00:48+00:00,1900,,,,IND,0,Frühbucher,,
BL14270508,2026-10-09,2026-10-09T17:00:48+00:00,1840,,,,IND,0,Frühbucher Plus,,
BL14270515,2026-10-09,2026-10-09T17:00:48+00:00,1980,,,,IND,0,Frühbucher,,
BL14270522,2026-10-09,2026-10-09T17:00:48+00:00,1930,,,,IND,0,Frühbucher,,
BL14270529,2026-10-09,2026-10-09T17:00:48+00:00,1925,,,,IND,0,Frühbucher,,
BL14270605,2026-10-09,2026-10-09T17:00:48+00:00,2115,,,,IND,0,,,
BL14270612,2026-10-09,2026-10-09T17:00:48+00:00,2115,,,,IND,0,,,
BL14270619,2026-10-09,2026-10-09T17:00:48+00:00,1815,,,,IND,0,Frühbucher Plus,,
BL14270626,2026-10-09,2026-10-09T17:00:48+00:00,1845,,,,IND,0,Frühbucher Plus,,
BL14270703,2026-10-09,2026-10-09T17:00:48+00:00,1910,,,,IND,0,Frühbucher Plus,,
BL14270710,2026-10-09,2026-10-09T17:00:48+00:00,1925,,,,IND,0,Frühbucher Plus,,
BL14270717,2026-10-09,2026-10-09T17:00:48+00:00,2025,,,,IND,0,Frühbucher,,
BL14270724,2026-10-09,2026-10-09T17:00:48+00:00,1950,,,,IND,0,Frühbucher Plus,,
BL14270731,2026-10-09,2026-10-09T17:00:48+00:00,1950,,,,IND,0,Frühbucher Plus,,
BL14270807,2026-10-09,2026-10-09T17:00:48+00:00,1875,,,,IND,0,Frühbucher Plus,,
BL14270814,2026-10-09,2026-10-09T17:00:48+00:00,1830,,,,IND,0,Frühbucher Plus,,
BL14270821,2026-10-09,2026-10-09T17:00:48+00:00,1845,,,,IND,0,Frühbucher Plus,,
BL14270828,2026-10-09,2026-10-09T17:00:48+00:00,1865,,,,IND,0,Frühbucher Plus,,
BL14270904,2026-10-09,2026-10-09T17:00:48+00:00,1975,,,,IND,0,Frühbucher,,
BL14270911,2026-10-09,2026-10-09T17:00:48+00:00,1875,,,,IND,0,Frühbucher Plus,,
BL14270918,2026-10-09,2026-10-09T17:00:48+00:00,2160,,,,IND,0,,,
BL14270925,2026-10-09,2026-10-09T17:00:48+00:00,1860,,,,IND,0,Frühbucher Plus,,
BL14271002,2026-10-09,2026-10-09T17:00:48+00:00,1895,,,,IND,0,Frühbucher Plus,,
BL14271009,2026-10-09,2026-10-09T17:00:48+00:00,1915,,,,IND,0,Frühbucher Plus,,
BL14271124,2026-10-09,2026-10-09T17:00:48+00:00,1495,,,,IND,0,Frühbucher Plus,,
BL14271208,2026-10-09,2026-10-09T17:00:48+00:00,1460,,,,IND,0,Frühbucher Plus,,
BL14271221,2026-10-09,2026-10-09T17:00:48+00:00,2115,,,,IND,0,Frühbucher Plus,,
BL14271222,2026-10-09,2026-10-09T17:00:48+00:00,2165,,,,IND,0,Frühbucher Plus,,
BL14271228,2026-10-09,2026-10-09T17:00:48+00:00,2225,,,,IND,0,Frühbucher Plus,,
BL14280104,2026-10-09,2026-10-09T17:00:48+00:00,1680,,,,IND,0,Frühbucher,,
BL14280105,2026-10-09,2026-10-09T17:00:48+00:00,1580,,,,IND,0,Frühbucher Plus,,
BL14280111,2026-10-09,2026-10-09T17:00:48+00:00,1580,,,,IND,0,Frühbucher Plus,,
BL14280118,2026-10-09,2026-10-09T17:00:48+00:00,1635,,,,IND,0,Frühbucher Plus,,
BL14280119,2026-10-09,2026-10-09T17:00:48+00:00,1635,,,,IND,0,Frühbucher Plus,,
BL14280125,2026-10-09,2026-10-09T17:00:48+00:00,1635,,,,IND,0,Frühbucher Plus,,
BL14280201,2026-10-09,2026-10-09T17:00:48+00:00,1735,,,,IND,0,Frühbucher,,
BL14280202,2026-10-09,2026-10-09T17:00:48+00:00,1635,,,,IND,0,Frühbucher Plus,,
BL14280215,2026-10-09,2026-10-09T17:00:48+00:00,1635,,,,IND,0,Frühbucher Plus,,
BL14280229,2026-10-09,2026-10-09T17:00:48+00:00,1595,,,,IND,0,Frühbucher Plus,,
BL14280422,2026-10-09,2026-10-09T17:00:48+00:00,1830,,,,IND,0,Frühbucher Plus | AIDAselection,,
BL14280429,2026-10-09,2026-10-09T17:00:48+00:00,1845,,,,IND,0,Frühbucher Plus | AIDAselection,,
BL14280506,2026-10-09,2026-10-09T17:00:48+00:00,1805,,,,IND,0,Frühbucher Plus,,
BL14280513,2026-10-09,2026-10-09T17:00:48+00:00,1850,,,,IND,0,Frühbucher Plus,,
BL14280520,2026-10-09,2026-10-09T17:00:48+00:00,1900,,,,IND,0,Frühbucher Plus,,
BL14280527,2026-10-09,2026-10-09T17:00:48+00:00,1910,,,,IND,0,Frühbucher Plus,,
BL14280603,2026-10-09,2026-10-09T17:00:48+00:00,1910,,,,IND,0,Frühbucher Plus,,
BL14280610,2026-10-09,2026-10-09T17:00:48+00:00,1860,,,,IND,0,Frühbucher Plus,,
BL14280617,2026-10-09,2026-10-09T17:00:48+00:00,1840,,,,IND,0,Frühbucher Plus,,
BL14280624,2026-10-09,2026-10-09T17:00:48+00:00,1880,,,,IND,0,Frühbucher Plus,,
BL14280701,2026-10-09,2026-10-09T17:00:48+00:00,1945,,,,IND,0,Frühbucher Plus,,
BL14280708,2026-10-09,2026-10-09T17:00:48+00:00,1970,,,,IND,0,Frühbucher Plus,,
BL14280715,2026-10-09,2026-10-09T17:00:48+00:00,1995,,,,IND,0,Frühbucher Plus,,
BL14280722,2026-10-09,2026-10-09T17:00:48+00:00,2050,,,,IND,0,Frühbucher Plus,,
BL14280729,2026-10-09,2026-10-09T17:00:48+00:00,2050,,,,IND,0,Frühbucher Plus,,
BL14280805,2026-10-09,2026-10-09T17:00:48+00:00,1995,,,,IND,0,Frühbucher Plus,,
BL14280812,2026-10-09,2026-10-09T17:00:48+00:00,1945,,,,IND,0,Frühbucher Plus,,
BL14280819,2026-10-09,2026-10-09T17:00:48+00:00,1875,,,,IND,0,Frühbucher Plus,,
BL14280826,2026-10-09,2026-10-09T17:00:48+00:00,1875,,,,IND,0,Frühbucher Plus,,
BL14280902,2026-10-09,2026-10-09T17:00:48+00:00,1925,,,,IND,0,Frühbucher Plus,,
BL14280909,2026-10-09,2026-10-09T17:00:48+00:00,1905,,,,IND,0,Frühbucher Plus,,
BL14280916,2026-10-09,2026-10-09T17:00:48+00:00,1905,,,,IND,0,Frühbucher Plus,,
BL14280923,2026-10-09,2026-10-09T17:00:48+00:00,1925,,,,IND,0,Frühbucher Plus,,
BL14280930,2026-10-09,2026-10-09T17:00:48+00:00,1905,,,,IND,0,Frühbucher Plus,,
BL14281007,2026-10-09,2026-10-09T17:00:48+00:00,1885,,,,IND,0,Frühbucher Plus,,
BL14281014,2026-10-09,2026-10-09T17:00:48+00:00,1950,,,,IND,0,Frühbucher Plus,,
BL14281021,2026-10-09,2026-10-09T17:00:48+00:00,2015,,,,IND,0,Frühbucher Plus,,
BL14281028,2026-10-09,2026-10-09T17:00:48+00:00,1955,,,,IND,0,Frühbucher Plus | AIDAselection,,
BL14281119,2026-10-09,2026-10-09T17:00:48+00:00,1410,,,,IND,0,Frühbucher Plus | AIDAselection,,
BL14281126,2026-10-09,2026-10-09T17:00:48+00:00,1380,,,,IND,0,Frühbucher Plus | AIDAselection,,
BL14281203,2026-10-09,2026-10-09T17:00:48+00:00,1300,,,,IND,0,Frühbucher Plus | AIDAselection,,
BL14281210,2026-10-09,2026-10-09T17:00:48+00:00,1215,,,,IND,0,Frühbucher Plus | AIDAselection,,
BL14281217,2026-10-09,2026-10-09T17:00:48+00:00,1370,,,,IND,0,Frühbucher Plus | AIDAselection,,
BL14281224,2026-10-09,2026-10-09T17:00:48+00:00,1780,,,,IND,0,Frühbucher Plus | AIDAselection,,
BL14281231,2026-10-09,2026-10-09T17:00:48+00:00,1655,,,,IND,0,Frühbucher Plus | AIDAselection,,
BL14290107,2026-10-09,2026-10-09T17:00:48+00:00,1295,,,,IND,0,Frühbucher Plus | AIDAselection,,
BL14290114,2026-10-09,2026-10-09T17:00:48+00:00,1315,,,,IND,0,Frühbucher Plus | AIDAselection,,
BL14290121,2026-10-09,2026-10-09T17:00:48+00:00,1355,,,,IND,0,Frühbucher Plus | AIDAselection,,
BL14290128,2026-10-09,2026-10-09T17:00:48+00:00,1415,,,,IND,0,Frühbucher Plus | AIDAselection,,
BL14290204,2026-10-09,2026-10-09T17:00:48+00:00,1490,,,,IND,0,Frühbucher Plus | AIDAselection,,
BL14290211,2026-10-09,2026-10-09T17:00:48+00:00,1490,,,,IND,0,Frühbucher Plus | AIDAselection,,
BL14290218,2026-10-09,2026-10-09T17:00:48+00:00,1455,,,,IND,0,Frühbucher Plus | AIDAselection,,
BL14290225,2026-10-09,2026-10-09T17:00:48+00:00,1445,,,,IND,0,Frühbucher Plus | AIDAselection,,
BL14290304,2026-10-09,2026-10-09T17:00:48+00:00,1445,,,,IND,0,Frühbucher Plus | AIDAselection,,
BL15281104,2026-10-09,2026-10-09T17:00:48+00:00,1795,,,,IND,0,Frühbucher Plus | AIDAselection,,
BL15281111,2026-10-09,2026-10-09T17:00:48+00:00,1625,,,,IND,0,Frühbucher Plus | AIDAselection,,
BL17280412,2026-10-09,2026-10-09T17:00:48+00:00,2380,,,,IND,0,Frühbucher Plus | AIDAselection,,
BL19270419,2026-10-09,2026-10-09T17:00:48+00:00,2885,,,,IND,0,AIDAselection,,
BL19271016,2026-10-09,2026-10-09T17:00:48+00:00,2605,,,,IND,0,Frühbucher Plus,,
BL19280403,2026-10-09,2026-10-09T17:00:48+00:00,2495,,,,IND,0,Frühbucher Plus | AIDAselection,,
BL20271104,2026-10-09,2026-10-09T17:00:48+00:00,1380,,,,IND,0,Frühbucher Plus | AIDAselection,,
BL20271208,2026-10-09,2026-10-09T17:00:48+00:00,2420,,,,IND,0,Frühbucher Plus,,
BL20280314,2026-10-09,2026-10-09T17:00:48+00:00,1220,,,,IND,0,Frühbucher Plus | AIDAselection,,
BL21280208,2026-10-09,2026-10-09T17:00:48+00:00,2780,,,,IND,0,,,
BL27280202,2026-10-09,2026-10-09T17:00:48+00:00,3805,,,,IND,0,,,
BL27280216,2026-10-09,2026-10-09T17:00:48+00:00,3095,,,,IND,0,Frühbucher Plus,,
BL28271124,2026-10-09,2026-10-09T17:00:48+00:00,2955,,,,IND,0,Frühbucher Plus,,
BL28271208,2026-10-09,2026-10-09T17:00:48+00:00,4225,,,,IND,0,,,
BL29280314,2026-10-09,2026-10-09T17:00:48+00:00,2195,,,,IND,0,Frühbucher Plus | AIDAselection,,
BL34271104,2026-10-09,2026-10-09T17:00:48+00:00,2700,,,,IND,0,Frühbucher Plus | AIDAselection,,
BL34280229,2026-10-09,2026-10-09T17:00:48+00:00,2495,,,,IND,0,Frühbucher Plus | AIDAselection,,
BL39271016,2026-10-09,2026-10-09T17:00:48+00:00,3745,,,,IND,0,Frühbucher Plus | AIDAselection,,
BL43280229,2026-10-09,2026-10-09T17:00:48+00:00,3445,,,,IND,0,Frühbucher Plus | AIDAselection,,
BL48271104,2026-10-09,2026-10-09T17:00:48+00:00,4070,,,,IND,0,Frühbucher Plus | AIDAselection,,
BL48280215,2026-10-09,2026-10-09T17:00:48+00:00,4050,,,,IND,0,Frühbucher Plus | AIDAselection,,
CO07261010,2026-10-09,2026-10-09T11:57:12+00:00,1660,,,,IND,0,Frühbucher Plus,,
CO07261016,2026-10-09,2026-10-09T17:00:48+00:00,1499,,,,CLA,0,,,
CO07261017,2026-10-09,2026-10-09T17:00:48+00:00,,1129,,,LIG,0,inkl. Flug | AIDAspecialOffer | Last Minute,,
CO07261023,2026-10-09,2026-10-09T17:00:48+00:00,,1274,,,CLA,0,inkl. Flug,,
CO07261024,2026-10-09,2026-10-09T17:00:48+00:00,,1199,,,LIG,0,inkl. Flug | AIDAspecialOffer | Last Minute,,
CO07261030,2026-10-09,2026-10-09T17:00:48+00:00,849,,,,LIG,0,,,
CO07261031,2026-10-09,2026-10-09T17:00:48+00:00,629,,,,LIG,0,AIDAspecialOffer | Last Minute,,
CO07261126,2026-10-09,2026-10-09T17:00:48+00:00,599,,,,CLA,0,AIDAspecialOffer | Winterpause,,
CO07261209,2026-10-09,2026-10-09T17:00:48+00:00,579,,,,CLA,0,AIDAspecialOffer | Winterpause,,
CO07261212,2026-10-09,2026-10-09T17:00:48+00:00,595,,,,IND,0,Frühbucher Plus,,
CO07261216,2026-10-09,2026-10-09T17:00:48+00:00,,1310,,,IND,0,Frühbucher Plus | inkl. Flug,,
CO07261219,2026-10-09,2026-10-09T17:00:48+00:00,549,,,,LIG,0,AIDAspecialOffer | Winterpause,,
CO07261223,2026-10-09,2026-10-09T17:00:48+00:00,729,,,,LIG,0,AIDAspecialOffer | Winterpause,,
CO07261226,2026-10-09,2026-10-09T17:00:48+00:00,799,,,,LIG,0,AIDAspecialOffer | Winterpause,,
CO07261230,2026-10-09,2026-10-09T17:00:48+00:00,799,,,,LIG,0,AIDAspecialOffer | Winterpause,,
CO07270102,2026-10-09,2026-10-09T17:00:48+00:00,629,,,,LIG,0,AIDAspecialOffer | Winterpause,,
CO07270106,2026-10-09,2026-10-09T17:00:48+00:00,599,,,,CLA,0,AIDAspecialOffer | Winterpause,,
CO07270109,2026-10-09,2026-10-09T17:00:48+00:00,579,,,,CLA,0,AIDAspecialOffer | Winterpause,,
CO07270113,2026-10-09,2026-10-09T17:00:48+00:00,595,,,,IND,0,Frühbucher Plus,,
CO07270116,2026-10-09,2026-10-09T17:00:48+00:00,665,,,,IND,0,Frühbucher | AIDAspecials,,
CO07270120,2026-10-09,2026-10-09T17:00:48+00:00,615,,,,IND,0,Frühbucher Plus,,
CO07270123,2026-10-09,2026-10-09T17:00:48+00:00,,1069,,,CLA,0,inkl. Flug | AIDAspecialOffer | Winterpause,,
CO07270127,2026-10-09,2026-10-09T17:00:48+00:00,599,,,,CLA,0,AIDAspecialOffer | Winterpause,,
CO07270130,2026-10-09,2026-10-09T17:00:48+00:00,629,,,,CLA,0,AIDAspecialOffer | Winterpause,,
CO07270203,2026-10-09,2026-10-09T17:00:48+00:00,629,,,,CLA,0,AIDAspecialOffer | Winterpause,,
CO07270206,2026-10-09,2026-10-09T17:00:48+00:00,629,,,,CLA,0,AIDAspecialOffer | Winterpause,,
CO07270210,2026-10-09,2026-10-09T17:00:48+00:00,629,,,,CLA,0,AIDAspecialOffer | Winterpause,,
CO07270213,2026-10-09,2026-10-09T17:00:48+00:00,629,,,,CLA,0,AIDAspecialOffer | Winterpause,,
CO07270217,2026-10-09,2026-10-09T17:00:48+00:00,629,,,,CLA,0,AIDAspecialOffer | Winterpause,,
CO07270220,2026-10-09,2026-10-09T17:00:48+00:00,599,,,,CLA,0,AIDAspecialOffer | Winterpause,,
CO07270224,2026-10-09,2026-10-09T17:00:48+00:00,599,,,,CLA,0,AIDAspecialOffer | Winterpause,,
CO07270227,2026-10-09,2026-10-09T17:00:48+00:00,599,,,,CLA,0,AIDAspecialOffer | Winterpause,,
CO07270303,2026-10-09,2026-10-09T17:00:48+00:00,649,,,,CLA,0,AIDAspecialOffer | Winterpause,,
CO07270306,2026-10-09,2026-10-09T17:00:48+00:00,649,,,,CLA,0,AIDAspecialOffer | Winterpause,,
CO07270310,2026-10-09,2026-10-09T17:00:48+00:00,649,,,,CLA,0,AIDAspecialOffer | Winterpause,,
CO07270313,2026-10-09,2026-10-09T17:00:48+00:00,649,,,,CLA,0,AIDAspecialOffer | Winterpause,,
CO07270317,2026-10-09,2026-10-09T17:00:48+00:00,649,,,,CLA,0,AIDAspecialOffer | Winterpause,,
CO07270320,2026-10-09,2026-10-09T17:00:48+00:00,849,,,,CLA,0,AIDAspecialOffer | Winterpause,,
CO07270324,2026-10-09,2026-10-09T17:00:48+00:00,899,,,,CLA,0,AIDAspecialOffer | Winterpause,,
CO07270327,2026-10-09,2026-10-09T17:00:48+00:00,899,,,,CLA,0,AIDAspecialOffer | Winterpause,,
CO07270331,2026-10-09,2026-10-09T17:00:48+00:00,679,,,,CLA,0,AIDAspecialOffer | Winterpause,,
CO07270403,2026-10-09,2026-10-09T17:00:48+00:00,745,,,,IND,0,Frühbucher Plus,,
CO07270407,2026-10-09,2026-10-09T17:00:48+00:00,765,,,,IND,0,Frühbucher Plus,,
CO07270410,2026-10-09,2026-10-09T17:00:48+00:00,765,,,,IND,0,Frühbucher Plus,,
CO07270414,2026-10-09,2026-10-09T17:00:48+00:00,765,,,,IND,0,Frühbucher Plus,,
CO07270417,2026-10-09,2026-10-09T17:00:48+00:00,765,,,,IND,0,Frühbucher Plus,,
CO07270424,2026-10-09,2026-10-09T17:00:48+00:00,815,,,,IND,0,Frühbucher Plus | AIDAspecialOffer | Ab 2 Kabinen 10% sparen,,
CO07270430,2026-10-09,2026-10-09T17:00:48+00:00,865,,,,IND,0,Frühbucher Plus | AIDAspecialOffer | Ab 2 Kabinen 10% sparen,,
CO07270501,2026-10-09,2026-10-09T17:00:48+00:00,865,,,,IND,0,Frühbucher Plus | AIDAspecialOffer | Ab 2 Kabinen 10% sparen,,
CO07270507,2026-10-09,2026-10-09T17:00:48+00:00,915,,,,IND,0,Frühbucher Plus | AIDAspecialOffer | Ab 2 Kabinen 10% sparen,,
CO07270508,2026-10-09,2026-10-09T17:00:48+00:00,915,,,,IND,0,Frühbucher Plus | AIDAspecialOffer | Ab 2 Kabinen 10% sparen,,
CO07270514,2026-10-09,2026-10-09T17:00:48+00:00,1030,,,,IND,0,Frühbucher Plus | AIDAspecialOffer | Ab 2 Kabinen 10% sparen,,
CO07270515,2026-10-09,2026-10-09T17:00:48+00:00,1030,,,,IND,0,Frühbucher Plus | AIDAspecialOffer | Ab 2 Kabinen 10% sparen,,
CO07270521,2026-10-09,2026-10-09T17:00:48+00:00,1015,,,,IND,0,Frühbucher Plus,,
CO07270522,2026-10-09,2026-10-09T17:00:48+00:00,1015,,,,IND,0,Frühbucher Plus | AIDAspecialOffer | Ab 2 Kabinen 10% sparen,,
CO07270528,2026-10-09,2026-10-09T17:00:48+00:00,865,,,,IND,0,Frühbucher Plus | AIDAspecialOffer | Ab 2 Kabinen 10% sparen,,
CO07270529,2026-10-09,2026-10-09T17:00:48+00:00,865,,,,IND,0,Frühbucher Plus | AIDAspecialOffer | Ab 2 Kabinen 10% sparen,,
CO07270604,2026-10-09,2026-10-09T17:00:48+00:00,865,,,,IND,0,Frühbucher Plus | AIDAspecialOffer | Ab 2 Kabinen 10% sparen,,
CO07270605,2026-10-09,2026-10-09T17:00:48+00:00,865,,,,IND,0,Frühbucher Plus | AIDAspecialOffer | Ab 2 Kabinen 10% sparen,,
CO07270611,2026-10-09,2026-10-09T17:00:48+00:00,895,,,,IND,0,Frühbucher Plus | AIDAspecialOffer | Ab 2 Kabinen 10% sparen,,
CO07270612,2026-10-09,2026-10-09T17:00:48+00:00,895,,,,IND,0,Frühbucher Plus | AIDAspecialOffer | Ab 2 Kabinen 10% sparen,,
CO07270618,2026-10-09,2026-10-09T17:00:48+00:00,960,,,,IND,0,Frühbucher Plus | AIDAspecialOffer | Ab 2 Kabinen 10% sparen,,
CO07270619,2026-10-09,2026-10-09T17:00:48+00:00,960,,,,IND,0,Frühbucher Plus | AIDAspecialOffer | Ab 2 Kabinen 10% sparen,,
CO07270625,2026-10-09,2026-10-09T17:00:48+00:00,960,,,,IND,0,Frühbucher Plus | AIDAspecialOffer | Ab 2 Kabinen 10% sparen,,
CO07270626,2026-10-09,2026-10-09T17:00:48+00:00,960,,,,IND,0,Frühbucher Plus | AIDAspecialOffer | Ab 2 Kabinen 10% sparen,,
CO07270702,2026-10-09,2026-10-09T17:00:48+00:00,1045,,,,IND,0,Frühbucher Plus | AIDAspecialOffer | Ab 2 Kabinen 10% sparen,,
CO07270703,2026-10-09,2026-10-09T17:00:48+00:00,1045,,,,IND,0,Frühbucher Plus | AIDAspecialOffer | Ab 2 Kabinen 10% sparen,,
CO07270709,2026-10-09,2026-10-09T17:00:48+00:00,1095,,,,IND,0,Frühbucher Plus | AIDAspecialOffer | Ab 2 Kabinen 10% sparen,,
CO07270710,2026-10-09,2026-10-09T17:00:48+00:00,1095,,,,IND,0,Frühbucher Plus | AIDAspecialOffer | Ab 2 Kabinen 10% sparen,,
CO07270716,2026-10-09,2026-10-09T17:00:48+00:00,1145,,,,IND,0,Frühbucher Plus | AIDAspecialOffer | Ab 2 Kabinen 10% sparen,,
CO07270717,2026-10-09,2026-10-09T17:00:48+00:00,1145,,,,IND,0,Frühbucher Plus | AIDAspecialOffer | Ab 2 Kabinen 10% sparen,,
CO07270723,2026-10-09,2026-10-09T17:00:48+00:00,1145,,,,IND,0,Frühbucher Plus | AIDAspecialOffer | Ab 2 Kabinen 10% sparen,,
CO07270724,2026-10-09,2026-10-09T17:00:48+00:00,1145,,,,IND,0,Frühbucher Plus | AIDAspecialOffer | Ab 2 Kabinen 10% sparen,,
CO07270731,2026-10-09,2026-10-09T17:00:48+00:00,,1975,,,IND,0,Frühbucher Plus | inkl. Flug,,
CO07270806,2026-10-09,2026-10-09T17:00:48+00:00,1115,,,,IND,0,Frühbucher Plus | AIDAspecialOffer | Ab 2 Kabinen 10% sparen,,
CO07270807,2026-10-09,2026-10-09T17:00:48+00:00,1115,,,,IND,0,Frühbucher Plus | AIDAspecialOffer | Ab 2 Kabinen 10% sparen,,
CO07270813,2026-10-09,2026-10-09T17:00:48+00:00,1095,,,,IND,0,Frühbucher Plus | AIDAspecialOffer | Ab 2 Kabinen 10% sparen,,
CO07270814,2026-10-09,2026-10-09T17:00:48+00:00,1095,,,,IND,0,Frühbucher Plus | AIDAspecialOffer | Ab 2 Kabinen 10% sparen,,
CO07270820,2026-10-09,2026-10-09T17:00:48+00:00,1065,,,,IND,0,Frühbucher Plus | AIDAspecialOffer | Ab 2 Kabinen 10% sparen,,
CO07270821,2026-10-09,2026-10-09T17:00:48+00:00,1065,,,,IND,0,Frühbucher Plus | AIDAspecialOffer | Ab 2 Kabinen 10% sparen,,
CO07270827,2026-10-09,2026-10-09T17:00:48+00:00,995,,,,IND,0,Frühbucher Plus,,
CO07270828,2026-10-09,2026-10-09T17:00:48+00:00,995,,,,IND,0,Frühbucher Plus | AIDAspecialOffer | Ab 2 Kabinen 10% sparen,,
CO07270903,2026-10-09,2026-10-09T17:00:48+00:00,995,,,,IND,0,Frühbucher Plus,,
CO07270904,2026-10-09,2026-10-09T17:00:48+00:00,995,,,,IND,0,Frühbucher Plus | AIDAspecialOffer | Ab 2 Kabinen 10% sparen,,
CO07270910,2026-10-09,2026-10-09T17:00:48+00:00,995,,,,IND,0,Frühbucher Plus,,
CO07270911,2026-10-09,2026-10-09T17:00:48+00:00,995,,,,IND,0,Frühbucher Plus,,
CO07270917,2026-10-09,2026-10-09T17:00:48+00:00,925,,,,IND,0,Frühbucher Plus | AIDAspecialOffer | Ab 2 Kabinen 10% sparen,,
CO07270918,2026-10-09,2026-10-09T17:00:48+00:00,925,,,,IND,0,Frühbucher Plus | AIDAspecialOffer | Ab 2 Kabinen 10% sparen,,
CO07270924,2026-10-09,2026-10-09T17:00:48+00:00,925,,,,IND,0,Frühbucher Plus | AIDAspecialOffer | Ab 2 Kabinen 10% sparen,,
CO07270925,2026-10-09,2026-10-09T17:00:48+00:00,925,,,,IND,0,Frühbucher Plus | AIDAspecialOffer | Ab 2 Kabinen 10% sparen,,
CO07271001,2026-10-09,2026-10-09T17:00:48+00:00,960,,,,IND,0,Frühbucher Plus | AIDAspecialOffer | Ab 2 Kabinen 10% sparen,,
CO07271002,2026-10-09,2026-10-09T17:00:48+00:00,960,,,,IND,0,Frühbucher Plus | AIDAspecialOffer | Ab 2 Kabinen 10% sparen,,
CO07271008,2026-10-09,2026-10-09T17:00:48+00:00,1015,,,,IND,0,Frühbucher Plus | AIDAspecialOffer | Ab 2 Kabinen 10% sparen,,
CO07271009,2026-10-09,2026-10-09T17:00:48+00:00,1015,,,,IND,0,Frühbucher Plus | AIDAspecialOffer | Ab 2 Kabinen 10% sparen,,
CO07271015,2026-10-09,2026-10-09T17:00:48+00:00,1035,,,,IND,0,Frühbucher Plus | AIDAspecialOffer | Ab 2 Kabinen 10% sparen,,
CO07271016,2026-10-09,2026-10-09T17:00:48+00:00,1035,,,,IND,0,Frühbucher Plus | AIDAspecialOffer | Ab 2 Kabinen 10% sparen,,
CO07271022,2026-10-09,2026-10-09T17:00:48+00:00,1055,,,,IND,0,Frühbucher Plus | AIDAspecialOffer | Ab 2 Kabinen 10% sparen,,
CO07271023,2026-10-09,2026-10-09T17:00:48+00:00,1055,,,,IND,0,Frühbucher Plus | AIDAspecialOffer | Ab 2 Kabinen 10% sparen,,
CO07271029,2026-10-09,2026-10-09T17:00:48+00:00,1015,,,,IND,0,Frühbucher Plus | AIDAspecialOffer | Ab 2 Kabinen 10% sparen,,
CO07271030,2026-10-09,2026-10-09T17:00:48+00:00,1015,,,,IND,0,Frühbucher Plus | AIDAspecialOffer | Ab 2 Kabinen 10% sparen,,
CO07271106,2026-10-09,2026-10-09T17:00:48+00:00,745,,,,IND,0,Frühbucher Plus,,
CO07271113,2026-10-09,2026-10-09T17:00:48+00:00,670,,,,IND,0,Frühbucher Plus,,
CO07271117,2026-10-09,2026-10-09T17:00:48+00:00,660,,,,IND,0,Frühbucher Plus,,
CO07271120,2026-10-09,2026-10-09T17:00:48+00:00,660,,,,IND,0,Frühbucher Plus,,
CO07271124,2026-10-09,2026-10-09T17:00:48+00:00,660,,,,IND,0,Frühbucher Plus,,
CO07271127,2026-10-09,2026-10-09T17:00:48+00:00,660,,,,IND,0,Frühbucher Plus,,
CO07271201,2026-10-09,2026-10-09T17:00:48+00:00,595,,,,IND,0,Frühbucher Plus,,
CO07271204,2026-10-09,2026-10-09T17:00:48+00:00,595,,,,IND,0,Frühbucher Plus,,
CO07271208,2026-10-09,2026-10-09T17:00:48+00:00,610,,,,IND,0,Frühbucher Plus,,
CO07271211,2026-10-09,2026-10-09T17:00:48+00:00,610,,,,IND,0,Frühbucher Plus,,
CO07271215,2026-10-09,2026-10-09T17:00:48+00:00,595,,,,IND,0,Frühbucher Plus,,
CO07271218,2026-10-09,2026-10-09T17:00:48+00:00,745,,,,IND,0,Frühbucher Plus,,
CO07271222,2026-10-09,2026-10-09T17:00:48+00:00,945,,,,IND,0,Frühbucher Plus,,
CO07271225,2026-10-09,2026-10-09T17:00:48+00:00,1045,,,,IND,0,Frühbucher Plus,,
CO07271229,2026-10-09,2026-10-09T17:00:48+00:00,1095,,,,IND,0,Frühbucher Plus,,
CO07280101,2026-10-09,2026-10-09T17:00:48+00:00,845,,,,IND,0,Frühbucher Plus,,
CO07280105,2026-10-09,2026-10-09T17:00:48+00:00,615,,,,IND,0,Frühbucher Plus,,
CO07280108,2026-10-09,2026-10-09T17:00:48+00:00,595,,,,IND,0,Frühbucher Plus,,
CO07280112,2026-10-09,2026-10-09T17:00:48+00:00,610,,,,IND,0,Frühbucher Plus,,
CO07280115,2026-10-09,2026-10-09T17:00:48+00:00,630,,,,IND,0,Frühbucher Plus,,
CO07280119,2026-10-09,2026-10-09T17:00:48+00:00,615,,,,IND,0,Frühbucher Plus,,
CO07280122,2026-10-09,2026-10-09T17:00:48+00:00,645,,,,IND,0,Frühbucher Plus,,
CO07280126,2026-10-09,2026-10-09T17:00:48+00:00,645,,,,IND,0,Frühbucher Plus,,
CO07280129,2026-10-09,2026-10-09T17:00:48+00:00,695,,,,IND,0,Frühbucher Plus,,
CO07280202,2026-10-09,2026-10-09T17:00:48+00:00,695,,,,IND,0,Frühbucher Plus,,
CO07280205,2026-10-09,2026-10-09T17:00:48+00:00,715,,,,IND,0,Frühbucher Plus,,
CO07280209,2026-10-09,2026-10-09T17:00:48+00:00,715,,,,IND,0,Frühbucher Plus,,
CO07280212,2026-10-09,2026-10-09T17:00:48+00:00,725,,,,IND,0,Frühbucher Plus,,
CO07280216,2026-10-09,2026-10-09T17:00:48+00:00,715,,,,IND,0,Frühbucher Plus,,
CO07280219,2026-10-09,2026-10-09T17:00:48+00:00,715,,,,IND,0,Frühbucher Plus,,
CO07280223,2026-10-09,2026-10-09T17:00:48+00:00,710,,,,IND,0,Frühbucher Plus,,
CO07280226,2026-10-09,2026-10-09T17:00:48+00:00,740,,,,IND,0,Frühbucher Plus,,
CO07280301,2026-10-09,2026-10-09T17:00:48+00:00,725,,,,IND,0,Frühbucher Plus,,
CO07280304,2026-10-09,2026-10-09T17:00:48+00:00,725,,,,IND,0,Frühbucher Plus,,
CO07280308,2026-10-09,2026-10-09T17:00:48+00:00,725,,,,IND,0,Frühbucher Plus,,
CO07280311,2026-10-09,2026-10-09T17:00:48+00:00,725,,,,IND,0,Frühbucher Plus,,
CO07280315,2026-10-09,2026-10-09T17:00:48+00:00,740,,,,IND,0,Frühbucher Plus,,
CO07280318,2026-10-09,2026-10-09T17:00:48+00:00,740,,,,IND,0,Frühbucher Plus,,
CO07280322,2026-10-09,2026-10-09T17:00:48+00:00,745,,,,IND,0,Frühbucher Plus,,
CO07280325,2026-10-09,2026-10-09T17:00:48+00:00,745,,,,IND,0,Frühbucher Plus,,
CO07280329,2026-10-09,2026-10-09T17:00:48+00:00,745,,,,IND,0,Frühbucher Plus,,
CO07280401,2026-10-09,2026-10-09T17:00:48+00:00,795,,,,IND,0,Frühbucher Plus,,
CO07280405,2026-10-09,2026-10-09T17:00:48+00:00,795,,,,IND,0,Frühbucher Plus,,
CO07280408,2026-10-09,2026-10-09T17:00:48+00:00,975,,,,IND,0,Frühbucher Plus,,
CO07280412,2026-10-09,2026-10-09T17:00:48+00:00,1015,,,,IND,0,Frühbucher Plus,,
CO07280415,2026-10-09,2026-10-09T17:00:48+00:00,975,,,,IND,0,Frühbucher Plus,,
CO07280422,2026-10-09,2026-10-09T17:00:48+00:00,835,,,,IND,0,Frühbucher Plus,,
CO07280428,2026-10-09,2026-10-09T17:00:48+00:00,905,,,,IND,0,Frühbucher Plus,,
CO07280429,2026-10-09,2026-10-09T17:00:48+00:00,885,,,,IND,0,Frühbucher Plus,,
CO07280505,2026-10-09,2026-10-09T17:00:48+00:00,885,,,,IND,0,Frühbucher Plus,,
CO07280506,2026-10-09,2026-10-09T17:00:48+00:00,885,,,,IND,0,Frühbucher Plus,,
CO07280512,2026-10-09,2026-10-09T17:00:48+00:00,885,,,,IND,0,Frühbucher Plus,,
CO07280513,2026-10-09,2026-10-09T17:00:48+00:00,885,,,,IND,0,Frühbucher Plus,,
CO07280519,2026-10-09,2026-10-09T17:00:48+00:00,975,,,,IND,0,Frühbucher Plus,,
CO07280520,2026-10-09,2026-10-09T17:00:48+00:00,955,,,,IND,0,Frühbucher Plus,,
CO07280526,2026-10-09,2026-10-09T17:00:48+00:00,905,,,,IND,0,Frühbucher Plus,,
CO07280527,2026-10-09,2026-10-09T17:00:48+00:00,885,,,,IND,0,Frühbucher Plus,,
CO07280602,2026-10-09,2026-10-09T17:00:48+00:00,1060,,,,IND,0,Frühbucher Plus,,
CO07280603,2026-10-09,2026-10-09T17:00:48+00:00,1040,,,,IND,0,Frühbucher Plus,,
CO07280609,2026-10-09,2026-10-09T17:00:48+00:00,1035,,,,IND,0,Frühbucher Plus,,
CO07280610,2026-10-09,2026-10-09T17:00:48+00:00,1015,,,,IND,0,Frühbucher Plus,,
CO07280616,2026-10-09,2026-10-09T17:00:48+00:00,1000,,,,IND,0,Frühbucher Plus,,
CO07280617,2026-10-09,2026-10-09T17:00:48+00:00,980,,,,IND,0,Frühbucher Plus,,
CO07280623,2026-10-09,2026-10-09T17:00:48+00:00,885,,,,IND,0,Frühbucher Plus,,
CO07280624,2026-10-09,2026-10-09T17:00:48+00:00,865,,,,IND,0,Frühbucher Plus,,
CO07280630,2026-10-09,2026-10-09T17:00:48+00:00,1090,,,,IND,0,Frühbucher Plus,,
CO07280701,2026-10-09,2026-10-09T17:00:48+00:00,1070,,,,IND,0,Frühbucher Plus,,
CO07280707,2026-10-09,2026-10-09T17:00:48+00:00,1140,,,,IND,0,Frühbucher Plus,,
CO07280708,2026-10-09,2026-10-09T17:00:48+00:00,1120,,,,IND,0,Frühbucher Plus,,
CO07280714,2026-10-09,2026-10-09T17:00:48+00:00,1190,,,,IND,0,Frühbucher Plus,,
CO07280715,2026-10-09,2026-10-09T17:00:48+00:00,1170,,,,IND,0,Frühbucher Plus,,
CO07280721,2026-10-09,2026-10-09T17:00:48+00:00,1200,,,,IND,0,Frühbucher Plus,,
CO07280722,2026-10-09,2026-10-09T17:00:48+00:00,1180,,,,IND,0,Frühbucher Plus,,
CO07280728,2026-10-09,2026-10-09T17:00:48+00:00,1240,,,,IND,0,Frühbucher Plus,,
CO07280729,2026-10-09,2026-10-09T17:00:48+00:00,1220,,,,IND,0,Frühbucher Plus,,
CO07280804,2026-10-09,2026-10-09T17:00:48+00:00,1200,,,,IND,0,Frühbucher Plus,,
CO07280805,2026-10-09,2026-10-09T17:00:48+00:00,1180,,,,IND,0,Frühbucher Plus,,
CO07280811,2026-10-09,2026-10-09T17:00:48+00:00,1215,,,,IND,0,Frühbucher Plus,,
CO07280812,2026-10-09,2026-10-09T17:00:48+00:00,1195,,,,IND,0,Frühbucher Plus,,
CO07280818,2026-10-09,2026-10-09T17:00:48+00:00,1090,,,,IND,0,Frühbucher Plus,,
CO07280819,2026-10-09,2026-10-09T17:00:48+00:00,1070,,,,IND,0,Frühbucher Plus,,
CO07280825,2026-10-09,2026-10-09T17:00:48+00:00,1050,,,,IND,0,Frühbucher Plus,,
CO07280826,2026-10-09,2026-10-09T17:00:48+00:00,1030,,,,IND,0,Frühbucher Plus,,
CO07280901,2026-10-09,2026-10-09T17:00:48+00:00,1010,,,,IND,0,Frühbucher Plus,,
CO07280902,2026-10-09,2026-10-09T17:00:48+00:00,990,,,,IND,0,Frühbucher Plus,,
CO07280908,2026-10-09,2026-10-09T17:00:48+00:00,1040,,,,IND,0,Frühbucher Plus,,
CO07280909,2026-10-09,2026-10-09T17:00:48+00:00,1020,,,,IND,0,Frühbucher Plus,,
CO07280915,2026-10-09,2026-10-09T17:00:48+00:00,965,,,,IND,0,Frühbucher Plus,,
CO07280916,2026-10-09,2026-10-09T17:00:48+00:00,945,,,,IND,0,Frühbucher Plus,,
CO07280922,2026-10-09,2026-10-09T17:00:48+00:00,980,,,,IND,0,Frühbucher Plus,,
CO07280923,2026-10-09,2026-10-09T17:00:48+00:00,960,,,,IND,0,Frühbucher Plus,,
CO07280929,2026-10-09,2026-10-09T17:00:48+00:00,1060,,,,IND,0,Frühbucher Plus,,
CO07280930,2026-10-09,2026-10-09T17:00:48+00:00,1040,,,,IND,0,Frühbucher Plus,,
CO07281006,2026-10-09,2026-10-09T17:00:48+00:00,1030,,,,IND,0,Frühbucher Plus,,
CO07281007,2026-10-09,2026-10-09T17:00:48+00:00,1010,,,,IND,0,Frühbucher Plus,,
CO07281013,2026-10-09,2026-10-09T17:00:48+00:00,1000,,,,IND,0,Frühbucher Plus,,
CO07281014,2026-10-09,2026-10-09T17:00:48+00:00,980,,,,IND,0,Frühbucher Plus,,
CO07281020,2026-10-09,2026-10-09T17:00:48+00:00,1120,,,,IND,0,Frühbucher Plus,,
CO07281021,2026-10-09,2026-10-09T17:00:48+00:00,1130,,,,IND,0,Frühbucher Plus,,
CO07281027,2026-10-09,2026-10-09T17:00:48+00:00,1070,,,,IND,0,Frühbucher Plus,,
CO07281028,2026-10-09,2026-10-09T17:00:48+00:00,1080,,,,IND,0,Frühbucher Plus,,
CO07281104,2026-10-09,2026-10-09T17:00:48+00:00,775,,,,IND,0,Frühbucher Plus,,
CO07281111,2026-10-09,2026-10-09T17:00:48+00:00,715,,,,IND,0,Frühbucher Plus,,
CO07281115,2026-10-09,2026-10-09T17:00:48+00:00,715,,,,IND,0,Frühbucher Plus,,
CO07281118,2026-10-09,2026-10-09T17:00:48+00:00,695,,,,IND,0,Frühbucher Plus,,
CO07281122,2026-10-09,2026-10-09T17:00:48+00:00,695,,,,IND,0,Frühbucher Plus,,
CO07281125,2026-10-09,2026-10-09T17:00:48+00:00,665,,,,IND,0,Frühbucher Plus,,
CO07281129,2026-10-09,2026-10-09T17:00:48+00:00,665,,,,IND,0,Frühbucher Plus,,
CO07281202,2026-10-09,2026-10-09T17:00:48+00:00,635,,,,IND,0,Frühbucher Plus,,
CO07281206,2026-10-09,2026-10-09T17:00:48+00:00,635,,,,IND,0,Frühbucher Plus,,
CO07281209,2026-10-09,2026-10-09T17:00:48+00:00,595,,,,IND,0,Frühbucher Plus,,
CO07281213,2026-10-09,2026-10-09T17:00:48+00:00,595,,,,IND,0,Frühbucher Plus,,
CO07281216,2026-10-09,2026-10-09T17:00:48+00:00,635,,,,IND,0,Frühbucher Plus,,
CO07281220,2026-10-09,2026-10-09T17:00:48+00:00,790,,,,IND,0,Frühbucher Plus,,
CO07281223,2026-10-09,2026-10-09T17:00:48+00:00,940,,,,IND,0,Frühbucher Plus,,
CO07281227,2026-10-09,2026-10-09T17:00:48+00:00,1095,,,,IND,0,Frühbucher Plus,,
CO07281230,2026-10-09,2026-10-09T17:00:48+00:00,1045,,,,IND,0,Frühbucher Plus,,
CO07290103,2026-10-09,2026-10-09T17:00:48+00:00,635,,,,IND,0,Frühbucher Plus,,
CO07290106,2026-10-09,2026-10-09T17:00:48+00:00,635,,,,IND,0,Frühbucher Plus,,
CO07290110,2026-10-09,2026-10-09T17:00:48+00:00,635,,,,IND,0,Frühbucher Plus,,
CO07290113,2026-10-09,2026-10-09T17:00:48+00:00,635,,,,IND,0,Frühbucher Plus,,
CO07290117,2026-10-09,2026-10-09T17:00:48+00:00,635,,,,IND,0,Frühbucher Plus,,
CO07290120,2026-10-09,2026-10-09T17:00:48+00:00,655,,,,IND,0,Frühbucher Plus,,
CO07290124,2026-10-09,2026-10-09T17:00:48+00:00,655,,,,IND,0,Frühbucher Plus,,
CO07290127,2026-10-09,2026-10-09T17:00:48+00:00,675,,,,IND,0,Frühbucher Plus,,
CO07290131,2026-10-09,2026-10-09T17:00:48+00:00,675,,,,IND,0,Frühbucher Plus,,
CO07290203,2026-10-09,2026-10-09T17:00:48+00:00,705,,,,IND,0,Frühbucher Plus,,
CO07290207,2026-10-09,2026-10-09T17:00:48+00:00,695,,,,IND,0,Frühbucher Plus,,
CO07290210,2026-10-09,2026-10-09T17:00:48+00:00,735,,,,IND,0,Frühbucher Plus,,
CO07290214,2026-10-09,2026-10-09T17:00:48+00:00,675,,,,IND,0,Frühbucher Plus,,
CO07290217,2026-10-09,2026-10-09T17:00:48+00:00,695,,,,IND,0,Frühbucher Plus,,
CO07290221,2026-10-09,2026-10-09T17:00:48+00:00,685,,,,IND,0,Frühbucher Plus,,
CO07290224,2026-10-09,2026-10-09T17:00:48+00:00,705,,,,IND,0,Frühbucher Plus,,
CO07290228,2026-10-09,2026-10-09T17:00:48+00:00,705,,,,IND,0,Frühbucher Plus,,
CO07290303,2026-10-09,2026-10-09T17:00:48+00:00,715,,,,IND,0,Frühbucher Plus,,
CO07290307,2026-10-09,2026-10-09T17:00:48+00:00,715,,,,IND,0,Frühbucher Plus,,
CO07290310,2026-10-09,2026-10-09T17:00:48+00:00,715,,,,IND,0,Frühbucher Plus,,
CO07290314,2026-10-09,2026-10-09T17:00:48+00:00,715,,,,IND,0,Frühbucher Plus,,
CO07290317,2026-10-09,2026-10-09T17:00:48+00:00,735,,,,IND,0,Frühbucher Plus,,
CO07290321,2026-10-09,2026-10-09T17:00:48+00:00,735,,,,IND,0,Frühbucher Plus,,
CO07290324,2026-10-09,2026-10-09T17:00:48+00:00,990,,,,IND,0,Frühbucher Plus,,
CO07290328,2026-10-09,2026-10-09T17:00:48+00:00,1060,,,,IND,0,Frühbucher Plus,,
CO07290331,2026-10-09,2026-10-09T17:00:48+00:00,990,,,,IND,0,Frühbucher Plus,,
CO07290404,2026-10-09,2026-10-09T17:00:48+00:00,770,,,,IND,0,Frühbucher Plus,,
CO07290407,2026-10-09,2026-10-09T17:00:48+00:00,770,,,,IND,0,Frühbucher Plus,,
CO08261030,2026-10-09,2026-10-09T17:00:48+00:00,899,,,,LIG,0,,,
CO09261203,2026-10-09,2026-10-09T17:00:48+00:00,749,,,,CLA,0,AIDAspecialOffer | Winterpause,,
CO09270421,2026-10-09,2026-10-09T17:00:48+00:00,1020,,,,IND,0,Frühbucher Plus,,
CO09280419,2026-10-09,2026-10-09T17:00:48+00:00,1080,,,,IND,0,Frühbucher Plus,,
CO10261020,2026-10-09,2026-10-09T17:00:48+00:00,1049,,,,LIG,0,,,
CO10270421,2026-10-09,2026-10-09T17:00:48+00:00,1110,,,,IND,0,Frühbucher Plus,,
CO10270424,2026-10-09,2026-10-09T17:00:48+00:00,1050,,,,IND,0,Frühbucher Plus,,
CO10270515,2026-10-09,2026-10-09T17:00:48+00:00,1265,,,,IND,0,Frühbucher Plus,,
CO10270605,2026-10-09,2026-10-09T17:00:48+00:00,1270,,,,IND,0,Frühbucher,,
CO10270626,2026-10-09,2026-10-09T17:00:48+00:00,1280,,,,IND,0,Frühbucher Plus,,
CO10270717,2026-10-09,2026-10-09T17:00:48+00:00,1545,,,,IND,0,Frühbucher Plus,,
CO10270807,2026-10-09,2026-10-09T17:00:48+00:00,1590,,,,IND,0,Frühbucher Plus,,
CO10270828,2026-10-09,2026-10-09T17:00:48+00:00,1420,,,,IND,0,Frühbucher Plus,,
CO10270918,2026-10-09,2026-10-09T17:00:48+00:00,1340,,,,IND,0,Frühbucher,,
CO10271009,2026-10-09,2026-10-09T17:00:48+00:00,1315,,,,IND,0,Frühbucher Plus,,
CO10280419,2026-10-09,2026-10-09T17:00:48+00:00,1200,,,,IND,0,Frühbucher Plus,,
CO10280506,2026-10-09,2026-10-09T17:00:48+00:00,1180,,,,IND,0,Frühbucher Plus,,
CO10280527,2026-10-09,2026-10-09T17:00:48+00:00,1280,,,,IND,0,Frühbucher Plus,,
CO10280617,2026-10-09,2026-10-09T17:00:48+00:00,1335,,,,IND,0,Frühbucher Plus,,
CO10280708,2026-10-09,2026-10-09T17:00:48+00:00,1635,,,,IND,0,Frühbucher Plus,,
CO10280729,2026-10-09,2026-10-09T17:00:48+00:00,1710,,,,IND,0,Frühbucher Plus,,
CO10280819,2026-10-09,2026-10-09T17:00:48+00:00,1500,,,,IND,0,Frühbucher Plus,,
CO10280909,2026-10-09,2026-10-09T17:00:48+00:00,1395,,,,IND,0,Frühbucher Plus,,
CO10280930,2026-10-09,2026-10-09T17:00:48+00:00,1415,,,,IND,0,Frühbucher Plus,,
CO10281021,2026-10-09,2026-10-09T17:00:48+00:00,1525,,,,IND,0,Frühbucher Plus,,
CO11270504,2026-10-09,2026-10-09T17:00:48+00:00,1290,,,,IND,0,Frühbucher Plus,,
CO11270525,2026-10-09,2026-10-09T17:00:48+00:00,1360,,,,IND,0,Frühbucher Plus,,
CO11270615,2026-10-09,2026-10-09T17:00:48+00:00,1500,,,,IND,0,Frühbucher,,
CO11270706,2026-10-09,2026-10-09T17:00:48+00:00,1640,,,,IND,0,Frühbucher Plus,,
CO11270727,2026-10-09,2026-10-09T17:00:48+00:00,1970,,,,IND,0,,,
CO11270817,2026-10-09,2026-10-09T17:00:48+00:00,1655,,,,IND,0,Frühbucher Plus,,
CO11270907,2026-10-09,2026-10-09T17:00:48+00:00,1475,,,,IND,0,Frühbucher Plus,,
CO11270928,2026-10-09,2026-10-09T17:00:48+00:00,1400,,,,IND,0,Frühbucher Plus,,
CO11271019,2026-10-09,2026-10-09T17:00:48+00:00,1550,,,,IND,0,Frühbucher Plus,,
CO11271106,2026-10-09,2026-10-09T17:00:48+00:00,1020,,,,IND,0,Frühbucher Plus,,
CO11280516,2026-10-09,2026-10-09T17:00:48+00:00,1365,,,,IND,0,Frühbucher Plus,,
CO11280606,2026-10-09,2026-10-09T17:00:48+00:00,1580,,,,IND,0,Frühbucher Plus,,
CO11280627,2026-10-09,2026-10-09T17:00:48+00:00,1490,,,,IND,0,Frühbucher Plus,,
CO11280718,2026-10-09,2026-10-09T17:00:48+00:00,1860,,,,IND,0,Frühbucher Plus,,
CO11280808,2026-10-09,2026-10-09T17:00:48+00:00,1880,,,,IND,0,Frühbucher Plus,,
CO11280829,2026-10-09,2026-10-09T17:00:48+00:00,1605,,,,IND,0,Frühbucher Plus,,
CO11280919,2026-10-09,2026-10-09T17:00:48+00:00,1465,,,,IND,0,Frühbucher Plus,,
CO11281010,2026-10-09,2026-10-09T17:00:48+00:00,1530,,,,IND,0,Frühbucher Plus,,
CO11281031,2026-10-09,2026-10-09T17:00:48+00:00,1125,,,,IND,0,Frühbucher Plus,,
CO11281104,2026-10-09,2026-10-09T17:00:48+00:00,1085,,,,IND,0,Frühbucher Plus,,
CO12271105,2026-10-09,2026-10-09T17:00:48+00:00,1120,,,,IND,0,Frühbucher Plus,,
CO12281103,2026-10-09,2026-10-09T17:00:48+00:00,1225,,,,IND,0,Frühbucher Plus,,
CO13261126,2026-10-09,2026-10-09T17:00:48+00:00,949,,,,CLA,0,AIDAspecialOffer | Winterpause,,
CO14261212,2026-10-09,2026-10-09T17:00:48+00:00,1199,,,,CLA,0,,,
CO14261219,2026-10-09,2026-10-09T17:00:48+00:00,1499,,,,LIG,0,,,
CO14261226,2026-10-09,2026-10-09T17:00:48+00:00,1499,,,,LIG,0,,,
CO14270102,2026-10-09,2026-10-09T17:00:48+00:00,1305,,,,IND,0,Frühbucher Plus,,
CO14270123,2026-10-09,2026-10-09T17:00:48+00:00,,1699,,,CLA,0,inkl. Flug,,
CO14270130,2026-10-09,2026-10-09T17:00:48+00:00,1199,,,,CLA,0,,,
CO14270206,2026-10-09,2026-10-09T17:00:48+00:00,1199,,,,CLA,0,,,
CO14270213,2026-10-09,2026-10-09T17:00:48+00:00,1199,,,,CLA,0,,,
CO14270220,2026-10-09,2026-10-09T17:00:48+00:00,1199,,,,CLA,0,,,
CO14270227,2026-10-09,2026-10-09T17:00:48+00:00,1199,,,,CLA,0,,,
CO14270306,2026-10-09,2026-10-09T17:00:48+00:00,1279,,,,CLA,0,,,
CO14270313,2026-10-09,2026-10-09T17:00:48+00:00,1479,,,,CLA,0,,,
CO14270320,2026-10-09,2026-10-09T17:00:48+00:00,1699,,,,CLA,0,,,
CO14270327,2026-10-09,2026-10-09T17:00:48+00:00,1599,,,,CLA,0,,,
CO14270403,2026-10-09,2026-10-09T17:00:48+00:00,1420,,,,IND,0,Frühbucher Plus,,
CO14270410,2026-10-09,2026-10-09T17:00:48+00:00,1440,,,,IND,0,Frühbucher Plus,,
CO14270417,2026-10-09,2026-10-09T17:00:48+00:00,1555,,,,IND,0,Frühbucher Plus,,
CO14270424,2026-10-09,2026-10-09T17:00:48+00:00,1480,,,,IND,0,Frühbucher Plus,,
CO14270501,2026-10-09,2026-10-09T17:00:48+00:00,1645,,,,IND,0,Frühbucher Plus,,
CO14270508,2026-10-09,2026-10-09T17:00:48+00:00,1720,,,,IND,0,Frühbucher Plus,,
CO14270515,2026-10-09,2026-10-09T17:00:48+00:00,1810,,,,IND,0,Frühbucher Plus,,
CO14270522,2026-10-09,2026-10-09T17:00:48+00:00,1660,,,,IND,0,Frühbucher Plus,,
CO14270529,2026-10-09,2026-10-09T17:00:48+00:00,1525,,,,IND,0,Frühbucher Plus,,
CO14270605,2026-10-09,2026-10-09T17:00:48+00:00,1595,,,,IND,0,Frühbucher Plus,,
CO14270612,2026-10-09,2026-10-09T17:00:48+00:00,1685,,,,IND,0,Frühbucher Plus,,
CO14270619,2026-10-09,2026-10-09T17:00:48+00:00,1740,,,,IND,0,Frühbucher Plus,,
CO14270626,2026-10-09,2026-10-09T17:00:48+00:00,1820,,,,IND,0,Frühbucher Plus,,
CO14270703,2026-10-09,2026-10-09T17:00:48+00:00,2020,,,,IND,0,Frühbucher Plus,,
CO14270710,2026-10-09,2026-10-09T17:00:48+00:00,2115,,,,IND,0,Frühbucher Plus,,
CO14270717,2026-10-09,2026-10-09T17:00:48+00:00,2160,,,,IND,0,Frühbucher Plus,,
CO14270724,2026-10-09,2026-10-09T17:00:48+00:00,2310,,,,IND,0,Frühbucher Plus,,
CO14270731,2026-10-09,2026-10-09T17:00:48+00:00,,3080,,,IND,0,Frühbucher Plus | inkl. Flug,,
CO14270807,2026-10-09,2026-10-09T17:00:48+00:00,2085,,,,IND,0,Frühbucher Plus,,
CO14270814,2026-10-09,2026-10-09T17:00:48+00:00,2035,,,,IND,0,Frühbucher Plus,,
CO14270821,2026-10-09,2026-10-09T17:00:48+00:00,1940,,,,IND,0,Frühbucher Plus,,
CO14270828,2026-10-09,2026-10-09T17:00:48+00:00,1875,,,,IND,0,Frühbucher Plus,,
CO14270904,2026-10-09,2026-10-09T17:00:48+00:00,1890,,,,IND,0,Frühbucher Plus,,
CO14270911,2026-10-09,2026-10-09T17:00:48+00:00,1740,,,,IND,0,Frühbucher Plus,,
CO14270918,2026-10-09,2026-10-09T17:00:48+00:00,1680,,,,IND,0,Frühbucher Plus,,
CO14270925,2026-10-09,2026-10-09T17:00:48+00:00,1710,,,,IND,0,Frühbucher Plus,,
CO14271002,2026-10-09,2026-10-09T17:00:48+00:00,1795,,,,IND,0,Frühbucher Plus,,
CO14271009,2026-10-09,2026-10-09T17:00:48+00:00,1860,,,,IND,0,Frühbucher Plus,,
CO14271016,2026-10-09,2026-10-09T17:00:48+00:00,1900,,,,IND,0,Frühbucher Plus,,
CO14271023,2026-10-09,2026-10-09T17:00:48+00:00,1880,,,,IND,0,Frühbucher Plus,,
CO14271030,2026-10-09,2026-10-09T17:00:48+00:00,1655,,,,IND,0,Frühbucher Plus,,
CO14271106,2026-10-09,2026-10-09T17:00:48+00:00,1415,,,,IND,0,Frühbucher Plus,,
CO14271113,2026-10-09,2026-10-09T17:00:48+00:00,1250,,,,IND,0,Frühbucher Plus,,
CO14271120,2026-10-09,2026-10-09T17:00:48+00:00,1240,,,,IND,0,Frühbucher Plus,,
CO14271127,2026-10-09,2026-10-09T17:00:48+00:00,1175,,,,IND,0,Frühbucher Plus,,
CO14271204,2026-10-09,2026-10-09T17:00:48+00:00,1130,,,,IND,0,Frühbucher Plus,,
CO14271211,2026-10-09,2026-10-09T17:00:48+00:00,1270,,,,IND,0,Frühbucher Plus,,
CO14271218,2026-10-09,2026-10-09T17:00:48+00:00,1790,,,,IND,0,Frühbucher Plus,,
CO14280101,2026-10-09,2026-10-09T17:00:48+00:00,1355,,,,IND,0,Frühbucher Plus,,
CO14280108,2026-10-09,2026-10-09T17:00:48+00:00,1150,,,,IND,0,Frühbucher Plus,,
CO14280115,2026-10-09,2026-10-09T17:00:48+00:00,1195,,,,IND,0,Frühbucher Plus,,
CO14280122,2026-10-09,2026-10-09T17:00:48+00:00,1260,,,,IND,0,Frühbucher Plus,,
CO14280129,2026-10-09,2026-10-09T17:00:48+00:00,1325,,,,IND,0,Frühbucher Plus,,
CO14280205,2026-10-09,2026-10-09T17:00:48+00:00,1355,,,,IND,0,Frühbucher Plus,,
CO14280212,2026-10-09,2026-10-09T17:00:48+00:00,1355,,,,IND,0,Frühbucher Plus,,
CO14280219,2026-10-09,2026-10-09T17:00:48+00:00,1365,,,,IND,0,Frühbucher Plus,,
CO14280226,2026-10-09,2026-10-09T17:00:48+00:00,1375,,,,IND,0,Frühbucher Plus,,
CO14280304,2026-10-09,2026-10-09T17:00:48+00:00,1365,,,,IND,0,Frühbucher Plus,,
CO14280311,2026-10-09,2026-10-09T17:00:48+00:00,1375,,,,IND,0,Frühbucher Plus,,
CO14280318,2026-10-09,2026-10-09T17:00:48+00:00,1395,,,,IND,0,Frühbucher Plus,,
CO14280325,2026-10-09,2026-10-09T17:00:48+00:00,1450,,,,IND,0,Frühbucher Plus,,
CO14280401,2026-10-09,2026-10-09T17:00:48+00:00,1770,,,,IND,0,Frühbucher Plus,,
CO14280415,2026-10-09,2026-10-09T17:00:48+00:00,1810,,,,IND,0,Frühbucher Plus,,
CO14280422,2026-10-09,2026-10-09T17:00:48+00:00,1520,,,,IND,0,Frühbucher Plus,,
CO14280429,2026-10-09,2026-10-09T17:00:48+00:00,1565,,,,IND,0,Frühbucher Plus,,
CO14280506,2026-10-09,2026-10-09T17:00:48+00:00,1565,,,,IND,0,Frühbucher Plus,,
CO14280513,2026-10-09,2026-10-09T17:00:48+00:00,1625,,,,IND,0,Frühbucher Plus,,
CO14280520,2026-10-09,2026-10-09T17:00:48+00:00,1625,,,,IND,0,Frühbucher Plus,,
CO14280527,2026-10-09,2026-10-09T17:00:48+00:00,1705,,,,IND,0,Frühbucher Plus,,
CO14280603,2026-10-09,2026-10-09T17:00:48+00:00,1865,,,,IND,0,Frühbucher Plus,,
CO14280610,2026-10-09,2026-10-09T17:00:48+00:00,1810,,,,IND,0,Frühbucher Plus,,
CO14280617,2026-10-09,2026-10-09T17:00:48+00:00,1675,,,,IND,0,Frühbucher Plus,,
CO14280624,2026-10-09,2026-10-09T17:00:48+00:00,1755,,,,IND,0,Frühbucher Plus,,
CO14280701,2026-10-09,2026-10-09T17:00:48+00:00,2065,,,,IND,0,Frühbucher Plus,,
CO14280708,2026-10-09,2026-10-09T17:00:48+00:00,2160,,,,IND,0,Frühbucher Plus,,
CO14280715,2026-10-09,2026-10-09T17:00:48+00:00,2220,,,,IND,0,Frühbucher Plus,,
CO14280722,2026-10-09,2026-10-09T17:00:48+00:00,2265,,,,IND,0,Frühbucher Plus,,
CO14280729,2026-10-09,2026-10-09T17:00:48+00:00,2265,,,,IND,0,Frühbucher Plus,,
CO14280805,2026-10-09,2026-10-09T17:00:48+00:00,2240,,,,IND,0,Frühbucher Plus,,
CO14280812,2026-10-09,2026-10-09T17:00:48+00:00,2135,,,,IND,0,Frühbucher Plus,,
CO14280819,2026-10-09,2026-10-09T17:00:48+00:00,1980,,,,IND,0,Frühbucher Plus,,
CO14280826,2026-10-09,2026-10-09T17:00:48+00:00,1905,,,,IND,0,Frühbucher Plus,,
CO14280902,2026-10-09,2026-10-09T17:00:48+00:00,1825,,,,IND,0,Frühbucher Plus,,
CO14280909,2026-10-09,2026-10-09T17:00:48+00:00,1785,,,,IND,0,Frühbucher Plus,,
CO14280916,2026-10-09,2026-10-09T17:00:48+00:00,1730,,,,IND,0,Frühbucher Plus,,
CO14280923,2026-10-09,2026-10-09T17:00:48+00:00,1815,,,,IND,0,Frühbucher Plus,,
CO14280930,2026-10-09,2026-10-09T17:00:48+00:00,1860,,,,IND,0,Frühbucher Plus,,
CO14281007,2026-10-09,2026-10-09T17:00:48+00:00,1805,,,,IND,0,Frühbucher Plus,,
CO14281014,2026-10-09,2026-10-09T17:00:48+00:00,1915,,,,IND,0,Frühbucher Plus,,
CO14281021,2026-10-09,2026-10-09T17:00:48+00:00,2010,,,,IND,0,Frühbucher Plus,,
CO14281028,2026-10-09,2026-10-09T17:00:48+00:00,1620,,,,IND,0,Frühbucher Plus,,
CO14281104,2026-10-09,2026-10-09T17:00:48+00:00,1370,,,,IND,0,Frühbucher Plus,,
CO14281111,2026-10-09,2026-10-09T17:00:48+00:00,1285,,,,IND,0,Frühbucher Plus,,
CO14281118,2026-10-09,2026-10-09T17:00:48+00:00,1240,,,,IND,0,Frühbucher Plus,,
CO14281125,2026-10-09,2026-10-09T17:00:48+00:00,1185,,,,IND,0,Frühbucher Plus,,
CO14281202,2026-10-09,2026-10-09T17:00:48+00:00,1130,,,,IND,0,Frühbucher Plus,,
CO14281209,2026-10-09,2026-10-09T17:00:48+00:00,1130,,,,IND,0,Frühbucher Plus,,
CO14281216,2026-10-09,2026-10-09T17:00:48+00:00,1440,,,,IND,0,Frühbucher Plus,,
CO14281223,2026-10-09,2026-10-09T17:00:48+00:00,1990,,,,IND,0,Frühbucher Plus,,
CO14281230,2026-10-09,2026-10-09T17:00:48+00:00,1545,,,,IND,0,Frühbucher Plus,,
CO14290106,2026-10-09,2026-10-09T17:00:48+00:00,1155,,,,IND,0,Frühbucher Plus,,
CO14290113,2026-10-09,2026-10-09T17:00:48+00:00,1175,,,,IND,0,Frühbucher Plus,,
CO14290120,2026-10-09,2026-10-09T17:00:48+00:00,1210,,,,IND,0,Frühbucher Plus,,
CO14290127,2026-10-09,2026-10-09T17:00:48+00:00,1260,,,,IND,0,Frühbucher Plus,,
CO14290203,2026-10-09,2026-10-09T17:00:48+00:00,1315,,,,IND,0,Frühbucher Plus,,
CO14290210,2026-10-09,2026-10-09T17:00:48+00:00,1305,,,,IND,0,Frühbucher Plus,,
CO14290217,2026-10-09,2026-10-09T17:00:48+00:00,1275,,,,IND,0,Frühbucher Plus,,
CO14290224,2026-10-09,2026-10-09T17:00:48+00:00,1295,,,,IND,0,Frühbucher Plus,,
CO14290303,2026-10-09,2026-10-09T17:00:48+00:00,1305,,,,IND,0,Frühbucher Plus,,
CO14290310,2026-10-09,2026-10-09T17:00:48+00:00,1325,,,,IND,0,Frühbucher Plus,,
CO14290317,2026-10-09,2026-10-09T17:00:48+00:00,1585,,,,IND,0,Frühbucher Plus,,
CO14290324,2026-10-09,2026-10-09T17:00:48+00:00,1985,,,,IND,0,Frühbucher Plus,,
CO14290331,2026-10-09,2026-10-09T17:00:48+00:00,1615,,,,IND,0,Frühbucher Plus,,
CO16261126,2026-10-09,2026-10-09T16:44:36+00:00,1299,,,,CLA,0,,,
CO16261203,2026-10-09,2026-10-09T17:00:48+00:00,1480,,,,IND,0,Frühbucher Plus,,
DI03270414,2026-10-09,2026-10-09T17:00:48+00:00,535,,,,IND,0,Frühbucher Plus,,
DI03280412,2026-10-09,2026-10-09T17:00:48+00:00,565,,,,IND,0,Frühbucher Plus,,
DI04270325,2026-10-09,2026-10-09T17:00:48+00:00,755,,,,IND,0,Frühbucher Plus,,
DI04270410,2026-10-09,2026-10-09T17:00:48+00:00,665,,,,IND,0,Frühbucher,,
DI04280408,2026-10-09,2026-10-09T17:00:48+00:00,715,,,,IND,0,Frühbucher Plus,,
DI05270320,2026-10-09,2026-10-09T17:00:48+00:00,885,,,,IND,0,Frühbucher Plus,,
DI05270329,2026-10-09,2026-10-09T17:00:48+00:00,905,,,,IND,0,Frühbucher Plus,,
DI05280403,2026-10-09,2026-10-09T17:00:48+00:00,695,,,,IND,0,Frühbucher Plus,,
DI07270403,2026-10-09,2026-10-09T17:00:48+00:00,1060,,,,IND,0,,,
DI07270417,2026-10-09,2026-10-09T17:00:48+00:00,895,,,,IND,0,Frühbucher Plus,,
DI07270424,2026-10-09,2026-10-09T17:00:48+00:00,985,,,,IND,0,Frühbucher Plus,,
DI07270501,2026-10-09,2026-10-09T17:00:48+00:00,1460,,,,IND,0,,,
DI07270508,2026-10-09,2026-10-09T17:00:48+00:00,990,,,,IND,0,Frühbucher Plus | AIDAspecialOffer | Ab 2 Kabinen 10% sparen,,
DI07270515,2026-10-09,2026-10-09T17:00:48+00:00,1170,,,,IND,0,Frühbucher,,
DI07270522,2026-10-09,2026-10-09T17:00:48+00:00,1120,,,,IND,0,Frühbucher Plus | AIDAspecialOffer | Ab 2 Kabinen 10% sparen,,
DI07270529,2026-10-09,2026-10-09T17:00:48+00:00,1140,,,,IND,0,Frühbucher,,
DI07270605,2026-10-09,2026-10-09T17:00:48+00:00,1040,,,,IND,0,Frühbucher Plus,,
DI07270612,2026-10-09,2026-10-09T17:00:48+00:00,1270,,,,IND,0,Frühbucher Plus,,
DI07270619,2026-10-09,2026-10-09T17:00:48+00:00,1180,,,,IND,0,Frühbucher Plus,,
DI07270626,2026-10-09,2026-10-09T17:00:48+00:00,1150,,,,IND,0,Frühbucher Plus,,
DI07270703,2026-10-09,2026-10-09T17:00:48+00:00,1190,,,,IND,0,Frühbucher Plus | AIDAspecialOffer | Ab 2 Kabinen 10% sparen,,
DI07270710,2026-10-09,2026-10-09T17:00:48+00:00,1340,,,,IND,0,,,
DI07270717,2026-10-09,2026-10-09T17:00:48+00:00,1260,,,,IND,0,Frühbucher Plus,,
DI07270724,2026-10-09,2026-10-09T17:00:48+00:00,1420,,,,IND,0,Frühbucher,,
DI07270731,2026-10-09,2026-10-09T17:00:48+00:00,1300,,,,IND,0,Frühbucher Plus | AIDAspecialOffer | Ab 2 Kabinen 10% sparen,,
DI07270807,2026-10-09,2026-10-09T17:00:48+00:00,1220,,,,IND,0,Frühbucher Plus,,
DI07270814,2026-10-09,2026-10-09T17:00:48+00:00,1190,,,,IND,0,Frühbucher Plus | AIDAspecialOffer | Ab 2 Kabinen 10% sparen,,
DI07270821,2026-10-09,2026-10-09T17:00:48+00:00,1180,,,,IND,0,Frühbucher Plus,,
DI07270828,2026-10-09,2026-10-09T17:00:48+00:00,1030,,,,IND,0,Frühbucher Plus,,
DI07270904,2026-10-09,2026-10-09T17:00:48+00:00,1245,,,,IND,0,Frühbucher,,
DI07270911,2026-10-09,2026-10-09T17:00:48+00:00,1075,,,,IND,0,Frühbucher,,
DI07270918,2026-10-09,2026-10-09T17:00:48+00:00,1030,,,,IND,0,Frühbucher Plus,,
DI07270925,2026-10-09,2026-10-09T17:00:48+00:00,970,,,,IND,0,Frühbucher Plus,,
DI07271002,2026-10-09,2026-10-09T17:00:48+00:00,1010,,,,IND,0,Frühbucher Plus | AIDAspecialOffer | Ab 2 Kabinen 10% sparen,,
DI07271009,2026-10-09,2026-10-09T17:00:48+00:00,1050,,,,IND,0,Frühbucher Plus,,
DI07280408,2026-10-09,2026-10-09T17:00:48+00:00,1215,,,,IND,0,Frühbucher Plus,,
DI07280415,2026-10-09,2026-10-09T17:00:48+00:00,1295,,,,IND,0,Frühbucher Plus,,
DI07280422,2026-10-09,2026-10-09T17:00:48+00:00,940,,,,IND,0,Frühbucher Plus,,
DI07280429,2026-10-09,2026-10-09T17:00:48+00:00,1095,,,,IND,0,Frühbucher Plus,,
DI07280506,2026-10-09,2026-10-09T17:00:48+00:00,1050,,,,IND,0,Frühbucher Plus,,
DI07280513,2026-10-09,2026-10-09T17:00:48+00:00,1115,,,,IND,0,Frühbucher Plus,,
DI07280520,2026-10-09,2026-10-09T17:00:48+00:00,1070,,,,IND,0,Frühbucher Plus,,
DI07280527,2026-10-09,2026-10-09T17:00:48+00:00,1115,,,,IND,0,Frühbucher Plus,,
DI07280603,2026-10-09,2026-10-09T17:00:48+00:00,1160,,,,IND,0,Frühbucher Plus,,
DI07280610,2026-10-09,2026-10-09T17:00:48+00:00,1175,,,,IND,0,Frühbucher Plus,,
DI07280617,2026-10-09,2026-10-09T17:00:48+00:00,1070,,,,IND,0,Frühbucher Plus,,
DI07280624,2026-10-09,2026-10-09T17:00:48+00:00,1175,,,,IND,0,Frühbucher Plus,,
DI07280701,2026-10-09,2026-10-09T17:00:48+00:00,1205,,,,IND,0,Frühbucher Plus,,
DI07280708,2026-10-09,2026-10-09T17:00:48+00:00,1305,,,,IND,0,Frühbucher Plus,,
DI07280715,2026-10-09,2026-10-09T17:00:48+00:00,1275,,,,IND,0,Frühbucher Plus,,
DI07280722,2026-10-09,2026-10-09T17:00:48+00:00,1370,,,,IND,0,Frühbucher Plus,,
DI07280729,2026-10-09,2026-10-09T17:00:48+00:00,1315,,,,IND,0,Frühbucher Plus,,
DI07280805,2026-10-09,2026-10-09T17:00:48+00:00,1370,,,,IND,0,Frühbucher Plus,,
DI07280812,2026-10-09,2026-10-09T17:00:48+00:00,1255,,,,IND,0,Frühbucher Plus,,
DI07280819,2026-10-09,2026-10-09T17:00:48+00:00,1215,,,,IND,0,Frühbucher Plus,,
DI07280826,2026-10-09,2026-10-09T17:00:48+00:00,1160,,,,IND,0,Frühbucher Plus,,
DI08271016,2026-10-09,2026-10-09T17:00:48+00:00,1140,,,,IND,0,Frühbucher Plus,,
DI14261114,2026-10-09,2026-10-09T17:00:48+00:00,,2795,,,IND,0,inkl. Flug,,
DI14261122,2026-10-09,2026-10-09T17:00:48+00:00,,2419,,,CLA,0,inkl. Flug,,
DI14261128,2026-10-09,2026-10-09T17:00:48+00:00,,2299,,,CLA,0,inkl. Flug | AIDAspecialOffer | Last Minute,,
DI14261206,2026-10-09,2026-10-09T17:00:48+00:00,,2279,,,CLA,0,inkl. Flug,,
DI14261212,2026-10-09,2026-10-09T17:00:48+00:00,,1999,,,LIG,0,inkl. Flug | AIDAspecialOffer | Winterpause,,
DI14261220,2026-10-09,2026-10-09T17:00:48+00:00,,2649,,,LIG,0,inkl. Flug | AIDAspecialOffer | Winterpause,,
DI14261226,2026-10-09,2026-10-09T17:00:48+00:00,,3099,,,CLA,0,inkl. Flug | AIDAspecialOffer | Winterpause,,
DI14270103,2026-10-09,2026-10-09T17:00:48+00:00,,2299,,,CLA,0,inkl. Flug | AIDAspecialOffer | Winterpause,,
DI14270109,2026-10-09,2026-10-09T17:00:48+00:00,,2399,,,CLA,0,inkl. Flug,,
DI14270117,2026-10-09,2026-10-09T17:00:48+00:00,,2855,,,IND,0,Frühbucher Plus | inkl. Flug,,
DI14270123,2026-10-09,2026-10-09T17:00:48+00:00,,2509,,,CLA,0,inkl. Flug,,
DI14270131,2026-10-09,2026-10-09T17:00:48+00:00,,2630,,,IND,0,Frühbucher Plus | inkl. Flug,,
DI14270206,2026-10-09,2026-10-09T17:00:48+00:00,,3030,,,IND,0,inkl. Flug,,
DI14270214,2026-10-09,2026-10-09T17:00:48+00:00,,2399,,,CLA,0,inkl. Flug | AIDAspecialOffer | Winterpause,,
DI14270417,2026-10-09,2026-10-09T17:00:48+00:00,1710,,,,IND,0,Frühbucher Plus,,
DI14270424,2026-10-09,2026-10-09T17:00:48+00:00,1850,,,,IND,0,Frühbucher Plus,,
DI14270501,2026-10-09,2026-10-09T17:00:48+00:00,2010,,,,IND,0,Frühbucher,,
DI14270508,2026-10-09,2026-10-09T17:00:48+00:00,1870,,,,IND,0,Frühbucher Plus,,
DI14270515,2026-10-09,2026-10-09T17:00:48+00:00,1985,,,,IND,0,Frühbucher Plus,,
DI14270522,2026-10-09,2026-10-09T17:00:48+00:00,1960,,,,IND,0,Frühbucher Plus,,
DI14270529,2026-10-09,2026-10-09T17:00:48+00:00,1885,,,,IND,0,Frühbucher Plus,,
DI14270605,2026-10-09,2026-10-09T17:00:48+00:00,2125,,,,IND,0,Frühbucher,,
DI14270612,2026-10-09,2026-10-09T17:00:48+00:00,2570,,,,IND,0,,,
DI14270619,2026-10-09,2026-10-09T17:00:48+00:00,2690,,,,IND,0,Frühbucher,,
DI14270626,2026-10-09,2026-10-09T17:00:48+00:00,2075,,,,IND,0,Frühbucher Plus,,
DI14270703,2026-10-09,2026-10-09T17:00:48+00:00,2220,,,,IND,0,Frühbucher Plus,,
DI14270710,2026-10-09,2026-10-09T17:00:48+00:00,2285,,,,IND,0,Frühbucher Plus,,
DI14270717,2026-10-09,2026-10-09T17:00:48+00:00,2595,,,,IND,0,Frühbucher Plus,,
DI14270724,2026-10-09,2026-10-09T17:00:48+00:00,2490,,,,IND,0,Frühbucher Plus,,
DI14270731,2026-10-09,2026-10-09T17:00:48+00:00,2480,,,,IND,0,Frühbucher Plus,,
DI14270807,2026-10-09,2026-10-09T17:00:48+00:00,2245,,,,IND,0,Frühbucher Plus,,
DI14270814,2026-10-09,2026-10-09T17:00:48+00:00,2210,,,,IND,0,Frühbucher Plus,,
DI14270821,2026-10-09,2026-10-09T17:00:48+00:00,2060,,,,IND,0,Frühbucher Plus,,
DI14270828,2026-10-09,2026-10-09T17:00:48+00:00,2010,,,,IND,0,Frühbucher Plus,,
DI14270911,2026-10-09,2026-10-09T17:00:48+00:00,2815,,,,IND,0,,,
DI14270918,2026-10-09,2026-10-09T17:00:48+00:00,1875,,,,IND,0,Frühbucher Plus,,
DI14270925,2026-10-09,2026-10-09T17:00:48+00:00,1750,,,,IND,0,Frühbucher Plus,,
DI14271002,2026-10-09,2026-10-09T17:00:48+00:00,1920,,,,IND,0,Frühbucher Plus,,
DI14280415,2026-10-09,2026-10-09T17:00:48+00:00,2030,,,,IND,0,Frühbucher Plus,,
DI14280422,2026-10-09,2026-10-09T17:00:48+00:00,1850,,,,IND,0,Frühbucher Plus,,
DI14280429,2026-10-09,2026-10-09T17:00:48+00:00,1950,,,,IND,0,Frühbucher Plus,,
DI14280506,2026-10-09,2026-10-09T17:00:48+00:00,1970,,,,IND,0,Frühbucher Plus,,
DI14280513,2026-10-09,2026-10-09T17:00:48+00:00,1985,,,,IND,0,Frühbucher Plus,,
DI14280520,2026-10-09,2026-10-09T17:00:48+00:00,1985,,,,IND,0,Frühbucher Plus,,
DI14280527,2026-10-09,2026-10-09T17:00:48+00:00,2070,,,,IND,0,Frühbucher Plus,,
DI14280603,2026-10-09,2026-10-09T17:00:48+00:00,2125,,,,IND,0,Frühbucher Plus,,
DI14280610,2026-10-09,2026-10-09T17:00:48+00:00,2040,,,,IND,0,Frühbucher Plus,,
DI14280617,2026-10-09,2026-10-09T17:00:48+00:00,2040,,,,IND,0,Frühbucher Plus,,
DI14280624,2026-10-09,2026-10-09T17:00:48+00:00,2165,,,,IND,0,Frühbucher Plus,,
DI14280701,2026-10-09,2026-10-09T17:00:48+00:00,2340,,,,IND,0,Frühbucher Plus,,
DI14280708,2026-10-09,2026-10-09T17:00:48+00:00,2405,,,,IND,0,Frühbucher Plus,,
DI14280715,2026-10-09,2026-10-09T17:00:48+00:00,2470,,,,IND,0,Frühbucher Plus,,
DI14280722,2026-10-09,2026-10-09T17:00:48+00:00,2505,,,,IND,0,Frühbucher Plus,,
DI14280729,2026-10-09,2026-10-09T17:00:48+00:00,2505,,,,IND,0,Frühbucher Plus,,
DI14280805,2026-10-09,2026-10-09T17:00:48+00:00,2450,,,,IND,0,Frühbucher Plus,,
DI14280812,2026-10-09,2026-10-09T17:00:48+00:00,2305,,,,IND,0,Frühbucher Plus,,
DI14280819,2026-10-09,2026-10-09T17:00:48+00:00,2215,,,,IND,0,Frühbucher Plus,,
DI14281118,2026-10-09,2026-10-09T17:00:48+00:00,,3055,,,INDAI,0,Frühbucher Plus | All inclusive | inkl. Flug | AIDAselection,,
DI14281119,2026-10-09,2026-10-09T17:00:48+00:00,,3180,,,INDAI,0,Frühbucher Plus | All inclusive | inkl. Flug | AIDAselection,,
DI14281202,2026-10-09,2026-10-09T17:00:48+00:00,,2575,,,IND,0,Frühbucher Plus | inkl. Flug | AIDAselection,,
DI14281203,2026-10-09,2026-10-09T17:00:48+00:00,,2550,,,IND,0,Frühbucher Plus | inkl. Flug | AIDAselection,,
DI14281216,2026-10-09,2026-10-09T17:00:48+00:00,,3285,,,IND,0,Frühbucher Plus | inkl. Flug | AIDAselection,,
DI14281217,2026-10-09,2026-10-09T17:00:48+00:00,,3220,,,IND,0,Frühbucher Plus | inkl. Flug | AIDAselection,,
DI14290113,2026-10-09,2026-10-09T17:00:48+00:00,,2980,,,IND,0,Frühbucher Plus | inkl. Flug | AIDAselection,,
DI14290114,2026-10-09,2026-10-09T17:00:48+00:00,,3030,,,IND,0,Frühbucher Plus | inkl. Flug | AIDAselection,,
DI14290210,2026-10-09,2026-10-09T17:00:48+00:00,,2810,,,IND,0,Frühbucher Plus | inkl. Flug | AIDAselection,,
DI14290224,2026-10-09,2026-10-09T17:00:48+00:00,,2870,,,IND,0,Frühbucher Plus | inkl. Flug | AIDAselection,,
DI14290303,2026-10-09,2026-10-09T17:00:48+00:00,,4320,,,COMAI,0,Frühbucher Plus | All inclusive | inkl. Flug | AIDAselection,,
DI14290310,2026-10-09,2026-10-09T17:00:48+00:00,,3030,,,IND,0,Frühbucher Plus | inkl. Flug | AIDAselection,,
DI14290317,2026-10-09,2026-10-09T17:00:48+00:00,,3360,,,IND,0,Frühbucher Plus | inkl. Flug | AIDAselection,,
DI14290324,2026-10-09,2026-10-09T17:00:48+00:00,,4100,,,IND,0,Frühbucher Plus | inkl. Flug | AIDAselection,,
DI15271009,2026-10-09,2026-10-09T17:00:48+00:00,2190,,,,IND,0,Frühbucher Plus,,
DI20270228,2026-10-09,2026-10-09T17:00:48+00:00,,2475,,,IND,0,Frühbucher Plus | inkl. Hinflug | AIDAselection,,
DI20290211,2026-10-09,2026-10-09T17:00:48+00:00,,3355,,,IND,0,Frühbucher Plus | inkl. Flug | AIDAselection,,
DI22261031,2026-10-09,2026-10-09T17:00:48+00:00,,3835,,,IND,0,Frühbucher Plus | inkl. Hinflug,,
DI28270220,2026-10-09,2026-10-09T17:00:48+00:00,,3645,,,IND,0,inkl. Hinflug | AIDAselection,,
DI28281118,2026-10-09,2026-10-09T17:00:48+00:00,,5325,,,INDAI,0,Frühbucher Plus | All inclusive | inkl. Flug | AIDAselection,,
DI28281202,2026-10-09,2026-10-09T17:00:48+00:00,,5660,,,IND,0,Frühbucher Plus | inkl. Flug | AIDAselection,,
DI28290210,2026-10-09,2026-10-09T17:00:48+00:00,,4965,,,IND,0,Frühbucher Plus | inkl. Flug | AIDAselection,,
DI28290224,2026-10-09,2026-10-09T17:00:48+00:00,,5155,,,IND,0,Frühbucher Plus | inkl. Flug | AIDAselection,,
DI28290310,2026-10-09,2026-10-09T17:00:48+00:00,,6325,,,IND,0,Frühbucher Plus | inkl. Flug | AIDAselection,,
DIE4271024,2026-10-09,2026-10-09T17:00:48+00:00,21995,,,,IND,0,Frühbucher Plus,,
LU03261031,2026-10-09,2026-10-09T17:00:48+00:00,665,,,,IND,0,Frühbucher Plus,,
LU04261103,2026-10-09,2026-10-09T17:00:48+00:00,705,,,,IND,0,Frühbucher Plus,,
LU04280910,2026-10-09,2026-10-09T17:00:48+00:00,645,,,,IND,0,Frühbucher Plus,,
LU04280917,2026-10-09,2026-10-09T17:00:48+00:00,645,,,,IND,0,Frühbucher Plus,,
LU04280929,2026-10-09,2026-10-09T17:00:48+00:00,675,,,,IND,0,Frühbucher Plus,,
LU05270411,2026-10-09,2026-10-09T17:00:48+00:00,695,,,,IND,0,Frühbucher Plus | AIDAspecialOffer | Ab 2 Kabinen 10% sparen,,
LU05270416,2026-10-09,2026-10-09T17:00:48+00:00,730,,,,IND,0,Frühbucher Plus | AIDAspecialOffer | Ab 2 Kabinen 10% sparen,,
LU05270421,2026-10-09,2026-10-09T17:00:48+00:00,810,,,,IND,0,Frühbucher Plus,,
LU05270829,2026-10-09,2026-10-09T17:00:48+00:00,845,,,,IND,0,Frühbucher Plus | AIDAspecialOffer | Ab 2 Kabinen 10% sparen,,
LU05280924,2026-10-09,2026-10-09T17:00:48+00:00,755,,,,IND,0,Frühbucher Plus,,
LU05281003,2026-10-09,2026-10-09T17:00:48+00:00,815,,,,IND,0,Frühbucher Plus,,
LU05281213,2026-10-09,2026-10-09T17:00:48+00:00,470,,,,IND,0,Frühbucher Plus | AIDAselection,,
LU06270315,2026-10-09,2026-10-09T17:00:48+00:00,1040,,,,IND,0,Frühbucher Plus,,
LU07270321,2026-10-09,2026-10-09T17:00:48+00:00,1260,,,,IND,0,Frühbucher Plus,,
LU07270328,2026-10-09,2026-10-09T17:00:48+00:00,1195,,,,IND,0,Frühbucher Plus,,
LU07270404,2026-10-09,2026-10-09T17:00:48+00:00,1165,,,,IND,0,Frühbucher,,
LU07270517,2026-10-09,2026-10-09T17:00:48+00:00,1265,,,,IND,0,,,
LU07280827,2026-10-09,2026-10-09T17:00:48+00:00,1175,,,,IND,0,Frühbucher Plus,,
LU07281022,2026-10-09,2026-10-09T17:00:48+00:00,1225,,,,IND,0,Frühbucher Plus,,
LU07281029,2026-10-09,2026-10-09T17:00:48+00:00,1125,,,,IND,0,Frühbucher Plus,,
LU08271016,2026-10-09,2026-10-09T17:00:48+00:00,,2295,,,IND,0,Frühbucher Plus | inkl. Flug | AIDAspecialOffer | Ab 2 Kabinen 10% sparen,,
LU09270607,2026-10-09,2026-10-09T17:00:48+00:00,1455,,,,IND,0,Frühbucher,,
LU09280929,2026-10-09,2026-10-09T17:00:48+00:00,1460,,,,IND,0,Frühbucher Plus,,
LU10270426,2026-10-09,2026-10-09T17:00:48+00:00,1400,,,,IND,0,Frühbucher Plus,,
LU11270506,2026-10-09,2026-10-09T17:00:48+00:00,1730,,,,IND,0,Frühbucher,,
LU12270922,2026-10-09,2026-10-09T17:00:48+00:00,1495,,,,IND,0,Frühbucher Plus | AIDAspecialOffer | Ab 2 Kabinen 10% sparen,,
LU12271004,2026-10-09,2026-10-09T17:00:48+00:00,1725,,,,IND,0,Frühbucher,,
LU12290227,2026-10-09,2026-10-09T17:00:48+00:00,1600,,,,IND,0,Frühbucher Plus | AIDAselection,,
LU13271024,2026-10-09,2026-10-09T17:00:48+00:00,,3775,,,INDAI,0,Frühbucher Plus | All inclusive | inkl. Flug,,
LU13280305,2026-10-09,2026-10-09T17:00:48+00:00,,2660,,,IND,0,Frühbucher Plus | inkl. Flug,,
LU13280422,2026-10-09,2026-10-09T17:00:48+00:00,,3710,,,IND,0,inkl. Flug | AIDAselection,,
LU14271106,2026-10-09,2026-10-09T17:00:48+00:00,,3345,,,IND,0,Frühbucher Plus | inkl. Hinflug | AIDAselection,,
LU14271120,2026-10-09,2026-10-09T17:00:48+00:00,,3150,,,INDAI,0,Frühbucher Plus | All inclusive | inkl. Flug,,
LU14271128,2026-10-09,2026-10-09T17:00:48+00:00,,2485,,,IND,0,Frühbucher Plus | inkl. Flug,,
LU14271204,2026-10-09,2026-10-09T17:00:48+00:00,,2875,,,IND,0,Frühbucher Plus | inkl. Flug,,
LU14271212,2026-10-09,2026-10-09T17:00:48+00:00,,3995,,,INDAI,0,Frühbucher Plus | All inclusive | inkl. Flug,,
LU14271218,2026-10-09,2026-10-09T17:00:48+00:00,,4030,,,IND,0,Frühbucher Plus | inkl. Flug,,
LU14271226,2026-10-09,2026-10-09T17:00:48+00:00,,3385,,,IND,0,Frühbucher Plus | inkl. Flug,,
LU14280101,2026-10-09,2026-10-09T17:00:48+00:00,,2925,,,IND,0,Frühbucher Plus | inkl. Flug,,
LU14280109,2026-10-09,2026-10-09T17:00:48+00:00,,2545,,,IND,0,Frühbucher Plus | inkl. Flug,,
LU14280115,2026-10-09,2026-10-09T17:00:48+00:00,,3425,,,IND,0,Frühbucher Plus | inkl. Flug,,
LU14280123,2026-10-09,2026-10-09T17:00:48+00:00,,3275,,,INDAI,0,Frühbucher Plus | All inclusive | inkl. Flug,,
LU14280129,2026-10-09,2026-10-09T17:00:48+00:00,,2555,,,IND,0,Frühbucher Plus | inkl. Flug,,
LU14280206,2026-10-09,2026-10-09T17:00:48+00:00,,3430,,,INDAI,0,Frühbucher Plus | All inclusive | inkl. Flug,,
LU14280212,2026-10-09,2026-10-09T17:00:48+00:00,,3565,,,INDAI,0,Frühbucher Plus | All inclusive | inkl. Flug,,
LU14280220,2026-10-09,2026-10-09T17:00:48+00:00,,2680,,,IND,0,Frühbucher Plus | inkl. Flug,,
LU14280226,2026-10-09,2026-10-09T17:00:48+00:00,,3030,,,IND,0,Frühbucher Plus | inkl. Flug,,
LU14280311,2026-10-09,2026-10-09T17:00:48+00:00,,2730,,,IND,0,Frühbucher Plus | inkl. Flug,,
LU14280318,2026-10-09,2026-10-09T17:00:48+00:00,,4045,,,COMAI,0,Frühbucher Plus | All inclusive | inkl. Flug,,
LU14280325,2026-10-09,2026-10-09T17:00:48+00:00,,2780,,,IND,0,Frühbucher Plus | inkl. Flug,,
LU14280401,2026-10-09,2026-10-09T17:00:48+00:00,,3645,,,INDAI,0,Frühbucher Plus | All inclusive | inkl. Flug,,
LU14280408,2026-10-09,2026-10-09T17:00:48+00:00,,3705,,,IND,0,Frühbucher Plus | inkl. Flug,,
LU14280528,2026-10-09,2026-10-09T17:00:48+00:00,1960,,,,IND,0,Frühbucher Plus | AIDAselection,,
LU14280611,2026-10-09,2026-10-09T17:00:48+00:00,1975,,,,IND,0,Frühbucher Plus | AIDAselection,,
LU14280710,2026-10-09,2026-10-09T17:00:48+00:00,2230,,,,IND,0,Frühbucher Plus | AIDAselection,,
LU14280813,2026-10-09,2026-10-09T17:00:48+00:00,2395,,,,IND,0,Frühbucher Plus | AIDAselection,,
LU14281008,2026-10-09,2026-10-09T17:00:48+00:00,2075,,,,IND,0,Frühbucher Plus | AIDAselection,,
LU14290311,2026-10-09,2026-10-09T17:00:48+00:00,1870,,,,IND,0,Frühbucher Plus | AIDAselection,,
LU15270705,2026-10-09,2026-10-09T17:00:48+00:00,2745,,,,IND,0,Frühbucher Plus,,
LU15280625,2026-10-09,2026-10-09T17:00:48+00:00,2315,,,,IND,0,Frühbucher Plus | AIDAselection,,
LU18280422,2026-10-09,2026-10-09T17:00:48+00:00,,4575,,,IND,0,Frühbucher Plus | inkl. Flug | AIDAselection,,
LU18280510,2026-10-09,2026-10-09T17:00:48+00:00,2145,,,,IND,0,Frühbucher Plus | AIDAselection,,
LU19270616,2026-10-09,2026-10-09T17:00:48+00:00,3475,,,,IND,0,,,
LU19270720,2026-10-09,2026-10-09T17:00:48+00:00,3425,,,,IND,0,Frühbucher Plus,,
LU19270903,2026-10-09,2026-10-09T17:00:48+00:00,3665,,,,IND,0,AIDAselection,,
LU20280415,2026-10-09,2026-10-09T17:00:48+00:00,,4465,,,IND,0,Frühbucher Plus | inkl. Flug | AIDAselection,,
LU20280724,2026-10-09,2026-10-09T17:00:48+00:00,3195,,,,IND,0,Frühbucher Plus | AIDAselection,,
LU21281218,2026-10-09,2026-10-09T17:00:48+00:00,2770,,,,IND,0,Frühbucher Plus | AIDAselection,,
LU22271106,2026-10-09,2026-10-09T17:00:48+00:00,,4200,,,IND,0,Frühbucher Plus | inkl. Flug | AIDAselection,,
LU23280505,2026-10-09,2026-10-09T17:00:48+00:00,2530,,,,IND,0,Frühbucher Plus | AIDAselection,,
LU25280415,2026-10-09,2026-10-09T17:00:48+00:00,,4905,,,IND,0,Frühbucher Plus | inkl. Flug | AIDAselection,,
LU27281105,2026-10-09,2026-10-09T17:00:48+00:00,3120,,,,IND,0,Frühbucher Plus | AIDAselection,,
LU36280422,2026-10-09,2026-10-09T16:44:36+00:00,,6000,,,IND,0,Frühbucher Plus | inkl. Flug | AIDAselection,,
LU43261107,2026-10-09,2026-10-09T17:00:48+00:00,3999,,,,CLA,0,AIDAselection | AIDAspecialOffer | Last Minute | Winterpause,,
LU43270110,2026-10-09,2026-10-09T17:00:48+00:00,4399,,,,CLA,0,AIDAselection | AIDAspecialOffer | Winterpause,,
LU43280415,2026-10-09,2026-10-09T17:00:48+00:00,,6920,,,IND,0,Frühbucher Plus | inkl. Flug | AIDAselection,,
LU50290108,2026-10-09,2026-10-09T17:00:48+00:00,6765,,,,IND,0,Frühbucher Plus | AIDAselection,,
MA03271014,2026-10-09,2026-10-09T17:00:48+00:00,595,,,,IND,0,Frühbucher Plus,,
MA03280521,2026-10-09,2026-10-09T17:00:48+00:00,510,,,,IND,0,Frühbucher Plus,,
MA03280707,2026-10-09,2026-10-09T17:00:48+00:00,595,,,,IND,0,Frühbucher Plus,,
MA03280710,2026-10-09,2026-10-09T17:00:48+00:00,555,,,,IND,0,Frühbucher Plus,,
MA04270506,2026-10-09,2026-10-09T17:00:48+00:00,770,,,,IND,0,Frühbucher Plus,,
MA04270510,2026-10-09,2026-10-09T17:00:48+00:00,705,,,,IND,0,,,
MA04270514,2026-10-09,2026-10-09T17:00:48+00:00,865,,,,IND,0,Frühbucher,,
MA04270606,2026-10-09,2026-10-09T17:00:48+00:00,670,,,,IND,0,Frühbucher Plus,,
MA04270726,2026-10-09,2026-10-09T17:00:48+00:00,795,,,,IND,0,Frühbucher Plus,,
MA04270818,2026-10-09,2026-10-09T17:00:48+00:00,795,,,,IND,0,Frühbucher Plus | AIDAspecialOffer | Ab 2 Kabinen 10% sparen,,
MA04271022,2026-10-09,2026-10-09T17:00:48+00:00,720,,,,IND,0,Frühbucher Plus,,
MA04280414,2026-10-09,2026-10-09T17:00:48+00:00,770,,,,IND,0,Frühbucher Plus,,
MA04280428,2026-10-09,2026-10-09T17:00:48+00:00,735,,,,IND,0,Frühbucher Plus,,
MA04280524,2026-10-09,2026-10-09T17:00:48+00:00,820,,,,IND,0,Frühbucher Plus,,
MA04280602,2026-10-09,2026-10-09T17:00:48+00:00,780,,,,IND,0,Frühbucher Plus,,
MA04280628,2026-10-09,2026-10-09T17:00:48+00:00,655,,,,IND,0,Frühbucher Plus,,
MA04280811,2026-10-09,2026-10-09T17:00:48+00:00,740,,,,IND,0,Frühbucher Plus,,
MA04280820,2026-10-09,2026-10-09T17:00:48+00:00,740,,,,IND,0,Frühbucher Plus,,
MA04280829,2026-10-09,2026-10-09T17:00:48+00:00,700,,,,IND,0,Frühbucher Plus,,
MA04280902,2026-10-09,2026-10-09T17:00:48+00:00,700,,,,IND,0,Frühbucher Plus,,
MA04281018,2026-10-09,2026-10-09T17:00:48+00:00,700,,,,IND,0,Frühbucher Plus,,
MA04281027,2026-10-09,2026-10-09T17:00:48+00:00,790,,,,IND,0,Frühbucher Plus,,
MA05270501,2026-10-09,2026-10-09T17:00:48+00:00,795,,,,IND,0,Frühbucher Plus,,
MA05270527,2026-10-09,2026-10-09T17:00:48+00:00,820,,,,IND,0,Frühbucher,,
MA05270601,2026-10-09,2026-10-09T17:00:48+00:00,775,,,,IND,0,Frühbucher Plus,,
MA05270610,2026-10-09,2026-10-09T17:00:48+00:00,795,,,,IND,0,Frühbucher Plus,,
MA05270721,2026-10-09,2026-10-09T17:00:48+00:00,895,,,,IND,0,Frühbucher Plus,,
MA05270808,2026-10-09,2026-10-09T17:00:48+00:00,895,,,,IND,0,Frühbucher Plus,,
MA05270813,2026-10-09,2026-10-09T17:00:48+00:00,895,,,,IND,0,Frühbucher Plus,,
MA05270913,2026-10-09,2026-10-09T17:00:48+00:00,745,,,,IND,0,Frühbucher Plus,,
MA05270918,2026-10-09,2026-10-09T17:00:48+00:00,765,,,,IND,0,Frühbucher Plus,,
MA05271009,2026-10-09,2026-10-09T17:00:48+00:00,855,,,,IND,0,Frühbucher Plus,,
MA05271017,2026-10-09,2026-10-09T17:00:48+00:00,880,,,,IND,0,Frühbucher,,
MA05271026,2026-10-09,2026-10-09T17:00:48+00:00,855,,,,IND,0,Frühbucher Plus,,
MA05271031,2026-10-09,2026-10-09T17:00:48+00:00,770,,,,IND,0,Frühbucher Plus,,
MA05280418,2026-10-09,2026-10-09T17:00:48+00:00,915,,,,IND,0,Frühbucher Plus,,
MA05280423,2026-10-09,2026-10-09T17:00:48+00:00,765,,,,IND,0,Frühbucher Plus,,
MA05280528,2026-10-09,2026-10-09T17:00:48+00:00,785,,,,IND,0,Frühbucher Plus,,
MA05280606,2026-10-09,2026-10-09T17:00:48+00:00,845,,,,IND,0,Frühbucher Plus,,
MA05280611,2026-10-09,2026-10-09T17:00:48+00:00,800,,,,IND,0,Frühbucher Plus,,
MA05280702,2026-10-09,2026-10-09T17:00:48+00:00,845,,,,IND,0,Frühbucher Plus,,
MA05280722,2026-10-09,2026-10-09T17:00:48+00:00,905,,,,IND,0,Frühbucher Plus,,
MA05280727,2026-10-09,2026-10-09T17:00:48+00:00,925,,,,IND,0,Frühbucher Plus,,
MA05280815,2026-10-09,2026-10-09T17:00:48+00:00,885,,,,IND,0,Frühbucher Plus,,
MA05280824,2026-10-09,2026-10-09T17:00:48+00:00,865,,,,IND,0,Frühbucher Plus,,
MA05280928,2026-10-09,2026-10-09T17:00:48+00:00,820,,,,IND,0,Frühbucher Plus,,
MA05281013,2026-10-09,2026-10-09T17:00:48+00:00,800,,,,IND,0,Frühbucher Plus,,
MA05281022,2026-10-09,2026-10-09T17:00:48+00:00,875,,,,IND,0,Frühbucher Plus,,
MA06271003,2026-10-09,2026-10-09T17:00:48+00:00,915,,,,IND,0,Frühbucher Plus | AIDAspecialOffer | Ab 2 Kabinen 10% sparen,,
MA07261025,2026-10-09,2026-10-09T17:00:48+00:00,799,,,,CLA,0,AIDAspecialOffer | Last Minute,,
MA07261220,2026-10-09,2026-10-09T17:00:48+00:00,929,,,,CLA,0,AIDAspecialOffer | Winterpause,,
MA07261227,2026-10-09,2026-10-09T17:00:48+00:00,,1880,,,IND,0,inkl. Flug,,
MA07270103,2026-10-09,2026-10-09T17:00:48+00:00,599,,,,CLA,0,AIDAspecialOffer | Winterpause,,
MA07270122,2026-10-09,2026-10-09T17:00:48+00:00,765,,,,IND,0,Frühbucher Plus,,
MA07270124,2026-10-09,2026-10-09T17:00:48+00:00,579,,,,CLA,0,AIDAspecialOffer | Winterpause,,
MA07270129,2026-10-09,2026-10-09T17:00:48+00:00,765,,,,IND,0,Frühbucher Plus,,
MA07270131,2026-10-09,2026-10-09T17:00:48+00:00,599,,,,LIG,0,AIDAspecialOffer | Winterpause,,
MA07270205,2026-10-09,2026-10-09T17:00:48+00:00,765,,,,IND,0,Frühbucher Plus,,
MA07270207,2026-10-09,2026-10-09T17:00:48+00:00,679,,,,CLA,0,AIDAspecialOffer | Winterpause,,
MA07270212,2026-10-09,2026-10-09T17:00:48+00:00,745,,,,IND,0,Frühbucher Plus,,
MA07270214,2026-10-09,2026-10-09T17:00:48+00:00,629,,,,CLA,0,AIDAspecialOffer | Winterpause,,
MA07270219,2026-10-09,2026-10-09T17:00:48+00:00,725,,,,IND,0,Frühbucher Plus,,
MA07270221,2026-10-09,2026-10-09T17:00:48+00:00,649,,,,CLA,0,AIDAspecialOffer | Winterpause,,
MA07270226,2026-10-09,2026-10-09T17:00:48+00:00,725,,,,IND,0,Frühbucher Plus,,
MA07270228,2026-10-09,2026-10-09T17:00:48+00:00,649,,,,CLA,0,AIDAspecialOffer | Winterpause,,
MA07270305,2026-10-09,2026-10-09T17:00:48+00:00,725,,,,IND,0,Frühbucher Plus,,
MA07270307,2026-10-09,2026-10-09T17:00:48+00:00,679,,,,CLA,0,AIDAspecialOffer | Winterpause,,
MA07270312,2026-10-09,2026-10-09T17:00:48+00:00,725,,,,IND,0,Frühbucher Plus,,
MA07270314,2026-10-09,2026-10-09T17:00:48+00:00,679,,,,CLA,0,AIDAspecialOffer | Winterpause,,
MA07270319,2026-10-09,2026-10-09T17:00:48+00:00,945,,,,IND,0,Frühbucher Plus,,
MA07270321,2026-10-09,2026-10-09T17:00:48+00:00,899,,,,CLA,0,AIDAspecialOffer | Winterpause,,
MA07270326,2026-10-09,2026-10-09T17:00:48+00:00,975,,,,IND,0,Frühbucher Plus,,
MA07270328,2026-10-09,2026-10-09T17:00:48+00:00,899,,,,CLA,0,AIDAspecialOffer | Winterpause,,
MA07270402,2026-10-09,2026-10-09T17:00:48+00:00,745,,,,IND,0,Frühbucher Plus,,
MA07270404,2026-10-09,2026-10-09T17:00:48+00:00,699,,,,CLA,0,AIDAspecialOffer | Winterpause,,
MA07270424,2026-10-09,2026-10-09T17:00:48+00:00,935,,,,IND,0,Frühbucher Plus | AIDAspecialOffer | Ab 2 Kabinen 10% sparen,,
MA07280521,2026-10-09,2026-10-09T17:00:48+00:00,1330,,,,IND,0,Frühbucher Plus,,
MA08270510,2026-10-09,2026-10-09T17:00:48+00:00,1390,,,,IND,0,Frühbucher Plus,,
MA08271009,2026-10-09,2026-10-09T17:00:48+00:00,1460,,,,IND,0,Frühbucher Plus,,
MA08280702,2026-10-09,2026-10-09T17:00:48+00:00,1440,,,,IND,0,Frühbucher Plus,,
MA08280829,2026-10-09,2026-10-09T17:00:48+00:00,1400,,,,IND,0,Frühbucher Plus,,
MA09270122,2026-10-09,2026-10-09T17:00:48+00:00,1115,,,,IND,0,Frühbucher Plus,,
MA09270129,2026-10-09,2026-10-09T17:00:48+00:00,799,,,,CLA,0,AIDAspecialOffer | Winterpause,,
MA09270205,2026-10-09,2026-10-09T17:00:48+00:00,899,,,,CLA,0,AIDAspecialOffer | Winterpause,,
MA09270212,2026-10-09,2026-10-09T17:00:48+00:00,879,,,,CLA,0,AIDAspecialOffer | Winterpause,,
MA09270219,2026-10-09,2026-10-09T17:00:48+00:00,960,,,,IND,0,Frühbucher Plus,,
MA09270226,2026-10-09,2026-10-09T17:00:48+00:00,899,,,,CLA,0,AIDAspecialOffer | Winterpause,,
MA09270305,2026-10-09,2026-10-09T17:00:48+00:00,899,,,,CLA,0,AIDAspecialOffer | Winterpause,,
MA09270312,2026-10-09,2026-10-09T17:00:48+00:00,1005,,,,IND,0,Frühbucher,,
MA09270319,2026-10-09,2026-10-09T17:00:48+00:00,949,,,,CLA,0,AIDAspecialOffer | Winterpause,,
MA09270326,2026-10-09,2026-10-09T17:00:48+00:00,1099,,,,CLA,0,AIDAspecialOffer | Winterpause,,
MA09270402,2026-10-09,2026-10-09T17:00:48+00:00,999,,,,CLA,0,AIDAspecialOffer | Winterpause,,
MA09270501,2026-10-09,2026-10-09T17:00:48+00:00,1535,,,,IND,0,Frühbucher Plus,,
MA09270518,2026-10-09,2026-10-09T17:00:48+00:00,1370,,,,IND,0,Frühbucher Plus | AIDAspecialOffer | Ab 2 Kabinen 10% sparen,,
MA09270606,2026-10-09,2026-10-09T17:00:48+00:00,1435,,,,IND,0,Frühbucher Plus,,
MA09270721,2026-10-09,2026-10-09T17:00:48+00:00,1660,,,,IND,0,Frühbucher Plus,,
MA09270730,2026-10-09,2026-10-09T17:00:48+00:00,1615,,,,IND,0,Frühbucher Plus | AIDAspecialOffer | Ab 2 Kabinen 10% sparen,,
MA09271017,2026-10-09,2026-10-09T16:44:36+00:00,1545,,,,IND,0,Frühbucher Plus,,
MA09280414,2026-10-09,2026-10-09T17:00:48+00:00,1655,,,,IND,0,Frühbucher Plus,,
MA09280423,2026-10-09,2026-10-09T17:00:48+00:00,1470,,,,IND,0,Frühbucher Plus,,
MA09280502,2026-10-09,2026-10-09T17:00:48+00:00,1260,,,,IND,0,Frühbucher Plus,,
MA09280524,2026-10-09,2026-10-09T17:00:48+00:00,1575,,,,IND,0,Frühbucher Plus,,
MA09280602,2026-10-09,2026-10-09T17:00:48+00:00,1595,,,,IND,0,Frühbucher Plus,,
MA09280628,2026-10-09,2026-10-09T17:00:48+00:00,1470,,,,IND,0,Frühbucher Plus,,
MA09280713,2026-10-09,2026-10-09T17:00:48+00:00,1540,,,,IND,0,Frühbucher Plus,,
MA09280811,2026-10-09,2026-10-09T17:00:48+00:00,1595,,,,IND,0,Frühbucher Plus,,
MA09280820,2026-10-09,2026-10-09T17:00:48+00:00,1575,,,,IND,0,Frühbucher Plus,,
MA09280824,2026-10-09,2026-10-09T17:00:48+00:00,1535,,,,IND,0,Frühbucher Plus,,
MA09281013,2026-10-09,2026-10-09T17:00:48+00:00,1470,,,,IND,0,Frühbucher Plus,,
MA09281022,2026-10-09,2026-10-09T17:00:48+00:00,1635,,,,IND,0,Frühbucher Plus,,
MA10270527,2026-10-09,2026-10-09T17:00:48+00:00,1540,,,,IND,0,Frühbucher Plus,,
MA10270711,2026-10-09,2026-10-09T17:00:48+00:00,1935,,,,IND,0,,,
MA10270808,2026-10-09,2026-10-09T17:00:48+00:00,1820,,,,IND,0,Frühbucher,,
MA10270822,2026-10-09,2026-10-09T17:00:48+00:00,1695,,,,IND,0,Frühbucher,,
MA10270913,2026-10-09,2026-10-09T17:00:48+00:00,1480,,,,IND,0,Frühbucher Plus,,
MA10270923,2026-10-09,2026-10-09T17:00:48+00:00,1470,,,,IND,0,Frühbucher Plus,,
MA10280418,2026-10-09,2026-10-09T17:00:48+00:00,1650,,,,IND,0,Frühbucher Plus,,
MA10280511,2026-10-09,2026-10-09T17:00:48+00:00,1590,,,,IND,0,Frühbucher Plus,,
MA10280606,2026-10-09,2026-10-09T17:00:48+00:00,1615,,,,IND,0,Frühbucher Plus,,
MA10280722,2026-10-09,2026-10-09T17:00:48+00:00,1800,,,,IND,0,Frühbucher Plus | AIDAselection,,
MA10280801,2026-10-09,2026-10-09T17:00:48+00:00,1760,,,,IND,0,Frühbucher Plus,,
MA10280906,2026-10-09,2026-10-09T17:00:48+00:00,1490,,,,IND,0,Frühbucher Plus,,
MA10281003,2026-10-09,2026-10-09T17:00:48+00:00,1415,,,,IND,0,Frühbucher Plus,,
MA12270110,2026-10-09,2026-10-09T17:00:48+00:00,1080,,,,IND,0,Frühbucher Plus | AIDAselection,,
MA12270124,2026-10-09,2026-10-09T17:00:48+00:00,1049,,,,CLA,0,AIDAspecialOffer | Winterpause,,
MA12270131,2026-10-09,2026-10-09T17:00:48+00:00,1149,,,,CLA,0,AIDAspecialOffer | Winterpause,,
MA12270207,2026-10-09,2026-10-09T17:00:48+00:00,1360,,,,IND,0,Frühbucher Plus,,
MA12270214,2026-10-09,2026-10-09T17:00:48+00:00,1049,,,,CLA,0,AIDAspecialOffer | Winterpause,,
MA12270221,2026-10-09,2026-10-09T17:00:48+00:00,1149,,,,CLA,0,AIDAspecialOffer | Winterpause,,
MA12270228,2026-10-09,2026-10-09T17:00:48+00:00,1535,,,,IND,0,,,
MA12270307,2026-10-09,2026-10-09T17:00:48+00:00,1725,,,,IND,0,,,
MA12270314,2026-10-09,2026-10-09T17:00:48+00:00,1299,,,,CLA,0,AIDAspecialOffer | Winterpause,,
MA12270321,2026-10-09,2026-10-09T17:00:48+00:00,1549,,,,CLA,0,AIDAspecialOffer | Winterpause,,
MA12270328,2026-10-09,2026-10-09T17:00:48+00:00,1399,,,,CLA,0,AIDAspecialOffer | Winterpause,,
MA12270615,2026-10-09,2026-10-09T17:00:48+00:00,1815,,,,IND,0,Frühbucher Plus,,
MA12270901,2026-10-09,2026-10-09T17:00:48+00:00,1815,,,,IND,0,Frühbucher Plus,,
MA12280616,2026-10-09,2026-10-09T17:00:48+00:00,1875,,,,IND,0,Frühbucher Plus | AIDAselection,,
MA12280916,2026-10-09,2026-10-09T17:00:48+00:00,1875,,,,IND,0,Frühbucher Plus,,
MA13270411,2026-10-09,2026-10-09T17:00:48+00:00,1540,,,,IND,0,Frühbucher Plus | AIDAselection,,
MA13280401,2026-10-09,2026-10-09T17:00:48+00:00,1735,,,,IND,0,Frühbucher Plus,,
MA14261011,2026-10-09,2026-10-09T17:00:48+00:00,1399,,,,CLA,0,AIDAselection,,
MA14261220,2026-10-09,2026-10-09T17:00:48+00:00,2615,,,,IND,0,Frühbucher | AIDAselection,,
MA14270110,2026-10-09,2026-10-09T17:00:48+00:00,1225,,,,IND,0,Frühbucher Plus | AIDAselection,,
MA14270124,2026-10-09,2026-10-09T17:00:48+00:00,1349,,,,CLA,0,,,
MA14270131,2026-10-09,2026-10-09T17:00:48+00:00,1449,,,,CLA,0,,,
MA14270207,2026-10-09,2026-10-09T17:00:48+00:00,1449,,,,CLA,0,,,
MA14270214,2026-10-09,2026-10-09T17:00:48+00:00,1429,,,,CLA,0,,,
MA14270221,2026-10-09,2026-10-09T17:00:48+00:00,1399,,,,CLA,0,,,
MA14270228,2026-10-09,2026-10-09T17:00:48+00:00,1450,,,,IND,0,Frühbucher Plus,,
MA14270307,2026-10-09,2026-10-09T17:00:48+00:00,1450,,,,IND,0,Frühbucher Plus,,
MA14270314,2026-10-09,2026-10-09T17:00:48+00:00,1670,,,,IND,0,Frühbucher Plus,,
MA14270321,2026-10-09,2026-10-09T17:00:48+00:00,1920,,,,IND,0,Frühbucher Plus,,
MA14270328,2026-10-09,2026-10-09T17:00:48+00:00,1720,,,,IND,0,Frühbucher Plus,,
MA14270627,2026-10-09,2026-10-09T17:00:48+00:00,2470,,,,IND,0,Frühbucher | AIDAspecials,,
MA14280318,2026-10-09,2026-10-09T17:00:48+00:00,1710,,,,IND,0,Frühbucher Plus,,
MA15270409,2026-10-09,2026-10-09T17:00:48+00:00,1745,,,,IND,0,Frühbucher Plus | AIDAselection,,
MA19270110,2026-10-09,2026-10-09T17:00:48+00:00,1790,,,,IND,0,Frühbucher Plus | AIDAselection,,
MA21271219,2026-10-09,2026-10-09T17:00:48+00:00,2745,,,,IND,0,Frühbucher | AIDAselection,,
MA21280109,2026-10-09,2026-10-09T17:00:48+00:00,2320,,,,IND,0,Frühbucher Plus | AIDAselection,,
MA44271105,2026-10-09,2026-10-09T17:00:48+00:00,5245,,,,IND,0,AIDAselection,,
MA48280130,2026-10-09,2026-10-09T17:00:48+00:00,7195,,,,IND,0,AIDAselection,,
MSA266162SEE,2026-10-09,2026-10-09T16:53:19+00:00,1599,$undefined,Interior,PUR Innenkabine,PUR,0,,2299,
MSA2661SEE,2026-10-09,2026-10-09T16:53:19+00:00,2199,$undefined,Outside,Außenkabine Kategorie B,PRO,0,,2199,
MSA266263SEE,2026-10-09,2026-10-09T16:53:19+00:00,1579,2324,Outside,Außenkabine Kategorie B,PRO,0,,1579,
MSA266364SEE,2026-10-09,2026-10-09T16:53:19+00:00,1399,$undefined,Interior,Innenkabine Kategorie B,PRO,0,,1529,
MSA266465SEE,2026-10-09,2026-10-09T16:53:19+00:00,2899,$undefined,JuniorSuite,Junior Suite Balkon B,PRO,0,,,
MSA266566SEE,2026-10-09,2026-10-09T16:53:19+00:00,969,1469,Outside,PUR Außenkabine,PUR,0,,969,
MSA266667SEE,2026-10-09,2026-10-09T16:53:19+00:00,999,1549,Balcony,PUR Balkonkabine,PUR,0,,,999
MSA266768SEE,2026-10-09,2026-10-09T16:53:19+00:00,1119,1619,Balcony,PUR Balkonkabine,PUR,0,,,1119
MSA266869SEE,2026-10-09,2026-10-09T16:53:19+00:00,879,1429,Balcony,PUR Balkonkabine,PUR,0,,1129,879
MSA266970SEE,2026-10-09,2026-10-09T16:53:19+00:00,1469,1469,Interior,Innenkabine Kategorie B,PRO,0,,1539,1469
MSA267071SEE,2026-10-09,2026-10-09T16:53:19+00:00,799,1349,Interior,PLUS Innenkabine,PLUS,0,,849,879
MSA267172SEE,2026-10-09,2026-10-09T16:53:19+00:00,1369,1369,Interior,PLUS Innenkabine,PLUS,0,,1419,1399
MSA267273SEE,2026-10-09,2026-10-09T16:53:19+00:00,1469,1469,Interior,PLUS Innenkabine,PLUS,0,,,1519
MSA267374SEE,2026-10-09,2026-10-09T16:53:19+00:00,1589,1589,Balcony,PLUS Balkonkabine,PLUS,0,,,1589
MSA267475SEE,2026-10-09,2026-10-09T16:53:19+00:00,1199,2049,Interior,PLUS Innenkabine,PLUS,0,,,1299
MSA267501SEE,2026-10-09,2026-10-09T16:53:19+00:00,1849,2809,Balcony,PLUS Balkonkabine,PLUS,0,,2029,1849
MSA270102SEE,2026-10-09,2026-10-09T16:53:19+00:00,1649,1649,Interior,PLUS Innenkabine,PLUS,0,,1829,1799
MSA270203SEE,2026-10-09,2026-10-09T16:53:19+00:00,849,1419,Interior,PLUS Innenkabine,PLUS,0,,899,949
MSA270304SEE,2026-10-09,2026-10-09T16:53:19+00:00,899,1449,Interior,PLUS Innenkabine,PLUS,0,,,1099
MSA270405SEE,2026-10-09,2026-10-09T16:53:19+00:00,1389,1389,Interior,Innenkabine Kategorie A,PRO,0,,,
MSA270506SEE,2026-10-09,2026-10-09T16:53:19+00:00,1499,1499,Interior,Innenkabine Kategorie B,PRO,0,,,1549
MSA270607SEE,2026-10-09,2026-10-09T16:53:19+00:00,1489,1489,Balcony,PLUS Balkonkabine,PLUS,0,,,1489
MSA270708SEE,2026-10-09,2026-10-09T16:53:19+00:00,999,1549,Balcony,PLUS Balkonkabine,PLUS,0,,,999
MSA270809SEE,2026-10-09,2026-10-09T16:53:19+00:00,829,1379,Interior,Innenkabine Kategorie B,PRO,0,,,929
MSA270910SEE,2026-10-09,2026-10-09T16:53:19+00:00,799,1349,Outside,PLUS Außenkabine,PLUS,0,,799,849
MSA271011SEE,2026-10-09,2026-10-09T16:53:19+00:00,759,1359,Interior,PLUS Innenkabine,PLUS,0,,829,879
MSA271112SEE,2026-10-09,2026-10-09T16:53:19+00:00,799,1349,Interior,PLUS Innenkabine,PLUS,0,,849,949
MSA271213SEE,2026-10-09,2026-10-09T16:53:19+00:00,899,1529,Interior,PLUS Innenkabine,PLUS,0,,949,999
MSA271314SEE,2026-10-09,2026-10-09T16:53:19+00:00,849,1399,Interior,PLUS Innenkabine,PLUS,0,,929,949
MSA271415SEE,2026-10-09,2026-10-09T16:53:19+00:00,849,1419,Interior,PLUS Innenkabine,PLUS,0,,899,949
MSA271516SEE,2026-10-09,2026-10-09T16:53:19+00:00,829,1379,Interior,PLUS Innenkabine,PLUS,0,,879,929
MSA271617SEE,2026-10-09,2026-10-09T16:53:19+00:00,799,1369,Interior,PLUS Innenkabine,PLUS,0,,849,899
MSA271718SEE,2026-10-09,2026-10-09T16:53:19+00:00,799,1349,Interior,PLUS Innenkabine,PLUS,0,,849,899
MSA271819SEE,2026-10-09,2026-10-09T16:53:19+00:00,829,1399,Interior,Innenkabine Kategorie B,PRO,0,,849,899
MSA271920SEE,2026-10-09,2026-10-09T16:53:19+00:00,799,1349,Interior,PLUS Innenkabine,PLUS,0,,849,899
MSA272021SEE,2026-10-09,2026-10-09T16:53:19+00:00,849,1419,Interior,PLUS Innenkabine,PLUS,0,,929,999
MSA272122SEE,2026-10-09,2026-10-09T16:53:19+00:00,799,1349,Interior,PLUS Innenkabine,PLUS,0,,879,929
MSA272223SEE,2026-10-09,2026-10-09T16:53:19+00:00,849,1419,Interior,PLUS Innenkabine,PLUS,0,,929,999
MSA272324SEE,2026-10-09,2026-10-09T16:53:19+00:00,899,1449,Interior,PLUS Innenkabine,PLUS,0,,999,1099
MSA272425SEE,2026-10-09,2026-10-09T16:53:19+00:00,1299,2089,Interior,Innenkabine Kategorie B,PRO,0,,1379,1499
MSA272526SEE,2026-10-09,2026-10-09T16:53:19+00:00,1149,1859,Interior,Innenkabine Kategorie B,PRO,0,,1249,1349
MSA272627SEE,2026-10-09,2026-10-09T16:53:19+00:00,1049,1839,Interior,Innenkabine Kategorie B,PRO,0,,1149,1249
MSA272728SEE,2026-10-09,2026-10-09T16:53:19+00:00,979,1529,Interior,Innenkabine Kategorie C,PRO,0,,1079,1199
MSA272829SEE,2026-10-09,2026-10-09T16:53:19+00:00,949,1519,Interior,Innenkabine Kategorie B,PRO,0,,1029,1149
MSA272930SEE,2026-10-09,2026-10-09T16:53:19+00:00,1029,1579,Interior,Innenkabine Kategorie C,PRO,0,,1099,1229
MSA273031SEE,2026-10-09,2026-10-09T16:53:19+00:00,1029,1599,Interior,Innenkabine Kategorie C,PRO,0,,1129,1229
MSA273132SEE,2026-10-09,2026-10-09T16:53:19+00:00,1049,1599,Interior,Innenkabine Kategorie B,PRO,0,,1129,1249
MSA273233SEE,2026-10-09,2026-10-09T16:53:19+00:00,1129,1699,Interior,Innenkabine Kategorie B,PRO,0,,1229,1329
MSA273334SEE,2026-10-09,2026-10-09T16:53:19+00:00,1849,2379,Interior,Innenkabine Kategorie B,PRO,0,,1999,2179
MSA2734SEE,2026-10-09,2026-10-09T16:53:19+00:00,1549,2089,Interior,Innenkabine Kategorie C,PRO,0,,1729,1879
MSA2735SEE,2026-10-09,2026-10-09T16:53:19+00:00,929,$undefined,Interior,Innenkabine Kategorie B,PRO,0,,,1109
MSA2736SEE,2026-10-09,2026-10-09T16:53:19+00:00,1429,1849,Interior,Innenkabine Kategorie A,PRO,0,,1579,1699
MSA2737SEE,2026-10-09,2026-10-09T16:53:19+00:00,1499,1919,Interior,Innenkabine Kategorie A,PRO,0,,,1779
MSA2738SEE,2026-10-09,2026-10-09T16:53:19+00:00,1429,1849,Interior,Innenkabine Kategorie A,PRO,0,,1599,1699
MSA2739SEE,2026-10-09,2026-10-09T16:53:19+00:00,1379,1799,Interior,Innenkabine Kategorie A,PRO,0,,1449,1649
MSA2740SEE,2026-10-09,2026-10-09T16:53:19+00:00,1329,1794,Interior,Innenkabine Kategorie B,PRO,0,,1449,1599
MSA2741SEE,2026-10-09,2026-10-09T16:53:19+00:00,1399,1819,Interior,Innenkabine Kategorie A,PRO,0,,1529,1649
MSA2742SEE,2026-10-09,2026-10-09T16:53:19+00:00,749,$undefined,Interior,Innenkabine Kategorie B,PRO,0,,799,859
MSA2744SEE,2026-10-09,2026-10-09T16:53:19+00:00,1979,2409,Interior,Innenkabine Kategorie B,PRO,0,,2249,2449
MSA2745SEE,2026-10-09,2026-10-09T16:53:19+00:00,2329,2774,Interior,Innenkabine Kategorie B,PRO,0,,2599,2829
MSA2746SEE,2026-10-09,2026-10-09T16:53:19+00:00,2929,$undefined,Interior,Innenkabine Kategorie B,PRO,0,,3249,3699
MSA2747SEE,2026-10-09,2026-10-09T16:53:19+00:00,2079,2499,Interior,Innenkabine Kategorie B,PRO,0,,2279,2549
MSA2748SEE,2026-10-09,2026-10-09T16:53:19+00:00,2099,2519,Interior,Innenkabine Kategorie C,PRO,0,,2349,2549
MSA2749SEE,2026-10-09,2026-10-09T16:53:19+00:00,1429,1849,Interior,Innenkabine Kategorie B,PRO,0,,1599,1699
MSA2750SEE,2026-10-09,2026-10-09T16:53:19+00:00,1419,1839,Interior,Innenkabine Kategorie B,PRO,0,,1599,1719
MSA2751SEE,2026-10-09,2026-10-09T16:53:19+00:00,1299,1719,Interior,Innenkabine Kategorie B,PRO,0,,1449,1549
MSA2752SEE,2026-10-09,2026-10-09T16:53:19+00:00,1229,1649,Interior,Innenkabine Kategorie B,PRO,0,,1379,1459
MSA2753SEE,2026-10-09,2026-10-09T16:53:19+00:00,1829,2249,Interior,Innenkabine Kategorie B,PRO,0,,2099,2199
MSA2754SEE,2026-10-09,2026-10-09T16:53:19+00:00,1299,1719,Interior,Innenkabine Kategorie B,PRO,0,,1479,1549
MSA2755SEE,2026-10-09,2026-10-09T16:53:19+00:00,1179,1599,Interior,Innenkabine Kategorie B,PRO,0,,1399,1499
MSA2756SEE,2026-10-09,2026-10-09T16:53:19+00:00,1369,1789,Interior,Innenkabine Kategorie C,PRO,0,,1599,1749
MSA275758SEE,2026-10-09,2026-10-09T16:53:19+00:00,1829,2359,Interior,Innenkabine Kategorie C,PRO,0,,1999,2179
MSA2757SEE,2026-10-09,2026-10-09T16:53:19+00:00,1499,2019,Interior,Innenkabine Kategorie C,PRO,0,,1649,1799
MSA275859SEE,2026-10-09,2026-10-09T16:53:19+00:00,999,1579,Interior,Innenkabine Kategorie C,PRO,0,,1099,1199
MSA275960SEE,2026-10-09,2026-10-09T16:53:19+00:00,1049,1619,Interior,Innenkabine Kategorie B,PRO,0,,1099,1199
MSA276061SEE,2026-10-09,2026-10-09T16:53:19+00:00,949,1499,Interior,Innenkabine Kategorie C,PRO,0,,1049,1149
MSA276162SEE,2026-10-09,2026-10-09T16:53:19+00:00,949,1519,Interior,Innenkabine Kategorie C,PRO,0,,1049,1149
MSA276263SEE,2026-10-09,2026-10-09T16:53:19+00:00,899,1449,Interior,Innenkabine Kategorie C,PRO,0,,999,1099
MSA276364SEE,2026-10-09,2026-10-09T16:53:19+00:00,929,1499,Interior,Innenkabine Kategorie C,PRO,0,,1029,1129
MSA276465SEE,2026-10-09,2026-10-09T16:53:19+00:00,879,1429,Interior,Innenkabine Kategorie B,PRO,0,,929,1029
MSA276566SEE,2026-10-09,2026-10-09T16:53:19+00:00,849,1419,Interior,Innenkabine Kategorie C,PRO,0,,949,1029
MSA276667SEE,2026-10-09,2026-10-09T16:53:19+00:00,799,1349,Interior,Innenkabine Kategorie C,PRO,0,,899,979
MSA276768SEE,2026-10-09,2026-10-09T16:53:19+00:00,829,1399,Interior,Innenkabine Kategorie C,PRO,0,,899,999
MSA276869SEE,2026-10-09,2026-10-09T16:53:19+00:00,779,1329,Interior,Innenkabine Kategorie C,PRO,0,,879,949
MSA276970SEE,2026-10-09,2026-10-09T16:53:19+00:00,799,1369,Interior,Innenkabine Kategorie C,PRO,0,,879,979
MSA277071SEE,2026-10-09,2026-10-09T16:53:19+00:00,749,1299,Interior,Innenkabine Kategorie C,PRO,0,,829,929
MSA277172SEE,2026-10-09,2026-10-09T16:53:19+00:00,779,1349,Interior,Innenkabine Kategorie C,PRO,0,,849,929
MSA277273SEE,2026-10-09,2026-10-09T16:53:19+00:00,1499,2079,Interior,Innenkabine Kategorie C,PRO,0,,1649,1799
MSA277374SEE,2026-10-09,2026-10-09T16:53:19+00:00,1429,2039,Interior,Innenkabine Kategorie C,PRO,0,,1579,1699
MSA277475SEE,2026-10-09,2026-10-09T16:53:19+00:00,1949,2769,Interior,Innenkabine Kategorie C,PRO,0,,2129,2329
MSA277501SEE,2026-10-09,2026-10-09T16:53:19+00:00,2149,2979,Interior,Innenkabine Kategorie C,PRO,0,,2349,2549
MSA280102SEE,2026-10-09,2026-10-09T16:53:19+00:00,699,1249,Interior,Innenkabine Kategorie C,PRO,0,,779,849
MSA280203SEE,2026-10-09,2026-10-09T16:53:19+00:00,729,1299,Interior,Innenkabine Kategorie C,PRO,0,,799,879
MSA280304SEE,2026-10-09,2026-10-09T16:53:19+00:00,729,1279,Interior,Innenkabine Kategorie C,PRO,0,,799,879
MSA280405SEE,2026-10-09,2026-10-09T16:53:19+00:00,749,1319,Interior,Innenkabine Kategorie C,PRO,0,,829,899
MSA280506SEE,2026-10-09,2026-10-09T16:53:19+00:00,699,1249,Interior,Innenkabine Kategorie C,PRO,0,,779,849
MSA280607SEE,2026-10-09,2026-10-09T16:53:19+00:00,729,1299,Interior,Innenkabine Kategorie C,PRO,0,,799,879
MSA280708SEE,2026-10-09,2026-10-09T16:53:19+00:00,729,1279,Interior,Innenkabine Kategorie C,PRO,0,,799,879
MSA280809SEE,2026-10-09,2026-10-09T16:53:19+00:00,749,1319,Interior,Innenkabine Kategorie C,PRO,0,,829,929
MSA280910SEE,2026-10-09,2026-10-09T16:53:19+00:00,729,1279,Interior,Innenkabine Kategorie C,PRO,0,,829,899
MSA281011SEE,2026-10-09,2026-10-09T16:53:19+00:00,779,1349,Interior,Innenkabine Kategorie C,PRO,0,,849,929
MSA281112SEE,2026-10-09,2026-10-09T16:53:19+00:00,749,1299,Interior,Innenkabine Kategorie C,PRO,0,,829,929
MSA281213SEE,2026-10-09,2026-10-09T16:53:19+00:00,799,1369,Interior,Innenkabine Kategorie C,PRO,0,,879,949
MSA281314SEE,2026-10-09,2026-10-09T16:53:19+00:00,779,1329,Interior,Innenkabine Kategorie C,PRO,0,,849,929
MSA281415SEE,2026-10-09,2026-10-09T16:53:19+00:00,799,1369,Interior,Innenkabine Kategorie C,PRO,0,,879,949
MSA281516SEE,2026-10-09,2026-10-09T16:53:19+00:00,799,1349,Interior,Innenkabine Kategorie C,PRO,0,,879,979
MSA281617SEE,2026-10-09,2026-10-09T16:53:19+00:00,829,1399,Interior,Innenkabine Kategorie C,PRO,0,,899,999
MSA281718SEE,2026-10-09,2026-10-09T16:53:19+00:00,799,1349,Interior,Innenkabine Kategorie C,PRO,0,,879,979
MSA281819SEE,2026-10-09,2026-10-09T16:53:19+00:00,799,1369,Interior,Innenkabine Kategorie C,PRO,0,,899,979
MSA281920SEE,2026-10-09,2026-10-09T16:53:19+00:00,799,1349,Interior,Innenkabine Kategorie C,PRO,0,,879,979
MSA282021SEE,2026-10-09,2026-10-09T16:53:19+00:00,799,1369,Interior,Innenkabine Kategorie C,PRO,0,,899,979
MSA282122SEE,2026-10-09,2026-10-09T16:53:19+00:00,799,1349,Interior,Innenkabine Kategorie C,PRO,0,,879,979
MSA282223SEE,2026-10-09,2026-10-09T16:53:19+00:00,799,1369,Interior,Innenkabine Kategorie C,PRO,0,,899,979
MSA282324SEE,2026-10-09,2026-10-09T16:53:19+00:00,879,1429,Interior,Innenkabine Kategorie C,PRO,0,,949,1049
MSA282425SEE,2026-10-09,2026-10-09T16:53:19+00:00,879,1449,Interior,Innenkabine Kategorie C,PRO,0,,979,1079
MSA282526SEE,2026-10-09,2026-10-09T16:53:19+00:00,899,1449,Interior,Innenkabine Kategorie C,PRO,0,,999,1099
MSA282627SEE,2026-10-09,2026-10-09T16:53:19+00:00,949,1519,Interior,Innenkabine Kategorie C,PRO,0,,1049,1149
MSA282728SEE,2026-10-09,2026-10-09T16:53:19+00:00,949,1519,Interior,Innenkabine Kategorie C,PRO,0,,1049,1149
MSA282829SEE,2026-10-09,2026-10-09T16:53:19+00:00,979,1749,Interior,Innenkabine Kategorie C,PRO,0,,1079,1179
MSA282930SEE,2026-10-09,2026-10-09T16:53:19+00:00,979,1629,Interior,Innenkabine Kategorie C,PRO,0,,1079,1179
MSA283031SEE,2026-10-09,2026-10-09T16:53:19+00:00,979,1749,Interior,Innenkabine Kategorie C,PRO,0,,1079,1179
MSA283132SEE,2026-10-09,2026-10-09T16:53:19+00:00,1579,2079,Interior,Innenkabine Kategorie C,PRO,0,,1749,1899
MSA2832SEE,2026-10-09,2026-10-09T16:53:19+00:00,1299,1829,Interior,Innenkabine Kategorie C,PRO,0,,1419,1569
MSD2628SEE,2026-10-09,2026-10-09T16:53:19+00:00,2499,,Interior,PUR Innenkabine,PUR,0,,,3199
MSD2629SEE,2026-10-09,2026-10-09T16:53:19+00:00,3299,$undefined,Interior,PUR Innenkabine,PUR,0,,,
MSD2630SEE,2026-10-09,2026-10-09T16:53:19+00:00,2399,2954,Interior,PLUS Innenkabine,PLUS,0,,2869,2499
MSD2631SEE,2026-10-09,2026-10-09T16:53:19+00:00,629,$undefined,Balcony,PUR Balkonkabine,PUR,0,,,629
MSD263233SEE,2026-10-09,2026-10-09T16:53:19+00:00,2349,2849,Interior,Innenkabine Kategorie A,PRO,0,,2489,2389
MSD2632SEE,2026-10-09,2026-10-09T16:53:19+00:00,999,1499,Interior,PUR Innenkabine,PUR,0,,1269,1399
MSD263334SEE,2026-10-09,2026-10-09T16:53:19+00:00,2089,$undefined,Balcony,PLUS Balkonkabine,PLUS,0,,2289,2089
MSD2633SEE,2026-10-09,2026-10-09T16:53:19+00:00,1149,1659,Balcony,PLUS Balkonkabine,PLUS,0,,1239,1149
MSD2634SEE,2026-10-09,2026-10-09T16:53:19+00:00,799,$undefined,Interior,PUR Innenkabine,PUR,0,,849,899
MSD2635SEE,2026-10-09,2026-10-09T16:53:19+00:00,5699,6254,Balcony,Balkonkabine Kategorie D,PRO,0,,,5699
MSD2701SEE,2026-10-09,2026-10-09T16:53:19+00:00,4699,5199,Interior,PUR Innenkabine,PUR,0,,5499,6999
MSD2702SEE,2026-10-09,2026-10-09T16:53:19+00:00,2989,$undefined,Interior,Innenkabine Kategorie A,PRO,0,,,3599
MSD2703SEE,2026-10-09,2026-10-09T16:53:19+00:00,3449,$undefined,Balcony,Balkonkabine Kategorie G,PRO,0,,,3449
MSD2704SEE,2026-10-09,2026-10-09T16:53:19+00:00,1499,$undefined,Balcony,PLUS Balkonkabine,PLUS,0,,,1499
MSD2705SEE,2026-10-09,2026-10-09T16:53:19+00:00,1899,2399,Interior,PLUS Innenkabine,PLUS,0,,2099,2299
MSD2706SEE,2026-10-09,2026-10-09T16:53:19+00:00,2249,2804,Interior,Innenkabine Kategorie C,PRO,0,,2669,2969
MSD2707SEE,2026-10-09,2026-10-09T16:53:19+00:00,2169,2669,Interior,Innenkabine Kategorie C,PRO,0,,2699,3069
MSD2708SEE,2026-10-09,2026-10-09T16:53:19+00:00,819,$undefined,Interior,Innenkabine Kategorie B,PRO,0,,859,939
MSD2709SEE,2026-10-09,2026-10-09T16:53:19+00:00,2069,2569,Interior,Innenkabine Kategorie A,PRO,0,,2319,2649
MSD2710SEE,2026-10-09,2026-10-09T16:53:19+00:00,1479,1979,Interior,Innenkabine Kategorie A,PRO,0,,,1699
MSD2711SEE,2026-10-09,2026-10-09T16:53:19+00:00,2799,3299,Interior,Innenkabine Kategorie B,PRO,0,,3049,3499
MSD2712SEE,2026-10-09,2026-10-09T16:53:19+00:00,2479,2979,Interior,Innenkabine Kategorie C,PRO,0,,2729,3099
MSD2713SEE,2026-10-09,2026-10-09T16:53:19+00:00,2499,2999,Interior,Innenkabine Kategorie C,PRO,0,,2729,2899
MSD2714SEE,2026-10-09,2026-10-09T16:53:19+00:00,2249,2749,Interior,Innenkabine Kategorie B,PRO,0,,2369,2569
MSD2715SEE,2026-10-09,2026-10-09T16:53:19+00:00,2519,3019,Interior,Innenkabine Kategorie C,PRO,0,,3169,3769
MSD2716SEE,2026-10-09,2026-10-09T16:53:19+00:00,2429,2929,Interior,Innenkabine Kategorie C,PRO,0,,3049,3349
MSD2717SEE,2026-10-09,2026-10-09T16:53:19+00:00,2899,$undefined,Interior,Innenkabine Kategorie C,PRO,0,,3449,4099
MSD2718SEE,2026-10-09,2026-10-09T16:53:19+00:00,2479,3029,Interior,Innenkabine Kategorie C,PRO,0,,2879,3329
MSD2719SEE,2026-10-09,2026-10-09T16:53:19+00:00,1619,2124,Interior,Innenkabine Kategorie B,PRO,0,,1769,1899
MSD2720SEE,2026-10-09,2026-10-09T16:53:19+00:00,1669,2129,Interior,Innenkabine Kategorie C,PRO,0,,1769,2149
MSD2722SEE,2026-10-09,2026-10-09T16:53:19+00:00,1099,1539,Interior,Innenkabine Kategorie C,PRO,0,,1219,1579
MSD272526SEE,2026-10-09,2026-10-09T16:53:19+00:00,2509,2959,Interior,Innenkabine Kategorie C,PRO,0,,2709,3059
MSD2725SEE,2026-10-09,2026-10-09T16:53:19+00:00,1279,1729,Interior,Innenkabine Kategorie C,PRO,0,,1379,1559
MSD2726SEE,2026-10-09,2026-10-09T16:53:19+00:00,1229,1669,Interior,Innenkabine Kategorie C,PRO,0,,1319,1499
MSD272728SEE,2026-10-09,2026-10-09T16:53:19+00:00,1829,2739,Interior,Innenkabine Kategorie A,PRO,0,,1879,2319
MSD2727SEE,2026-10-09,2026-10-09T16:53:19+00:00,1369,2279,Interior,Innenkabine Kategorie C,PRO,0,,1519,1919
MSD272829SEE,2026-10-09,2026-10-09T16:53:19+00:00,3089,3089,Interior,Innenkabine Kategorie C,PRO,0,,3269,3689
MSD272930SEE,2026-10-09,2026-10-09T16:53:19+00:00,1649,3019,Interior,Innenkabine Kategorie C,PRO,0,,1869,2219
MSD273031SEE,2026-10-09,2026-10-09T16:53:19+00:00,2919,2919,Interior,Innenkabine Kategorie C,PRO,0,,3119,3469
MSD273132SEE,2026-10-09,2026-10-09T16:53:19+00:00,1419,2789,Interior,Innenkabine Kategorie C,PRO,0,,1619,1949
MSD273233SEE,2026-10-09,2026-10-09T16:53:19+00:00,1449,2819,Interior,Innenkabine Kategorie C,PRO,0,,1699,1969
MSD273334SEE,2026-10-09,2026-10-09T16:53:19+00:00,1399,2769,Interior,Innenkabine Kategorie C,PRO,0,,1579,1919
MSD273435SEE,2026-10-09,2026-10-09T16:53:19+00:00,1599,3069,Interior,Innenkabine Kategorie C,PRO,0,,1799,2199
MSD273536SEE,2026-10-09,2026-10-09T16:53:19+00:00,1999,3769,Interior,Innenkabine Kategorie C,PRO,0,,2279,2769
MSD273601SEE,2026-10-09,2026-10-09T16:53:19+00:00,1419,2989,Interior,Innenkabine Kategorie C,PRO,0,,1669,2099
MSD280102SEE,2026-10-09,2026-10-09T16:53:19+00:00,1449,2819,Interior,Innenkabine Kategorie C,PRO,0,,1649,1969
MSD280203SEE,2026-10-09,2026-10-09T16:53:19+00:00,2819,2819,Interior,Innenkabine Kategorie C,PRO,0,,3069,3489
MSD280304SEE,2026-10-09,2026-10-09T16:53:19+00:00,1419,2789,Interior,Innenkabine Kategorie C,PRO,0,,1749,1919
MSD280405SEE,2026-10-09,2026-10-09T16:53:19+00:00,2869,2869,Interior,Innenkabine Kategorie C,PRO,0,,3069,3449
MSD280506SEE,2026-10-09,2026-10-09T16:53:19+00:00,1479,2849,Interior,Innenkabine Kategorie C,PRO,0,,1649,1969
MSD280607SEE,2026-10-09,2026-10-09T16:53:19+00:00,1499,2869,Interior,Innenkabine Kategorie C,PRO,0,,1769,2099
MSD280708SEE,2026-10-09,2026-10-09T16:53:19+00:00,1519,2889,Interior,Innenkabine Kategorie C,PRO,0,,1769,2049
MSD280809SEE,2026-10-09,2026-10-09T16:53:19+00:00,1499,2869,Interior,Innenkabine Kategorie C,PRO,0,,1729,2099
MSD280910SEE,2026-10-09,2026-10-09T16:53:19+00:00,1429,2799,Interior,Innenkabine Kategorie C,PRO,0,,1629,2049
MSD281011SEE,2026-10-09,2026-10-09T16:53:19+00:00,1549,2919,Interior,Innenkabine Kategorie C,PRO,0,,1769,2099
MSD281112SEE,2026-10-09,2026-10-09T16:53:19+00:00,1519,2889,Interior,Innenkabine Kategorie C,PRO,0,,1719,2049
MSD281213SEE,2026-10-09,2026-10-09T16:53:19+00:00,1549,2919,Interior,Innenkabine Kategorie C,PRO,0,,1749,2149
MSD281314SEE,2026-10-09,2026-10-09T16:53:19+00:00,1499,2919,Interior,Innenkabine Kategorie C,PRO,0,,1699,2099
MSD281415SEE,2026-10-09,2026-10-09T16:53:19+00:00,2119,3039,Interior,Innenkabine Kategorie C,PRO,0,,2399,2849
MSD2815SEE,2026-10-09,2026-10-09T16:53:19+00:00,1899,2819,Interior,Innenkabine Kategorie C,PRO,0,,2149,2569
MSE2634SEE,2026-10-09,2026-10-09T16:53:19+00:00,1099,2259,Outside,PUR Außenkabine,PUR,0,,1099,1499
MSE263536SEE,2026-10-09,2026-10-09T16:53:19+00:00,1549,$undefined,Interior,PUR Innenkabine,PUR,0,,1599,1749
MSE2635SEE,2026-10-09,2026-10-09T16:53:19+00:00,1299,$undefined,Interior,PUR Innenkabine,PUR,0,,1349,
MSE263637SEE,2026-10-09,2026-10-09T16:53:19+00:00,1629,2999,Outside,PLUS Außenkabine,PLUS,0,,1629,
MSE263738SEE,2026-10-09,2026-10-09T16:53:19+00:00,5399,5399,JuniorSuite,Junior Suite Balkon,PRO,0,,,
MSE263839SEE,2026-10-09,2026-10-09T16:53:19+00:00,3599,3599,Balcony,PLUS Balkonkabine,PLUS,0,,,3599
MSE263940SEE,2026-10-09,2026-10-09T16:53:19+00:00,2899,2899,Outside,PUR Außenkabine,PUR,0,,2899,
MSE264041SEE,2026-10-09,2026-10-09T16:53:19+00:00,2799,2799,Interior,PUR Innenkabine,PUR,0,,,3199
MSE264142SEE,2026-10-09,2026-10-09T16:53:19+00:00,2599,2599,Interior,PUR Innenkabine,PUR,0,,2749,3099
MSE264243SEE,2026-10-09,2026-10-09T16:53:19+00:00,8429,9999,Suite,Horizont Suite,PRO,0,,,
MSE264301SEE,2026-10-09,2026-10-09T16:53:19+00:00,1429,$undefined,Interior,PUR Innenkabine,PUR,0,,1679,2279
MSE270102SEE,2026-10-09,2026-10-09T16:53:19+00:00,1829,$undefined,Interior,PLUS Innenkabine,PLUS,0,,,
MSE270203SEE,2026-10-09,2026-10-09T16:53:19+00:00,3369,3369,Interior,Innenkabine Kategorie A,PRO,0,,,4049
MSE270304SEE,2026-10-09,2026-10-09T16:53:19+00:00,3049,3049,Interior,PLUS Innenkabine,PLUS,0,,3149,3999
MSE270405SEE,2026-10-09,2026-10-09T16:53:19+00:00,3369,3369,Interior,Innenkabine Kategorie A,PRO,0,,3499,4099
MSE270506SEE,2026-10-09,2026-10-09T16:53:19+00:00,3149,3149,Interior,PLUS Innenkabine,PLUS,0,,3249,3749
MSE270607SEE,2026-10-09,2026-10-09T16:53:19+00:00,4369,4369,Balcony,Balkonkabine Kategorie D,PRO,0,,,4369
MSE270708SEE,2026-10-09,2026-10-09T16:53:19+00:00,3699,3699,Outside,Außenkabine Kategorie A,PRO,0,,3699,4569
MSE270809SEE,2026-10-09,2026-10-09T16:53:19+00:00,3669,3669,Outside,Außenkabine Kategorie A,PRO,0,,3669,4299
MSE270910SEE,2026-10-09,2026-10-09T16:53:19+00:00,3349,3349,Interior,Innenkabine Kategorie B,PRO,0,,3519,4349
MSE271011SEE,2026-10-09,2026-10-09T16:53:19+00:00,3419,3419,Interior,Innenkabine Kategorie A,PRO,0,,3519,4399
MSE271112SEE,2026-10-09,2026-10-09T16:53:19+00:00,3369,3369,Interior,Innenkabine Kategorie C,PRO,0,,3519,4119
MSE271213SEE,2026-10-09,2026-10-09T16:53:19+00:00,3399,3399,Interior,Innenkabine Kategorie C,PRO,0,,3569,4199
MSE271314SEE,2026-10-09,2026-10-09T16:53:19+00:00,2999,2999,Interior,PLUS Innenkabine,PLUS,0,,3199,3399
MSE271415SEE,2026-10-09,2026-10-09T16:53:19+00:00,2949,2949,Interior,PLUS Innenkabine,PLUS,0,,3149,3349
MSE271516SEE,2026-10-09,2026-10-09T16:53:19+00:00,1479,2399,Interior,PLUS Innenkabine,PLUS,0,,1629,1979
MSE2716SEE,2026-10-09,2026-10-09T16:53:19+00:00,1079,1999,Interior,PLUS Innenkabine,PLUS,0,,1279,1479
MSE2717SEE,2026-10-09,2026-10-09T16:53:19+00:00,1079,1529,Interior,Innenkabine Kategorie C,PRO,0,,1189,1339
MSE2718SEE,2026-10-09,2026-10-09T16:53:19+00:00,1359,1859,Interior,Innenkabine Kategorie C,PRO,0,,1479,1769
MSE2719SEE,2026-10-09,2026-10-09T16:53:19+00:00,1769,2279,Interior,Innenkabine Kategorie C,PRO,0,,1929,2319
MSE2720SEE,2026-10-09,2026-10-09T16:53:19+00:00,2099,2549,Interior,Innenkabine Kategorie A,PRO,0,,2269,2599
MSE2721SEE,2026-10-09,2026-10-09T16:53:19+00:00,2749,3249,Interior,Innenkabine Kategorie C,PRO,0,,3249,3599
MSE2722SEE,2026-10-09,2026-10-09T16:53:19+00:00,2519,2959,Interior,Innenkabine Kategorie C,PRO,0,,3149,3769
MSE2723SEE,2026-10-09,2026-10-09T16:53:19+00:00,1019,$undefined,Interior,Innenkabine Kategorie C,PRO,0,,1099,1219
MSE2724SEE,2026-10-09,2026-10-09T16:53:19+00:00,2249,2689,Interior,Innenkabine Kategorie C,PRO,0,,2549,2919
MSE2725SEE,2026-10-09,2026-10-09T16:53:19+00:00,1149,1589,Interior,Innenkabine Kategorie C,PRO,0,,1399,1649
MSE272627SEE,2026-10-09,2026-10-09T16:53:19+00:00,3249,3739,Interior,Innenkabine Kategorie C,PRO,0,,3529,4349
MSE2726SEE,2026-10-09,2026-10-09T16:53:19+00:00,1749,2239,Interior,Innenkabine Kategorie C,PRO,0,,1949,2299
MSE2727SEE,2026-10-09,2026-10-09T16:53:19+00:00,1899,2339,Interior,Innenkabine Kategorie C,PRO,0,,2029,2149
MSE2728SEE,2026-10-09,2026-10-09T16:53:19+00:00,2119,2559,Interior,Innenkabine Kategorie C,PRO,0,,2449,2699
MSE2729SEE,2026-10-09,2026-10-09T16:53:19+00:00,2479,2944,Interior,Innenkabine Kategorie C,PRO,0,,2879,3199
MSE2730SEE,2026-10-09,2026-10-09T16:53:19+00:00,1229,1709,Interior,Innenkabine Kategorie C,PRO,0,,1449,1599
MSE2731SEE,2026-10-09,2026-10-09T16:53:19+00:00,2079,2839,Interior,Innenkabine Kategorie C,PRO,0,,2529,2649
MSE2732SEE,2026-10-09,2026-10-09T16:53:19+00:00,1799,2969,Interior,Innenkabine Kategorie C,PRO,0,,1999,2499
MSE2733SEE,2026-10-09,2026-10-09T16:53:19+00:00,1329,2499,Interior,Innenkabine Kategorie C,PRO,0,,1479,1679
MSE2734SEE,2026-10-09,2026-10-09T16:53:19+00:00,1149,2334,Interior,Innenkabine Kategorie C,PRO,0,,1329,1529
MSE2735SEE,2026-10-09,2026-10-09T16:53:19+00:00,1249,2419,Interior,Innenkabine Kategorie C,PRO,0,,1399,1529
MSE273637SEE,2026-10-09,2026-10-09T16:53:19+00:00,2549,3929,Interior,Innenkabine Kategorie C,PRO,0,,2879,3399
MSE2736SEE,2026-10-09,2026-10-09T16:53:19+00:00,1679,3059,Interior,Innenkabine Kategorie C,PRO,0,,1899,2249
MSE273738SEE,2026-10-09,2026-10-09T16:53:19+00:00,1599,2969,Interior,Innenkabine Kategorie C,PRO,0,,1829,2179
MSE273839SEE,2026-10-09,2026-10-09T16:53:19+00:00,1549,2919,Interior,Innenkabine Kategorie C,PRO,0,,1779,2099
MSE273940SEE,2026-10-09,2026-10-09T16:53:19+00:00,1499,2869,Interior,Innenkabine Kategorie C,PRO,0,,1729,2049
MSE274041SEE,2026-10-09,2026-10-09T16:53:19+00:00,1479,2849,Interior,Innenkabine Kategorie C,PRO,0,,1679,1999
MSE274142SEE,2026-10-09,2026-10-09T16:53:19+00:00,1429,2799,Interior,Innenkabine Kategorie C,PRO,0,,1629,1929
MSE274243SEE,2026-10-09,2026-10-09T16:53:19+00:00,1529,2999,Interior,Innenkabine Kategorie C,PRO,0,,1729,2079
MSE274344SEE,2026-10-09,2026-10-09T16:53:19+00:00,1929,3699,Interior,Innenkabine Kategorie C,PRO,0,,2149,2549
MSE274401SEE,2026-10-09,2026-10-09T16:53:19+00:00,1679,3249,Interior,Innenkabine Kategorie C,PRO,0,,1879,2229
MSE280102SEE,2026-10-09,2026-10-09T16:53:19+00:00,1549,2919,Interior,Innenkabine Kategorie C,PRO,0,,1779,2099
MSE280203SEE,2026-10-09,2026-10-09T16:53:19+00:00,1549,2919,Interior,Innenkabine Kategorie C,PRO,0,,1749,2079
MSE280304SEE,2026-10-09,2026-10-09T16:53:19+00:00,1549,2919,Interior,Innenkabine Kategorie C,PRO,0,,1749,2079
MSE280405SEE,2026-10-09,2026-10-09T16:53:19+00:00,1549,2919,Interior,Innenkabine Kategorie C,PRO,0,,1779,2099
MSE280506SEE,2026-10-09,2026-10-09T16:53:19+00:00,1549,2919,Interior,Innenkabine Kategorie C,PRO,0,,1779,2099
MSE280607SEE,2026-10-09,2026-10-09T16:53:19+00:00,1579,2949,Interior,Innenkabine Kategorie C,PRO,0,,1799,2129
MSE280708SEE,2026-10-09,2026-10-09T16:53:19+00:00,1579,2949,Interior,Innenkabine Kategorie C,PRO,0,,1799,2129
MSE280809SEE,2026-10-09,2026-10-09T16:53:19+00:00,1579,2949,Interior,Innenkabine Kategorie C,PRO,0,,1799,2129
MSE280910SEE,2026-10-09,2026-10-09T16:53:19+00:00,1599,2969,Interior,Innenkabine Kategorie C,PRO,0,,1799,2149
MSE281011SEE,2026-10-09,2026-10-09T16:53:19+00:00,1599,2969,Interior,Innenkabine Kategorie C,PRO,0,,1829,2179
MSE281112SEE,2026-10-09,2026-10-09T16:53:19+00:00,1599,2969,Interior,Innenkabine Kategorie C,PRO,0,,1829,2179
MSE281213SEE,2026-10-09,2026-10-09T16:53:19+00:00,1599,2969,Interior,Innenkabine Kategorie C,PRO,0,,1829,2179
MSE281314SEE,2026-10-09,2026-10-09T16:53:19+00:00,2699,3609,Interior,Innenkabine Kategorie C,PRO,0,,3049,3649
MSE2814SEE,2026-10-09,2026-10-09T16:53:19+00:00,1679,2589,Interior,Innenkabine Kategorie C,PRO,0,,1899,2229
MSF2647SEE,2026-10-09,2026-10-09T16:53:19+00:00,1399,1959,Interior,Innenkabine Kategorie C,PRO,0,,,1649
MSF2648SEE,2026-10-09,2026-10-09T16:53:19+00:00,1999,2624,Balcony,PLUS Balkonkabine,PLUS,0,,,1999
MSF264950SEE,2026-10-09,2026-10-09T16:53:19+00:00,2399,3299,Interior,PLUS Innenkabine,PLUS,0,,,
MSF2649SEE,2026-10-09,2026-10-09T16:53:19+00:00,1999,2899,Balcony,PUR Balkonkabine,PUR,0,,2579,1999
MSF265051SEE,2026-10-09,2026-10-09T16:53:19+00:00,2899,2899,Interior,PLUS Innenkabine,PLUS,0,,,3299
MSF265152SEE,2026-10-09,2026-10-09T16:53:19+00:00,2799,2799,Interior,PLUS Innenkabine,PLUS,0,,3099,
MSF265253SEE,2026-10-09,2026-10-09T16:53:19+00:00,2699,2699,Interior,PLUS Innenkabine,PLUS,0,,2799,3199
MSF265354SEE,2026-10-09,2026-10-09T16:53:19+00:00,2699,2699,Interior,PLUS Innenkabine,PLUS,0,,2899,2999
MSF265455SEE,2026-10-09,2026-10-09T16:53:19+00:00,2699,2699,Interior,PLUS Innenkabine,PLUS,0,,2899,2999
MSF265556SEE,2026-10-09,2026-10-09T16:53:19+00:00,2899,2899,Interior,PLUS Innenkabine,PLUS,0,,2999,3199
MSF265657SEE,2026-10-09,2026-10-09T16:53:19+00:00,2799,4569,Balcony,PUR Balkonkabine,PUR,0,,3429,2799
MSF265701SEE,2026-10-09,2026-10-09T16:53:19+00:00,3099,3099,Interior,PUR Innenkabine,PUR,0,,3199,
MSF270102SEE,2026-10-09,2026-10-09T16:53:19+00:00,2799,2799,Interior,PLUS Innenkabine,PLUS,0,,2899,3199
MSF270203SEE,2026-10-09,2026-10-09T16:53:19+00:00,2699,2699,Interior,PLUS Innenkabine,PLUS,0,,2899,2999
MSF270304SEE,2026-10-09,2026-10-09T16:53:19+00:00,2599,2599,Interior,PLUS Innenkabine,PLUS,0,,2799,2999
MSF270405SEE,2026-10-09,2026-10-09T16:53:19+00:00,2799,2799,Interior,PLUS Innenkabine,PLUS,0,,2899,3199
MSF270506SEE,2026-10-09,2026-10-09T16:53:19+00:00,2849,2849,Interior,PLUS Innenkabine,PLUS,0,,3049,3299
MSF270607SEE,2026-10-09,2026-10-09T16:53:19+00:00,2899,2899,Interior,PLUS Innenkabine,PLUS,0,,3099,3499
MSF270708SEE,2026-10-09,2026-10-09T16:53:19+00:00,2599,2599,Interior,PLUS Innenkabine,PLUS,0,,2799,3099
MSF270809SEE,2026-10-09,2026-10-09T16:53:19+00:00,2599,2599,Interior,PLUS Innenkabine,PLUS,0,,2799,3099
MSF270910SEE,2026-10-09,2026-10-09T16:53:19+00:00,2899,2899,Interior,PLUS Innenkabine,PLUS,0,,3049,3599
MSF271011SEE,2026-10-09,2026-10-09T16:53:19+00:00,2999,2999,Interior,PLUS Innenkabine,PLUS,0,,3099,3599
MSF271112SEE,2026-10-09,2026-10-09T16:53:19+00:00,2599,3529,Interior,PLUS Innenkabine,PLUS,0,,2999,3479
MSF2712SEE,2026-10-09,2026-10-09T16:53:19+00:00,1399,2329,Balcony,PLUS Balkonkabine,PLUS,0,,1899,1399
MSF271314SEE,2026-10-09,2026-10-09T16:53:19+00:00,3079,3079,Interior,Innenkabine Kategorie B,PRO,0,,3229,3929
MSF2713SEE,2026-10-09,2026-10-09T16:53:19+00:00,1299,1819,Interior,Innenkabine Kategorie C,PRO,0,,1419,1769
MSF271415SEE,2026-10-09,2026-10-09T16:53:19+00:00,3499,4059,Balcony,Balkonkabine Kategorie E,PRO,0,,,3499
MSF2714SEE,2026-10-09,2026-10-09T16:53:19+00:00,1279,1839,Interior,Innenkabine Kategorie B,PRO,0,,1329,1779
MSF271516SEE,2026-10-09,2026-10-09T16:53:19+00:00,3529,4069,Balcony,Balkonkabine Kategorie E,PRO,0,,,3529
MSF2715SEE,2026-10-09,2026-10-09T16:53:19+00:00,1779,2319,Balcony,Balkonkabine Kategorie E,PRO,0,,,1779
MSF271617SEE,2026-10-09,2026-10-09T16:53:19+00:00,2729,3289,Interior,Innenkabine Kategorie B,PRO,0,,,3549
MSF2716SEE,2026-10-09,2026-10-09T16:53:19+00:00,1299,1859,Interior,Innenkabine Kategorie B,PRO,0,,1429,1699
MSF271718SEE,2026-10-09,2026-10-09T16:53:19+00:00,2929,3489,Interior,Innenkabine Kategorie B,PRO,0,,,3979
MSF2717SEE,2026-10-09,2026-10-09T16:53:19+00:00,1449,1989,Interior,Innenkabine Kategorie B,PRO,0,,,1979
MSF271819SEE,2026-10-09,2026-10-09T16:53:19+00:00,4199,4739,Balcony,Balkonkabine Kategorie D,PRO,0,,,4199
MSF2718SEE,2026-10-09,2026-10-09T16:53:19+00:00,1549,2109,Interior,Innenkabine Kategorie B,PRO,0,,1679,2079
MSF271920SEE,2026-10-09,2026-10-09T16:53:19+00:00,2699,3239,Interior,Innenkabine Kategorie C,PRO,0,,,3769
MSF2719SEE,2026-10-09,2026-10-09T16:53:19+00:00,1499,2039,Interior,Innenkabine Kategorie C,PRO,0,,,2129
MSF272021SEE,2026-10-09,2026-10-09T16:53:19+00:00,2849,3389,Interior,Innenkabine Kategorie A,PRO,0,,,3579
MSF2720SEE,2026-10-09,2026-10-09T16:53:19+00:00,1329,1869,Interior,Innenkabine Kategorie C,PRO,0,,1479,1629
MSF272122SEE,2026-10-09,2026-10-09T16:53:19+00:00,2829,3369,Interior,Innenkabine Kategorie A,PRO,0,,2899,3679
MSF2721SEE,2026-10-09,2026-10-09T16:53:19+00:00,1479,2019,Interior,Innenkabine Kategorie A,PRO,0,,1549,1849
MSF272223SEE,2026-10-09,2026-10-09T16:53:19+00:00,2549,3089,Interior,Innenkabine Kategorie C,PRO,0,,2749,3549
MSF2722SEE,2026-10-09,2026-10-09T16:53:19+00:00,1329,1869,Interior,Innenkabine Kategorie C,PRO,0,,1429,1879
MSF272324SEE,2026-10-09,2026-10-09T16:53:19+00:00,2329,2869,Interior,Innenkabine Kategorie C,PRO,0,,2549,2929
MSF2723SEE,2026-10-09,2026-10-09T16:53:19+00:00,1199,1739,Interior,Innenkabine Kategorie C,PRO,0,,1299,1499
MSF272425SEE,2026-10-09,2026-10-09T16:53:19+00:00,2199,2739,Interior,Innenkabine Kategorie C,PRO,0,,2529,3029
MSF2724SEE,2026-10-09,2026-10-09T16:53:19+00:00,1099,1639,Interior,Innenkabine Kategorie C,PRO,0,,1229,1429
MSF272526SEE,2026-10-09,2026-10-09T16:53:19+00:00,2249,2789,Interior,Innenkabine Kategorie C,PRO,0,,2579,2979
MSF2725SEE,2026-10-09,2026-10-09T16:53:19+00:00,1079,1619,Interior,Innenkabine Kategorie C,PRO,0,,1229,1449
MSF272627SEE,2026-10-09,2026-10-09T16:53:19+00:00,2299,2839,Interior,Innenkabine Kategorie C,PRO,0,,2549,2929
MSF2726SEE,2026-10-09,2026-10-09T16:53:19+00:00,1149,1689,Interior,Innenkabine Kategorie C,PRO,0,,1279,1479
MSF272728SEE,2026-10-09,2026-10-09T16:53:19+00:00,2429,2969,Interior,Innenkabine Kategorie C,PRO,0,,2679,3049
MSF2727SEE,2026-10-09,2026-10-09T16:53:19+00:00,1179,1719,Interior,Innenkabine Kategorie C,PRO,0,,1299,1499
MSF272829SEE,2026-10-09,2026-10-09T16:53:19+00:00,2499,3039,Interior,Innenkabine Kategorie B,PRO,0,,2679,3049
MSF2728SEE,2026-10-09,2026-10-09T16:53:19+00:00,1229,1769,Interior,Innenkabine Kategorie C,PRO,0,,1349,1549
MSF272930SEE,2026-10-09,2026-10-09T16:53:19+00:00,2529,3089,Interior,Innenkabine Kategorie B,PRO,0,,2729,3329
MSF2729SEE,2026-10-09,2026-10-09T16:53:19+00:00,1229,1789,Interior,Innenkabine Kategorie B,PRO,0,,1299,1499
MSF273031SEE,2026-10-09,2026-10-09T16:53:19+00:00,2499,3039,Interior,Innenkabine Kategorie B,PRO,0,,2699,3299
MSF2730SEE,2026-10-09,2026-10-09T16:53:19+00:00,1329,1869,Interior,Innenkabine Kategorie B,PRO,0,,1399,1729
MSF273132SEE,2026-10-09,2026-10-09T16:53:19+00:00,2399,2939,Interior,Innenkabine Kategorie C,PRO,0,,2649,3029
MSF2731SEE,2026-10-09,2026-10-09T16:53:19+00:00,1179,1719,Interior,Innenkabine Kategorie C,PRO,0,,1279,1479
MSF273233SEE,2026-10-09,2026-10-09T16:53:19+00:00,2349,2889,Interior,Innenkabine Kategorie C,PRO,0,,2599,3079
MSF2732SEE,2026-10-09,2026-10-09T16:53:19+00:00,1229,1769,Interior,Innenkabine Kategorie C,PRO,0,,1349,1529
MSF273334SEE,2026-10-09,2026-10-09T16:53:19+00:00,2349,2889,Interior,Innenkabine Kategorie C,PRO,0,,2629,3099
MSF2733SEE,2026-10-09,2026-10-09T16:53:19+00:00,1149,1689,Interior,Innenkabine Kategorie C,PRO,0,,1279,1529
MSF273435SEE,2026-10-09,2026-10-09T16:53:19+00:00,2549,3089,Interior,Innenkabine Kategorie B,PRO,0,,2779,3149
MSF2734SEE,2026-10-09,2026-10-09T16:53:19+00:00,1229,1769,Interior,Innenkabine Kategorie C,PRO,0,,1379,1579
MSF273536SEE,2026-10-09,2026-10-09T16:53:19+00:00,2819,3359,Interior,Innenkabine Kategorie B,PRO,0,,2969,3529
MSF2735SEE,2026-10-09,2026-10-09T16:53:19+00:00,1349,1889,Interior,Innenkabine Kategorie B,PRO,0,,1479,1699
MSF273637SEE,2026-10-09,2026-10-09T16:53:19+00:00,2729,3269,Interior,Innenkabine Kategorie C,PRO,0,,2879,3399
MSF2736SEE,2026-10-09,2026-10-09T16:53:19+00:00,1529,2069,Interior,Innenkabine Kategorie C,PRO,0,,1599,1949
MSF273738SEE,2026-10-09,2026-10-09T16:53:19+00:00,2399,2939,Interior,Innenkabine Kategorie C,PRO,0,,2629,3049
MSF2737SEE,2026-10-09,2026-10-09T16:53:19+00:00,1249,1789,Interior,Innenkabine Kategorie C,PRO,0,,1349,1549
MSF273839SEE,2026-10-09,2026-10-09T16:53:19+00:00,2379,2919,Interior,Innenkabine Kategorie C,PRO,0,,2629,3079
MSF2738SEE,2026-10-09,2026-10-09T16:53:19+00:00,1179,1719,Interior,Innenkabine Kategorie C,PRO,0,,1299,1549
MSF273940SEE,2026-10-09,2026-10-09T16:53:19+00:00,2579,3119,Interior,Innenkabine Kategorie B,PRO,0,,2749,3149
MSF2739SEE,2026-10-09,2026-10-09T16:53:19+00:00,1249,1789,Interior,Innenkabine Kategorie C,PRO,0,,1379,1579
MSF274041SEE,2026-10-09,2026-10-09T16:53:19+00:00,2549,3119,Interior,Innenkabine Kategorie B,PRO,0,,2729,3099
MSF2740SEE,2026-10-09,2026-10-09T16:53:19+00:00,1379,1919,Interior,Innenkabine Kategorie B,PRO,0,,1449,1649
MSF274142SEE,2026-10-09,2026-10-09T16:53:19+00:00,2299,2839,Interior,Innenkabine Kategorie C,PRO,0,,2519,2899
MSF2741SEE,2026-10-09,2026-10-09T16:53:19+00:00,1229,1799,Interior,Innenkabine Kategorie C,PRO,0,,1349,1529
MSF2742SEE,2026-10-09,2026-10-09T16:53:19+00:00,1099,1629,Interior,Innenkabine Kategorie C,PRO,0,,1219,1399
MSF274344SEE,2026-10-09,2026-10-09T16:53:19+00:00,1579,2519,Interior,Innenkabine Kategorie C,PRO,0,,1829,2149
MSF2743SEE,2026-10-09,2026-10-09T16:53:19+00:00,1479,2389,Interior,Innenkabine Kategorie B,PRO,0,,1699,2029
MSF274445SEE,2026-10-09,2026-10-09T16:53:19+00:00,1749,3249,Interior,Innenkabine Kategorie C,PRO,0,,1979,2299
MSF274546SEE,2026-10-09,2026-10-09T16:53:19+00:00,1749,3249,Interior,Innenkabine Kategorie C,PRO,0,,1979,2199
MSF274647SEE,2026-10-09,2026-10-09T16:53:19+00:00,1599,3199,Interior,Innenkabine Kategorie C,PRO,0,,1799,2029
MSF274748SEE,2026-10-09,2026-10-09T16:53:19+00:00,1599,3199,Interior,Innenkabine Kategorie C,PRO,0,,1799,2029
MSF274849SEE,2026-10-09,2026-10-09T16:53:19+00:00,2099,4249,Interior,Innenkabine Kategorie C,PRO,0,,2399,2729
MSF274901SEE,2026-10-09,2026-10-09T16:53:19+00:00,2099,4249,Interior,Innenkabine Kategorie C,PRO,0,,2399,2729
MSF280102SEE,2026-10-09,2026-10-09T16:53:19+00:00,1649,3299,Interior,Innenkabine Kategorie C,PRO,0,,1849,2079
MSF280203SEE,2026-10-09,2026-10-09T16:53:19+00:00,1649,3299,Interior,Innenkabine Kategorie C,PRO,0,,1849,2079
MSF280304SEE,2026-10-09,2026-10-09T16:53:19+00:00,1649,3149,Interior,Innenkabine Kategorie C,PRO,0,,1849,2079
MSF280405SEE,2026-10-09,2026-10-09T16:53:19+00:00,1649,3149,Interior,Innenkabine Kategorie C,PRO,0,,1849,2079
MSF280506SEE,2026-10-09,2026-10-09T16:53:19+00:00,1699,3199,Interior,Innenkabine Kategorie C,PRO,0,,1899,2149
MSF280607SEE,2026-10-09,2026-10-09T16:53:19+00:00,1699,3199,Interior,Innenkabine Kategorie C,PRO,0,,1929,2299
MSF280708SEE,2026-10-09,2026-10-09T16:53:19+00:00,1729,3229,Interior,Innenkabine Kategorie C,PRO,0,,1929,2179
MSF280809SEE,2026-10-09,2026-10-09T16:53:19+00:00,1729,3229,Interior,Innenkabine Kategorie C,PRO,0,,1929,2179
MSF280910SEE,2026-10-09,2026-10-09T16:53:19+00:00,1749,3249,Interior,Innenkabine Kategorie C,PRO,0,,1979,2249
MSF281011SEE,2026-10-09,2026-10-09T16:53:19+00:00,1779,3379,Interior,Innenkabine Kategorie C,PRO,0,,1979,2499
MSF281112SEE,2026-10-09,2026-10-09T16:53:19+00:00,1629,2609,Interior,Innenkabine Kategorie C,PRO,0,,1879,2229
MSF2812SEE,2026-10-09,2026-10-09T16:53:19+00:00,1479,2459,Interior,Innenkabine Kategorie C,PRO,0,,1729,1929
MSI2638SEE,2026-10-09,2026-10-09T16:53:19+00:00,1499,1939,Balcony,PLUS Balkonkabine,PLUS,0,,,1499
MSI2639SEE,2026-10-09,2026-10-09T16:53:19+00:00,1149,1669,Balcony,PUR Balkonkabine,PUR,0,,,1149
MSI2640SEE,2026-10-09,2026-10-09T16:53:19+00:00,1349,1829,Balcony,PUR Balkonkabine,PUR,0,,,1349
MSI264142SEE,2026-10-09,2026-10-09T16:53:19+00:00,1939,2629,Interior,PUR Innenkabine,PUR,0,,2389,
MSI2641SEE,2026-10-09,2026-10-09T16:53:19+00:00,899,1529,Interior,PUR Innenkabine,PUR,0,,1299,
MSI264243SEE,2026-10-09,2026-10-09T16:53:19+00:00,1949,2589,Interior,PUR Innenkabine,PUR,0,,,
MSI2642SEE,2026-10-09,2026-10-09T16:53:19+00:00,799,1449,Interior,PUR Innenkabine,PUR,0,,899,
MSI264344SEE,2026-10-09,2026-10-09T16:53:19+00:00,1799,2549,Interior,PUR Innenkabine,PUR,0,,,
MSI2643SEE,2026-10-09,2026-10-09T16:53:19+00:00,949,1749,Interior,PUR Innenkabine,PUR,0,,,
MSI2644SEE,2026-10-09,2026-10-09T16:53:19+00:00,749,1279,Interior,PUR Innenkabine,PUR,0,,849,949
MSI2645SEE,2026-10-09,2026-10-09T16:53:19+00:00,849,1369,Outside,PUR Außenkabine,PUR,0,,849,899
MSI2646SEE,2026-10-09,2026-10-09T16:53:19+00:00,799,1329,Interior,PLUS Innenkabine,PLUS,0,,899,949
MSI2647SEE,2026-10-09,2026-10-09T16:53:19+00:00,1599,2199,Outside,PLUS Außenkabine,PLUS,0,,1599,1799
MSI2648SEE,2026-10-09,2026-10-09T16:53:19+00:00,1799,2599,Interior,PLUS Innenkabine,PLUS,0,,,
MSI2701SEE,2026-10-09,2026-10-09T16:53:19+00:00,599,1174,Interior,PUR Innenkabine,PUR,0,,649,749
MSI270203SEE,2026-10-09,2026-10-09T16:53:19+00:00,2099,2649,Interior,Innenkabine Kategorie A,PRO,0,,2199,2429
MSI2702SEE,2026-10-09,2026-10-09T16:53:19+00:00,1379,1379,Interior,PLUS Innenkabine,PLUS,0,,1449,1549
MSI270304SEE,2026-10-09,2026-10-09T16:53:19+00:00,1929,2459,Interior,Innenkabine Kategorie B,PRO,0,,2099,2249
MSI2703SEE,2026-10-09,2026-10-09T16:53:19+00:00,829,1359,Interior,PLUS Innenkabine,PLUS,0,,899,999
MSI270405SEE,2026-10-09,2026-10-09T16:53:19+00:00,1849,2399,Interior,Innenkabine Kategorie B,PRO,0,,2029,2199
MSI2704SEE,2026-10-09,2026-10-09T16:53:19+00:00,799,1349,Interior,PLUS Innenkabine,PLUS,0,,899,999
MSI270506SEE,2026-10-09,2026-10-09T16:53:19+00:00,1749,2319,Interior,PLUS Innenkabine,PLUS,0,,2179,2349
MSI2705SEE,2026-10-09,2026-10-09T16:53:19+00:00,799,1349,Interior,PLUS Innenkabine,PLUS,0,,899,1049
MSI270607SEE,2026-10-09,2026-10-09T16:53:19+00:00,1799,2349,Interior,PLUS Innenkabine,PLUS,0,,2199,2549
MSI2706SEE,2026-10-09,2026-10-09T16:53:19+00:00,949,1519,Interior,PLUS Innenkabine,PLUS,0,,1179,1249
MSI270708SEE,2026-10-09,2026-10-09T16:53:19+00:00,1829,2389,Interior,PLUS Innenkabine,PLUS,0,,1999,2629
MSI2707SEE,2026-10-09,2026-10-09T16:53:19+00:00,849,1409,Interior,PLUS Innenkabine,PLUS,0,,949,1199
MSI270809SEE,2026-10-09,2026-10-09T16:53:19+00:00,1879,2429,Interior,PLUS Innenkabine,PLUS,0,,2049,2479
MSI2708SEE,2026-10-09,2026-10-09T16:53:19+00:00,979,1529,Interior,PLUS Innenkabine,PLUS,0,,1049,1279
MSI270910SEE,2026-10-09,2026-10-09T16:53:19+00:00,1849,2399,Interior,PLUS Innenkabine,PLUS,0,,2049,2449
MSI2709SEE,2026-10-09,2026-10-09T16:53:19+00:00,899,1449,Interior,PLUS Innenkabine,PLUS,0,,999,1229
MSI271011SEE,2026-10-09,2026-10-09T16:53:19+00:00,2329,2879,Interior,Innenkabine Kategorie C,PRO,0,,2549,2779
MSI2710SEE,2026-10-09,2026-10-09T16:53:19+00:00,1079,1629,Interior,Innenkabine Kategorie C,PRO,0,,1179,1279
MSI271112SEE,2026-10-09,2026-10-09T16:53:19+00:00,2029,2679,Interior,Innenkabine Kategorie C,PRO,0,,2249,2499
MSI2711SEE,2026-10-09,2026-10-09T16:53:19+00:00,1029,1579,Interior,Innenkabine Kategorie C,PRO,0,,1129,1249
MSI271213SEE,2026-10-09,2026-10-09T16:53:19+00:00,2099,2649,Interior,Innenkabine Kategorie A,PRO,0,,2279,2629
MSI2712SEE,2026-10-09,2026-10-09T16:53:19+00:00,1029,1679,Interior,Innenkabine Kategorie C,PRO,0,,1149,1279
MSI2713SEE,2026-10-09,2026-10-09T16:53:19+00:00,749,1289,Interior,Innenkabine Kategorie A,PRO,0,,849,1029
MSI2714SEE,2026-10-09,2026-10-09T16:53:19+00:00,1529,2069,Interior,Innenkabine Kategorie C,PRO,0,,1699,1879
MSI2715SEE,2026-10-09,2026-10-09T16:53:19+00:00,1569,2009,Interior,Innenkabine Kategorie C,PRO,0,,1749,2069
MSI2716SEE,2026-10-09,2026-10-09T16:53:19+00:00,1179,1624,Interior,Innenkabine Kategorie B,PRO,0,,1299,1399
MSI2717SEE,2026-10-09,2026-10-09T16:53:19+00:00,1779,2249,Interior,Innenkabine Kategorie C,PRO,0,,2149,2429
MSI2718SEE,2026-10-09,2026-10-09T16:53:19+00:00,1049,$undefined,Interior,Innenkabine Kategorie B,PRO,0,,1119,1149
MSI2719SEE,2026-10-09,2026-10-09T16:53:19+00:00,2349,2819,Interior,Innenkabine Kategorie C,PRO,0,,2669,3119
MSI2720SEE,2026-10-09,2026-10-09T16:53:19+00:00,669,$undefined,Interior,Innenkabine Kategorie C,PRO,0,,719,749
MSI2721SEE,2026-10-09,2026-10-09T16:53:19+00:00,2149,2619,Interior,Innenkabine Kategorie C,PRO,0,,2469,2849
MSI2722SEE,2026-10-09,2026-10-09T16:53:19+00:00,1249,1704,Interior,Innenkabine Kategorie C,PRO,0,,1369,1469
MSI2723SEE,2026-10-09,2026-10-09T16:53:19+00:00,2979,3419,Interior,Innenkabine Kategorie C,PRO,0,,3399,3679
MSI2724SEE,2026-10-09,2026-10-09T16:53:19+00:00,2879,3319,Interior,Innenkabine Kategorie C,PRO,0,,3279,3579
MSI2725SEE,2026-10-09,2026-10-09T16:53:19+00:00,1799,2239,Interior,Innenkabine Kategorie C,PRO,0,,2079,2329
MSI2726SEE,2026-10-09,2026-10-09T16:53:19+00:00,3899,4339,Interior,Innenkabine Kategorie C,PRO,0,,5079,6329
MSI2727SEE,2026-10-09,2026-10-09T16:53:19+00:00,669,$undefined,Interior,Innenkabine Kategorie C,PRO,0,,719,769
MSI2728SEE,2026-10-09,2026-10-09T16:53:19+00:00,3199,3699,Interior,Innenkabine Kategorie C,PRO,0,,3949,4449
MSI2729SEE,2026-10-09,2026-10-09T16:53:19+00:00,1749,2189,Interior,Innenkabine Kategorie B,PRO,0,,,2079
MSI2730SEE,2026-10-09,2026-10-09T16:53:19+00:00,2199,2639,Interior,Innenkabine Kategorie C,PRO,0,,2519,2869
MSI2731SEE,2026-10-09,2026-10-09T16:53:19+00:00,2399,2839,Interior,Innenkabine Kategorie C,PRO,0,,2799,2969
MSI2732SEE,2026-10-09,2026-10-09T16:53:19+00:00,1799,2239,Interior,Innenkabine Kategorie C,PRO,0,,2019,2169
MSI2733SEE,2026-10-09,2026-10-09T16:53:19+00:00,889,$undefined,Interior,Innenkabine Kategorie B,PRO,0,,969,1019
MSI2735SEE,2026-10-09,2026-10-09T16:53:19+00:00,1549,1989,Interior,Innenkabine Kategorie C,PRO,0,,1769,1869
MSI2736SEE,2026-10-09,2026-10-09T16:53:19+00:00,1229,1669,Interior,Innenkabine Kategorie C,PRO,0,,1399,1499
MSI2737SEE,2026-10-09,2026-10-09T16:53:19+00:00,849,$undefined,Interior,Innenkabine Kategorie C,PRO,0,,919,969
MSI2738SEE,2026-10-09,2026-10-09T16:53:19+00:00,1479,2009,Interior,Innenkabine Kategorie C,PRO,0,,1629,1849
MSI273940SEE,2026-10-09,2026-10-09T16:53:19+00:00,1849,2429,Interior,Innenkabine Kategorie C,PRO,0,,2029,2329
MSI2739SEE,2026-10-09,2026-10-09T16:53:19+00:00,949,1529,Interior,Innenkabine Kategorie C,PRO,0,,1079,1199
MSI274041SEE,2026-10-09,2026-10-09T16:53:19+00:00,1779,2329,Interior,Innenkabine Kategorie C,PRO,0,,1949,2229
MSI2740SEE,2026-10-09,2026-10-09T16:53:19+00:00,929,1479,Interior,Innenkabine Kategorie C,PRO,0,,1029,1149
MSI274142SEE,2026-10-09,2026-10-09T16:53:19+00:00,1779,2329,Interior,Innenkabine Kategorie C,PRO,0,,1949,2229
MSI2741SEE,2026-10-09,2026-10-09T16:53:19+00:00,899,1449,Interior,Innenkabine Kategorie C,PRO,0,,999,1129
MSI274243SEE,2026-10-09,2026-10-09T16:53:19+00:00,1679,2229,Interior,Innenkabine Kategorie C,PRO,0,,1849,2099
MSI2742SEE,2026-10-09,2026-10-09T16:53:19+00:00,899,1449,Interior,Innenkabine Kategorie C,PRO,0,,999,1129
MSI274344SEE,2026-10-09,2026-10-09T16:53:19+00:00,1499,2049,Interior,Innenkabine Kategorie C,PRO,0,,1649,1899
MSI2743SEE,2026-10-09,2026-10-09T16:53:19+00:00,799,1349,Interior,Innenkabine Kategorie C,PRO,0,,879,999
MSI274445SEE,2026-10-09,2026-10-09T16:53:19+00:00,1729,2399,Interior,Innenkabine Kategorie C,PRO,0,,1899,2179
MSI2744SEE,2026-10-09,2026-10-09T16:53:19+00:00,749,1299,Interior,Innenkabine Kategorie C,PRO,0,,829,949
MSI274546SEE,2026-10-09,2026-10-09T16:53:19+00:00,2379,3229,Interior,Innenkabine Kategorie C,PRO,0,,2629,2979
MSI2745SEE,2026-10-09,2026-10-09T16:53:19+00:00,999,1819,Interior,Innenkabine Kategorie C,PRO,0,,1099,1249
MSI274601SEE,2026-10-09,2026-10-09T16:53:19+00:00,2149,2819,Interior,Innenkabine Kategorie C,PRO,0,,2379,2699
MSI2746SEE,2026-10-09,2026-10-09T16:53:19+00:00,1399,2219,Interior,Innenkabine Kategorie C,PRO,0,,1549,1749
MSI280102SEE,2026-10-09,2026-10-09T16:53:19+00:00,1499,2049,Interior,Innenkabine Kategorie C,PRO,0,,1679,1899
MSI2801SEE,2026-10-09,2026-10-09T16:53:19+00:00,779,1329,Interior,Innenkabine Kategorie C,PRO,0,,879,999
MSI280203SEE,2026-10-09,2026-10-09T16:53:19+00:00,1549,2099,Interior,Innenkabine Kategorie C,PRO,0,,1749,1979
MSI2802SEE,2026-10-09,2026-10-09T16:53:19+00:00,749,1299,Interior,Innenkabine Kategorie C,PRO,0,,849,949
MSI280304SEE,2026-10-09,2026-10-09T16:53:19+00:00,1579,2129,Interior,Innenkabine Kategorie C,PRO,0,,1749,1999
MSI2803SEE,2026-10-09,2026-10-09T16:53:19+00:00,829,1379,Interior,Innenkabine Kategorie C,PRO,0,,929,1049
MSI280405SEE,2026-10-09,2026-10-09T16:53:19+00:00,1499,2049,Interior,Innenkabine Kategorie C,PRO,0,,1649,1899
MSI2804SEE,2026-10-09,2026-10-09T16:53:19+00:00,779,1329,Interior,Innenkabine Kategorie C,PRO,0,,849,979
MSI280506SEE,2026-10-09,2026-10-09T16:53:19+00:00,1499,2049,Interior,Innenkabine Kategorie C,PRO,0,,1679,1899
MSI2805SEE,2026-10-09,2026-10-09T16:53:19+00:00,779,1329,Interior,Innenkabine Kategorie C,PRO,0,,849,979
MSI280607SEE,2026-10-09,2026-10-09T16:53:19+00:00,1529,2079,Interior,Innenkabine Kategorie C,PRO,0,,1699,1929
MSI2806SEE,2026-10-09,2026-10-09T16:53:19+00:00,779,1329,Interior,Innenkabine Kategorie C,PRO,0,,849,979
MSI280708SEE,2026-10-09,2026-10-09T16:53:19+00:00,1649,2199,Interior,Innenkabine Kategorie C,PRO,0,,1849,2129
MSI2807SEE,2026-10-09,2026-10-09T16:53:19+00:00,779,1329,Interior,Innenkabine Kategorie C,PRO,0,,879,999
MSI280809SEE,2026-10-09,2026-10-09T16:53:19+00:00,1699,2249,Interior,Innenkabine Kategorie C,PRO,0,,1879,2149
MSI2808SEE,2026-10-09,2026-10-09T16:53:19+00:00,899,1449,Interior,Innenkabine Kategorie C,PRO,0,,999,1149
MSI280910SEE,2026-10-09,2026-10-09T16:53:19+00:00,1629,2179,Interior,Innenkabine Kategorie C,PRO,0,,1829,2079
MSI2809SEE,2026-10-09,2026-10-09T16:53:19+00:00,829,1379,Interior,Innenkabine Kategorie C,PRO,0,,899,1029
MSI281011SEE,2026-10-09,2026-10-09T16:53:19+00:00,1629,2179,Interior,Innenkabine Kategorie C,PRO,0,,1829,2079
MSI2810SEE,2026-10-09,2026-10-09T16:53:19+00:00,849,1399,Interior,Innenkabine Kategorie C,PRO,0,,949,1079
MSI281112SEE,2026-10-09,2026-10-09T16:53:19+00:00,1829,2409,Interior,Innenkabine Kategorie C,PRO,0,,1999,2299
MSI2811SEE,2026-10-09,2026-10-09T16:53:19+00:00,829,1379,Interior,Innenkabine Kategorie C,PRO,0,,899,1029
MSI2812SEE,2026-10-09,2026-10-09T16:53:19+00:00,1029,1609,Interior,Innenkabine Kategorie C,PRO,0,,1129,1299
MSI2813SEE,2026-10-09,2026-10-09T16:53:19+00:00,1329,1869,Interior,Innenkabine Kategorie C,PRO,0,,1479,1679
MSI281415SEE,2026-10-09,2026-10-09T16:53:19+00:00,2019,2569,Interior,Innenkabine Kategorie C,PRO,0,,2189,2519
MSI2814SEE,2026-10-09,2026-10-09T16:53:19+00:00,1019,1599,Interior,Innenkabine Kategorie C,PRO,0,,1119,1269
MSI2815SEE,2026-10-09,2026-10-09T16:53:19+00:00,1019,1589,Interior,Innenkabine Kategorie C,PRO,0,,1119,1269
MSN264647SEE,2026-10-09,2026-10-09T16:53:19+00:00,1699,2119,Interior,PLUS Innenkabine,PLUS,0,,1799,1699
MSN2648SEE,2026-10-09,2026-10-09T16:53:19+00:00,1219,$undefined,JuniorSuite,Junior Suite Balkon B,PRO,0,,,
MSN264950SEE,2026-10-09,2026-10-09T16:53:19+00:00,2249,$undefined,Balcony,PLUS Balkonkabine,PLUS,0,,,2249
MSN2649SEE,2026-10-09,2026-10-09T16:53:19+00:00,1079,$undefined,Balcony,PLUS Balkonkabine,PLUS,0,,,1079
MSN265051SEE,2026-10-09,2026-10-09T16:53:19+00:00,4249,$undefined,JuniorSuite,Junior Suite Balkon B,PRO,0,,,
MSN2650SEE,2026-10-09,2026-10-09T16:53:19+00:00,1099,$undefined,Interior,PLUS Innenkabine,PLUS,0,,1129,1249
MSN265152SEE,2026-10-09,2026-10-09T16:53:19+00:00,3419,$undefined,JuniorSuite,Junior Suite Balkon B,PRO,0,,,
MSN2651SEE,2026-10-09,2026-10-09T16:53:19+00:00,2049,$undefined,JuniorSuite,Junior Suite Balkon B,PRO,0,,,
MSN2652SEE,2026-10-09,2026-10-09T16:53:19+00:00,749,$undefined,Interior,PLUS Innenkabine,PLUS,0,,,819
MSN2653SEE,2026-10-09,2026-10-09T16:53:19+00:00,449,$undefined,Interior,PLUS Innenkabine,PLUS,0,,469,449
MSN2654SEE,2026-10-09,2026-10-09T16:53:19+00:00,1099,$undefined,Balcony,PUR Balkonkabine,PUR,0,,,1099
MSN265556SEE,2026-10-09,2026-10-09T16:53:19+00:00,1399,$undefined,Outside,PLUS Außenkabine,PLUS,0,,1399,1549
MSN2655SEE,2026-10-09,2026-10-09T16:53:19+00:00,949,1469,Outside,PLUS Außenkabine,PLUS,0,,949,1049
MSN265657SEE,2026-10-09,2026-10-09T16:53:19+00:00,1319,$undefined,Interior,PLUS Innenkabine,PLUS,0,,1469,1589
MSN2656SEE,2026-10-09,2026-10-09T16:53:19+00:00,499,$undefined,Interior,PLUS Innenkabine,PLUS,0,,529,499
MSN265758SEE,2026-10-09,2026-10-09T16:53:19+00:00,1699,2179,Interior,PUR Innenkabine,PUR,0,,1829,1849
MSN2657SEE,2026-10-09,2026-10-09T16:53:19+00:00,1249,1759,Interior,PUR Innenkabine,PUR,0,,1279,1499
MSN2658SEE,2026-10-09,2026-10-09T16:53:19+00:00,799,1239,Interior,PUR Innenkabine,PUR,0,,829,799
MSN2659SEE,2026-10-09,2026-10-09T16:53:19+00:00,2299,2769,Balcony,PLUS Balkonkabine,PLUS,0,,,2299
MSN27101SEE,2026-10-09,2026-10-09T16:53:19+00:00,4499,4969,Interior,PLUS Innenkabine,PLUS,0,,4899,5499
MSN273281SEE,2026-10-09,2026-10-09T16:53:19+00:00,1199,1639,Interior,PLUS Innenkabine,PLUS,0,,1299,1299
MSN2732SEE,2026-10-09,2026-10-09T16:53:19+00:00,1099,1539,Interior,PLUS Innenkabine,PLUS,0,,1199,1299
MSN273334SEE,2026-10-09,2026-10-09T16:53:19+00:00,1329,1789,Interior,Innenkabine Kategorie B,PRO,0,,1429,1609
MSN273435SEE,2026-10-09,2026-10-09T16:53:19+00:00,1329,1789,Interior,Innenkabine Kategorie B,PRO,0,,1429,1579
MSN273536SEE,2026-10-09,2026-10-09T16:53:19+00:00,1969,2429,Interior,Innenkabine Kategorie B,PRO,0,,2089,2169
MSN273637SEE,2026-10-09,2026-10-09T16:53:19+00:00,1719,2159,Interior,Innenkabine Kategorie B,PRO,0,,1999,2149
MSN273738SEE,2026-10-09,2026-10-09T16:53:19+00:00,1589,2049,Interior,Innenkabine Kategorie B,PRO,0,,1789,1869
MSN273839SEE,2026-10-09,2026-10-09T16:53:19+00:00,1519,1969,Interior,Innenkabine Kategorie B,PRO,0,,1669,1799
MSN273940SEE,2026-10-09,2026-10-09T16:53:19+00:00,1549,1999,Interior,Innenkabine Kategorie B,PRO,0,,1669,1819
MSN274041SEE,2026-10-09,2026-10-09T16:53:19+00:00,1569,2009,Interior,Innenkabine Kategorie B,PRO,0,,1689,1869
MSN274142SEE,2026-10-09,2026-10-09T16:53:19+00:00,1949,2409,Interior,Innenkabine Kategorie B,PRO,0,,2089,2339
MSN274243SEE,2026-10-09,2026-10-09T16:53:19+00:00,1929,2389,Interior,Innenkabine Kategorie B,PRO,0,,1989,2089
MSN274344SEE,2026-10-09,2026-10-09T16:53:19+00:00,1469,1909,Interior,Innenkabine Kategorie B,PRO,0,,1619,1769
MSN274445SEE,2026-10-09,2026-10-09T16:53:19+00:00,1449,1889,Interior,Innenkabine Kategorie C,PRO,0,,1619,1769
MSN274546SEE,2026-10-09,2026-10-09T16:53:19+00:00,1549,2009,Interior,Innenkabine Kategorie A,PRO,0,,1619,1949
MSN274647SEE,2026-10-09,2026-10-09T16:53:19+00:00,1469,1919,Interior,Innenkabine Kategorie C,PRO,0,,1609,1949
MSN274748SEE,2026-10-09,2026-10-09T16:53:19+00:00,1769,2209,Interior,Innenkabine Kategorie A,PRO,0,,1899,2199
MSN274849SEE,2026-10-09,2026-10-09T16:53:19+00:00,1669,2109,Interior,Innenkabine Kategorie C,PRO,0,,1849,2099
MSN274950SEE,2026-10-09,2026-10-09T16:53:19+00:00,1519,1999,Interior,Innenkabine Kategorie B,PRO,0,,1669,1849
MSN275051SEE,2026-10-09,2026-10-09T16:53:19+00:00,1519,1979,Interior,Innenkabine Kategorie B,PRO,0,,1619,1849
MSN275152SEE,2026-10-09,2026-10-09T16:53:19+00:00,1519,1979,Interior,Innenkabine Kategorie B,PRO,0,,1619,1799
MSN275253SEE,2026-10-09,2026-10-09T16:53:19+00:00,1469,1929,Interior,Innenkabine Kategorie C,PRO,0,,1619,1799
MSN275354SEE,2026-10-09,2026-10-09T16:53:19+00:00,1869,2329,Interior,Innenkabine Kategorie A,PRO,0,,1969,2269
MSN275455SEE,2026-10-09,2026-10-09T16:53:19+00:00,1749,2209,Interior,Innenkabine Kategorie B,PRO,0,,1869,2149
MSN275556SEE,2026-10-09,2026-10-09T16:53:19+00:00,1569,2029,Interior,Innenkabine Kategorie C,PRO,0,,1719,1919
MSN275657SEE,2026-10-09,2026-10-09T16:53:19+00:00,1569,2029,Interior,Innenkabine Kategorie C,PRO,0,,1719,1919
MSN275758SEE,2026-10-09,2026-10-09T16:53:19+00:00,1649,2099,Interior,Innenkabine Kategorie B,PRO,0,,1769,1969
MSN275859SEE,2026-10-09,2026-10-09T16:53:19+00:00,1599,2049,Interior,Innenkabine Kategorie C,PRO,0,,1769,1969
MSN276162SEE,2026-10-09,2026-10-09T16:53:19+00:00,1649,2089,Interior,Innenkabine Kategorie B,PRO,0,,1929,2099
MSN2762SEE,2026-10-09,2026-10-09T16:53:19+00:00,1499,1939,Interior,Innenkabine Kategorie C,PRO,0,,1669,1819
MSN2780SEE,2026-10-09,2026-10-09T16:53:19+00:00,2499,2939,Interior,PLUS Innenkabine,PLUS,0,,2749,2899
MSN278182SEE,2026-10-09,2026-10-09T16:53:19+00:00,849,1299,Balcony,PLUS Balkonkabine,PLUS,0,,879,849
MSN278283SEE,2026-10-09,2026-10-09T16:53:19+00:00,829,1279,Interior,PLUS Innenkabine,PLUS,0,,879,849
MSN278384SEE,2026-10-09,2026-10-09T16:53:19+00:00,849,1289,Interior,PLUS Innenkabine,PLUS,0,,899,979
MSN278485SEE,2026-10-09,2026-10-09T16:53:19+00:00,799,1239,Interior,PLUS Innenkabine,PLUS,0,,849,899
MSN278586SEE,2026-10-09,2026-10-09T16:53:19+00:00,1329,1839,Interior,PLUS Innenkabine,PLUS,0,,1399,1499
MSN278687SEE,2026-10-09,2026-10-09T16:53:19+00:00,1279,1789,Interior,PLUS Innenkabine,PLUS,0,,1349,1449
MSN278788SEE,2026-10-09,2026-10-09T16:53:19+00:00,1349,1779,Balcony,PLUS Balkonkabine,PLUS,0,,1449,1349
MSN278889SEE,2026-10-09,2026-10-09T16:53:19+00:00,1329,1779,Balcony,PLUS Balkonkabine,PLUS,0,,1399,1329
MSN278990SEE,2026-10-09,2026-10-09T16:53:19+00:00,1249,1699,Interior,Innenkabine Kategorie B,PRO,0,,1349,1479
MSN279091SEE,2026-10-09,2026-10-09T16:53:19+00:00,1299,1769,Interior,Innenkabine Kategorie C,PRO,0,,1449,1599
MSN279192SEE,2026-10-09,2026-10-09T16:53:19+00:00,1619,2089,Interior,Innenkabine Kategorie B,PRO,0,,1719,1919
MSN279293SEE,2026-10-09,2026-10-09T16:53:19+00:00,1619,2069,Interior,Innenkabine Kategorie B,PRO,0,,1719,1919
MSN279394SEE,2026-10-09,2026-10-09T16:53:19+00:00,1129,1589,Interior,Innenkabine Kategorie B,PRO,0,,1199,1349
MSN279495SEE,2026-10-09,2026-10-09T16:53:19+00:00,949,1419,Interior,Innenkabine Kategorie B,PRO,0,,1079,1179
MSN279596SEE,2026-10-09,2026-10-09T16:53:19+00:00,999,1449,Interior,Innenkabine Kategorie B,PRO,0,,1079,1199
MSN279697SEE,2026-10-09,2026-10-09T16:53:19+00:00,999,1459,Interior,Innenkabine Kategorie B,PRO,0,,1099,1199
MSN279798SEE,2026-10-09,2026-10-09T16:53:19+00:00,1199,1659,Interior,Innenkabine Kategorie B,PRO,0,,1299,1419
MSN279833SEE,2026-10-09,2026-10-09T16:53:19+00:00,1149,1599,Interior,Innenkabine Kategorie B,PRO,0,,1229,1349
MSS2629SEE,2026-10-09,2026-10-09T16:53:19+00:00,1149,1639,Outside,PUR Außenkabine,PUR,0,,1149,
MSS263132SEE,2026-10-09,2026-10-09T16:53:19+00:00,5779,6879,Outside,Außenkabine Kategorie B,PRO,0,,5779,6549
MSS263133SEE,2026-10-09,2026-10-09T16:53:19+00:00,7679,8669,Outside,Außenkabine Kategorie B,PRO,0,,7679,8449
MSS2631SEE,2026-10-09,2026-10-09T16:53:19+00:00,2269,3359,Interior,Innenkabine Kategorie C,PRO,0,,2549,2849
MSS2632SEE,2026-10-09,2026-10-09T16:53:19+00:00,3649,5209,Outside,Außenkabine Kategorie B,PRO,0,,3649,4029
MSS2633SEE,2026-10-09,2026-10-09T16:53:19+00:00,1549,2809,Interior,PUR Innenkabine,PUR,0,,1649,1799
MSS2634SEE,2026-10-09,2026-10-09T16:53:19+00:00,1899,3699,Interior,PUR Innenkabine,PUR,0,,1999,2299
MSS2701SEE,2026-10-09,2026-10-09T16:53:19+00:00,2799,4269,Outside,PLUS Außenkabine,PLUS,0,,2799,3399
MSS2702SEE,2026-10-09,2026-10-09T11:56:02+00:00,2349,3769,Outside,PLUS Außenkabine,PLUS,0,,,
MSS2703SEE,2026-10-09,2026-10-09T16:53:19+00:00,2849,4269,Outside,Außenkabine Kategorie A,PRO,0,,2849,3429
MSS2704SEE,2026-10-09,2026-10-09T16:53:19+00:00,3349,4769,Balcony,Balkonkabine Kategorie H,PRO,0,,,3349
MSS2706SEE,2026-10-09,2026-10-09T16:53:19+00:00,2899,4499,Interior,Innenkabine Kategorie C,PRO,0,,,4849
MSS2708SEE,2026-10-09,2026-10-09T11:56:02+00:00,6549,8779,Balcony,Balkonkabine Kategorie D,PRO,0,,,
MSS270910SEE,2026-10-09,2026-10-09T16:53:19+00:00,8329,8329,Interior,Innenkabine Kategorie A,PRO,0,,8979,11079
MSS270912SEE,2026-10-09,2026-10-09T16:53:19+00:00,13339,13339,Interior,Innenkabine Kategorie A,PRO,0,,14209,17909
MSS2709SEE,2026-10-09,2026-10-09T16:53:19+00:00,3399,5249,Interior,Innenkabine Kategorie A,PRO,0,,3499,4979
MSS271011SEE,2026-10-09,2026-10-09T16:53:19+00:00,7509,7509,Interior,Innenkabine Kategorie B,PRO,0,,8109,10109
MSS271012SEE,2026-10-09,2026-10-09T16:53:19+00:00,9229,9229,Interior,Innenkabine Kategorie B,PRO,0,,10079,12809
MSS2710SEE,2026-10-09,2026-10-09T16:53:19+00:00,2449,3919,Interior,PLUS Innenkabine,PLUS,0,,2899,3099
MSS271112SEE,2026-10-09,2026-10-09T16:53:19+00:00,5199,6129,Interior,Innenkabine Kategorie B,PRO,0,,5729,7449
MSS2711SEE,2026-10-09,2026-10-09T16:53:19+00:00,3099,4659,Interior,Innenkabine Kategorie B,PRO,0,,3479,4479
MSS2712SEE,2026-10-09,2026-10-09T16:53:19+00:00,1999,2969,Interior,PLUS Innenkabine,PLUS,0,,2299,2699
MSS271314SEE,2026-10-09,2026-10-09T16:53:19+00:00,2469,2959,Interior,Innenkabine Kategorie C,PRO,0,,2699,3069
MSS2713SEE,2026-10-09,2026-10-09T16:53:19+00:00,1299,1789,Interior,Innenkabine Kategorie C,PRO,0,,1399,1579
MSS271415SEE,2026-10-09,2026-10-09T16:53:19+00:00,2349,2869,Interior,Innenkabine Kategorie C,PRO,0,,2599,2999
MSS2714SEE,2026-10-09,2026-10-09T16:53:19+00:00,1179,1699,Interior,Innenkabine Kategorie C,PRO,0,,1299,1499
MSS271516SEE,2026-10-09,2026-10-09T16:53:19+00:00,2249,2769,Interior,Innenkabine Kategorie C,PRO,0,,2599,2999
MSS2715SEE,2026-10-09,2026-10-09T16:53:19+00:00,1199,1719,Interior,Innenkabine Kategorie C,PRO,0,,1329,1529
MSS271617SEE,2026-10-09,2026-10-09T16:53:19+00:00,2349,2869,Interior,Innenkabine Kategorie C,PRO,0,,2599,2979
MSS2716SEE,2026-10-09,2026-10-09T16:53:19+00:00,1179,1699,Interior,Innenkabine Kategorie C,PRO,0,,1299,1499
MSS271718SEE,2026-10-09,2026-10-09T16:53:19+00:00,2429,2949,Interior,Innenkabine Kategorie C,PRO,0,,2679,3029
MSS2717SEE,2026-10-09,2026-10-09T16:53:19+00:00,1199,1719,Interior,Innenkabine Kategorie C,PRO,0,,1329,1499
MSS271819SEE,2026-10-09,2026-10-09T16:53:19+00:00,3519,3519,Interior,Innenkabine Kategorie B,PRO,0,,3689,4239
MSS2718SEE,2026-10-09,2026-10-09T16:53:19+00:00,1179,1699,Interior,Innenkabine Kategorie C,PRO,0,,1299,1479
MSS2719SEE,2026-10-09,2026-10-09T16:53:19+00:00,1899,2369,Interior,Innenkabine Kategorie B,PRO,0,,1989,2219
MSS2722SEE,2026-10-09,2026-10-09T16:53:19+00:00,969,$undefined,Balcony,Balkonkabine Kategorie H,PRO,0,,,969
MSS272324SEE,2026-10-09,2026-10-09T16:53:19+00:00,2499,2939,Interior,Innenkabine Kategorie C,PRO,0,,2929,3479
MSS2723SEE,2026-10-09,2026-10-09T16:53:19+00:00,1199,1639,Interior,Innenkabine Kategorie C,PRO,0,,1429,1699
MSS2724SEE,2026-10-09,2026-10-09T16:53:19+00:00,1329,1769,Interior,Innenkabine Kategorie C,PRO,0,,1529,1599
MSS272526SEE,2026-10-09,2026-10-09T16:53:19+00:00,2099,$undefined,Interior,Innenkabine Kategorie C,PRO,0,,2469,2599
MSS2725SEE,2026-10-09,2026-10-09T16:53:19+00:00,1249,1689,Interior,Innenkabine Kategorie C,PRO,0,,1449,1529
MSS2726SEE,2026-10-09,2026-10-09T16:53:19+00:00,919,$undefined,Interior,Innenkabine Kategorie C,PRO,0,,1049,1099
MSS2727SEE,2026-10-09,2026-10-09T16:53:19+00:00,1699,2129,Interior,Innenkabine Kategorie B,PRO,0,,1869,2049
MSS2728SEE,2026-10-09,2026-10-09T16:53:19+00:00,2809,2809,Interior,Innenkabine Kategorie C,PRO,0,,3089,3489
MSS2729SEE,2026-10-09,2026-10-09T16:53:19+00:00,5199,5199,Interior,Innenkabine Kategorie A,PRO,0,,5479,6429
MSS2730SEE,2026-10-09,2026-10-09T16:53:19+00:00,1679,3099,Interior,Innenkabine Kategorie A,PRO,0,,1779,2149
MSS2731SEE,2026-10-09,2026-10-09T16:53:19+00:00,1479,2999,Interior,Innenkabine Kategorie C,PRO,0,,1649,1849
MSS2732SEE,2026-10-09,2026-10-09T16:53:19+00:00,1999,3819,Interior,Innenkabine Kategorie C,PRO,0,,2299,2629
MSS2801SEE,2026-10-09,2026-10-09T16:53:19+00:00,1859,3279,Interior,Innenkabine Kategorie C,PRO,0,,1899,2299
MSS2802SEE,2026-10-09,2026-10-09T16:53:19+00:00,1949,3519,Interior,Innenkabine Kategorie C,PRO,0,,2149,2599
MSS2803SEE,2026-10-09,2026-10-09T16:53:19+00:00,2029,3599,Interior,Innenkabine Kategorie C,PRO,0,,2249,2699
MSS2804SEE,2026-10-09,2026-10-09T16:53:19+00:00,1749,3169,Interior,Innenkabine Kategorie C,PRO,0,,1949,2229
MSS2805SEE,2026-10-09,2026-10-09T16:53:19+00:00,1749,3169,Interior,Innenkabine Kategorie C,PRO,0,,1979,2279
MSS2806SEE,2026-10-09,2026-10-09T16:53:19+00:00,2349,3919,Interior,Innenkabine Kategorie C,PRO,0,,2649,2949
MSS2807SEE,2026-10-09,2026-10-09T16:53:19+00:00,3199,5199,Interior,Innenkabine Kategorie C,PRO,0,,3579,3999
MSS280810SEE,2026-10-09,2026-10-09T16:53:19+00:00,10749,10749,Interior,Innenkabine Kategorie C,PRO,0,,11769,13149
MSS280812SEE,2026-10-09,2026-10-09T16:53:19+00:00,13599,15019,Interior,Innenkabine Kategorie C,PRO,0,,15629,17479
MSS2808SEE,2026-10-09,2026-10-09T16:53:19+00:00,3329,5709,Interior,Innenkabine Kategorie C,PRO,0,,3699,4349
MSS280910SEE,2026-10-09,2026-10-09T16:53:19+00:00,7369,7369,Interior,Innenkabine Kategorie C,PRO,0,,7999,8719
MSS280912SEE,2026-10-09,2026-10-09T16:53:19+00:00,10299,11719,Interior,Innenkabine Kategorie C,PRO,0,,11849,13099
MSS2809SEE,2026-10-09,2026-10-09T16:53:19+00:00,3079,5079,Interior,Innenkabine Kategorie C,PRO,0,,3449,3899
MSS281011SEE,2026-10-09,2026-10-09T16:53:19+00:00,5329,6889,Interior,Innenkabine Kategorie C,PRO,0,,5949,6649
MSS281012SEE,2026-10-09,2026-10-09T16:53:19+00:00,7249,8289,Interior,Innenkabine Kategorie C,PRO,0,,8349,9229
MSS2810SEE,2026-10-09,2026-10-09T16:53:19+00:00,2579,4119,Interior,Innenkabine Kategorie C,PRO,0,,2879,3229
MSS281112SEE,2026-10-09,2026-10-09T16:53:19+00:00,4679,5639,Interior,Innenkabine Kategorie C,PRO,0,,5379,5949
MSS2811SEE,2026-10-09,2026-10-09T16:53:19+00:00,2879,4359,Interior,Innenkabine Kategorie C,PRO,0,,3299,3649
MSS2812SEE,2026-10-09,2026-10-09T16:53:19+00:00,2029,3029,Interior,Innenkabine Kategorie C,PRO,0,,2349,2599
MSV2654SEE,2026-10-09,2026-10-09T16:53:19+00:00,1549,2064,Outside,PUR Außenkabine,PUR,0,,1549,1649
MSV265657SEE,2026-10-09,2026-10-09T16:53:19+00:00,2149,2594,Interior,Innenkabine Kategorie C,PRO,0,,,
MSV2656SEE,2026-10-09,2026-10-09T16:53:19+00:00,1299,1744,Interior,PLUS Innenkabine,PLUS,0,,,
MSV2657SEE,2026-10-09,2026-10-09T16:53:19+00:00,899,1319,Interior,PUR Innenkabine,PUR,0,,929,
MSV265859SEE,2026-10-09,2026-10-09T16:53:19+00:00,2579,3024,Balcony,Balkonkabine Kategorie G,PRO,0,,,2579
MSV2658SEE,2026-10-09,2026-10-09T16:53:19+00:00,1549,2034,Balcony,PLUS Balkonkabine,PLUS,0,,,1549
MSV2659SEE,2026-10-09,2026-10-09T16:53:19+00:00,929,1349,Balcony,PUR Balkonkabine,PUR,0,,,929
MSV2660SEE,2026-10-09,2026-10-09T16:53:19+00:00,729,1149,Balcony,PUR Balkonkabine,PUR,0,,,729
MSV2661SEE,2026-10-09,2026-10-09T16:53:19+00:00,699,1164,Outside,PUR Außenkabine,PUR,0,,699,749
MSV2662SEE,2026-10-09,2026-10-09T16:53:19+00:00,679,1099,Interior,PUR Innenkabine,PUR,0,,,749
MSV2663SEE,2026-10-09,2026-10-09T16:53:19+00:00,1129,1649,Balcony,PLUS Balkonkabine,PLUS,0,,,1129
MSV2664SEE,2026-10-09,2026-10-09T16:53:19+00:00,1449,2189,Interior,PLUS Innenkabine,PLUS,0,,,2079
MSV2701SEE,2026-10-09,2026-10-09T16:53:19+00:00,679,1149,Interior,PLUS Innenkabine,PLUS,0,,779,799
MSV2702SEE,2026-10-09,2026-10-09T16:53:19+00:00,629,1029,Interior,PLUS Innenkabine,PLUS,0,,779,749
MSV2703SEE,2026-10-09,2026-10-09T16:53:19+00:00,629,1029,Interior,PLUS Innenkabine,PLUS,0,,779,749
MSV2704SEE,2026-10-09,2026-10-09T16:53:19+00:00,679,1079,Interior,PLUS Innenkabine,PLUS,0,,779,749
MSV2705SEE,2026-10-09,2026-10-09T16:53:19+00:00,679,1079,Interior,PLUS Innenkabine,PLUS,0,,779,749
MSV270607SEE,2026-10-09,2026-10-09T16:53:19+00:00,1849,2319,Interior,Innenkabine Kategorie B,PRO,0,,2049,2399
MSV2706SEE,2026-10-09,2026-10-09T16:53:19+00:00,699,1119,Interior,PLUS Innenkabine,PLUS,0,,779,799
MSV270708SEE,2026-10-09,2026-10-09T16:53:19+00:00,1799,2219,Interior,Innenkabine Kategorie B,PRO,0,,1999,2329
MSV2707SEE,2026-10-09,2026-10-09T16:53:19+00:00,979,1399,Interior,Innenkabine Kategorie B,PRO,0,,1149,1249
MSV270809SEE,2026-10-09,2026-10-09T16:53:19+00:00,1899,2319,Interior,Innenkabine Kategorie A,PRO,0,,2029,2329
MSV2708SEE,2026-10-09,2026-10-09T16:53:19+00:00,729,1149,Interior,PLUS Innenkabine,PLUS,0,,799,829
MSV270910SEE,2026-10-09,2026-10-09T16:53:19+00:00,2349,2769,Outside,Außenkabine Kategorie B,PRO,0,,2349,2649
MSV2709SEE,2026-10-09,2026-10-09T16:53:19+00:00,1049,1469,Interior,Innenkabine Kategorie A,PRO,0,,1149,1249
MSV271011SEE,2026-10-09,2026-10-09T16:53:19+00:00,2299,2719,Outside,Außenkabine Kategorie B,PRO,0,,2299,2579
MSV2710SEE,2026-10-09,2026-10-09T16:53:19+00:00,1279,1699,Outside,Außenkabine Kategorie B,PRO,0,,1279,1449
MSV271112SEE,2026-10-09,2026-10-09T16:53:19+00:00,2179,2649,Interior,Innenkabine Kategorie C,PRO,0,,2479,2729
MSV2711SEE,2026-10-09,2026-10-09T16:53:19+00:00,949,1369,Interior,Innenkabine Kategorie C,PRO,0,,1099,1179
MSV271213SEE,2026-10-09,2026-10-09T16:53:19+00:00,2429,3069,Interior,Innenkabine Kategorie B,PRO,0,,2679,3049
MSV2712SEE,2026-10-09,2026-10-09T16:53:19+00:00,1299,1819,Interior,Innenkabine Kategorie C,PRO,0,,1429,1549
MSV271314SEE,2026-10-09,2026-10-09T16:53:19+00:00,2129,2669,Interior,Innenkabine Kategorie B,PRO,0,,2399,2879
MSV2713SEE,2026-10-09,2026-10-09T16:53:19+00:00,1179,1869,Interior,Innenkabine Kategorie B,PRO,0,,1399,1579
MSV2714SEE,2026-10-09,2026-10-09T16:53:19+00:00,979,1449,Interior,Innenkabine Kategorie C,PRO,0,,1079,1229
MSV2715SEE,2026-10-09,2026-10-09T16:53:19+00:00,1099,1549,Balcony,Balkonkabine Kategorie E,PRO,0,,,1099
MSV2716SEE,2026-10-09,2026-10-09T16:53:19+00:00,749,1199,Interior,PLUS Innenkabine,PLUS,0,,899,999
MSV2717SEE,2026-10-09,2026-10-09T16:53:19+00:00,1199,1649,Interior,Innenkabine Kategorie C,PRO,0,,1279,1509
MSV2718SEE,2026-10-09,2026-10-09T16:53:19+00:00,1569,2049,Interior,Innenkabine Kategorie C,PRO,0,,1869,2069
MSV271920SEE,2026-10-09,2026-10-09T16:53:19+00:00,3509,3509,Interior,Innenkabine Kategorie A,PRO,0,,3929,4429
MSV2719SEE,2026-10-09,2026-10-09T16:53:19+00:00,1749,2249,Interior,Innenkabine Kategorie B,PRO,0,,1999,2349
MSV272021SEE,2026-10-09,2026-10-09T16:53:19+00:00,3029,3479,Interior,Innenkabine Kategorie A,PRO,0,,3349,3779
MSV2720SEE,2026-10-09,2026-10-09T16:53:19+00:00,1449,1909,Interior,Innenkabine Kategorie A,PRO,0,,1549,1779
MSV272122SEE,2026-10-09,2026-10-09T16:53:19+00:00,2779,3199,Interior,Innenkabine Kategorie B,PRO,0,,3029,3849
MSV2721SEE,2026-10-09,2026-10-09T16:53:19+00:00,1549,1989,Interior,Innenkabine Kategorie B,PRO,0,,1629,1999
MSV272223SEE,2026-10-09,2026-10-09T16:53:19+00:00,2699,3099,Interior,Innenkabine Kategorie C,PRO,0,,3229,3629
MSV2722SEE,2026-10-09,2026-10-09T16:53:19+00:00,1249,1649,Interior,Innenkabine Kategorie C,PRO,0,,1429,1629
MSV272324SEE,2026-10-09,2026-10-09T16:53:19+00:00,2679,3099,Interior,Innenkabine Kategorie C,PRO,0,,3249,3579
MSV2723SEE,2026-10-09,2026-10-09T16:53:19+00:00,1479,1899,Interior,Innenkabine Kategorie C,PRO,0,,1829,2029
MSV272425SEE,2026-10-09,2026-10-09T16:53:19+00:00,2479,2879,Interior,Innenkabine Kategorie C,PRO,0,,2849,3079
MSV2724SEE,2026-10-09,2026-10-09T16:53:19+00:00,1249,1649,Interior,Innenkabine Kategorie C,PRO,0,,1479,1579
MSV272526SEE,2026-10-09,2026-10-09T16:53:19+00:00,2399,2799,Interior,Innenkabine Kategorie C,PRO,0,,2649,3129
MSV2725SEE,2026-10-09,2026-10-09T16:53:19+00:00,1199,1599,Interior,Innenkabine Kategorie C,PRO,0,,1349,1529
MSV272627SEE,2026-10-09,2026-10-09T16:53:19+00:00,2329,2729,Interior,Innenkabine Kategorie C,PRO,0,,2549,2979
MSV2726SEE,2026-10-09,2026-10-09T16:53:19+00:00,1229,1629,Interior,Innenkabine Kategorie C,PRO,0,,1329,1499
MSV272728SEE,2026-10-09,2026-10-09T16:53:19+00:00,2379,2779,Interior,Innenkabine Kategorie C,PRO,0,,2599,2929
MSV2727SEE,2026-10-09,2026-10-09T16:53:19+00:00,1199,1599,Interior,Innenkabine Kategorie C,PRO,0,,1279,1449
MSV272829SEE,2026-10-09,2026-10-09T16:53:19+00:00,2529,2929,Interior,Innenkabine Kategorie C,PRO,0,,2799,3079
MSV2728SEE,2026-10-09,2026-10-09T16:53:19+00:00,1229,1629,Interior,Innenkabine Kategorie C,PRO,0,,1349,1499
MSV272930SEE,2026-10-09,2026-10-09T16:53:19+00:00,2529,2929,Interior,Innenkabine Kategorie C,PRO,0,,2829,3079
MSV2729SEE,2026-10-09,2026-10-09T16:53:19+00:00,1329,1729,Interior,Innenkabine Kategorie C,PRO,0,,1499,1599
MSV273031SEE,2026-10-09,2026-10-09T16:53:19+00:00,2579,2999,Interior,Innenkabine Kategorie C,PRO,0,,2749,3229
MSV2730SEE,2026-10-09,2026-10-09T16:53:19+00:00,1249,1649,Interior,Innenkabine Kategorie C,PRO,0,,1379,1499
MSV273132SEE,2026-10-09,2026-10-09T16:53:19+00:00,2479,2919,Interior,Innenkabine Kategorie C,PRO,0,,2679,3079
MSV2731SEE,2026-10-09,2026-10-09T16:53:19+00:00,1349,1789,Interior,Innenkabine Kategorie C,PRO,0,,1429,1649
MSV273233SEE,2026-10-09,2026-10-09T16:53:19+00:00,2839,2839,Interior,Innenkabine Kategorie C,PRO,0,,3119,3389
MSV2732SEE,2026-10-09,2026-10-09T16:53:19+00:00,1619,1619,Interior,Innenkabine Kategorie C,PRO,0,,1739,1889
MSV273334SEE,2026-10-09,2026-10-09T16:53:19+00:00,2499,2939,Interior,Innenkabine Kategorie C,PRO,0,,2779,3049
MSV2733SEE,2026-10-09,2026-10-09T16:53:19+00:00,1249,1689,Interior,Innenkabine Kategorie C,PRO,0,,1399,1529
MSV273435SEE,2026-10-09,2026-10-09T16:53:19+00:00,2599,3039,Interior,Innenkabine Kategorie C,PRO,0,,2779,3179
MSV2734SEE,2026-10-09,2026-10-09T16:53:19+00:00,1249,1689,Interior,Innenkabine Kategorie C,PRO,0,,1349,1499
MSV273536SEE,2026-10-09,2026-10-09T16:53:19+00:00,2599,3039,Interior,Innenkabine Kategorie C,PRO,0,,2849,3329
MSV2735SEE,2026-10-09,2026-10-09T16:53:19+00:00,1349,1789,Interior,Innenkabine Kategorie C,PRO,0,,1479,1699
MSV273637SEE,2026-10-09,2026-10-09T16:53:19+00:00,2779,3199,Interior,Innenkabine Kategorie C,PRO,0,,2979,3649
MSV2736SEE,2026-10-09,2026-10-09T16:53:19+00:00,1329,1769,Interior,Innenkabine Kategorie C,PRO,0,,1479,1699
MSV273738SEE,2026-10-09,2026-10-09T16:53:19+00:00,2749,3149,Interior,Innenkabine Kategorie C,PRO,0,,2979,3779
MSV2737SEE,2026-10-09,2026-10-09T16:53:19+00:00,1499,1899,Interior,Innenkabine Kategorie C,PRO,0,,1579,1979
MSV273839SEE,2026-10-09,2026-10-09T16:53:19+00:00,2729,3129,Interior,Innenkabine Kategorie C,PRO,0,,3049,3649
MSV2738SEE,2026-10-09,2026-10-09T16:53:19+00:00,1329,1729,Interior,Innenkabine Kategorie C,PRO,0,,1479,1829
MSV273940SEE,2026-10-09,2026-10-09T16:53:19+00:00,2599,2999,Interior,Innenkabine Kategorie C,PRO,0,,2829,3199
MSV2739SEE,2026-10-09,2026-10-09T16:53:19+00:00,1429,1829,Interior,Innenkabine Kategorie C,PRO,0,,1599,1749
MSV274041SEE,2026-10-09,2026-10-09T16:53:19+00:00,2429,2829,Interior,Innenkabine Kategorie C,PRO,0,,2599,2979
MSV2740SEE,2026-10-09,2026-10-09T16:53:19+00:00,1199,1599,Interior,Innenkabine Kategorie C,PRO,0,,1279,1479
MSV274142SEE,2026-10-09,2026-10-09T16:53:19+00:00,3179,3179,Interior,Innenkabine Kategorie C,PRO,0,,3459,3879
MSV2741SEE,2026-10-09,2026-10-09T16:53:19+00:00,1249,1649,Interior,Innenkabine Kategorie C,PRO,0,,1379,1529
MSV2742SEE,2026-10-09,2026-10-09T16:53:19+00:00,1529,2009,Interior,Innenkabine Kategorie C,PRO,0,,1679,1949
MSV274344SEE,2026-10-09,2026-10-09T16:53:19+00:00,2079,2989,Interior,Innenkabine Kategorie C,PRO,0,,2349,2779
MSV2743SEE,2026-10-09,2026-10-09T16:53:19+00:00,1679,2589,Interior,Innenkabine Kategorie C,PRO,0,,1899,2279
MSV274445SEE,2026-10-09,2026-10-09T16:53:19+00:00,3049,3049,Interior,Innenkabine Kategorie C,PRO,0,,3249,3599
MSV274546SEE,2026-10-09,2026-10-09T16:53:19+00:00,2919,2919,Interior,Innenkabine Kategorie C,PRO,0,,3119,3449
MSV274647SEE,2026-10-09,2026-10-09T16:53:19+00:00,1529,2899,Interior,Innenkabine Kategorie C,PRO,0,,1729,2099
MSV274748SEE,2026-10-09,2026-10-09T16:53:19+00:00,2899,2899,Interior,Innenkabine Kategorie C,PRO,0,,3099,3399
MSV274849SEE,2026-10-09,2026-10-09T16:53:19+00:00,1399,2769,Interior,Innenkabine Kategorie C,PRO,0,,1599,1899
MSV274950SEE,2026-10-09,2026-10-09T16:53:19+00:00,1479,2949,Interior,Innenkabine Kategorie C,PRO,0,,1679,1999
MSV275051SEE,2026-10-09,2026-10-09T16:53:19+00:00,2179,3849,Interior,Innenkabine Kategorie C,PRO,0,,2449,3199
MSV275101SEE,2026-10-09,2026-10-09T16:53:19+00:00,1729,3399,Interior,Innenkabine Kategorie C,PRO,0,,1929,2499
MSV280102SEE,2026-10-09,2026-10-09T16:53:19+00:00,1599,2969,Interior,Innenkabine Kategorie C,PRO,0,,1799,2149
MSV280203SEE,2026-10-09,2026-10-09T16:53:19+00:00,1529,2899,Interior,Innenkabine Kategorie C,PRO,0,,1729,2049
MSV280304SEE,2026-10-09,2026-10-09T16:53:19+00:00,1599,2969,Interior,Innenkabine Kategorie C,PRO,0,,1799,2149
MSV280405SEE,2026-10-09,2026-10-09T16:53:19+00:00,1499,2869,Interior,Innenkabine Kategorie C,PRO,0,,1699,2029
MSV280506SEE,2026-10-09,2026-10-09T16:53:19+00:00,1679,3049,Interior,Innenkabine Kategorie C,PRO,0,,1849,2199
MSV280607SEE,2026-10-09,2026-10-09T16:53:19+00:00,1549,2919,Interior,Innenkabine Kategorie C,PRO,0,,1779,2099
MSV280708SEE,2026-10-09,2026-10-09T16:53:19+00:00,2999,2999,Interior,Innenkabine Kategorie C,PRO,0,,3219,3569
MSV280809SEE,2026-10-09,2026-10-09T16:53:19+00:00,1529,2899,Interior,Innenkabine Kategorie C,PRO,0,,1749,2079
MSV280910SEE,2026-10-09,2026-10-09T16:53:19+00:00,1699,3069,Interior,Innenkabine Kategorie C,PRO,0,,1899,2279
MSV281011SEE,2026-10-09,2026-10-09T16:53:19+00:00,1599,2969,Interior,Innenkabine Kategorie C,PRO,0,,1799,2149
MSV281112SEE,2026-10-09,2026-10-09T16:53:19+00:00,1679,3049,Interior,Innenkabine Kategorie C,PRO,0,,1899,2279
MSV281213SEE,2026-10-09,2026-10-09T16:53:19+00:00,1599,2969,Interior,Innenkabine Kategorie C,PRO,0,,1799,2149
MSV281314SEE,2026-10-09,2026-10-09T16:53:19+00:00,1749,3119,Interior,Innenkabine Kategorie C,PRO,0,,1949,2329
MSV281415SEE,2026-10-09,2026-10-09T16:53:19+00:00,1649,3119,Interior,Innenkabine Kategorie C,PRO,0,,1819,2169
MSV281516SEE,2026-10-09,2026-10-09T16:53:19+00:00,1449,2419,Interior,Innenkabine Kategorie C,PRO,0,,1649,1999
MSV2816SEE,2026-10-09,2026-10-09T16:53:19+00:00,1219,2189,Interior,Innenkabine Kategorie C,PRO,0,,1399,1669
NO03270929,2026-10-09,2026-10-09T17:00:48+00:00,530,,,,IND,0,Frühbucher Plus,,
NO03280603,2026-10-09,2026-10-09T17:00:48+00:00,570,,,,IND,0,Frühbucher Plus,,
NO03280927,2026-10-09,2026-10-09T17:00:48+00:00,500,,,,IND,0,Frühbucher Plus,,
NO04270925,2026-10-09,2026-10-09T17:00:48+00:00,610,,,,IND,0,Frühbucher Plus,,
NO04280606,2026-10-09,2026-10-09T17:00:48+00:00,615,,,,IND,0,Frühbucher Plus,,
NO04280923,2026-10-09,2026-10-09T17:00:48+00:00,625,,,,IND,0,Frühbucher Plus,,
NO05271218,2026-10-09,2026-10-09T17:00:48+00:00,475,,,,IND,0,Frühbucher Plus,,
NO07261024,2026-10-09,2026-10-09T17:00:48+00:00,1465,,,,IND,0,,,
NO07261107,2026-10-09,2026-10-09T17:00:48+00:00,739,,,,CLA,0,AIDAspecialOffer | Last Minute,,
NO07261114,2026-10-09,2026-10-09T17:00:48+00:00,649,,,,CLA,0,AIDAspecialOffer | Winterpause,,
NO07261121,2026-10-09,2026-10-09T17:00:48+00:00,749,,,,CLA,0,AIDAspecialOffer | Winterpause,,
NO07261128,2026-10-09,2026-10-09T17:00:48+00:00,645,,,,IND,0,Frühbucher Plus,,
NO07261205,2026-10-09,2026-10-09T17:00:48+00:00,675,,,,IND,0,Frühbucher Plus,,
NO07261212,2026-10-09,2026-10-09T17:00:48+00:00,645,,,,IND,0,Frühbucher | AIDAspecials,,
NO07261219,2026-10-09,2026-10-09T17:00:48+00:00,829,,,,CLA,0,AIDAspecialOffer | Winterpause,,
NO07261226,2026-10-09,2026-10-09T17:00:48+00:00,1420,,,,IND,0,Frühbucher,,
NO07270102,2026-10-09,2026-10-09T17:00:48+00:00,779,,,,CLA,0,AIDAspecialOffer | Winterpause,,
NO07270109,2026-10-09,2026-10-09T17:00:48+00:00,625,,,,IND,0,Frühbucher Plus | AIDAspecials,,
NO07270116,2026-10-09,2026-10-09T17:00:48+00:00,649,,,,CLA,0,AIDAspecialOffer | Winterpause,,
NO07270123,2026-10-09,2026-10-09T17:00:48+00:00,775,,,,IND,0,AIDAspecials,,
NO07270130,2026-10-09,2026-10-09T17:00:48+00:00,679,,,,CLA,0,AIDAspecialOffer | Winterpause,,
NO07270206,2026-10-09,2026-10-09T17:00:48+00:00,729,,,,CLA,0,AIDAspecialOffer | Winterpause,,
NO07270213,2026-10-09,2026-10-09T17:00:48+00:00,795,,,,IND,0,Frühbucher Plus,,
NO07270220,2026-10-09,2026-10-09T17:00:48+00:00,710,,,,IND,0,Frühbucher Plus | AIDAspecials,,
NO07270227,2026-10-09,2026-10-09T17:00:48+00:00,699,,,,CLA,0,AIDAspecialOffer | Winterpause,,
NO07270306,2026-10-09,2026-10-09T17:00:48+00:00,780,,,,IND,0,Frühbucher,,
NO07270313,2026-10-09,2026-10-09T17:00:48+00:00,729,,,,CLA,0,AIDAspecialOffer | Winterpause,,
NO07270320,2026-10-09,2026-10-09T17:00:48+00:00,1165,,,,IND,0,Frühbucher Plus | AIDAspecials,,
NO07270327,2026-10-09,2026-10-09T17:00:48+00:00,1205,,,,IND,0,Frühbucher Plus,,
NO07270403,2026-10-09,2026-10-09T17:00:48+00:00,795,,,,IND,0,Frühbucher Plus,,
NO07270410,2026-10-09,2026-10-09T17:00:48+00:00,865,,,,IND,0,Frühbucher Plus | AIDAspecialOffer | Ab 2 Kabinen 10% sparen,,
NO07270417,2026-10-09,2026-10-09T17:00:48+00:00,965,,,,IND,0,Frühbucher,,
NO07270424,2026-10-09,2026-10-09T17:00:48+00:00,865,,,,IND,0,Frühbucher Plus | AIDAspecialOffer | Ab 2 Kabinen 10% sparen,,
NO07270501,2026-10-09,2026-10-09T17:00:48+00:00,1035,,,,IND,0,Frühbucher,,
NO07270508,2026-10-09,2026-10-09T17:00:48+00:00,955,,,,IND,0,Frühbucher Plus | AIDAspecialOffer | Ab 2 Kabinen 10% sparen,,
NO07270515,2026-10-09,2026-10-09T17:00:48+00:00,1295,,,,IND,0,Frühbucher Plus | AIDAspecialOffer | Ab 2 Kabinen 10% sparen,,
NO07270522,2026-10-09,2026-10-09T17:00:48+00:00,1065,,,,IND,0,Frühbucher Plus | AIDAspecialOffer | Ab 2 Kabinen 10% sparen,,
NO07270529,2026-10-09,2026-10-09T17:00:48+00:00,1030,,,,IND,0,Frühbucher Plus | AIDAspecialOffer | Ab 2 Kabinen 10% sparen,,
NO07270605,2026-10-09,2026-10-09T17:00:48+00:00,980,,,,IND,0,Frühbucher Plus | AIDAspecialOffer | Ab 2 Kabinen 10% sparen,,
NO07270612,2026-10-09,2026-10-09T17:00:48+00:00,1110,,,,IND,0,Frühbucher Plus | AIDAspecialOffer | Ab 2 Kabinen 10% sparen,,
NO07270619,2026-10-09,2026-10-09T17:00:48+00:00,1080,,,,IND,0,Frühbucher Plus | AIDAspecialOffer | Ab 2 Kabinen 10% sparen,,
NO07270626,2026-10-09,2026-10-09T17:00:48+00:00,1110,,,,IND,0,Frühbucher Plus | AIDAspecialOffer | Ab 2 Kabinen 10% sparen,,
NO07270703,2026-10-09,2026-10-09T17:00:48+00:00,1115,,,,IND,0,Frühbucher Plus | AIDAspecialOffer | Ab 2 Kabinen 10% sparen,,
NO07270710,2026-10-09,2026-10-09T17:00:48+00:00,1295,,,,IND,0,Frühbucher Plus | AIDAspecialOffer | Ab 2 Kabinen 10% sparen,,
NO07270717,2026-10-09,2026-10-09T17:00:48+00:00,1245,,,,IND,0,Frühbucher Plus | AIDAspecialOffer | Ab 2 Kabinen 10% sparen,,
NO07270724,2026-10-09,2026-10-09T17:00:48+00:00,1295,,,,IND,0,Frühbucher Plus | AIDAspecialOffer | Ab 2 Kabinen 10% sparen,,
NO07270731,2026-10-09,2026-10-09T17:00:48+00:00,1270,,,,IND,0,Frühbucher Plus | AIDAspecialOffer | Ab 2 Kabinen 10% sparen,,
NO07270807,2026-10-09,2026-10-09T17:00:48+00:00,1320,,,,IND,0,Frühbucher Plus | AIDAspecialOffer | Ab 2 Kabinen 10% sparen,,
NO07270814,2026-10-09,2026-10-09T17:00:48+00:00,1145,,,,IND,0,Frühbucher Plus | AIDAspecialOffer | Ab 2 Kabinen 10% sparen,,
NO07270821,2026-10-09,2026-10-09T17:00:48+00:00,1215,,,,IND,0,Frühbucher Plus | AIDAspecialOffer | Ab 2 Kabinen 10% sparen,,
NO07270828,2026-10-09,2026-10-09T17:00:48+00:00,1015,,,,IND,0,Frühbucher Plus,,
NO07270904,2026-10-09,2026-10-09T17:00:48+00:00,1115,,,,IND,0,Frühbucher Plus,,
NO07270911,2026-10-09,2026-10-09T17:00:48+00:00,1015,,,,IND,0,Frühbucher Plus,,
NO07270918,2026-10-09,2026-10-09T17:00:48+00:00,1015,,,,IND,0,Frühbucher Plus | AIDAspecialOffer | Ab 2 Kabinen 10% sparen,,
NO07270925,2026-10-09,2026-10-09T17:00:48+00:00,1050,,,,IND,0,Frühbucher Plus | AIDAspecialOffer | Ab 2 Kabinen 10% sparen,,
NO07271002,2026-10-09,2026-10-09T17:00:48+00:00,1070,,,,IND,0,Frühbucher Plus | AIDAspecialOffer | Ab 2 Kabinen 10% sparen,,
NO07271009,2026-10-09,2026-10-09T17:00:48+00:00,1070,,,,IND,0,Frühbucher Plus | AIDAspecialOffer | Ab 2 Kabinen 10% sparen,,
NO07271016,2026-10-09,2026-10-09T17:00:48+00:00,1145,,,,IND,0,Frühbucher Plus | AIDAspecialOffer | Ab 2 Kabinen 10% sparen,,
NO07271023,2026-10-09,2026-10-09T17:00:48+00:00,1070,,,,IND,0,Frühbucher Plus | AIDAspecialOffer | Ab 2 Kabinen 10% sparen,,
NO07271030,2026-10-09,2026-10-09T17:00:48+00:00,1095,,,,IND,0,Frühbucher Plus | AIDAspecialOffer | Ab 2 Kabinen 10% sparen,,
NO07271106,2026-10-09,2026-10-09T17:00:48+00:00,700,,,,IND,0,Frühbucher Plus,,
NO07271113,2026-10-09,2026-10-09T17:00:48+00:00,700,,,,IND,0,Frühbucher Plus,,
NO07271120,2026-10-09,2026-10-09T17:00:48+00:00,750,,,,IND,0,Frühbucher Plus,,
NO07271127,2026-10-09,2026-10-09T17:00:48+00:00,670,,,,IND,0,Frühbucher Plus,,
NO07271204,2026-10-09,2026-10-09T17:00:48+00:00,700,,,,IND,0,Frühbucher Plus,,
NO07271211,2026-10-09,2026-10-09T17:00:48+00:00,615,,,,IND,0,Frühbucher Plus,,
NO07271223,2026-10-09,2026-10-09T17:00:48+00:00,1155,,,,IND,0,Frühbucher Plus,,
NO07280108,2026-10-09,2026-10-09T17:00:48+00:00,615,,,,IND,0,Frühbucher Plus,,
NO07280115,2026-10-09,2026-10-09T17:00:48+00:00,700,,,,IND,0,Frühbucher Plus,,
NO07280122,2026-10-09,2026-10-09T17:00:48+00:00,650,,,,IND,0,Frühbucher Plus,,
NO07280129,2026-10-09,2026-10-09T17:00:48+00:00,805,,,,IND,0,Frühbucher Plus,,
NO07280205,2026-10-09,2026-10-09T17:00:48+00:00,805,,,,IND,0,Frühbucher Plus,,
NO07280212,2026-10-09,2026-10-09T17:00:48+00:00,825,,,,IND,0,Frühbucher Plus,,
NO07280219,2026-10-09,2026-10-09T17:00:48+00:00,720,,,,IND,0,Frühbucher Plus,,
NO07280226,2026-10-09,2026-10-09T17:00:48+00:00,770,,,,IND,0,Frühbucher Plus,,
NO07280304,2026-10-09,2026-10-09T17:00:48+00:00,750,,,,IND,0,Frühbucher Plus,,
NO07280311,2026-10-09,2026-10-09T17:00:48+00:00,805,,,,IND,0,Frühbucher Plus,,
NO07280318,2026-10-09,2026-10-09T17:00:48+00:00,720,,,,IND,0,Frühbucher Plus,,
NO07280325,2026-10-09,2026-10-09T17:00:48+00:00,815,,,,IND,0,Frühbucher Plus,,
NO07280401,2026-10-09,2026-10-09T17:00:48+00:00,905,,,,IND,0,Frühbucher Plus,,
NO07280408,2026-10-09,2026-10-09T17:00:48+00:00,1225,,,,IND,0,Frühbucher Plus,,
NO07280415,2026-10-09,2026-10-09T17:00:48+00:00,1270,,,,IND,0,Frühbucher Plus,,
NO07280422,2026-10-09,2026-10-09T17:00:48+00:00,925,,,,IND,0,Frühbucher Plus,,
NO07280429,2026-10-09,2026-10-09T17:00:48+00:00,980,,,,IND,0,Frühbucher Plus,,
NO07280506,2026-10-09,2026-10-09T17:00:48+00:00,870,,,,IND,0,Frühbucher Plus,,
NO07280513,2026-10-09,2026-10-09T17:00:48+00:00,1040,,,,IND,0,Frühbucher Plus,,
NO07280520,2026-10-09,2026-10-09T17:00:48+00:00,1090,,,,IND,0,Frühbucher Plus,,
NO07280527,2026-10-09,2026-10-09T17:00:48+00:00,1040,,,,IND,0,Frühbucher Plus,,
NO07280603,2026-10-09,2026-10-09T17:00:48+00:00,1050,,,,IND,0,Frühbucher Plus,,
NO07280610,2026-10-09,2026-10-09T17:00:48+00:00,1195,,,,IND,0,Frühbucher Plus,,
NO07280617,2026-10-09,2026-10-09T17:00:48+00:00,1090,,,,IND,0,Frühbucher Plus,,
NO07280624,2026-10-09,2026-10-09T17:00:48+00:00,1125,,,,IND,0,Frühbucher Plus,,
NO07280701,2026-10-09,2026-10-09T17:00:48+00:00,1130,,,,IND,0,Frühbucher Plus,,
NO07280708,2026-10-09,2026-10-09T17:00:48+00:00,1310,,,,IND,0,Frühbucher Plus,,
NO07280715,2026-10-09,2026-10-09T17:00:48+00:00,1245,,,,IND,0,Frühbucher Plus,,
NO07280722,2026-10-09,2026-10-09T17:00:48+00:00,1335,,,,IND,0,Frühbucher Plus,,
NO07280729,2026-10-09,2026-10-09T17:00:48+00:00,1320,,,,IND,0,Frühbucher Plus,,
NO07280805,2026-10-09,2026-10-09T17:00:48+00:00,1335,,,,IND,0,Frühbucher Plus,,
NO07280812,2026-10-09,2026-10-09T17:00:48+00:00,1245,,,,IND,0,Frühbucher Plus,,
NO07280819,2026-10-09,2026-10-09T17:00:48+00:00,1230,,,,IND,0,Frühbucher Plus,,
NO07280826,2026-10-09,2026-10-09T17:00:48+00:00,1090,,,,IND,0,Frühbucher Plus,,
NO07280902,2026-10-09,2026-10-09T17:00:48+00:00,1130,,,,IND,0,Frühbucher Plus,,
NO07280909,2026-10-09,2026-10-09T17:00:48+00:00,1025,,,,IND,0,Frühbucher Plus,,
NO07280916,2026-10-09,2026-10-09T17:00:48+00:00,1045,,,,IND,0,Frühbucher Plus,,
NO07280923,2026-10-09,2026-10-09T17:00:48+00:00,1000,,,,IND,0,Frühbucher Plus,,
NO07280930,2026-10-09,2026-10-09T17:00:48+00:00,1080,,,,IND,0,Frühbucher Plus,,
NO07281007,2026-10-09,2026-10-09T17:00:48+00:00,1060,,,,IND,0,Frühbucher Plus,,
NO07281014,2026-10-09,2026-10-09T17:00:48+00:00,1080,,,,IND,0,Frühbucher Plus,,
NO07281021,2026-10-09,2026-10-09T17:00:48+00:00,1145,,,,IND,0,Frühbucher Plus,,
NO07281028,2026-10-09,2026-10-09T17:00:48+00:00,1175,,,,IND,0,Frühbucher Plus,,
NO09271230,2026-10-09,2026-10-09T17:00:48+00:00,1610,,,,IND,0,Frühbucher Plus,,
NO10270929,2026-10-09,2026-10-09T17:00:48+00:00,1420,,,,IND,0,Frühbucher Plus,,
NO10280527,2026-10-09,2026-10-09T17:00:48+00:00,1425,,,,IND,0,Frühbucher Plus,,
NO10280927,2026-10-09,2026-10-09T17:00:48+00:00,1400,,,,IND,0,Frühbucher Plus,,
NO11270918,2026-10-09,2026-10-09T17:00:48+00:00,1550,,,,IND,0,Frühbucher Plus,,
NO11280606,2026-10-09,2026-10-09T17:00:48+00:00,1605,,,,IND,0,Frühbucher Plus,,
NO11280916,2026-10-09,2026-10-09T17:00:48+00:00,1480,,,,IND,0,Frühbucher Plus,,
NO12271211,2026-10-09,2026-10-09T17:00:48+00:00,1035,,,,IND,0,Frühbucher Plus,,
NO12271218,2026-10-09,2026-10-09T17:00:48+00:00,1480,,,,IND,0,Frühbucher Plus,,
NO14261107,2026-10-09,2026-10-09T17:00:48+00:00,2149,,,,CLA,0,,,
NO14261114,2026-10-09,2026-10-09T17:00:48+00:00,1699,,,,CLA,0,,,
NO14261121,2026-10-09,2026-10-09T17:00:48+00:00,1649,,,,CLA,0,,,
NO14261128,2026-10-09,2026-10-09T17:00:48+00:00,1295,,,,IND,0,Frühbucher Plus,,
NO14261205,2026-10-09,2026-10-09T17:00:48+00:00,1240,,,,IND,0,Frühbucher Plus,,
NO14261212,2026-10-09,2026-10-09T17:00:48+00:00,1560,,,,IND,0,Frühbucher Plus,,
NO14261219,2026-10-09,2026-10-09T17:00:48+00:00,2360,,,,IND,0,Frühbucher Plus,,
NO14261226,2026-10-09,2026-10-09T17:00:48+00:00,2165,,,,IND,0,Frühbucher Plus,,
NO14270102,2026-10-09,2026-10-09T17:00:48+00:00,1345,,,,IND,0,Frühbucher Plus,,
NO14270109,2026-10-09,2026-10-09T17:00:48+00:00,1695,,,,IND,0,Frühbucher Plus,,
NO14270116,2026-10-09,2026-10-09T17:00:48+00:00,1730,,,,IND,0,Frühbucher Plus,,
NO14270130,2026-10-09,2026-10-09T17:00:48+00:00,1400,,,,IND,0,Frühbucher Plus,,
NO14270206,2026-10-09,2026-10-09T17:00:48+00:00,1420,,,,IND,0,Frühbucher Plus,,
NO14270213,2026-10-09,2026-10-09T17:00:48+00:00,1330,,,,IND,0,Frühbucher Plus,,
NO14270220,2026-10-09,2026-10-09T17:00:48+00:00,1345,,,,IND,0,Frühbucher Plus,,
NO14270227,2026-10-09,2026-10-09T17:00:48+00:00,1365,,,,IND,0,Frühbucher Plus,,
NO14270306,2026-10-09,2026-10-09T17:00:48+00:00,1405,,,,IND,0,Frühbucher Plus,,
NO14270313,2026-10-09,2026-10-09T17:00:48+00:00,1950,,,,IND,0,Frühbucher Plus,,
NO14270320,2026-10-09,2026-10-09T17:00:48+00:00,2370,,,,IND,0,Frühbucher Plus,,
NO14270327,2026-10-09,2026-10-09T17:00:48+00:00,2000,,,,IND,0,Frühbucher Plus,,
NO14270403,2026-10-09,2026-10-09T17:00:48+00:00,1645,,,,IND,0,,,
NO14270410,2026-10-09,2026-10-09T17:00:48+00:00,1570,,,,IND,0,Frühbucher Plus,,
NO14270417,2026-10-09,2026-10-09T17:00:48+00:00,1570,,,,IND,0,Frühbucher Plus,,
NO14270424,2026-10-09,2026-10-09T17:00:48+00:00,1635,,,,IND,0,Frühbucher Plus,,
NO14270501,2026-10-09,2026-10-09T16:27:55+00:00,1715,,,,IND,0,Frühbucher Plus,,
NO14270508,2026-10-09,2026-10-09T17:00:48+00:00,1860,,,,IND,0,Frühbucher Plus,,
NO14270515,2026-10-09,2026-10-09T17:00:48+00:00,1960,,,,IND,0,Frühbucher Plus,,
NO14270522,2026-10-09,2026-10-09T17:00:48+00:00,1855,,,,IND,0,Frühbucher Plus,,
NO14270529,2026-10-09,2026-10-09T17:00:48+00:00,1780,,,,IND,0,Frühbucher Plus,,
NO14270605,2026-10-09,2026-10-09T17:00:48+00:00,1850,,,,IND,0,Frühbucher Plus,,
NO14270612,2026-10-09,2026-10-09T17:00:48+00:00,1940,,,,IND,0,Frühbucher Plus,,
NO14270619,2026-10-09,2026-10-09T17:00:48+00:00,1940,,,,IND,0,Frühbucher Plus,,
NO14270626,2026-10-09,2026-10-09T17:00:48+00:00,1975,,,,IND,0,Frühbucher Plus,,
NO14270703,2026-10-09,2026-10-09T17:00:48+00:00,2245,,,,IND,0,Frühbucher Plus,,
NO14270710,2026-10-09,2026-10-09T17:00:48+00:00,2370,,,,IND,0,Frühbucher Plus,,
NO14270717,2026-10-09,2026-10-09T17:00:48+00:00,2370,,,,IND,0,Frühbucher Plus,,
NO14270724,2026-10-09,2026-10-09T17:00:48+00:00,2395,,,,IND,0,Frühbucher Plus,,
NO14270731,2026-10-09,2026-10-09T17:00:48+00:00,2415,,,,IND,0,Frühbucher Plus,,
NO14270807,2026-10-09,2026-10-09T17:00:48+00:00,2300,,,,IND,0,Frühbucher Plus,,
NO14270814,2026-10-09,2026-10-09T17:00:48+00:00,2200,,,,IND,0,Frühbucher Plus,,
NO14270821,2026-10-09,2026-10-09T17:00:48+00:00,2080,,,,IND,0,Frühbucher Plus,,
NO14270828,2026-10-09,2026-10-09T17:00:48+00:00,1985,,,,IND,0,Frühbucher Plus,,
NO14270904,2026-10-09,2026-10-09T17:00:48+00:00,1885,,,,IND,0,Frühbucher Plus,,
NO14270911,2026-10-09,2026-10-09T17:00:48+00:00,1795,,,,IND,0,Frühbucher Plus,,
NO14271002,2026-10-09,2026-10-09T17:00:48+00:00,1995,,,,IND,0,Frühbucher Plus,,
NO14271009,2026-10-09,2026-10-09T17:00:48+00:00,2065,,,,IND,0,Frühbucher Plus,,
NO14271016,2026-10-09,2026-10-09T17:00:48+00:00,2065,,,,IND,0,Frühbucher Plus,,
NO14271023,2026-10-09,2026-10-09T17:00:48+00:00,2015,,,,IND,0,Frühbucher Plus,,
NO14271030,2026-10-09,2026-10-09T17:00:48+00:00,1670,,,,IND,0,Frühbucher Plus,,
NO14271106,2026-10-09,2026-10-09T17:00:48+00:00,1265,,,,IND,0,Frühbucher Plus,,
NO14271113,2026-10-09,2026-10-09T17:00:48+00:00,1310,,,,IND,0,Frühbucher Plus,,
NO14271120,2026-10-09,2026-10-09T17:00:48+00:00,1280,,,,IND,0,Frühbucher Plus,,
NO14271127,2026-10-09,2026-10-09T17:00:48+00:00,1235,,,,IND,0,Frühbucher Plus,,
NO14271204,2026-10-09,2026-10-09T17:00:48+00:00,1185,,,,IND,0,Frühbucher Plus,,
NO14280108,2026-10-09,2026-10-09T17:00:48+00:00,1185,,,,IND,0,Frühbucher Plus,,
NO14280115,2026-10-09,2026-10-09T17:00:48+00:00,1220,,,,IND,0,Frühbucher Plus,,
NO14280122,2026-10-09,2026-10-09T17:00:48+00:00,1315,,,,IND,0,Frühbucher Plus,,
NO14280129,2026-10-09,2026-10-09T17:00:48+00:00,1455,,,,IND,0,Frühbucher Plus,,
NO14280205,2026-10-09,2026-10-09T17:00:48+00:00,1475,,,,IND,0,Frühbucher Plus,,
NO14280212,2026-10-09,2026-10-09T17:00:48+00:00,1395,,,,IND,0,Frühbucher Plus,,
NO14280219,2026-10-09,2026-10-09T17:00:48+00:00,1345,,,,IND,0,Frühbucher Plus,,
NO14280226,2026-10-09,2026-10-09T17:00:48+00:00,1375,,,,IND,0,Frühbucher Plus,,
NO14280304,2026-10-09,2026-10-09T17:00:48+00:00,1405,,,,IND,0,Frühbucher Plus,,
NO14280311,2026-10-09,2026-10-09T17:00:48+00:00,1380,,,,IND,0,Frühbucher Plus,,
NO14280318,2026-10-09,2026-10-09T17:00:48+00:00,1390,,,,IND,0,Frühbucher Plus,,
NO14280325,2026-10-09,2026-10-09T17:00:48+00:00,1560,,,,IND,0,Frühbucher Plus,,
NO14280401,2026-10-09,2026-10-09T17:00:48+00:00,1815,,,,IND,0,Frühbucher Plus,,
NO14280408,2026-10-09,2026-10-09T17:00:48+00:00,2215,,,,IND,0,Frühbucher Plus,,
NO14280415,2026-10-09,2026-10-09T17:00:48+00:00,1945,,,,IND,0,Frühbucher Plus,,
NO14280422,2026-10-09,2026-10-09T17:00:48+00:00,1685,,,,IND,0,Frühbucher Plus,,
NO14280429,2026-10-09,2026-10-09T17:00:48+00:00,1635,,,,IND,0,Frühbucher Plus,,
NO14280506,2026-10-09,2026-10-09T17:00:48+00:00,1690,,,,IND,0,Frühbucher Plus,,
NO14280513,2026-10-09,2026-10-09T17:00:48+00:00,1885,,,,IND,0,Frühbucher Plus,,
NO14280520,2026-10-09,2026-10-09T17:00:48+00:00,1885,,,,IND,0,Frühbucher Plus,,
NO14280610,2026-10-09,2026-10-09T17:00:48+00:00,2025,,,,IND,0,Frühbucher Plus,,
NO14280617,2026-10-09,2026-10-09T17:00:48+00:00,1965,,,,IND,0,Frühbucher Plus,,
NO14280624,2026-10-09,2026-10-09T17:00:48+00:00,2000,,,,IND,0,Frühbucher Plus,,
NO14280701,2026-10-09,2026-10-09T17:00:48+00:00,2165,,,,IND,0,Frühbucher Plus,,
NO14280708,2026-10-09,2026-10-09T17:00:48+00:00,2270,,,,IND,0,Frühbucher Plus,,
NO14280715,2026-10-09,2026-10-09T17:00:48+00:00,2290,,,,IND,0,Frühbucher Plus,,
NO14280722,2026-10-09,2026-10-09T17:00:48+00:00,2360,,,,IND,0,Frühbucher Plus,,
NO14280729,2026-10-09,2026-10-09T17:00:48+00:00,2360,,,,IND,0,Frühbucher Plus,,
NO14280805,2026-10-09,2026-10-09T17:00:48+00:00,2290,,,,IND,0,Frühbucher Plus,,
NO14280812,2026-10-09,2026-10-09T17:00:48+00:00,2200,,,,IND,0,Frühbucher Plus,,
NO14280819,2026-10-09,2026-10-09T17:00:48+00:00,2060,,,,IND,0,Frühbucher Plus,,
NO14280826,2026-10-09,2026-10-09T17:00:48+00:00,1970,,,,IND,0,Frühbucher Plus,,
NO14280902,2026-10-09,2026-10-09T17:00:48+00:00,1910,,,,IND,0,Frühbucher Plus,,
NO14280909,2026-10-09,2026-10-09T17:00:48+00:00,1835,,,,IND,0,Frühbucher Plus,,
NO14280930,2026-10-09,2026-10-09T17:00:48+00:00,1895,,,,IND,0,Frühbucher Plus,,
NO14281007,2026-10-09,2026-10-09T17:00:48+00:00,1895,,,,IND,0,Frühbucher Plus,,
NO14281014,2026-10-09,2026-10-09T17:00:48+00:00,1975,,,,IND,0,Frühbucher Plus,,
NO14281021,2026-10-09,2026-10-09T17:00:48+00:00,2060,,,,IND,0,Frühbucher Plus,,
NO16271223,2026-10-09,2026-10-09T16:44:36+00:00,2515,,,,IND,0,Frühbucher Plus,,
PE03271211,2026-10-09,2026-10-09T17:00:48+00:00,400,,,,IND,0,Frühbucher,,
PE04280201,2026-10-09,2026-10-09T17:00:48+00:00,495,,,,IND,0,Frühbucher Plus,,
PE05261031,2026-10-09,2026-10-09T17:00:48+00:00,1349,,,,CLA,0,AIDAspecials | AIDAspecialOffer | Last Minute,,
PE05270524,2026-10-09,2026-10-09T17:00:48+00:00,1495,,,,IND,0,AIDAspecials,,
PE05271223,2026-10-09,2026-10-09T17:00:48+00:00,845,,,,IND,0,Frühbucher Plus,,
PE05271228,2026-10-09,2026-10-09T17:00:48+00:00,995,,,,IND,0,Frühbucher Plus,,
PE05280311,2026-10-09,2026-10-09T17:00:48+00:00,625,,,,IND,0,Frühbucher Plus,,
PE05280316,2026-10-09,2026-10-09T17:00:48+00:00,695,,,,IND,0,Frühbucher Plus,,
PE06271121,2026-10-09,2026-10-09T17:00:48+00:00,665,,,,IND,0,Frühbucher Plus,,
PE06280102,2026-10-09,2026-10-09T17:00:48+00:00,745,,,,IND,0,Frühbucher Plus,,
PE06280430,2026-10-09,2026-10-09T17:00:48+00:00,870,,,,IND,0,Frühbucher Plus,,
PE06280604,2026-10-09,2026-10-09T17:00:48+00:00,1020,,,,IND,0,Frühbucher Plus,,
PE07261024,2026-10-09,2026-10-09T17:00:48+00:00,1755,,,,IND,0,,,
PE07270529,2026-10-09,2026-10-09T17:00:48+00:00,990,,,,IND,0,Frühbucher Plus | AIDAspecialOffer | Ab 2 Kabinen 10% sparen,,
PE07270605,2026-10-09,2026-10-09T17:00:48+00:00,1040,,,,IND,0,Frühbucher Plus,,
PE07270612,2026-10-09,2026-10-09T17:00:48+00:00,1020,,,,IND,0,Frühbucher Plus | AIDAspecialOffer | Ab 2 Kabinen 10% sparen,,
PE07270619,2026-10-09,2026-10-09T17:00:48+00:00,1110,,,,IND,0,Frühbucher Plus,,
PE07270626,2026-10-09,2026-10-09T17:00:48+00:00,1065,,,,IND,0,Frühbucher Plus | AIDAspecialOffer | Ab 2 Kabinen 10% sparen,,
PE07270703,2026-10-09,2026-10-09T17:00:48+00:00,1245,,,,IND,0,Frühbucher Plus,,
PE07270710,2026-10-09,2026-10-09T17:00:48+00:00,1185,,,,IND,0,Frühbucher Plus | AIDAspecialOffer | Ab 2 Kabinen 10% sparen,,
PE07270717,2026-10-09,2026-10-09T17:00:48+00:00,1370,,,,IND,0,Frühbucher Plus,,
PE07270724,2026-10-09,2026-10-09T17:00:48+00:00,1245,,,,IND,0,Frühbucher Plus | AIDAspecialOffer | Ab 2 Kabinen 10% sparen,,
PE07270731,2026-10-09,2026-10-09T17:00:48+00:00,1370,,,,IND,0,Frühbucher Plus,,
PE07270807,2026-10-09,2026-10-09T17:00:48+00:00,1245,,,,IND,0,Frühbucher Plus | AIDAspecialOffer | Ab 2 Kabinen 10% sparen,,
PE07270814,2026-10-09,2026-10-09T17:00:48+00:00,1320,,,,IND,0,Frühbucher Plus,,
PE07270821,2026-10-09,2026-10-09T17:00:48+00:00,1145,,,,IND,0,Frühbucher Plus | AIDAspecialOffer | Ab 2 Kabinen 10% sparen,,
PE07270828,2026-10-09,2026-10-09T17:00:48+00:00,1165,,,,IND,0,Frühbucher Plus,,
PE07270904,2026-10-09,2026-10-09T17:00:48+00:00,1065,,,,IND,0,Frühbucher Plus | AIDAspecialOffer | Ab 2 Kabinen 10% sparen,,
PE07270911,2026-10-09,2026-10-09T17:00:48+00:00,1495,,,,IND,0,Frühbucher Plus,,
PE07270918,2026-10-09,2026-10-09T17:00:48+00:00,965,,,,IND,0,Frühbucher Plus | AIDAspecialOffer | Ab 2 Kabinen 10% sparen,,
PE07270925,2026-10-09,2026-10-09T17:00:48+00:00,1040,,,,IND,0,Frühbucher Plus,,
PE07271002,2026-10-09,2026-10-09T17:00:48+00:00,1015,,,,IND,0,Frühbucher Plus | AIDAspecialOffer | Ab 2 Kabinen 10% sparen,,
PE07271009,2026-10-09,2026-10-09T17:00:48+00:00,1160,,,,IND,0,Frühbucher Plus,,
PE07271016,2026-10-09,2026-10-09T17:00:48+00:00,1090,,,,IND,0,Frühbucher Plus | AIDAspecialOffer | Ab 2 Kabinen 10% sparen,,
PE07271023,2026-10-09,2026-10-09T17:00:48+00:00,1160,,,,IND,0,Frühbucher Plus,,
PE07271030,2026-10-09,2026-10-09T17:00:48+00:00,1025,,,,IND,0,Frühbucher Plus | AIDAspecialOffer | Ab 2 Kabinen 10% sparen,,
PE07271106,2026-10-09,2026-10-09T17:00:48+00:00,725,,,,IND,0,Frühbucher Plus,,
PE07271127,2026-10-09,2026-10-09T17:00:48+00:00,715,,,,IND,0,Frühbucher Plus,,
PE07271204,2026-10-09,2026-10-09T17:00:48+00:00,745,,,,IND,0,Frühbucher Plus,,
PE07280205,2026-10-09,2026-10-09T17:00:48+00:00,875,,,,IND,0,Frühbucher Plus,,
PE07280212,2026-10-09,2026-10-09T17:00:48+00:00,825,,,,IND,0,Frühbucher Plus,,
PE07280219,2026-10-09,2026-10-09T17:00:48+00:00,780,,,,IND,0,Frühbucher Plus,,
PE07280226,2026-10-09,2026-10-09T17:00:48+00:00,780,,,,IND,0,Frühbucher Plus,,
PE07280304,2026-10-09,2026-10-09T17:00:48+00:00,810,,,,IND,0,Frühbucher Plus,,
PE07280401,2026-10-09,2026-10-09T17:00:48+00:00,1010,,,,IND,0,Frühbucher Plus,,
PE07280408,2026-10-09,2026-10-09T17:00:48+00:00,1315,,,,IND,0,Frühbucher Plus,,
PE07280415,2026-10-09,2026-10-09T17:00:48+00:00,1245,,,,IND,0,Frühbucher Plus,,
PE07280528,2026-10-09,2026-10-09T17:00:48+00:00,1090,,,,IND,0,Frühbucher Plus,,
PE07280610,2026-10-09,2026-10-09T17:00:48+00:00,1095,,,,IND,0,Frühbucher Plus,,
PE07280617,2026-10-09,2026-10-09T17:00:48+00:00,1125,,,,IND,0,Frühbucher Plus,,
PE07280624,2026-10-09,2026-10-09T17:00:48+00:00,1160,,,,IND,0,Frühbucher Plus,,
PE07280701,2026-10-09,2026-10-09T17:00:48+00:00,1260,,,,IND,0,Frühbucher Plus,,
PE07280708,2026-10-09,2026-10-09T17:00:48+00:00,1165,,,,IND,0,Frühbucher Plus,,
PE07280715,2026-10-09,2026-10-09T17:00:48+00:00,1380,,,,IND,0,Frühbucher Plus,,
PE07280722,2026-10-09,2026-10-09T17:00:48+00:00,1235,,,,IND,0,Frühbucher Plus,,
PE07280729,2026-10-09,2026-10-09T17:00:48+00:00,1420,,,,IND,0,Frühbucher Plus,,
PE07280805,2026-10-09,2026-10-09T17:00:48+00:00,1235,,,,IND,0,Frühbucher Plus,,
PE07280812,2026-10-09,2026-10-09T17:00:48+00:00,1335,,,,IND,0,Frühbucher Plus,,
PE07280819,2026-10-09,2026-10-09T17:00:48+00:00,1135,,,,IND,0,Frühbucher Plus,,
PE07280826,2026-10-09,2026-10-09T17:00:48+00:00,1210,,,,IND,0,Frühbucher Plus,,
PE07280902,2026-10-09,2026-10-09T17:00:48+00:00,1015,,,,IND,0,Frühbucher Plus,,
PE07280909,2026-10-09,2026-10-09T17:00:48+00:00,1070,,,,IND,0,Frühbucher Plus,,
PE07280916,2026-10-09,2026-10-09T17:00:48+00:00,975,,,,IND,0,Frühbucher Plus,,
PE07280923,2026-10-09,2026-10-09T17:00:48+00:00,1105,,,,IND,0,Frühbucher Plus,,
PE07280930,2026-10-09,2026-10-09T17:00:48+00:00,1125,,,,IND,0,Frühbucher Plus,,
PE07281007,2026-10-09,2026-10-09T17:00:48+00:00,1155,,,,IND,0,Frühbucher Plus,,
PE07281014,2026-10-09,2026-10-09T17:00:48+00:00,1025,,,,IND,0,Frühbucher Plus,,
PE07281021,2026-10-09,2026-10-09T17:00:48+00:00,1205,,,,IND,0,Frühbucher Plus,,
PE08271113,2026-10-09,2026-10-09T17:00:48+00:00,900,,,,IND,0,Frühbucher Plus,,
PE08280422,2026-10-09,2026-10-09T17:00:48+00:00,1195,,,,IND,0,Frühbucher Plus,,
PE08280516,2026-10-09,2026-10-09T17:00:48+00:00,1305,,,,IND,0,Frühbucher Plus,,
PE09261105,2026-10-09,2026-10-09T11:57:12+00:00,1395,,,,IND,0,Frühbucher Plus,,
PE09271214,2026-10-09,2026-10-09T17:00:48+00:00,940,,,,IND,0,Frühbucher Plus,,
PE10270502,2026-10-09,2026-10-09T17:00:48+00:00,1325,,,,IND,0,Frühbucher Plus | AIDAspecialOffer | Ab 2 Kabinen 10% sparen,,
PE10271204,2026-10-09,2026-10-09T17:00:48+00:00,1420,,,,IND,0,Frühbucher Plus,,
PE10271223,2026-10-09,2026-10-09T17:00:48+00:00,1770,,,,IND,0,Frühbucher Plus,,
PE10280311,2026-10-09,2026-10-09T17:00:48+00:00,1200,,,,IND,0,Frühbucher Plus,,
PE10280506,2026-10-09,2026-10-09T17:00:48+00:00,1595,,,,IND,0,Frühbucher Plus,,
PE11270323,2026-10-09,2026-10-09T17:00:48+00:00,1399,,,,CLA,0,AIDAspecialOffer | Winterpause,,
PE11271228,2026-10-09,2026-10-09T17:00:48+00:00,1585,,,,IND,0,Frühbucher Plus,,
PE11280201,2026-10-09,2026-10-09T17:00:48+00:00,1270,,,,IND,0,Frühbucher Plus,,
PE11280321,2026-10-09,2026-10-09T17:00:48+00:00,1410,,,,IND,0,Frühbucher Plus,,
PE12261114,2026-10-09,2026-10-09T17:00:48+00:00,,1820,,,IND,0,Frühbucher Plus | inkl. Flug,,
PE12270311,2026-10-09,2026-10-09T17:00:48+00:00,,1950,,,IND,0,Frühbucher Plus | inkl. Flug,,
PE12270322,2026-10-09,2026-10-09T17:00:48+00:00,1499,,,,CLA,0,AIDAspecialOffer | Winterpause,,
PE12270512,2026-10-09,2026-10-09T17:00:48+00:00,1505,,,,IND,0,Frühbucher Plus,,
PE12271211,2026-10-09,2026-10-09T17:00:48+00:00,1205,,,,IND,0,Frühbucher Plus,,
PE12280108,2026-10-09,2026-10-09T17:00:48+00:00,1375,,,,IND,0,Frühbucher Plus,,
PE12280120,2026-10-09,2026-10-09T17:00:48+00:00,1450,,,,IND,0,Frühbucher,,
PE12280304,2026-10-09,2026-10-09T17:00:48+00:00,1285,,,,IND,0,Frühbucher Plus,,
PE13271121,2026-10-09,2026-10-09T17:00:48+00:00,1250,,,,IND,0,Frühbucher Plus,,
PE13280528,2026-10-09,2026-10-09T17:00:48+00:00,1965,,,,IND,0,Frühbucher Plus,,
PE13280604,2026-10-09,2026-10-09T17:00:48+00:00,1970,,,,IND,0,Frühbucher Plus,,
PE14261126,2026-10-09,2026-10-09T17:00:48+00:00,,2199,,,CLA,0,inkl. Flug | AIDAspecialOffer | Last Minute | Winterpause,,
PE14261203,2026-10-09,2026-10-09T17:00:48+00:00,,2229,,,CLA,0,inkl. Flug | AIDAspecialOffer | Last Minute | Winterpause,,
PE14261210,2026-10-09,2026-10-09T17:00:48+00:00,,2199,,,CLA,0,inkl. Flug | AIDAspecialOffer | Winterpause,,
PE14261217,2026-10-09,2026-10-09T17:00:48+00:00,,2599,,,CLA,0,inkl. Flug | AIDAspecialOffer | Winterpause,,
PE14261224,2026-10-09,2026-10-09T17:00:48+00:00,1549,,,,CLA,0,AIDAspecialOffer | Winterpause,,
PE14261231,2026-10-09,2026-10-09T17:00:48+00:00,,2549,,,CLA,0,inkl. Flug | AIDAspecialOffer | Winterpause,,
PE14270107,2026-10-09,2026-10-09T17:00:48+00:00,,2549,,,CLA,0,inkl. Flug | AIDAspecialOffer | Winterpause,,
PE14270114,2026-10-09,2026-10-09T17:00:48+00:00,,2379,,,CLA,0,inkl. Flug | AIDAspecialOffer | Winterpause,,
PE14270121,2026-10-09,2026-10-09T17:00:48+00:00,,2399,,,CLA,0,inkl. Flug | AIDAspecialOffer | Winterpause,,
PE14270128,2026-10-09,2026-10-09T17:00:48+00:00,,2699,,,CLA,0,inkl. Flug,,
PE14270204,2026-10-09,2026-10-09T17:00:48+00:00,,2809,,,CLA,0,inkl. Flug,,
PE14270211,2026-10-09,2026-10-09T17:00:48+00:00,,2449,,,CLA,0,inkl. Flug | AIDAspecialOffer | Winterpause,,
PE14270218,2026-10-09,2026-10-09T17:00:48+00:00,,2479,,,CLA,0,inkl. Flug | AIDAspecialOffer | Winterpause,,
PE14270225,2026-10-09,2026-10-09T17:00:48+00:00,,2549,,,CLA,0,inkl. Flug | AIDAspecialOffer | Winterpause,,
PE14270529,2026-10-09,2026-10-09T17:00:48+00:00,1795,,,,IND,0,Frühbucher Plus,,
PE14270605,2026-10-09,2026-10-09T17:00:48+00:00,1825,,,,IND,0,Frühbucher Plus,,
PE14270612,2026-10-09,2026-10-09T17:00:48+00:00,1885,,,,IND,0,Frühbucher Plus,,
PE14270619,2026-10-09,2026-10-09T17:00:48+00:00,1930,,,,IND,0,Frühbucher Plus,,
PE14270626,2026-10-09,2026-10-09T17:00:48+00:00,2050,,,,IND,0,Frühbucher Plus,,
PE14270703,2026-10-09,2026-10-09T17:00:48+00:00,2265,,,,IND,0,Frühbucher Plus,,
PE14270710,2026-10-09,2026-10-09T17:00:48+00:00,2385,,,,IND,0,Frühbucher Plus,,
PE14270717,2026-10-09,2026-10-09T17:00:48+00:00,2440,,,,IND,0,Frühbucher Plus,,
PE14270724,2026-10-09,2026-10-09T17:00:48+00:00,2440,,,,IND,0,Frühbucher Plus,,
PE14270731,2026-10-09,2026-10-09T17:00:48+00:00,2440,,,,IND,0,Frühbucher Plus,,
PE14270807,2026-10-09,2026-10-09T17:00:48+00:00,2395,,,,IND,0,Frühbucher Plus,,
PE14270814,2026-10-09,2026-10-09T17:00:48+00:00,2300,,,,IND,0,Frühbucher Plus,,
PE14270821,2026-10-09,2026-10-09T17:00:48+00:00,2155,,,,IND,0,Frühbucher Plus,,
PE14270828,2026-10-09,2026-10-09T17:00:48+00:00,2080,,,,IND,0,Frühbucher Plus,,
PE14270904,2026-10-09,2026-10-09T17:00:48+00:00,1865,,,,IND,0,Frühbucher Plus,,
PE14270911,2026-10-09,2026-10-09T17:00:48+00:00,1775,,,,IND,0,Frühbucher Plus,,
PE14270918,2026-10-09,2026-10-09T17:00:48+00:00,1775,,,,IND,0,Frühbucher Plus,,
PE14270925,2026-10-09,2026-10-09T17:00:48+00:00,1820,,,,IND,0,Frühbucher Plus,,
PE14271002,2026-10-09,2026-10-09T17:00:48+00:00,2025,,,,IND,0,Frühbucher Plus,,
PE14271009,2026-10-09,2026-10-09T17:00:48+00:00,2095,,,,IND,0,Frühbucher Plus,,
PE14271016,2026-10-09,2026-10-09T17:00:48+00:00,2095,,,,IND,0,Frühbucher Plus,,
PE14271023,2026-10-09,2026-10-09T17:00:48+00:00,2035,,,,IND,0,Frühbucher Plus,,
PE14271030,2026-10-09,2026-10-09T17:00:48+00:00,1625,,,,IND,0,Frühbucher Plus,,
PE14271113,2026-10-09,2026-10-09T17:00:48+00:00,1490,,,,IND,0,Frühbucher Plus,,
PE14271127,2026-10-09,2026-10-09T17:00:48+00:00,1320,,,,IND,0,Frühbucher Plus,,
PE14271214,2026-10-09,2026-10-09T17:00:48+00:00,1575,,,,IND,0,Frühbucher Plus,,
PE14280205,2026-10-09,2026-10-09T17:00:48+00:00,1540,,,,IND,0,Frühbucher Plus,,
PE14280212,2026-10-09,2026-10-09T17:00:48+00:00,1455,,,,IND,0,Frühbucher Plus,,
PE14280219,2026-10-09,2026-10-09T17:00:48+00:00,1410,,,,IND,0,Frühbucher Plus,,
PE14280226,2026-10-09,2026-10-09T17:00:48+00:00,1440,,,,IND,0,Frühbucher Plus,,
PE14280401,2026-10-09,2026-10-09T17:00:48+00:00,2115,,,,IND,0,Frühbucher Plus,,
PE14280408,2026-10-09,2026-10-09T17:00:48+00:00,2400,,,,IND,0,Frühbucher Plus,,
PE14280422,2026-10-09,2026-10-09T17:00:48+00:00,1850,,,,IND,0,Frühbucher Plus,,
PE14280610,2026-10-09,2026-10-09T17:00:48+00:00,1970,,,,IND,0,Frühbucher Plus,,
PE14280617,2026-10-09,2026-10-09T17:00:48+00:00,2025,,,,IND,0,Frühbucher Plus,,
PE14280624,2026-10-09,2026-10-09T17:00:48+00:00,2150,,,,IND,0,Frühbucher Plus,,
PE14280701,2026-10-09,2026-10-09T17:00:48+00:00,2260,,,,IND,0,Frühbucher Plus,,
PE14280708,2026-10-09,2026-10-09T17:00:48+00:00,2375,,,,IND,0,Frühbucher Plus,,
PE14280715,2026-10-09,2026-10-09T17:00:48+00:00,2440,,,,IND,0,Frühbucher Plus,,
PE14280722,2026-10-09,2026-10-09T17:00:48+00:00,2480,,,,IND,0,Frühbucher Plus,,
PE14280729,2026-10-09,2026-10-09T17:00:48+00:00,2480,,,,IND,0,Frühbucher Plus,,
PE14280805,2026-10-09,2026-10-09T17:00:48+00:00,2400,,,,IND,0,Frühbucher Plus,,
PE14280812,2026-10-09,2026-10-09T17:00:48+00:00,2305,,,,IND,0,Frühbucher Plus,,
PE14280819,2026-10-09,2026-10-09T17:00:48+00:00,2185,,,,IND,0,Frühbucher Plus,,
PE14280826,2026-10-09,2026-10-09T17:00:48+00:00,2075,,,,IND,0,Frühbucher Plus,,
PE14280902,2026-10-09,2026-10-09T17:00:48+00:00,1845,,,,IND,0,Frühbucher Plus,,
PE14280909,2026-10-09,2026-10-09T17:00:48+00:00,1810,,,,IND,0,Frühbucher Plus,,
PE14280916,2026-10-09,2026-10-09T17:00:48+00:00,1840,,,,IND,0,Frühbucher Plus,,
PE14280923,2026-10-09,2026-10-09T17:00:48+00:00,1975,,,,IND,0,Frühbucher Plus,,
PE14280930,2026-10-09,2026-10-09T17:00:48+00:00,2020,,,,IND,0,Frühbucher Plus,,
PE14281007,2026-10-09,2026-10-09T17:00:48+00:00,2030,,,,IND,0,Frühbucher Plus,,
PE14281014,2026-10-09,2026-10-09T17:00:48+00:00,2080,,,,IND,0,Frühbucher Plus,,
PE15271106,2026-10-09,2026-10-09T17:00:48+00:00,1840,,,,IND,0,Frühbucher Plus,,
PE15280415,2026-10-09,2026-10-09T17:00:48+00:00,2220,,,,IND,0,Frühbucher Plus,,
PE16271223,2026-10-09,2026-10-09T17:00:48+00:00,2430,,,,IND,0,Frühbucher Plus,,
PE16280316,2026-10-09,2026-10-09T17:00:48+00:00,1870,,,,IND,0,Frühbucher Plus,,
PE16280430,2026-10-09,2026-10-09T17:00:48+00:00,2245,,,,IND,0,Frühbucher Plus,,
PE18270304,2026-10-09,2026-10-09T17:00:48+00:00,,2865,,,IND,0,Frühbucher | inkl. Hinflug,,
PE18280321,2026-10-09,2026-10-09T17:00:48+00:00,2200,,,,IND,0,Frühbucher Plus,,
PE18280506,2026-10-09,2026-10-09T17:00:48+00:00,2735,,,,IND,0,Frühbucher Plus,,
PE19261114,2026-10-09,2026-10-09T17:00:48+00:00,,2600,,,IND,0,Frühbucher Plus | inkl. Hinflug,,
PE21261105,2026-10-09,2026-10-09T17:00:48+00:00,,3984,,,CLA,0,inkl. Flug,,
PE21261210,2026-10-09,2026-10-09T17:00:48+00:00,,8845,,,IND,0,Frühbucher Plus | inkl. Flug,,
PE21261224,2026-10-09,2026-10-09T17:00:48+00:00,,4899,,,CLA,0,inkl. Flug,,
PE21261231,2026-10-09,2026-10-09T17:00:48+00:00,,3805,,,IND,0,Frühbucher Plus | inkl. Flug,,
PE21270114,2026-10-09,2026-10-09T17:00:48+00:00,,5080,,,IND,0,inkl. Flug,,
PE21270128,2026-10-09,2026-10-09T17:00:48+00:00,,5300,,,IND,0,inkl. Flug,,
PE21270211,2026-10-09,2026-10-09T17:00:48+00:00,,4140,,,IND,0,Frühbucher Plus | inkl. Flug,,
PE21270218,2026-10-09,2026-10-09T17:00:48+00:00,,9695,,,IND,0,inkl. Flug,,
PE24280108,2026-10-09,2026-10-09T17:00:48+00:00,2645,,,,IND,0,Frühbucher Plus,,
PE28261105,2026-10-09,2026-10-09T17:00:48+00:00,,3980,,,IND,0,Frühbucher Plus | inkl. Flug,,
PE37270225,2026-10-09,2026-10-09T17:00:48+00:00,4330,,,,IND,0,,,
PR04261219,2026-10-09,2026-10-09T17:00:48+00:00,870,,,,IND,0,,,
PR04270316,2026-10-09,2026-10-09T17:00:48+00:00,580,,,,IND,0,Frühbucher,,
PR05261014,2026-10-09,2026-10-09T11:57:12+00:00,1019,,,,CLA,0,,,
PR05270926,2026-10-09,2026-10-09T17:00:48+00:00,780,,,,IND,0,Frühbucher Plus | AIDAspecialOffer | Ab 2 Kabinen 10% sparen,,
PR06270301,2026-10-09,2026-10-09T17:00:48+00:00,820,,,,IND,0,,,
PR07261031,2026-10-09,2026-10-09T17:00:48+00:00,779,,,,CLA,0,AIDAspecialOffer | Last Minute,,
PR07261107,2026-10-09,2026-10-09T17:00:48+00:00,749,,,,CLA,0,AIDAspecialOffer | Winterpause,,
PR07261114,2026-10-09,2026-10-09T17:00:48+00:00,699,,,,CLA,0,AIDAspecialOffer | Winterpause,,
PR07261121,2026-10-09,2026-10-09T17:00:48+00:00,725,,,,IND,0,Frühbucher Plus | AIDAspecials,,
PR07261128,2026-10-09,2026-10-09T17:00:48+00:00,,1079,,,CLA,0,inkl. Flug | AIDAspecialOffer | Winterpause,,
PR07261223,2026-10-09,2026-10-09T17:00:48+00:00,1410,,,,IND,0,,,
PR07261230,2026-10-09,2026-10-09T17:00:48+00:00,1985,,,,IND,0,,,
PR07270130,2026-10-09,2026-10-09T17:00:48+00:00,825,,,,IND,0,Frühbucher,,
PR07270206,2026-10-09,2026-10-09T17:00:48+00:00,1095,,,,IND,0,,,
PR07270213,2026-10-09,2026-10-09T17:00:48+00:00,925,,,,IND,0,,,
PR07270320,2026-10-09,2026-10-09T17:00:48+00:00,1445,,,,IND,0,,,
PR07270404,2026-10-09,2026-10-09T17:00:48+00:00,1245,,,,IND,0,Frühbucher Plus | AIDAspecialOffer | Ab 2 Kabinen 10% sparen,,
PR07270411,2026-10-09,2026-10-09T17:00:48+00:00,995,,,,IND,0,Frühbucher Plus,,
PR07270418,2026-10-09,2026-10-09T17:00:48+00:00,975,,,,IND,0,Frühbucher Plus | AIDAspecialOffer | Ab 2 Kabinen 10% sparen,,
PR07270425,2026-10-09,2026-10-09T17:00:48+00:00,1355,,,,IND,0,Frühbucher Plus | AIDAspecials,,
PR07270502,2026-10-09,2026-10-09T17:00:48+00:00,1075,,,,IND,0,,,
PR07271001,2026-10-09,2026-10-09T17:00:48+00:00,1015,,,,IND,0,Frühbucher Plus,,
PR07271008,2026-10-09,2026-10-09T17:00:48+00:00,1070,,,,IND,0,Frühbucher Plus | AIDAspecialOffer | Ab 2 Kabinen 10% sparen,,
PR07271015,2026-10-09,2026-10-09T17:00:48+00:00,1145,,,,IND,0,Frühbucher Plus,,
PR07271022,2026-10-09,2026-10-09T17:00:48+00:00,1070,,,,IND,0,Frühbucher Plus | AIDAspecialOffer | Ab 2 Kabinen 10% sparen,,
PR07271029,2026-10-09,2026-10-09T17:00:48+00:00,1125,,,,IND,0,Frühbucher Plus,,
PR07280408,2026-10-09,2026-10-09T17:00:48+00:00,1095,,,,IND,0,Frühbucher Plus,,
PR07280415,2026-10-09,2026-10-09T17:00:48+00:00,1145,,,,IND,0,Frühbucher Plus,,
PR07280521,2026-10-09,2026-10-09T17:00:48+00:00,995,,,,IND,0,Frühbucher Plus,,
PR07280601,2026-10-09,2026-10-09T17:00:48+00:00,895,,,,IND,0,Frühbucher Plus,,
PR07281006,2026-10-09,2026-10-09T17:00:48+00:00,1025,,,,IND,0,Frühbucher Plus,,
PR07281013,2026-10-09,2026-10-09T17:00:48+00:00,1075,,,,IND,0,Frühbucher Plus,,
PR07281020,2026-10-09,2026-10-09T17:00:48+00:00,1100,,,,IND,0,Frühbucher Plus,,
PR08261030,2026-10-09,2026-10-09T17:00:48+00:00,,1229,,,LIG,0,inkl. Flug | AIDAspecialOffer | Last Minute,,
PR08270327,2026-10-09,2026-10-09T17:00:48+00:00,1645,,,,IND,0,,,
PR09261101,2026-10-09,2026-10-09T17:00:48+00:00,849,,,,CLA,0,AIDAspecialOffer | Winterpause,,
PR09270220,2026-10-09,2026-10-09T17:00:48+00:00,975,,,,CLA,0,AIDAspecialOffer | Winterpause,,
PR09270307,2026-10-09,2026-10-09T17:00:48+00:00,1015,,,,IND,0,Frühbucher Plus | AIDAspecials,,
PR09271105,2026-10-09,2026-10-09T17:00:48+00:00,1115,,,,IND,0,Frühbucher Plus,,
PR09281027,2026-10-09,2026-10-09T17:00:48+00:00,1405,,,,IND,0,Frühbucher Plus,,
PR10270520,2026-10-09,2026-10-09T17:00:48+00:00,1665,,,,IND,0,Frühbucher Plus,,
PR10270610,2026-10-09,2026-10-09T17:00:48+00:00,1725,,,,IND,0,Frühbucher,,
PR10270701,2026-10-09,2026-10-09T17:00:48+00:00,1815,,,,IND,0,Frühbucher Plus,,
PR10270722,2026-10-09,2026-10-09T17:00:48+00:00,1895,,,,IND,0,Frühbucher Plus,,
PR10270812,2026-10-09,2026-10-09T17:00:48+00:00,1860,,,,IND,0,Frühbucher Plus,,
PR10270913,2026-10-09,2026-10-09T17:00:48+00:00,1600,,,,IND,0,Frühbucher Plus,,
PR10280608,2026-10-09,2026-10-09T17:00:48+00:00,1705,,,,IND,0,Frühbucher Plus,,
PR10280629,2026-10-09,2026-10-09T17:00:48+00:00,1860,,,,IND,0,Frühbucher Plus,,
PR10280720,2026-10-09,2026-10-09T17:00:48+00:00,1940,,,,IND,0,Frühbucher Plus,,
PR10280810,2026-10-09,2026-10-09T17:00:48+00:00,1905,,,,IND,0,Frühbucher Plus,,
PR11261019,2026-10-09,2026-10-09T17:00:48+00:00,,1684,,,LIG,0,inkl. Hinflug | AIDAspecialOffer | Last Minute,,
PR11261110,2026-10-09,2026-10-09T17:00:48+00:00,979,,,,CLA,0,AIDAspecialOffer | Winterpause,,
PR11261219,2026-10-09,2026-10-09T17:00:48+00:00,1855,,,,IND,0,Frühbucher Plus,,
PR11270316,2026-10-09,2026-10-09T17:00:48+00:00,1675,,,,IND,0,Frühbucher Plus,,
PR11270509,2026-10-09,2026-10-09T17:00:48+00:00,1675,,,,IND,0,Frühbucher Plus,,
PR11270530,2026-10-09,2026-10-09T17:00:48+00:00,1745,,,,IND,0,Frühbucher Plus,,
PR11270620,2026-10-09,2026-10-09T17:00:48+00:00,1785,,,,IND,0,Frühbucher Plus,,
PR11270711,2026-10-09,2026-10-09T17:00:48+00:00,1965,,,,IND,0,Frühbucher Plus,,
PR11270801,2026-10-09,2026-10-09T17:00:48+00:00,2015,,,,IND,0,Frühbucher Plus,,
PR11270822,2026-10-09,2026-10-09T17:00:48+00:00,1785,,,,IND,0,Frühbucher Plus,,
PR11270902,2026-10-09,2026-10-09T17:00:48+00:00,1785,,,,IND,0,Frühbucher Plus,,
PR11271114,2026-10-09,2026-10-09T17:00:48+00:00,,1855,,,IND,0,Frühbucher Plus | inkl. Hinflug,,
PR11280521,2026-10-09,2026-10-09T17:00:48+00:00,1295,,,,IND,0,Frühbucher Plus,,
PR11280528,2026-10-09,2026-10-09T17:00:48+00:00,1395,,,,IND,0,Frühbucher Plus,,
PR11280618,2026-10-09,2026-10-09T17:00:48+00:00,1830,,,,IND,0,Frühbucher Plus,,
PR11280709,2026-10-09,2026-10-09T17:00:48+00:00,2010,,,,IND,0,Frühbucher Plus,,
PR11280730,2026-10-09,2026-10-09T17:00:48+00:00,2065,,,,IND,0,Frühbucher Plus,,
PR11280820,2026-10-09,2026-10-09T17:00:48+00:00,1860,,,,IND,0,Frühbucher Plus,,
PR11281105,2026-10-09,2026-10-09T17:00:48+00:00,,1870,,,IND,0,Frühbucher Plus | inkl. Hinflug,,
PR12270106,2026-10-09,2026-10-09T17:00:48+00:00,1680,,,,IND,0,,,
PR12270118,2026-10-09,2026-10-09T17:00:48+00:00,1530,,,,IND,0,Frühbucher,,
PR13261101,2026-10-09,2026-10-09T17:00:48+00:00,1199,,,,CLA,0,AIDAspecialOffer | Verlockung der Woche KW 41,,
PR13270307,2026-10-09,2026-10-09T17:00:48+00:00,1455,,,,IND,0,Frühbucher Plus,,
PR14261107,2026-10-09,2026-10-09T17:00:48+00:00,1645,,,,IND,0,Frühbucher Plus,,
PR14261114,2026-10-09,2026-10-09T17:00:48+00:00,1420,,,,IND,0,Frühbucher Plus,,
PR14261121,2026-10-09,2026-10-09T17:00:48+00:00,1410,,,,IND,0,Frühbucher Plus,,
PR14261205,2026-10-09,2026-10-09T17:00:48+00:00,979,,,,LIG,0,AIDAspecialOffer | Winterpause,,
PR14261223,2026-10-09,2026-10-09T17:00:48+00:00,3505,,,,IND,0,Frühbucher Plus,,
PR14270130,2026-10-09,2026-10-09T17:00:48+00:00,2040,,,,IND,0,Frühbucher Plus,,
PR14270206,2026-10-09,2026-10-09T17:00:48+00:00,1990,,,,IND,0,Frühbucher Plus,,
PR14270404,2026-10-09,2026-10-09T17:00:48+00:00,2175,,,,IND,0,Frühbucher Plus,,
PR14270411,2026-10-09,2026-10-09T17:00:48+00:00,1915,,,,IND,0,Frühbucher Plus,,
PR14271125,2026-10-09,2026-10-09T17:00:48+00:00,,2545,,,IND,0,Frühbucher Plus | inkl. Flug,,
PR14271202,2026-10-09,2026-10-09T17:00:48+00:00,,2485,,,IND,0,Frühbucher Plus | inkl. Flug,,
PR14271209,2026-10-09,2026-10-09T17:00:48+00:00,,2485,,,IND,0,Frühbucher Plus | inkl. Flug,,
PR14271216,2026-10-09,2026-10-09T17:00:48+00:00,,2975,,,IND,0,Frühbucher Plus | inkl. Flug,,
PR14271223,2026-10-09,2026-10-09T17:00:48+00:00,,3785,,,IND,0,Frühbucher Plus | inkl. Flug,,
PR14271230,2026-10-09,2026-10-09T17:00:48+00:00,,3145,,,IND,0,Frühbucher Plus | inkl. Flug,,
PR14280106,2026-10-09,2026-10-09T17:00:48+00:00,,2585,,,IND,0,Frühbucher Plus | inkl. Flug,,
PR14280113,2026-10-09,2026-10-09T17:00:48+00:00,,2615,,,IND,0,Frühbucher Plus | inkl. Flug,,
PR14280120,2026-10-09,2026-10-09T17:00:48+00:00,,2695,,,IND,0,Frühbucher Plus | inkl. Flug,,
PR14280127,2026-10-09,2026-10-09T17:00:48+00:00,,2650,,,IND,0,Frühbucher Plus | inkl. Flug,,
PR14280203,2026-10-09,2026-10-09T17:00:48+00:00,,2710,,,IND,0,Frühbucher Plus | inkl. Flug,,
PR14280210,2026-10-09,2026-10-09T17:00:48+00:00,,2750,,,IND,0,Frühbucher Plus | inkl. Flug,,
PR14280217,2026-10-09,2026-10-09T17:00:48+00:00,,2750,,,IND,0,Frühbucher Plus | inkl. Flug,,
PR14280224,2026-10-09,2026-10-09T17:00:48+00:00,,2730,,,IND,0,Frühbucher Plus | inkl. Flug,,
PR14280302,2026-10-09,2026-10-09T17:00:48+00:00,,2750,,,IND,0,Frühbucher Plus | inkl. Flug,,
PR14280309,2026-10-09,2026-10-09T17:00:48+00:00,,2730,,,IND,0,Frühbucher Plus | inkl. Flug,,
PR14280408,2026-10-09,2026-10-09T17:00:48+00:00,1985,,,,IND,0,Frühbucher Plus,,
PR14281116,2026-10-09,2026-10-09T17:00:48+00:00,,2635,,,IND,0,Frühbucher Plus | inkl. Flug,,
PR14281123,2026-10-09,2026-10-09T17:00:48+00:00,,2620,,,IND,0,Frühbucher Plus | inkl. Flug,,
PR14281130,2026-10-09,2026-10-09T17:00:48+00:00,,2570,,,IND,0,Frühbucher Plus | inkl. Flug,,
PR14281207,2026-10-09,2026-10-09T17:00:48+00:00,,2560,,,IND,0,Frühbucher Plus | inkl. Flug,,
PR14281214,2026-10-09,2026-10-09T17:00:48+00:00,,2785,,,IND,0,Frühbucher Plus | inkl. Flug,,
PR14281221,2026-10-09,2026-10-09T17:00:48+00:00,,3705,,,IND,0,Frühbucher Plus | inkl. Flug,,
PR14281228,2026-10-09,2026-10-09T17:00:48+00:00,,4825,,,COMAI,0,Frühbucher Plus | All inclusive | inkl. Flug,,
PR14290104,2026-10-09,2026-10-09T17:00:48+00:00,,2725,,,IND,0,Frühbucher Plus | inkl. Flug,,
PR14290111,2026-10-09,2026-10-09T17:00:48+00:00,,2725,,,IND,0,Frühbucher Plus | inkl. Flug,,
PR14290118,2026-10-09,2026-10-09T17:00:48+00:00,,2765,,,IND,0,Frühbucher Plus | inkl. Flug,,
PR14290125,2026-10-09,2026-10-09T17:00:48+00:00,,2765,,,IND,0,Frühbucher Plus | inkl. Flug,,
PR14290201,2026-10-09,2026-10-09T17:00:48+00:00,,2855,,,IND,0,Frühbucher Plus | inkl. Flug,,
PR14290208,2026-10-09,2026-10-09T17:00:48+00:00,,2870,,,IND,0,Frühbucher Plus | inkl. Flug,,
PR14290215,2026-10-09,2026-10-09T17:00:48+00:00,,2910,,,IND,0,Frühbucher Plus | inkl. Flug,,
PR15270220,2026-10-09,2026-10-09T17:00:48+00:00,1775,,,,IND,0,Frühbucher Plus,,
PR15270301,2026-10-09,2026-10-09T17:00:48+00:00,1620,,,,IND,0,Frühbucher Plus,,
PR15270320,2026-10-09,2026-10-09T17:00:48+00:00,3030,,,,IND,0,Frühbucher Plus,,
PR15270327,2026-10-09,2026-10-09T17:00:48+00:00,2495,,,,IND,0,Frühbucher Plus,,
PR16270213,2026-10-09,2026-10-09T17:00:48+00:00,1730,,,,IND,0,Frühbucher Plus,,
PR16280323,2026-10-09,2026-10-09T17:00:48+00:00,,2190,,,IND,0,Frühbucher Plus | inkl. Flug,,
PR18271114,2026-10-09,2026-10-09T17:00:48+00:00,,3050,,,IND,0,inkl. Hinflug,,
PR18281105,2026-10-09,2026-10-09T17:00:48+00:00,,2605,,,IND,0,Frühbucher Plus | inkl. Hinflug,,
PR20271105,2026-10-09,2026-10-09T17:00:48+00:00,,2650,,,IND,0,Frühbucher Plus | inkl. Flug,,
PR20281027,2026-10-09,2026-10-09T17:00:48+00:00,,2615,,,IND,0,Frühbucher Plus | inkl. Flug,,
PR21261128,2026-10-09,2026-10-09T17:00:48+00:00,,2304,,,CLA,0,inkl. Flug,,
PR21271125,2026-10-09,2026-10-09T17:00:48+00:00,,3390,,,IND,0,Frühbucher Plus | inkl. Flug,,
PR21271202,2026-10-09,2026-10-09T17:00:48+00:00,,3710,,,IND,0,Frühbucher Plus | inkl. Flug,,
PR21271209,2026-10-09,2026-10-09T17:00:48+00:00,,4095,,,IND,0,Frühbucher Plus | inkl. Flug,,
PR21271216,2026-10-09,2026-10-09T17:00:48+00:00,,4595,,,IND,0,Frühbucher Plus | inkl. Flug,,
PR21271223,2026-10-09,2026-10-09T17:00:48+00:00,,4465,,,IND,0,Frühbucher Plus | inkl. Flug,,
PR21271230,2026-10-09,2026-10-09T17:00:48+00:00,,3770,,,IND,0,Frühbucher Plus | inkl. Flug,,
PR21280106,2026-10-09,2026-10-09T17:00:48+00:00,,3920,,,IND,0,Frühbucher Plus | inkl. Flug,,
PR21280113,2026-10-09,2026-10-09T17:00:48+00:00,,3940,,,IND,0,inkl. Flug,,
PR21280120,2026-10-09,2026-10-09T17:00:48+00:00,,3610,,,IND,0,Frühbucher Plus | inkl. Flug,,
PR21280127,2026-10-09,2026-10-09T17:00:48+00:00,,4085,,,IND,0,inkl. Flug,,
PR21280203,2026-10-09,2026-10-09T17:00:48+00:00,,3710,,,IND,0,Frühbucher Plus | inkl. Flug,,
PR21280210,2026-10-09,2026-10-09T17:00:48+00:00,,3725,,,IND,0,Frühbucher Plus | inkl. Flug,,
PR21280217,2026-10-09,2026-10-09T17:00:48+00:00,,3740,,,IND,0,Frühbucher Plus | inkl. Flug,,
PR21280224,2026-10-09,2026-10-09T17:00:48+00:00,,3710,,,IND,0,Frühbucher Plus | inkl. Flug,,
PR21281116,2026-10-09,2026-10-09T17:00:48+00:00,,3520,,,IND,0,Frühbucher Plus | inkl. Flug,,
PR21281123,2026-10-09,2026-10-09T17:00:48+00:00,,3500,,,IND,0,Frühbucher Plus | inkl. Flug,,
PR21281130,2026-10-09,2026-10-09T17:00:48+00:00,,3630,,,IND,0,Frühbucher Plus | inkl. Flug,,
PR21281207,2026-10-09,2026-10-09T17:00:48+00:00,,3745,,,IND,0,Frühbucher Plus | inkl. Flug,,
PR21281214,2026-10-09,2026-10-09T17:00:48+00:00,,3950,,,IND,0,Frühbucher Plus | inkl. Flug,,
PR21281221,2026-10-09,2026-10-09T17:00:48+00:00,,4465,,,IND,0,Frühbucher Plus | inkl. Flug,,
PR21281228,2026-10-09,2026-10-09T17:00:48+00:00,,4165,,,IND,0,Frühbucher Plus | inkl. Flug,,
PR21290104,2026-10-09,2026-10-09T17:00:48+00:00,,3655,,,IND,0,Frühbucher Plus | inkl. Flug,,
PR21290111,2026-10-09,2026-10-09T17:00:48+00:00,,3655,,,IND,0,Frühbucher Plus | inkl. Flug,,
PR21290118,2026-10-09,2026-10-09T17:00:48+00:00,,3755,,,IND,0,Frühbucher Plus | inkl. Flug,,
PR21290125,2026-10-09,2026-10-09T17:00:48+00:00,,3765,,,IND,0,Frühbucher Plus | inkl. Flug,,
PR21290201,2026-10-09,2026-10-09T17:00:48+00:00,,3865,,,IND,0,Frühbucher Plus | inkl. Flug,,
PR21290208,2026-10-09,2026-10-09T17:00:48+00:00,,3875,,,IND,0,Frühbucher Plus | inkl. Flug,,
PR23280316,2026-10-09,2026-10-09T17:00:48+00:00,,2865,,,IND,0,Frühbucher Plus | inkl. Hinflug,,
PR24270106,2026-10-09,2026-10-09T17:00:48+00:00,2399,,,,CLA,0,AIDAspecialOffer | Winterpause | Verlockung der Woche KW 41,,
PR27271105,2026-10-09,2026-10-09T17:00:48+00:00,,3465,,,IND,0,Frühbucher Plus | inkl. Flug,,
PR27281027,2026-10-09,2026-10-09T17:00:48+00:00,,3335,,,IND,0,Frühbucher Plus | inkl. Flug,,
PR34271105,2026-10-09,2026-10-09T17:00:48+00:00,,5120,,,IND,0,inkl. Flug,,
SO04280824,2026-10-09,2026-10-09T17:00:48+00:00,680,,,,IND,0,Frühbucher Plus,,
SO04281028,2026-10-09,2026-10-09T17:00:48+00:00,835,,,,IND,0,Frühbucher Plus | AIDAselection,,
SO06271010,2026-10-09,2026-10-09T17:00:48+00:00,895,,,,IND,0,Frühbucher Plus | AIDAselection,,
SO07271003,2026-10-09,2026-10-09T17:00:48+00:00,1065,,,,IND,0,Frühbucher Plus,,
SO07271223,2026-10-09,2026-10-09T17:00:48+00:00,845,,,,IND,0,Frühbucher Plus,,
SO07280109,2026-10-09,2026-10-09T17:00:48+00:00,695,,,,IND,0,Frühbucher Plus,,
SO07280116,2026-10-09,2026-10-09T17:00:48+00:00,695,,,,IND,0,Frühbucher Plus,,
SO07280123,2026-10-09,2026-10-09T17:00:48+00:00,695,,,,IND,0,Frühbucher Plus,,
SO07280130,2026-10-09,2026-10-09T17:00:48+00:00,775,,,,IND,0,Frühbucher Plus,,
SO07280206,2026-10-09,2026-10-09T17:00:48+00:00,795,,,,IND,0,Frühbucher Plus,,
SO07280213,2026-10-09,2026-10-09T17:00:48+00:00,775,,,,IND,0,Frühbucher Plus,,
SO07280220,2026-10-09,2026-10-09T17:00:48+00:00,765,,,,IND,0,Frühbucher Plus,,
SO07280227,2026-10-09,2026-10-09T17:00:48+00:00,745,,,,IND,0,Frühbucher Plus,,
SO07280305,2026-10-09,2026-10-09T17:00:48+00:00,765,,,,IND,0,Frühbucher Plus,,
SO07280312,2026-10-09,2026-10-09T17:00:48+00:00,745,,,,IND,0,Frühbucher Plus,,
SO07280319,2026-10-09,2026-10-09T17:00:48+00:00,795,,,,IND,0,Frühbucher Plus,,
SO07280409,2026-10-09,2026-10-09T17:00:48+00:00,1195,,,,IND,0,Frühbucher Plus,,
SO07280416,2026-10-09,2026-10-09T17:00:48+00:00,1195,,,,IND,0,Frühbucher Plus,,
SO07280423,2026-10-09,2026-10-09T17:00:48+00:00,960,,,,IND,0,Frühbucher Plus,,
SO07280909,2026-10-09,2026-10-09T17:00:48+00:00,1050,,,,IND,0,Frühbucher Plus,,
SO07280916,2026-10-09,2026-10-09T17:00:48+00:00,1050,,,,IND,0,Frühbucher Plus,,
SO07280923,2026-10-09,2026-10-09T17:00:48+00:00,1030,,,,IND,0,Frühbucher Plus,,
SO07280930,2026-10-09,2026-10-09T17:00:48+00:00,1040,,,,IND,0,Frühbucher Plus,,
SO07281007,2026-10-09,2026-10-09T17:00:48+00:00,1060,,,,IND,0,Frühbucher Plus,,
SO07281014,2026-10-09,2026-10-09T17:00:48+00:00,1095,,,,IND,0,Frühbucher Plus,,
SO07281021,2026-10-09,2026-10-09T17:00:48+00:00,1190,,,,IND,0,Frühbucher Plus,,
SO08271016,2026-10-09,2026-10-09T17:00:48+00:00,1095,,,,IND,0,Frühbucher Plus,,
SO09270416,2026-10-09,2026-10-09T17:00:48+00:00,1295,,,,IND,0,Frühbucher Plus | AIDAspecialOffer | Ab 2 Kabinen 10% sparen,,
SO09270507,2026-10-09,2026-10-09T17:00:48+00:00,1485,,,,IND,0,Frühbucher,,
SO09270528,2026-10-09,2026-10-09T17:00:48+00:00,1665,,,,IND,0,Frühbucher Plus,,
SO09270618,2026-10-09,2026-10-09T17:00:48+00:00,1590,,,,IND,0,Frühbucher | AIDAspecialOffer | Ab 2 Kabinen 10% sparen,,
SO09270730,2026-10-09,2026-10-09T17:00:48+00:00,1760,,,,IND,0,,,
SO09270820,2026-10-09,2026-10-09T17:00:48+00:00,1660,,,,IND,0,,,
SO09270910,2026-10-09,2026-10-09T17:00:48+00:00,1395,,,,IND,0,Frühbucher Plus,,
SO09280121,2026-10-09,2026-10-09T17:00:48+00:00,905,,,,IND,0,Frühbucher Plus,,
SO09280128,2026-10-09,2026-10-09T17:00:48+00:00,960,,,,IND,0,Frühbucher Plus,,
SO09280204,2026-10-09,2026-10-09T17:00:48+00:00,1020,,,,IND,0,Frühbucher Plus,,
SO09280211,2026-10-09,2026-10-09T17:00:48+00:00,1020,,,,IND,0,Frühbucher Plus,,
SO09280218,2026-10-09,2026-10-09T17:00:48+00:00,1005,,,,IND,0,Frühbucher Plus,,
SO09280225,2026-10-09,2026-10-09T17:00:48+00:00,985,,,,IND,0,Frühbucher Plus,,
SO09280303,2026-10-09,2026-10-09T17:00:48+00:00,985,,,,IND,0,Frühbucher Plus,,
SO09280310,2026-10-09,2026-10-09T17:00:48+00:00,985,,,,IND,0,Frühbucher Plus,,
SO09280317,2026-10-09,2026-10-09T17:00:48+00:00,1005,,,,IND,0,Frühbucher Plus,,
SO10271230,2026-10-09,2026-10-09T17:00:48+00:00,1380,,,,IND,0,Frühbucher Plus,,
SO11271212,2026-10-09,2026-10-09T17:00:48+00:00,1025,,,,IND,0,Frühbucher Plus,,
SO11281101,2026-10-09,2026-10-09T17:00:48+00:00,1320,,,,IND,0,Frühbucher Plus | AIDAselection,,
SO12270404,2026-10-09,2026-10-09T17:00:48+00:00,2050,,,,IND,0,,,
SO12270425,2026-10-09,2026-10-09T17:00:48+00:00,1640,,,,IND,0,Frühbucher Plus,,
SO12270516,2026-10-09,2026-10-09T17:00:48+00:00,2400,,,,IND,0,Frühbucher,,
SO12270606,2026-10-09,2026-10-09T17:00:48+00:00,1870,,,,IND,0,Frühbucher,,
SO12270718,2026-10-09,2026-10-09T17:00:48+00:00,2040,,,,IND,0,Frühbucher Plus,,
SO12270808,2026-10-09,2026-10-09T17:00:48+00:00,2600,,,,IND,0,Frühbucher,,
SO12270829,2026-10-09,2026-10-09T17:00:48+00:00,1810,,,,IND,0,Frühbucher Plus,,
SO12280109,2026-10-09,2026-10-09T17:00:48+00:00,1225,,,,IND,0,Frühbucher Plus,,
SO12280116,2026-10-09,2026-10-09T16:44:36+00:00,1225,,,,IND,0,Frühbucher Plus,,
SO12280123,2026-10-09,2026-10-09T17:00:48+00:00,1290,,,,IND,0,Frühbucher Plus,,
SO12280130,2026-10-09,2026-10-09T17:00:48+00:00,1380,,,,IND,0,Frühbucher Plus,,
SO12280206,2026-10-09,2026-10-09T17:00:48+00:00,1380,,,,IND,0,Frühbucher Plus,,
SO12280213,2026-10-09,2026-10-09T17:00:48+00:00,1350,,,,IND,0,Frühbucher Plus,,
SO12280220,2026-10-09,2026-10-09T17:00:48+00:00,1325,,,,IND,0,Frühbucher Plus,,
SO12280227,2026-10-09,2026-10-09T17:00:48+00:00,1325,,,,IND,0,Frühbucher Plus,,
SO12280305,2026-10-09,2026-10-09T17:00:48+00:00,1325,,,,IND,0,Frühbucher Plus,,
SO12280312,2026-10-09,2026-10-09T17:00:48+00:00,1350,,,,IND,0,Frühbucher Plus,,
SO12280828,2026-10-09,2026-10-09T17:00:48+00:00,1875,,,,IND,0,Frühbucher Plus | AIDAselection,,
SO13280430,2026-10-09,2026-10-09T17:00:48+00:00,1890,,,,IND,0,Frühbucher Plus | AIDAselection,,
SO13290207,2026-10-09,2026-10-09T17:00:48+00:00,1535,,,,IND,0,Frühbucher Plus | AIDAselection,,
SO14270321,2026-10-09,2026-10-09T17:00:48+00:00,2180,,,,IND,0,Frühbucher,,
SO14270919,2026-10-09,2026-10-09T17:00:48+00:00,1965,,,,IND,0,Frühbucher Plus,,
SO14271010,2026-10-09,2026-10-09T17:00:48+00:00,1645,,,,IND,0,Frühbucher Plus | AIDAselection,,
SO14280109,2026-10-09,2026-10-09T17:00:48+00:00,1245,,,,IND,0,Frühbucher Plus,,
SO14280116,2026-10-09,2026-10-09T17:00:48+00:00,1390,,,,IND,0,Frühbucher Plus,,
SO14280123,2026-10-09,2026-10-09T17:00:48+00:00,1470,,,,IND,0,Frühbucher Plus,,
SO14280130,2026-10-09,2026-10-09T17:00:48+00:00,1570,,,,IND,0,Frühbucher Plus,,
SO14280206,2026-10-09,2026-10-09T17:00:48+00:00,1570,,,,IND,0,Frühbucher Plus,,
SO14280213,2026-10-09,2026-10-09T17:00:48+00:00,1540,,,,IND,0,Frühbucher Plus,,
SO14280220,2026-10-09,2026-10-09T17:00:48+00:00,1510,,,,IND,0,Frühbucher Plus,,
SO14280227,2026-10-09,2026-10-09T17:00:48+00:00,1510,,,,IND,0,Frühbucher Plus,,
SO14280305,2026-10-09,2026-10-09T17:00:48+00:00,1510,,,,IND,0,Frühbucher Plus,,
SO14280312,2026-10-09,2026-10-09T17:00:48+00:00,1540,,,,IND,0,Frühbucher Plus,,
SO14280326,2026-10-09,2026-10-09T17:00:48+00:00,1480,,,,IND,0,Frühbucher Plus | AIDAselection,,
SO14280513,2026-10-09,2026-10-09T17:00:48+00:00,1815,,,,IND,0,Frühbucher Plus | AIDAselection,,
SO14280909,2026-10-09,2026-10-09T17:00:48+00:00,2175,,,,IND,0,Frühbucher Plus,,
SO14280916,2026-10-09,2026-10-09T17:00:48+00:00,2080,,,,IND,0,Frühbucher Plus,,
SO14280923,2026-10-09,2026-10-09T17:00:48+00:00,2070,,,,IND,0,Frühbucher Plus,,
SO14280930,2026-10-09,2026-10-09T17:00:48+00:00,2100,,,,IND,0,Frühbucher Plus,,
SO14281007,2026-10-09,2026-10-09T17:00:48+00:00,2155,,,,IND,0,Frühbucher Plus,,
SO14281014,2026-10-09,2026-10-09T17:00:48+00:00,2285,,,,IND,0,Frühbucher Plus,,
SO14281128,2026-10-09,2026-10-09T17:00:48+00:00,1485,,,,IND,0,Frühbucher Plus | AIDAselection,,
SO14281212,2026-10-09,2026-10-09T17:00:48+00:00,1540,,,,IND,0,Frühbucher Plus | AIDAselection,,
SO14281213,2026-10-09,2026-10-09T17:00:48+00:00,1570,,,,IND,0,Frühbucher Plus | AIDAselection,,
SO14281219,2026-10-09,2026-10-09T17:00:48+00:00,2170,,,,IND,0,Frühbucher Plus | AIDAselection,,
SO14281226,2026-10-09,2026-10-09T17:00:48+00:00,2030,,,,IND,0,Frühbucher Plus | AIDAselection,,
SO14281227,2026-10-09,2026-10-09T17:00:48+00:00,2100,,,,IND,0,Frühbucher Plus | AIDAselection,,
SO14290102,2026-10-09,2026-10-09T17:00:48+00:00,1510,,,,IND,0,Frühbucher Plus | AIDAselection,,
SO14290109,2026-10-09,2026-10-09T17:00:48+00:00,1580,,,,IND,0,Frühbucher Plus | AIDAselection,,
SO14290110,2026-10-09,2026-10-09T17:00:48+00:00,1580,,,,IND,0,Frühbucher Plus | AIDAselection,,
SO14290116,2026-10-09,2026-10-09T17:00:48+00:00,1665,,,,IND,0,Frühbucher Plus | AIDAselection,,
SO14290123,2026-10-09,2026-10-09T17:00:48+00:00,1580,,,,IND,0,Frühbucher Plus | AIDAselection,,
SO14290124,2026-10-09,2026-10-09T17:00:48+00:00,1580,,,,IND,0,Frühbucher Plus | AIDAselection,,
SO14290206,2026-10-09,2026-10-09T17:00:48+00:00,1710,,,,IND,0,Frühbucher Plus | AIDAselection,,
SO14290220,2026-10-09,2026-10-09T17:00:48+00:00,2230,,,,INDAI,0,Frühbucher Plus | All inclusive | AIDAselection,,
SO15281128,2026-10-09,2026-10-09T17:00:48+00:00,1615,,,,IND,0,Frühbucher Plus | AIDAselection,,
SO16280324,2026-10-09,2026-10-09T17:00:48+00:00,1750,,,,IND,0,Frühbucher Plus | AIDAselection,,
SO16281112,2026-10-09,2026-10-09T17:00:48+00:00,1120,,,,IND,0,Frühbucher Plus | AIDAselection,,
SO17271223,2026-10-09,2026-10-09T17:00:48+00:00,2300,,,,IND,0,Frühbucher Plus,,
SO19280527,2026-10-09,2026-10-09T17:00:48+00:00,2895,,,,IND,0,Frühbucher Plus | AIDAselection,,
SO19280615,2026-10-09,2026-10-09T17:00:48+00:00,2995,,,,IND,0,Frühbucher Plus | AIDAselection,,
SO21270627,2026-10-09,2026-10-09T17:00:48+00:00,4045,,,,IND,0,AIDAspecials,,
SO21280319,2026-10-09,2026-10-09T17:00:48+00:00,2225,,,,IND,0,Frühbucher Plus | AIDAselection,,
SO21281128,2026-10-09,2026-10-09T17:00:48+00:00,2310,,,,IND,0,Frühbucher Plus | AIDAselection,,
SO21290130,2026-10-09,2026-10-09T17:00:48+00:00,2625,,,,IND,0,Frühbucher Plus | AIDAselection,,
SO22280704,2026-10-09,2026-10-09T17:00:48+00:00,4595,,,,IND,0,Frühbucher | AIDAselection,,
SO27281101,2026-10-09,2026-10-09T17:00:48+00:00,2145,,,,IND,0,Frühbucher Plus | AIDAselection,,
SO28281128,2026-10-09,2026-10-09T17:00:48+00:00,3025,,,,IND,0,Frühbucher Plus | AIDAselection,,
SO28290123,2026-10-09,2026-10-09T17:00:48+00:00,3290,,,,IND,0,Frühbucher Plus | AIDAselection,,
SO28290206,2026-10-09,2026-10-09T17:00:48+00:00,3460,,,,IND,0,Frühbucher Plus | AIDAselection,,
SO29280726,2026-10-09,2026-10-09T17:00:48+00:00,5610,,,,IND,0,Frühbucher | AIDAselection,,
SO30281112,2026-10-09,2026-10-09T17:00:48+00:00,2550,,,,IND,0,Frühbucher Plus | AIDAselection,,
SO33270119,2026-10-09,2026-10-09T17:00:48+00:00,4990,,,,IND,0,Frühbucher Plus | AIDAselection,,
SO35290130,2026-10-09,2026-10-09T16:27:55+00:00,4020,,,,IND,0,Frühbucher Plus | AIDAselection,,
SO37281112,2026-10-09,2026-10-09T17:00:48+00:00,3145,,,,IND,0,Frühbucher Plus | AIDAselection,,
SO41281101,2026-10-09,2026-10-09T16:44:36+00:00,3595,,,,IND,0,Frühbucher Plus | AIDAselection,,
SO42281101,2026-10-09,2026-10-09T17:00:48+00:00,3725,,,,IND,0,Frühbucher Plus | AIDAselection,,
SO42290123,2026-10-09,2026-10-09T17:00:48+00:00,5040,,,,IND,0,Frühbucher Plus | AIDAselection,,
SO45281112,2026-10-09,2026-10-09T17:00:48+00:00,3940,,,,IND,0,Frühbucher Plus | AIDAselection,,
SO48281101,2026-10-09,2026-10-09T17:00:48+00:00,4525,,,,IND,0,Frühbucher Plus | AIDAselection,,
SO49261201,2026-10-09,2026-10-09T17:00:48+00:00,11035,,,,IND,0,AIDAselection,,
SO52261231,2026-10-09,2026-10-09T17:00:48+00:00,9425,,,,IND,0,Frühbucher Plus | AIDAselection,,
SO55281101,2026-10-09,2026-10-09T17:00:48+00:00,5135,,,,IND,0,Frühbucher Plus | AIDAselection,,
SOC6261018,2026-10-09,2026-10-09T17:00:48+00:00,23995,,,,IND,0,Frühbucher Plus,,
ST07270610,2026-10-09,2026-10-09T17:00:48+00:00,930,,,,IND,0,Frühbucher Plus | AIDAspecials,,
ST07271010,2026-10-09,2026-10-09T17:00:48+00:00,1045,,,,IND,0,Frühbucher Plus,,
ST07271017,2026-10-09,2026-10-09T17:00:48+00:00,1095,,,,IND,0,Frühbucher Plus,,
ST07271024,2026-10-09,2026-10-09T17:00:48+00:00,1045,,,,IND,0,Frühbucher Plus,,
ST07271031,2026-10-09,2026-10-09T17:00:48+00:00,1075,,,,IND,0,Frühbucher Plus | AIDAspecialOffer | Ab 2 Kabinen 10% sparen,,
ST07271107,2026-10-09,2026-10-09T17:00:48+00:00,945,,,,IND,0,Frühbucher Plus,,
ST07271114,2026-10-09,2026-10-09T17:00:48+00:00,795,,,,IND,0,Frühbucher Plus,,
ST07271121,2026-10-09,2026-10-09T17:00:48+00:00,675,,,,IND,0,Frühbucher Plus,,
ST07271128,2026-10-09,2026-10-09T17:00:48+00:00,695,,,,IND,0,Frühbucher Plus,,
ST07271205,2026-10-09,2026-10-09T17:00:48+00:00,625,,,,IND,0,Frühbucher Plus,,
ST07271212,2026-10-09,2026-10-09T17:00:48+00:00,625,,,,IND,0,Frühbucher Plus,,
ST07271219,2026-10-09,2026-10-09T17:00:48+00:00,805,,,,IND,0,Frühbucher Plus,,
ST07271226,2026-10-09,2026-10-09T17:00:48+00:00,1095,,,,IND,0,Frühbucher Plus,,
ST07280102,2026-10-09,2026-10-09T17:00:48+00:00,845,,,,IND,0,Frühbucher Plus,,
ST07280109,2026-10-09,2026-10-09T17:00:48+00:00,645,,,,IND,0,Frühbucher Plus,,
ST07280116,2026-10-09,2026-10-09T17:00:48+00:00,645,,,,IND,0,Frühbucher Plus,,
ST07280312,2026-10-09,2026-10-09T17:00:48+00:00,725,,,,IND,0,Frühbucher Plus,,
ST07280319,2026-10-09,2026-10-09T17:00:48+00:00,725,,,,IND,0,Frühbucher Plus,,
ST07280326,2026-10-09,2026-10-09T17:00:48+00:00,725,,,,IND,0,Frühbucher Plus,,
ST07280402,2026-10-09,2026-10-09T17:00:48+00:00,745,,,,IND,0,Frühbucher Plus,,
ST07280409,2026-10-09,2026-10-09T17:00:48+00:00,945,,,,IND,0,Frühbucher Plus,,
ST07280416,2026-10-09,2026-10-09T17:00:48+00:00,945,,,,IND,0,Frühbucher Plus,,
ST07280917,2026-10-09,2026-10-09T17:00:48+00:00,975,,,,IND,0,Frühbucher Plus | AIDAselection,,
ST07280924,2026-10-09,2026-10-09T17:00:48+00:00,1015,,,,IND,0,Frühbucher Plus | AIDAselection,,
ST07281022,2026-10-09,2026-10-09T17:00:48+00:00,1140,,,,IND,0,Frühbucher Plus,,
ST07281029,2026-10-09,2026-10-09T17:00:48+00:00,1120,,,,IND,0,Frühbucher Plus | AIDAselection,,
ST09271126,2026-10-09,2026-10-09T17:00:48+00:00,895,,,,IND,0,Frühbucher Plus,,
ST09271203,2026-10-09,2026-10-09T17:00:48+00:00,860,,,,IND,0,Frühbucher Plus,,
ST09271210,2026-10-09,2026-10-09T17:00:48+00:00,815,,,,IND,0,Frühbucher Plus,,
ST09271217,2026-10-09,2026-10-09T17:00:48+00:00,930,,,,IND,0,Frühbucher Plus,,
ST09271224,2026-10-09,2026-10-09T17:00:48+00:00,1235,,,,IND,0,Frühbucher Plus,,
ST09271231,2026-10-09,2026-10-09T17:00:48+00:00,1260,,,,IND,0,Frühbucher Plus,,
ST09280107,2026-10-09,2026-10-09T17:00:48+00:00,970,,,,IND,0,Frühbucher Plus,,
ST09280114,2026-10-09,2026-10-09T17:00:48+00:00,840,,,,IND,0,Frühbucher Plus | AIDAselection,,
ST10261022,2026-10-09,2026-10-09T17:00:48+00:00,1549,,,,CLA,0,AIDAselection,,
ST10270617,2026-10-09,2026-10-09T17:00:48+00:00,1330,,,,IND,0,Frühbucher Plus | AIDAspecialOffer | Ab 2 Kabinen 10% sparen,,
ST10270708,2026-10-09,2026-10-09T17:00:48+00:00,1490,,,,IND,0,Frühbucher Plus | AIDAspecialOffer | Ab 2 Kabinen 10% sparen,,
ST10270729,2026-10-09,2026-10-09T17:00:48+00:00,1815,,,,IND,0,Frühbucher Plus,,
ST10270819,2026-10-09,2026-10-09T17:00:48+00:00,1435,,,,IND,0,Frühbucher Plus | AIDAspecialOffer | Ab 2 Kabinen 10% sparen,,
ST10270909,2026-10-09,2026-10-09T17:00:48+00:00,1310,,,,IND,0,Frühbucher Plus | AIDAspecialOffer | Ab 2 Kabinen 10% sparen,,
ST10270930,2026-10-09,2026-10-09T17:00:48+00:00,1340,,,,IND,0,Frühbucher Plus,,
ST10280504,2026-10-09,2026-10-09T17:00:48+00:00,1320,,,,IND,0,Frühbucher Plus,,
ST10280525,2026-10-09,2026-10-09T17:00:48+00:00,1400,,,,IND,0,Frühbucher Plus,,
ST10280615,2026-10-09,2026-10-09T17:00:48+00:00,1405,,,,IND,0,Frühbucher Plus,,
ST10280706,2026-10-09,2026-10-09T17:00:48+00:00,1495,,,,IND,0,Frühbucher Plus,,
ST10280727,2026-10-09,2026-10-09T17:00:48+00:00,1590,,,,IND,0,Frühbucher Plus,,
ST10280817,2026-10-09,2026-10-09T17:00:48+00:00,1530,,,,IND,0,Frühbucher Plus,,
ST10280907,2026-10-09,2026-10-09T17:00:48+00:00,1460,,,,IND,0,Frühbucher Plus,,
ST10281001,2026-10-09,2026-10-09T17:00:48+00:00,1445,,,,IND,0,Frühbucher Plus,,
ST11261011,2026-10-09,2026-10-09T17:00:48+00:00,2720,,,,IND,0,,,
ST11270606,2026-10-09,2026-10-09T17:00:48+00:00,1420,,,,IND,0,Frühbucher Plus,,
ST11270627,2026-10-09,2026-10-09T17:00:48+00:00,1465,,,,IND,0,Frühbucher Plus | AIDAspecialOffer | Ab 2 Kabinen 10% sparen,,
ST11270718,2026-10-09,2026-10-09T17:00:48+00:00,1695,,,,IND,0,Frühbucher Plus | AIDAspecialOffer | Ab 2 Kabinen 10% sparen,,
ST11270808,2026-10-09,2026-10-09T17:00:48+00:00,1730,,,,IND,0,Frühbucher Plus | AIDAspecialOffer | Ab 2 Kabinen 10% sparen,,
ST11270829,2026-10-09,2026-10-09T17:00:48+00:00,1475,,,,IND,0,Frühbucher Plus,,
ST11270919,2026-10-09,2026-10-09T17:00:48+00:00,1440,,,,IND,0,Frühbucher Plus,,
ST11280423,2026-10-09,2026-10-09T17:00:48+00:00,1470,,,,IND,0,Frühbucher Plus,,
ST11280514,2026-10-09,2026-10-09T17:00:48+00:00,1470,,,,IND,0,Frühbucher Plus,,
ST11280604,2026-10-09,2026-10-09T17:00:48+00:00,1545,,,,IND,0,Frühbucher Plus,,
ST11280625,2026-10-09,2026-10-09T17:00:48+00:00,1565,,,,IND,0,Frühbucher Plus,,
ST11280716,2026-10-09,2026-10-09T17:00:48+00:00,1695,,,,IND,0,Frühbucher Plus,,
ST11280806,2026-10-09,2026-10-09T17:00:48+00:00,1715,,,,IND,0,Frühbucher Plus,,
ST11280827,2026-10-09,2026-10-09T17:00:48+00:00,1565,,,,IND,0,Frühbucher Plus,,
ST11281011,2026-10-09,2026-10-09T17:00:48+00:00,1555,,,,IND,0,Frühbucher Plus,,
ST12271114,2026-10-09,2026-10-09T17:00:48+00:00,1290,,,,IND,0,Frühbucher Plus,,
ST12271121,2026-10-09,2026-10-09T17:00:48+00:00,1165,,,,IND,0,Frühbucher Plus,,
ST12271128,2026-10-09,2026-10-09T17:00:48+00:00,1165,,,,IND,0,Frühbucher Plus,,
ST12271205,2026-10-09,2026-10-09T17:00:48+00:00,1105,,,,IND,0,Frühbucher Plus,,
ST12271212,2026-10-09,2026-10-09T17:00:48+00:00,1260,,,,IND,0,Frühbucher Plus,,
ST12271219,2026-10-09,2026-10-09T17:00:48+00:00,1660,,,,IND,0,Frühbucher Plus,,
ST12271226,2026-10-09,2026-10-09T17:00:48+00:00,1695,,,,IND,0,Frühbucher Plus,,
ST12280102,2026-10-09,2026-10-09T17:00:48+00:00,1310,,,,IND,0,Frühbucher Plus,,
ST14261221,2026-10-09,2026-10-09T17:00:48+00:00,1699,,,,CLA,0,AIDAspecialOffer | Winterpause,,
ST14270323,2026-10-09,2026-10-09T17:00:48+00:00,2640,,,,IND,0,AIDAselection,,
ST14271010,2026-10-09,2026-10-09T17:00:48+00:00,2740,,,,IND,0,Frühbucher Plus,,
ST14271017,2026-10-09,2026-10-09T17:00:48+00:00,2065,,,,IND,0,Frühbucher Plus,,
ST14271024,2026-10-09,2026-10-09T17:00:48+00:00,2120,,,,IND,0,Frühbucher Plus,,
ST14271031,2026-10-09,2026-10-09T17:00:48+00:00,1895,,,,IND,0,Frühbucher Plus,,
ST14271107,2026-10-09,2026-10-09T17:00:48+00:00,1695,,,,IND,0,Frühbucher Plus,,
ST14271114,2026-10-09,2026-10-09T17:00:48+00:00,1470,,,,IND,0,Frühbucher Plus,,
ST14271121,2026-10-09,2026-10-09T17:00:48+00:00,1350,,,,IND,0,Frühbucher Plus,,
ST14271128,2026-10-09,2026-10-09T17:00:48+00:00,1320,,,,IND,0,Frühbucher Plus,,
ST14271205,2026-10-09,2026-10-09T17:00:48+00:00,1250,,,,IND,0,Frühbucher Plus,,
ST14271212,2026-10-09,2026-10-09T17:00:48+00:00,1430,,,,IND,0,Frühbucher Plus,,
ST14271219,2026-10-09,2026-10-09T17:00:48+00:00,1900,,,,IND,0,Frühbucher Plus,,
ST14271226,2026-10-09,2026-10-09T17:00:48+00:00,1940,,,,IND,0,Frühbucher Plus,,
ST14280102,2026-10-09,2026-10-09T17:00:48+00:00,1490,,,,IND,0,Frühbucher Plus,,
ST14280109,2026-10-09,2026-10-09T17:00:48+00:00,1290,,,,IND,0,Frühbucher Plus,,
ST14280312,2026-10-09,2026-10-09T17:00:48+00:00,1450,,,,IND,0,Frühbucher Plus,,
ST14280319,2026-10-09,2026-10-09T17:00:48+00:00,1450,,,,IND,0,Frühbucher Plus,,
ST14280326,2026-10-09,2026-10-09T17:00:48+00:00,1470,,,,IND,0,Frühbucher Plus,,
ST14280402,2026-10-09,2026-10-09T17:00:48+00:00,1690,,,,IND,0,Frühbucher Plus,,
ST14280409,2026-10-09,2026-10-09T17:00:48+00:00,1890,,,,IND,0,Frühbucher Plus,,
ST14280917,2026-10-09,2026-10-09T17:00:48+00:00,1905,,,,IND,0,Frühbucher Plus | AIDAselection,,
ST14281022,2026-10-09,2026-10-09T17:00:48+00:00,2260,,,,IND,0,Frühbucher Plus | AIDAselection,,
ST14281221,2026-10-09,2026-10-09T17:00:48+00:00,2100,,,,IND,0,Frühbucher Plus | AIDAselection,,
ST17280924,2026-10-09,2026-10-09T17:00:48+00:00,2335,,,,IND,0,Frühbucher Plus | AIDAselection,,
ST18281011,2026-10-09,2026-10-09T17:00:48+00:00,2480,,,,IND,0,Frühbucher Plus | AIDAselection,,
ST19261101,2026-10-09,2026-10-09T17:00:48+00:00,1405,,,,IND,0,Frühbucher Plus | AIDAselection,,
ST19270522,2026-10-09,2026-10-09T17:00:48+00:00,1595,,,,IND,0,AIDAselection,,
ST19281105,2026-10-09,2026-10-09T17:00:48+00:00,1385,,,,IND,0,Frühbucher Plus | AIDAselection,,
ST19281202,2026-10-09,2026-10-09T17:00:48+00:00,1935,,,,IND,0,Frühbucher Plus | AIDAselection,,
ST21270104,2026-10-09,2026-10-09T11:57:12+00:00,7155,,,,IND,0,AIDAselection,,
ST21270406,2026-10-09,2026-10-09T17:00:48+00:00,3495,,,,IND,0,AIDAselection,,
ST22261129,2026-10-09,2026-10-09T17:00:48+00:00,1970,,,,IND,0,Frühbucher Plus | AIDAselection,,
ST24270513,2026-10-09,2026-10-09T17:00:48+00:00,2125,,,,IND,0,AIDAselection,,
ST24290104,2026-10-09,2026-10-09T17:00:48+00:00,2760,,,,IND,0,Frühbucher Plus | AIDAselection,,
ST27281105,2026-10-09,2026-10-09T17:00:48+00:00,2020,,,,IND,0,Frühbucher Plus | AIDAselection,,
ST27281124,2026-10-09,2026-10-09T17:00:48+00:00,2565,,,,IND,0,Frühbucher Plus | AIDAselection,,
ST28261101,2026-10-09,2026-10-09T17:00:48+00:00,1899,,,,CLA,0,AIDAselection,,
ST28270125,2026-10-09,2026-10-09T17:00:48+00:00,4895,,,,IND,0,AIDAselection,,
ST28270513,2026-10-09,2026-10-09T17:00:48+00:00,2295,,,,IND,0,AIDAselection,,
ST28290128,2026-10-09,2026-10-09T17:00:48+00:00,3275,,,,IND,0,Frühbucher Plus | AIDAselection,,
ST31261120,2026-10-09,2026-10-09T17:00:48+00:00,2800,,,,IND,0,Frühbucher Plus | AIDAselection,,
ST34281029,2026-10-09,2026-10-09T17:00:48+00:00,2880,,,,IND,0,Frühbucher Plus | AIDAselection,,
ST36270407,2026-10-09,2026-10-09T17:00:48+00:00,9120,,,,IND,0,AIDAselection,,
ST46281105,2026-10-09,2026-10-09T17:00:48+00:00,3955,,,,IND,0,Frühbucher Plus | AIDAselection,,
ST53281029,2026-10-09,2026-10-09T17:00:48+00:00,4650,,,,IND,0,Frühbucher Plus | AIDAselection,,
ZWO2632SEE,2026-10-09,2026-10-09T16:53:19+00:00,1399,1839,Balcony,PUR Balkonkabine,PUR,0,,,1399
ZWO263334SEE,2026-10-09,2026-10-09T16:53:19+00:00,1599,2509,Outside,PUR Außenkabine,PUR,0,,1599,
ZWO2633SEE,2026-10-09,2026-10-09T16:53:19+00:00,1349,2259,Interior,PUR Innenkabine,PUR,0,,1399,1599
ZWO263435SEE,2026-10-09,2026-10-09T16:53:19+00:00,1329,2699,Interior,PLUS Innenkabine,PLUS,0,,1529,
ZWO263536SEE,2026-10-09,2026-10-09T16:53:19+00:00,2699,2699,Interior,PLUS Innenkabine,PLUS,0,,2899,
ZWO263637SEE,2026-10-09,2026-10-09T16:53:19+00:00,2699,2699,Interior,PLUS Innenkabine,PLUS,0,,2899,
ZWO263738SEE,2026-10-09,2026-10-09T16:53:19+00:00,2899,2899,Outside,PLUS Außenkabine,PLUS,0,,2899,3099
ZWO263839SEE,2026-10-09,2026-10-09T16:53:19+00:00,2699,2699,Interior,PLUS Innenkabine,PLUS,0,,2899,3199
ZWO263940SEE,2026-10-09,2026-10-09T16:53:19+00:00,2699,2699,Interior,PLUS Innenkabine,PLUS,0,,2899,
ZWO264041SEE,2026-10-09,2026-10-09T16:53:19+00:00,2699,2699,Interior,PLUS Innenkabine,PLUS,0,,2799,3199
ZWO264142SEE,2026-10-09,2026-10-09T16:53:19+00:00,2699,2699,Interior,PLUS Innenkabine,PLUS,0,,,3199
ZWO264243SEE,2026-10-09,2026-10-09T16:53:19+00:00,2329,3999,Interior,PLUS Innenkabine,PLUS,0,,2479,2829
ZWO264301SEE,2026-10-09,2026-10-09T16:53:19+00:00,1679,3349,Interior,PLUS Innenkabine,PLUS,0,,1879,2429
ZWO270102SEE,2026-10-09,2026-10-09T16:53:19+00:00,2699,2699,Interior,PLUS Innenkabine,PLUS,0,,2999,3499
ZWO270203SEE,2026-10-09,2026-10-09T16:53:19+00:00,2699,2699,Interior,PLUS Innenkabine,PLUS,0,,2899,3699
ZWO270304SEE,2026-10-09,2026-10-09T16:53:19+00:00,2699,2699,Interior,PLUS Innenkabine,PLUS,0,,2899,3699
ZWO270405SEE,2026-10-09,2026-10-09T16:53:19+00:00,2799,2799,Interior,PLUS Innenkabine,PLUS,0,,2999,3699
ZWO270506SEE,2026-10-09,2026-10-09T16:53:19+00:00,2799,2799,Interior,PLUS Innenkabine,PLUS,0,,2999,3699
ZWO270607SEE,2026-10-09,2026-10-09T16:53:19+00:00,2799,2799,Interior,PLUS Innenkabine,PLUS,0,,2999,3599
ZWO270708SEE,2026-10-09,2026-10-09T16:53:19+00:00,3569,3569,Interior,Innenkabine Kategorie B,PRO,0,,3749,4199
ZWO270809SEE,2026-10-09,2026-10-09T16:53:19+00:00,3339,3339,Interior,Innenkabine Kategorie C,PRO,0,,3569,4019
ZWO270910SEE,2026-10-09,2026-10-09T16:53:19+00:00,3419,3419,Interior,Innenkabine Kategorie C,PRO,0,,3649,4149
ZWO271011SEE,2026-10-09,2026-10-09T16:53:19+00:00,3269,3269,Interior,Innenkabine Kategorie C,PRO,0,,3549,4099
ZWO271112SEE,2026-10-09,2026-10-09T16:53:19+00:00,2049,3519,Interior,Innenkabine Kategorie C,PRO,0,,2329,2799
ZWO271213SEE,2026-10-09,2026-10-09T16:53:19+00:00,2799,2799,Interior,PLUS Innenkabine,PLUS,0,,2999,3599
ZWO271314SEE,2026-10-09,2026-10-09T16:53:19+00:00,2499,2499,Interior,PLUS Innenkabine,PLUS,0,,2699,2999
ZWO271415SEE,2026-10-09,2026-10-09T16:53:19+00:00,2799,2799,Interior,PLUS Innenkabine,PLUS,0,,2999,3599
ZWO271516SEE,2026-10-09,2026-10-09T16:53:19+00:00,2549,3489,Interior,Innenkabine Kategorie C,PRO,0,,2879,3499
ZWO2716SEE,2026-10-09,2026-10-09T16:53:19+00:00,1299,2239,Interior,PLUS Innenkabine,PLUS,0,,1449,1699
ZWO2717SEE,2026-10-09,2026-10-09T16:53:19+00:00,1849,$undefined,Balcony,Balkonkabine Kategorie D,PRO,0,,,1849
ZWO2718SEE,2026-10-09,2026-10-09T16:53:19+00:00,969,$undefined,Interior,Innenkabine Kategorie B,PRO,0,,1049,1219
ZWO2719SEE,2026-10-09,2026-10-09T16:53:19+00:00,2669,3219,Interior,Innenkabine Kategorie A,PRO,0,,3099,3449
ZWO2720SEE,2026-10-09,2026-10-09T16:53:19+00:00,2049,2549,Interior,Innenkabine Kategorie B,PRO,0,,2219,2519
ZWO2721SEE,2026-10-09,2026-10-09T16:53:19+00:00,2449,2949,Interior,Innenkabine Kategorie C,PRO,0,,2899,2999
ZWO2722SEE,2026-10-09,2026-10-09T16:53:19+00:00,2329,2829,Interior,Innenkabine Kategorie C,PRO,0,,2729,3129
ZWO2723SEE,2026-10-09,2026-10-09T16:53:19+00:00,2599,3099,Interior,Innenkabine Kategorie C,PRO,0,,2949,3049
ZWO2724SEE,2026-10-09,2026-10-09T16:53:19+00:00,2299,2799,Interior,Innenkabine Kategorie C,PRO,0,,2729,3099
ZWO2725SEE,2026-10-09,2026-10-09T16:53:19+00:00,2749,3249,Interior,Innenkabine Kategorie C,PRO,0,,3149,3499
ZWO2726SEE,2026-10-09,2026-10-09T16:53:19+00:00,2149,2649,Interior,Innenkabine Kategorie C,PRO,0,,2499,2679
ZWO2727SEE,2026-10-09,2026-10-09T16:53:19+00:00,1999,2499,Interior,Innenkabine Kategorie B,PRO,0,,2249,2469
ZWO2728SEE,2026-10-09,2026-10-09T16:53:19+00:00,2019,2519,Interior,Innenkabine Kategorie B,PRO,0,,2469,2749
ZWO2729SEE,2026-10-09,2026-10-09T16:53:19+00:00,919,$undefined,Interior,Innenkabine Kategorie C,PRO,0,,999,1099
ZWO2731SEE,2026-10-09,2026-10-09T16:53:19+00:00,1859,1859,Outside,Außenkabine Kategorie A,PRO,0,,1859,1859
ZWO2732SEE,2026-10-09,2026-10-09T16:53:19+00:00,1199,1659,Interior,Innenkabine Kategorie A,PRO,0,,1249,1419
ZWO2733SEE,2026-10-09,2026-10-09T16:53:19+00:00,1199,1649,Interior,Innenkabine Kategorie C,PRO,0,,1449,1699
ZWO2734SEE,2026-10-09,2026-10-09T16:53:19+00:00,1419,1859,Interior,Innenkabine Kategorie C,PRO,0,,1549,1849
ZWO2737SEE,2026-10-09,2026-10-09T16:53:19+00:00,1499,1939,Interior,Innenkabine Kategorie C,PRO,0,,1699,1849
ZWO2738SEE,2026-10-09,2026-10-09T16:53:19+00:00,2449,2889,Interior,Innenkabine Kategorie C,PRO,0,,2879,3249
ZWO2739SEE,2026-10-09,2026-10-09T16:53:19+00:00,2149,2589,Interior,Innenkabine Kategorie C,PRO,0,,2499,2679
ZWO2740SEE,2026-10-09,2026-10-09T16:53:19+00:00,979,1419,Interior,Innenkabine Kategorie C,PRO,0,,1129,1179
ZWO274142SEE,2026-10-09,2026-10-09T16:53:19+00:00,1819,2259,Interior,Innenkabine Kategorie C,PRO,0,,2119,2219
ZWO2741SEE,2026-10-09,2026-10-09T16:53:19+00:00,949,1389,Interior,Innenkabine Kategorie C,PRO,0,,1129,1179
ZWO2742SEE,2026-10-09,2026-10-09T16:53:19+00:00,929,1369,Interior,Innenkabine Kategorie C,PRO,0,,1079,1129
ZWO2743SEE,2026-10-09,2026-10-09T16:53:19+00:00,2679,3119,Interior,Innenkabine Kategorie C,PRO,0,,3099,3479
ZWO2801SEE,2026-10-09,2026-10-09T16:53:19+00:00,4879,5319,Interior,Innenkabine Kategorie C,PRO,0,,5629,6529
ZWO2802SEE,2026-10-09,2026-10-09T16:53:19+00:00,2099,2539,Interior,Innenkabine Kategorie C,PRO,0,,2449,2629
ZWO2803SEE,2026-10-09,2026-10-09T16:53:19+00:00,2079,2519,Interior,Innenkabine Kategorie C,PRO,0,,2399,2579
ZWO2804SEE,2026-10-09,2026-10-09T16:53:19+00:00,2049,2489,Interior,Innenkabine Kategorie C,PRO,0,,2379,2549
ZWO2805SEE,2026-10-09,2026-10-09T16:53:19+00:00,2229,2669,Interior,Innenkabine Kategorie C,PRO,0,,2599,2799
ZWO2806SEE,2026-10-09,2026-10-09T16:53:19+00:00,2349,2789,Interior,Innenkabine Kategorie C,PRO,0,,2729,2929
